tree
version=v4
num_class=1
num_tree_per_iteration=1
label_index=0
max_feature_idx=22
objective=binary sigmoid:1
feature_names=age job marital education default housing loan contact month day_of_week campaign pdays previous poutcome emp.var.rate cons.price.idx cons.conf.idx euribor3m nr.employed was_contacted_before education_ordinal campaign_log previous_log
feature_infos=[17:98] -1:0:1:9:7:4:5:2:6:3:10:8 -1:1:2:0 -1:6:3:2:5:0:1:7 -1:0:1 -1:2:0:1 -1:0:2:1 -1:0:1 -1:6:3:1:4:7:0:8:9:5 -1:2:1:4:3:0 [1:43] [0:999] [0:6] -1:1:0:2 [-3.3999999999999999:1.3999999999999999] [92.200999999999993:94.766999999999996] [-50.799999999999997:-26.899999999999999] [0.63400000000000001:5.0449999999999999] [4963.6000000000004:5228.1000000000004] [0:1] [0:7] [0.69314718055994529:3.784189633918261] [0:1.9459101490553132]
tree_sizes=3309 3327 3305 3337 3350 3323 3289 3345 3321 3265 3344 3418 3350 3397 3300 3340 3296 3316 3349 3318 3307 3303 3288 3294 3286 3322 3386 3327 3297 3368 3324 3291 3328 3287 3320 3304 3282 3344 3305 3314 3338 3228 3310 3287 3300 3347 3386 3361 3341 3309 3331 3322 3299 3325 3322 3326 3347 3349 3358 3350 3333 3287 3358 3278 3339 3372 3338 3316 3317 3344 3365 3357 3350 3363 3308 3319 3310 3351 3386 3325 3256 3260 3322 3360 3350 3300 3361 3326 3266 3296 3330 3285 3310 3354 3323 3243 3282 3371 3358 3359 3315 3320 3351 3363 3310 3311 3255 3316 3354 3359 3338 3342 3289 3338 3327 3292 3318 3325 3361 3374 3334 3346 3381 3317 3302 3337 3419 3408 3354 3364 3295 3358 3332 3356 3383 3312 3314 3366 3317 3309 3374 3343 3357 3374 3342 3316 3372 3314 3343 3362 3388 3347 3371 3403 3375 3393 3370 3379 3333 3326 3365 3353 3389 3264 3362 3364 3332 3340 3315 3383 3305 3320 3393 3317 3356 3277 3318 3275 3336 3386 3366 3333 3334 3268 3379 3375 3391 3283 3403 3364 3307 3322 3343 3313 3383 3324 3310 3386 3299 3318 3368 3410 3344 3366

Tree=0
num_leaves=31
num_cat=5
split_feature=18 8 15 11 13 17 17 17 20 10 17 7 14 12 4 10 20 17 17 17 14 17 10 17 15 17 10 14 7 12
split_gain=18064.3 3899.94 926.174 498.75 394.106 371.006 470.268 364.7 264.935 214.691 153.59 141.415 104.824 92.6381 85.1916 80.2514 72.1011 66.1863 329.753 120.197 287.356 130.129 108.769 64.1248 102.855 67.6696 86.2897 59.4108 57.2789 57.202
threshold=5087.6500000000005 0 93.956000000000017 26.000000000000004 1 1.5150000000000003 1.3960000000000001 1.2885000000000002 5.5000000000000009 5.5000000000000009 4.8575000000000008 2 -1.7499999999999998 1.0000000180025095e-35 3 14.500000000000002 5.5000000000000009 3.6160000000000005 1.3490000000000004 4.2070000000000007 1.2500000000000002 4.1365000000000007 1.5000000000000002 4.964500000000001 93.89700000000002 4.9635000000000007 6.5000000000000009 -2.3499999999999996 4 1.0000000180025095e-35
decision_type=2 9 2 2 1 2 2 2 2 2 2 1 2 2 9 2 2 2 2 2 2 2 2 2 2 2 2 2 1 2
left_child=4 5 3 -3 -1 6 -2 9 14 -5 -4 27 -13 15 -8 17 -11 18 28 21 -21 22 -19 24 25 -22 -27 -6 -9 -29
right_child=1 2 10 7 11 -7 8 13 -10 16 -12 12 -14 -15 -16 -17 -18 19 -20 20 23 -23 -24 -25 -26 26 -28 29 -30 -31
leaf_value=-1.7815121738397119 -1.8071082161387044 -1.8394970701838376 -2.0075632675658892 -1.9129361462425705 -1.8233400542957741 -1.8008886895310743 -1.9123029179859772 -1.9534471742055222 -1.8570538013960545 -2.0574737637560361 -1.981268860840669 -1.8377240556960179 -1.9151344006059097 -1.9866560842817114 -1.9796549625550695 -2.0376551233545905 -1.9248635782811776 -1.9374743437263515 -1.8430016366664308 -1.8168882891044447 -2.0001575790609958 -2.0165762298090706 -1.991644169270927 -1.9448640983129046 -1.9556537578743747 -1.9755078208501979 -1.8886221643524279 -1.7924452540776754 -2.0317896715226298 -1.8242669118066774
leaf_weight=349.78988088667393 72.312855243682861 34.199904650449753 324.30194927752018 222.22554697096348 396.68417371809483 79.393325701355934 115.25740274786949 145.46375197172165 97.095894381403923 13.091938361525537 523.94807867705822 61.759928837418556 22.159290745854378 117.72791448235512 20.2027677744627 11.398078605532644 5.0208613574504843 65.861468940973282 26.308867901563644 13.08771140873432 94.18402236700058 65.750600501894951 68.384244680404663 238.81463140249252 459.31874473392963 74.258040547370911 11.970000207424162 159.81539921462536 8.8209253847599012 88.317337214946747
leaf_count=595 176 115 2673 1223 1155 179 632 971 377 127 3920 205 123 899 150 104 29 409 91 35 756 559 532 1535 3096 543 57 322 79 259
internal_value=-1.91274 -1.95163 -1.96599 -1.95283 -1.80788 -1.86307 -1.87406 -1.9552 -1.89498 -1.92103 -1.99132 -1.82057 -1.85798 -1.96107 -1.92229 -1.95873 -2.02054 -1.95802 -1.94109 -1.96083 -1.95611 -1.98193 -1.965 -1.95821 -1.96321 -1.98249 -1.96327 -1.81573 -1.95795 -1.80367
internal_weight=3986.93 2908.4 2524.14 1675.89 1078.53 384.262 304.869 1641.69 232.556 240.338 848.25 728.736 83.9192 1401.35 135.46 1283.62 18.1128 1272.22 180.594 1091.63 891.633 199.996 134.246 878.545 639.731 180.412 86.228 644.817 154.285 248.133
internal_count=21926 19267 17753 11160 2659 1514 1335 11045 1159 1379 6593 2064 328 9666 782 8767 156 8663 1141 7522 6022 1500 941 5987 4452 1356 600 1736 1050 581
cat_boundaries=0 1 2 3 4 5
cat_threshold=289 4 1 1 1
is_linear=0
shrinkage=1


Tree=1
num_leaves=31
num_cat=6
split_feature=17 17 17 17 17 4 10 13 13 17 17 17 13 17 10 17 17 17 17 10 20 0 17 17 20 0 7 17 17 4
split_gain=11843.9 2526.07 463.846 732.159 315.432 237.82 233.765 207.51 198.491 180.845 152.763 156.269 135.807 121.759 114.862 105.106 452.385 116.684 113.542 103.072 101.577 92.2637 136.881 156.087 138.454 90.8069 110.742 81.6046 80.6625 90.1995
threshold=3.6160000000000005 1.2395000000000003 1.3490000000000004 1.2755000000000003 4.8890000000000011 0 5.5000000000000009 1 2 4.9415000000000004 1.2555000000000003 1.2630000000000001 3 4.9850000000000003 13.500000000000002 4.8410000000000011 4.2070000000000007 4.1365000000000007 4.8575000000000008 1.5000000000000002 5.5000000000000009 30.500000000000004 1.3685000000000003 1.5040000000000002 5.5000000000000009 45.500000000000007 4 4.9585000000000008 1.2950000000000002 5
decision_type=2 2 2 2 2 9 2 1 1 2 2 2 1 2 2 2 2 2 2 2 2 2 2 2 2 2 1 2 2 9
left_child=1 8 3 6 15 12 10 -5 -1 -6 -3 -12 -4 14 25 16 17 19 -17 -2 -8 -14 -23 24 -24 26 -11 -27 29 -9
right_child=4 2 5 7 9 -7 20 28 -10 13 11 -13 21 -15 -16 18 -18 -19 -20 -21 -22 22 23 -25 -26 27 -28 -29 -30 -31
leaf_value=0.19618579918261139 0.076547134574339579 0.10178308227500325 0.10305904039359159 0.16793058686271892 0.20451199864398487 0.061084520935230507 -0.033288326432189527 0.089323686781462186 0.16945786301436455 0.070189829819863575 0.17370217852323214 0.12487903813165725 0.17697276291557515 0.19258924662814164 -0.012433354506205857 0.015736693253987646 0.18026394755756728 0.010485483370402312 0.040923351910158362 0.03024764309889481 0.12057942123932114 0.17586052723651902 0.083060853610864363 0.17600734342642813 0.14514499076985213 0.093534810477298516 0.045141073962159162 0.040277823302205064 0.04693126929030994 0.0025742839960788571
leaf_weight=397.57707348465919 85.933873802423477 98.231223575770855 60.938529722392559 16.702229842543602 7.487428404390811 33.203719809651375 11.188440561294557 97.212399899959564 718.88909550756216 584.81177707016468 107.70269516855478 136.58954209089279 99.649053700268269 5.8892880007624617 21.215899378061295 328.40358866751194 22.066374860703945 86.614488065242767 317.48620816320181 88.112069085240364 5.7612937167286864 77.479782603681087 73.330777056515217 45.110155157744884 59.24354625493288 28.343860238790512 220.32548793405294 310.78467573970556 181.81263858824968 12.219392992556093
leaf_count=563 508 485 288 42 9 208 111 533 1741 3631 254 558 238 9 190 2673 46 718 2287 668 25 172 403 96 198 158 1549 2206 1261 98
internal_value=0.0989297 0.147075 0.115137 0.0992265 0.0479141 0.138756 0.128321 0.0652239 0.178995 0.0582205 0.133703 0.146479 0.144935 0.0572654 0.0565626 0.0348224 0.0500939 0.0389979 0.0281262 0.0531557 0.0192366 0.152088 0.142292 0.127547 0.110916 0.0578454 0.0633454 0.0447641 0.059268 0.0796756
internal_weight=4340.32 2232.84 1116.38 667.42 2107.48 448.956 359.473 307.947 1116.47 1178.86 342.523 244.292 415.752 1171.37 1165.48 928.617 282.727 260.66 645.89 174.046 16.9497 354.813 255.164 177.684 132.574 1144.27 805.137 339.129 291.244 109.432
internal_count=21926 7274 4970 3367 14652 1603 1433 1934 2304 7752 1297 812 1395 7743 7734 6900 1940 1894 4960 1176 136 1107 869 697 601 7544 5180 2364 1892 631
cat_boundaries=0 1 2 3 4 5 6
cat_threshold=1 4 4 1 1 1
is_linear=0
shrinkage=0.03


Tree=2
num_leaves=31
num_cat=9
split_feature=18 8 7 17 17 17 0 0 13 13 16 10 0 16 20 0 7 17 17 0 10 2 17 3 1 0 10 17 13 10
split_gain=9214.11 2288.48 628.824 294.387 170.677 232.536 191.176 198.787 141.409 132.318 121.995 93.071 81.7274 77.6383 77.222 77.0044 76.8465 74.6568 65.3568 63.8934 62.5222 59.3304 56.2949 54.2792 114.002 53.5002 52.1398 127.474 50.3814 51.013
threshold=5087.6500000000005 0 1 1.2950000000000002 1.5150000000000003 1.3960000000000001 33.500000000000007 57.500000000000007 2 3 -36.249999999999993 5.5000000000000009 39.500000000000007 -36.949999999999996 5.5000000000000009 56.500000000000007 4 4.9595000000000011 0.71550000000000014 23.500000000000004 10.500000000000002 5 4.8575000000000008 6 7 28.500000000000004 3.5000000000000004 4.9575000000000005 8 7.5000000000000009
decision_type=2 9 1 2 2 2 2 2 1 1 2 2 2 2 2 2 1 2 2 2 2 9 2 9 9 2 2 2 1 2
left_child=8 4 3 11 5 -2 -7 14 -1 -5 13 -3 19 17 -8 20 -10 28 -18 -11 -14 -21 23 25 -25 -15 27 -17 -4 -30
right_child=1 2 10 9 -6 6 7 -9 16 12 -12 -13 15 22 -16 26 18 -19 -20 21 -22 -23 -24 24 -26 -27 -28 -29 29 -31
leaf_value=0.16603704739501254 0.15521562332423411 0.091109527163553541 -0.013686712963131122 0.13135057662683769 0.15808767600704066 0.13300803910261944 0.051479282701996948 0.15849617225968951 0.1488728457399448 0.12029430028551627 0.10688793237244221 0.023362140826590903 0.043185060025081441 -0.033565596507295181 0.09640484913000133 0.11064890495286374 0.15395802027290736 0.024649314302867428 0.10381835273503283 0.08645059724752277 -0.033580601374133469 0.056746030598132262 0.034761475558207904 0.03162246762592974 -0.018165735718455533 0.031605953061122641 0.10978651404485809 0.013877078890317165 0.054673035677171605 0.0069142027124137907
leaf_weight=478.33098392188549 95.003837183117867 307.96393032371998 11.121371828019619 20.315907284617424 105.26270571351051 103.77748114615679 94.691390417516232 25.713567122817039 845.93900769203901 16.011087954044342 19.185975179076195 19.615101002156734 511.76673178374767 12.04392336308956 55.052698612213135 21.768970809876919 37.030476927757263 192.33926027268171 69.986341208219528 67.483783230185509 9.6167633906006795 661.79159707576036 216.86569585651159 57.286075308918953 97.239995695650578 165.79284305870533 25.097654938697815 28.118219509720802 267.31879431754351 21.958067424595356
leaf_count=595 176 1423 92 57 179 309 566 65 1736 64 93 150 3413 114 219 95 75 1412 253 360 89 4095 1541 424 881 1254 120 212 1689 175
internal_value=0.0892101 0.0611294 0.0499586 0.0615102 0.121605 0.114544 0.100645 0.0814213 0.152573 0.0553543 0.0320302 0.0870704 0.0541916 0.0306388 0.0680693 0.0458741 0.145795 0.0392949 0.121323 0.0608362 0.0417572 0.0595103 0.0228618 0.0150801 0.00108126 0.0257139 0.0743656 0.0563017 0.048651 0.0510618
internal_weight=4661.49 3230.2 2750.7 1689.55 479.502 374.239 279.235 175.458 1431.29 1361.97 1061.15 327.579 1341.65 1041.97 149.744 596.368 952.956 492.737 107.017 745.286 521.383 729.275 549.229 332.363 154.526 177.837 74.9848 49.8872 300.398 289.277
internal_count=21926 19267 17753 10078 1514 1335 1159 850 2659 8505 7675 1573 8448 7582 785 3929 2064 3368 328 4519 3502 4455 4214 2673 1305 1368 427 307 1956 1864
cat_boundaries=0 1 2 3 4 5 6 7 8 9
cat_threshold=289 1 4 4 1 1 100 740 1
is_linear=0
shrinkage=0.03


Tree=3
num_leaves=31
num_cat=6
split_feature=18 8 15 11 17 17 17 0 0 11 17 10 0 12 0 10 7 15 10 6 0 17 10 3 0 2 10 3 17 0
split_gain=7108.71 1832.82 546.018 249.937 180.474 124.837 172.331 151.078 127.745 104.59 103.022 96.4543 81.8588 74.7168 67.7721 71.0029 58.0012 71.027 52.8212 58.3258 51.0426 65.7782 112.813 49.8512 52.7201 52.5469 48.0498 40.9477 48.2293 79.0788
threshold=5087.6500000000005 0 93.956000000000017 26.000000000000004 1.2755000000000003 1.5150000000000003 1.3960000000000001 30.500000000000004 57.500000000000007 16.500000000000004 4.8575000000000008 5.5000000000000009 31.500000000000004 1.0000000180025095e-35 39.500000000000007 13.500000000000002 1 94.041000000000011 3.5000000000000004 2 56.500000000000007 4.9575000000000005 3.5000000000000004 3 28.500000000000004 4 2.5000000000000004 5 4.8585000000000012 43.500000000000007
decision_type=2 9 2 2 2 2 2 2 2 2 2 2 2 2 2 2 1 2 2 1 2 2 2 9 2 9 2 9 2 2
left_child=9 5 3 -3 11 6 -2 -8 -9 -1 23 -5 -12 14 15 -6 -11 -18 27 -20 -16 -22 -23 24 -4 26 -26 -14 29 -29
right_child=1 2 10 4 13 -7 7 8 -10 16 12 -13 18 -15 20 -17 17 -19 19 -21 21 22 -24 -25 25 -27 -28 28 -30 -31
leaf_value=0.14433602413020863 0.13580122762387323 0.12454528048347534 -0.033489529777121455 0.084047782442107505 0.059059208916583762 0.13814505617466308 0.12753012126099436 0.069569344129153582 0.13758738602078979 0.13057149397475898 0.05803621627393922 0.0077786742339727216 0.051931613839208891 0.030386826863053391 0.042115222278314088 -0.033295860159315946 0.11828542464206199 0.055121260504393255 0.063143754056194379 0.0013348428042748689 0.10563220904217981 0.00957083434291983 0.094231611696873774 -0.00086149068460368323 0.033471628895516047 0.019893531051185132 0.10084536145293742 0.0035750338153876017 0.020834790626513534 0.10587452121154198
leaf_weight=561.47355364263058 105.16919532418251 46.543249920010567 13.210015088319777 218.42156988382339 848.64749733358622 116.66446775197983 76.189989253878593 194.52296485751867 28.696636021137238 905.29350960254669 115.24629776924849 16.13400761038065 109.48812332004309 150.03668224811554 570.59530405700207 7.4574891254305831 93.873462721705437 19.872979566454887 16.183445289731026 88.722039513289928 27.277166552841663 30.830433398485184 26.287234462797642 130.12626177072525 26.74184238910675 151.00944405049086 15.033053331077097 11.850336506962778 217.40681215375662 16.082494460046291
leaf_count=648 176 115 128 925 4809 179 178 916 65 1687 710 132 677 1013 3640 70 231 93 97 696 102 233 121 1105 195 1165 80 92 1571 77
internal_value=0.0813029 0.0567073 0.0466909 0.0558448 0.05415 0.108535 0.102639 0.090939 0.0783847 0.133808 0.0276825 0.0788199 0.0353989 0.0506602 0.052669 0.0582474 0.127991 0.107334 0.0297062 0.0109495 0.0453654 0.0672284 0.0486832 0.014467 0.023082 0.028186 0.0579712 0.0352386 0.0246389 0.0627492
internal_weight=4955.09 3374.57 2853.33 1942.23 1895.69 521.243 404.579 299.41 223.22 1580.51 911.1 234.556 574.98 1661.13 1511.1 856.105 1019.04 113.746 459.733 104.905 654.99 84.3948 57.1177 336.121 205.994 192.784 41.7749 354.828 245.34 27.9328
internal_count=21926 19267 17753 11160 11045 1514 1335 1159 981 2659 6593 1057 3920 9988 8975 4879 2011 324 3210 793 4096 456 354 2673 1568 1440 275 2417 1740 169
cat_boundaries=0 1 2 3 4 5 6
cat_threshold=289 1 4 102 4 10
is_linear=0
shrinkage=0.03


Tree=4
num_leaves=31
num_cat=5
split_feature=17 18 17 15 4 17 17 17 10 17 17 11 10 13 0 17 15 13 15 0 11 15 0 0 17 10 10 1 6 0
split_gain=5800.84 1260.3 479.054 297.07 132.173 128.413 122.069 351.844 93.3218 93.0099 91.9215 81.2107 78.2577 70.9674 69.8631 68.7599 73.5896 65.1941 64.2939 65.6122 59.4936 59.1199 57.4759 69.305 52.0179 53.8357 47.2469 69.3804 54.2442 46.4941
threshold=3.6160000000000005 5087.6500000000005 1.3490000000000004 93.956000000000017 0 1.2950000000000002 4.2070000000000007 4.9510000000000014 5.5000000000000009 4.1365000000000007 4.8575000000000008 16.500000000000004 1.5000000000000002 1 31.500000000000004 4.964500000000001 93.89700000000002 2 93.89700000000002 42.500000000000007 10.500000000000002 93.773500000000013 45.500000000000007 58.500000000000007 4.9635000000000007 6.5000000000000009 3.5000000000000004 3 4 27.500000000000004
decision_type=2 2 2 2 9 2 2 2 2 2 2 2 2 1 2 2 2 1 2 2 2 2 2 2 2 2 2 9 1 2
left_child=1 11 5 6 13 8 9 -8 20 12 -5 -1 -2 -4 -12 16 24 -7 21 -20 -3 -17 -18 -24 -9 -26 -16 28 -28 -22
right_child=3 2 4 10 -6 17 7 15 -10 -11 14 -13 -14 -15 26 18 22 -19 19 -21 29 -23 23 -25 25 -27 27 -29 -30 -31
leaf_value=0.12841144208619557 0.061503864740760583 0.12597887503051597 0.075407431725167048 0.01387169681603216 0.045393705963038648 0.1088087815302831 0.13693507668909152 0.015001611877915369 0.013083983990168678 0.0063388773809003752 0.053917170661910784 0.11458163290855658 0.023488336920274716 0.10724668816153977 0.033369489919715258 0.064203665107115213 0.056088558965982034 0.037799309635265829 0.048965295287949781 -0.034222927040781739 0.042326488469957138 0.13304905832001238 0.02726793793430295 0.098607101952922466 0.035531525178754617 0.096481037912787365 0.099407922140208049 -0.014128820051683057 0.022213913333081117 0.075826747838828271
leaf_weight=611.34236000478268 98.513654455542564 19.431408286094666 75.140403248369694 339.82406212389469 39.1698062941432 12.339099422097206 42.926601000130177 109.38652700930834 23.812099322676659 94.361175298690796 120.2561804279685 1102.7615335434675 97.445662193000317 459.48874777555466 363.76371891051531 242.38055789470673 408.44316967576742 202.96376981586218 35.041548706591129 11.146828837692736 43.467568948864937 11.870604977011679 131.49397833645344 13.491065450012682 86.939887180924416 15.416899919509886 10.053378127515316 51.730294443666935 43.975556716322899 305.18466421216726
leaf_count=648 508 37 288 2673 208 26 60 767 183 718 710 2011 668 1107 2417 1270 2234 1261 200 94 220 14 863 57 543 63 45 430 318 1285
internal_value=0.0747336 0.103086 0.0792187 0.0394773 0.0988879 0.0606133 0.0482158 0.0527564 0.0708559 0.0308556 0.0263206 0.119523 0.0426366 0.102792 0.0334849 0.0493501 0.0445467 0.0419314 0.0615547 0.0287938 0.0745806 0.0674808 0.0503119 0.0339902 0.0294473 0.0448262 0.0282349 0.0105312 0.0310533 0.0716721
internal_weight=5223.56 2895.1 1181 2328.46 573.799 607.199 1398.86 1108.54 391.896 290.32 929.603 1714.1 195.959 534.629 589.779 1065.61 765.172 215.303 300.44 46.1884 368.084 254.251 553.428 144.985 211.743 102.357 469.523 105.759 54.0289 348.652
internal_count=21926 7274 4615 14652 1603 3012 8059 6165 1725 1894 6593 2659 1176 1395 3920 6105 4527 1287 1578 294 1542 1284 3154 920 1373 606 3210 793 363 1505
cat_boundaries=0 1 2 3 4 5
cat_threshold=1 1 4 533 4
is_linear=0
shrinkage=0.03


Tree=5
num_leaves=31
num_cat=7
split_feature=17 16 16 15 17 10 17 8 17 17 17 11 20 13 7 0 10 17 15 17 7 7 15 0 7 17 17 0 10 2
split_gain=5079.69 708.985 385.053 318.383 151.219 156.796 132.142 126.556 113.884 98.6902 87.2171 84.425 80.907 76.6857 81.0678 72.0367 70.7089 76.2261 94.3094 85.253 77.8636 68.5404 74.035 62.3215 74.517 67.8708 61.0354 59.16 58.7396 51.9677
threshold=3.6160000000000005 -46.04999999999999 -46.649999999999999 93.956000000000017 1.3490000000000004 5.5000000000000009 1.3880000000000001 0 1.4125000000000003 1.2885000000000002 4.8575000000000008 26.000000000000004 4.5000000000000009 1 2 47.500000000000007 13.500000000000002 4.2070000000000007 93.406500000000008 4.1365000000000007 3 4 94.010500000000022 45.500000000000007 5 4.9575000000000005 0.89700000000000013 28.500000000000004 1.5000000000000002 6
decision_type=2 2 2 2 2 2 2 9 2 2 2 2 2 1 1 2 2 2 2 2 1 1 2 2 1 2 2 2 2 9
left_child=1 2 6 7 5 9 -1 -2 12 -4 -5 -3 15 -11 -15 27 17 19 -19 20 29 -13 -23 24 -20 -25 -24 -8 -27 -9
right_child=3 11 4 10 -6 -7 8 16 -10 13 -12 21 -14 14 -16 -17 -18 18 23 -21 -22 22 26 25 -26 28 -28 -29 -30 -31
leaf_value=0.11118895433109884 0.098404854219095672 0.116240175349102 0.072923044271235998 0.010064237518534655 0.11014054782741128 -0.010450756389495901 0.099681083372353874 0.031232060030827805 0.098781761971536181 0.10745641322214174 0.029239057632233795 0.10493211303522088 0.085099856765492879 0.047898319977751916 -0.034237689399092601 0.08797603714562853 -0.01979078910262563 0.11978590564995147 0.053420669041218206 0.0062709519385430916 -0.034430952181879644 0.093317919781236269 0.0088234688630380812 0.095602384095266973 0.019927158974119039 0.01144439307386981 0.10808347707301499 0.020409692249275527 0.040412392794533784 0.06280652538141053
leaf_weight=258.76961542665958 40.698916018009186 619.70146808028221 324.0881302729249 332.77981367707253 55.402987651526928 28.369569025933743 9.8197045475244504 105.93574377149343 234.21165758371353 18.632386162877083 599.07996345311403 966.78571119904518 120.60449627041817 254.0120116174221 11.184473112225531 29.120772764086723 16.021101914346218 15.799506872892378 700.73750382661819 94.467732541263103 11.556530959904192 96.707070827484131 19.752525150775913 15.494190588593481 65.853811763226986 92.909456379711628 7.7232755422592154 60.239245653152466 198.44480425864458 85.596349641680717
leaf_count=356 41 611 1232 2626 123 230 21 647 519 33 3933 1589 353 1411 94 98 141 28 3662 716 95 213 103 60 421 641 17 335 1177 438
internal_value=0.0691259 0.094324 0.0785072 0.0360766 0.0625298 0.0583629 0.0939969 0.0449035 0.0841688 0.0615803 0.0223965 0.107302 0.0685451 0.048597 0.0444114 0.0483184 0.0423391 0.0433657 0.0470487 0.0298623 0.0408126 0.102213 0.080949 0.0459642 0.0505503 0.0344845 0.0371244 0.0316896 0.0311922 0.0453839
internal_weight=5490.5 3115.13 1404.46 2375.38 691.69 636.287 712.765 1443.52 453.996 607.917 931.86 1710.67 219.784 283.829 265.196 99.1797 1402.82 1386.8 1089.24 297.556 203.089 1090.97 124.183 1073.44 766.591 306.848 27.4758 70.059 291.354 191.532
internal_count=21964 7338 4805 14626 3123 3000 1682 8067 1326 2770 6559 2533 807 1538 1505 454 8026 7885 5989 1896 1180 1922 333 5961 4083 1878 120 356 1818 1085
cat_boundaries=0 1 2 3 4 5 6 7
cat_threshold=256 4 1 1 1 1 2
is_linear=0
shrinkage=0.03


Tree=6
num_leaves=31
num_cat=11
split_feature=17 18 17 8 14 21 13 7 17 11 21 7 17 1 7 17 17 17 20 0 7 17 21 2 3 1 13 14 17 0
split_gain=4304.4 716.516 343.368 259.961 232.633 137.156 106.087 88.779 75.7432 75.3501 68.3859 56.8106 56.158 72.1775 71.7678 65.0141 56.1371 55.2239 58.7149 53.5244 64.2308 57.1073 52.0427 49.0909 56.6746 56.5104 48.7222 48.6953 68.2436 46.6656
threshold=3.6160000000000005 5087.6500000000005 1.3490000000000004 0 1.2500000000000002 1.8688348091416842 1 2 1.2885000000000002 16.500000000000004 2.6735537653587351 3 4.1365000000000007 4 5 4.8575000000000008 1.3685000000000003 1.5150000000000003 5.5000000000000009 45.500000000000007 6 4.9575000000000005 0.89587973461402759 7 8 9 10 -1.7499999999999998 0.89700000000000013 28.500000000000004
decision_type=2 2 2 9 2 2 1 1 2 2 2 1 2 9 1 2 2 2 2 2 1 2 2 9 9 9 1 2 2 2
left_child=1 9 5 4 -2 7 -4 8 -3 -1 19 -11 13 -5 -15 23 -8 18 29 20 -6 -21 -23 -14 25 -25 -10 -13 -29 -18
right_child=3 2 6 12 10 -7 16 -9 26 11 -12 27 15 14 -16 -17 17 -19 -20 21 -22 22 -24 24 -26 -27 -28 28 -30 -31
leaf_value=0.10626862809891695 0.11349109488732242 0.069667129802852626 0.05469515058605999 0.002543593784814069 0.049913165182442765 -0.010217521931301984 0.1041752281525882 0.0048273216234232348 0.095474399770889784 0.096134431897162739 -0.019491632541998493 0.085674040481685587 -0.015672044602724713 0.05536619598902668 -0.034067872002306439 0.02776172060272613 0.10027748438272016 0.10141908129303498 0.090515980252577705 0.086870383958482317 0.019057262243860396 0.011009569861991175 0.038081342597214712 0.030552453176066443 0.020364528157122391 -0.027548623516229817 0.04491016051001831 0.00807222981890773 0.095265687598241833 0.05589963760754478
leaf_weight=710.93960519134998 42.859433695673943 323.95187912881374 91.483737245202065 53.092180617153645 727.06595051288605 28.152265764772892 172.47584258019924 27.850975356996059 18.482459008693695 1101.2777846455574 15.784132197499273 100.20084261894226 48.743813313543797 147.45036701858044 8.4362750649452192 611.83534430712461 26.089243248105049 114.11724258959293 142.70435535907745 16.533059328794479 66.784005880355835 93.673583656549454 204.18921780586243 12.611035242676733 343.36466678231955 42.436298348009586 262.654416680336 20.045469969511032 13.552479639649389 127.31607009470463
leaf_count=661 41 1150 359 354 3662 230 247 177 32 1703 141 209 412 755 71 3933 47 151 313 60 421 641 1177 77 2485 396 1411 104 30 514
internal_value=0.0643603 0.0867861 0.0698427 0.034135 0.0445243 0.0544509 0.0849207 0.0573332 0.0597438 0.0984062 0.0422781 0.0938698 0.0240283 0.0384507 0.0474465 0.0214029 0.0896508 0.0835129 0.07657 0.0431623 0.0473239 0.032633 0.0295843 0.0126912 0.016172 -0.0115189 0.0482778 0.0751494 0.043511 0.0635268
internal_weight=5716.15 3281.29 1335.28 2434.86 1166.89 661.092 674.186 632.94 605.089 1946.02 1124.03 1235.08 1267.97 208.979 155.887 1058.99 582.703 410.227 296.11 1108.25 793.85 314.396 297.863 447.156 398.412 55.0473 281.137 133.799 33.5979 153.405
internal_count=21964 7338 4631 14626 6143 3000 1631 2770 2593 2707 6102 2046 8483 1180 826 7303 1272 1025 874 5961 4083 1878 1818 3370 2958 473 1443 343 134 561
cat_boundaries=0 1 2 3 4 5 6 7 8 9 10 11
cat_threshold=266 1 1 1 1154 1 1 1 129 420 4
is_linear=0
shrinkage=0.03


Tree=7
num_leaves=31
num_cat=7
split_feature=17 18 17 15 10 8 4 7 17 11 17 10 17 15 17 7 17 12 7 6 0 7 17 15 10 17 15 14 17 10
split_gain=3710.63 615.775 293.952 248.796 120.829 99.5854 92.5585 77.1808 71.326 66.1713 64.3356 57.3725 59.0742 81.1328 69.2871 65.0466 54.3591 65.6172 47.6068 46.924 46.3188 55.7762 48.6833 46.7222 43.8938 42.404 66.0157 41.1979 58.9694 40.196
threshold=3.6160000000000005 5087.6500000000005 1.3490000000000004 93.956000000000017 5.5000000000000009 0 1 2 4.8575000000000008 16.500000000000004 1.2885000000000002 13.500000000000002 4.2070000000000007 93.406500000000008 4.1365000000000007 3 1.3880000000000001 1.0000000180025095e-35 4 5 45.500000000000007 6 4.9575000000000005 93.89700000000002 2.5000000000000004 4.9605000000000006 93.89700000000002 -1.7499999999999998 0.89700000000000013 1.5000000000000002
decision_type=2 2 2 2 2 9 9 1 2 2 2 2 2 2 2 1 2 2 1 1 2 1 2 2 2 2 2 2 2 2
left_child=1 9 4 5 7 -2 16 10 -5 -1 -3 12 14 -14 15 24 -4 -18 -11 -16 21 -15 -22 -24 -7 -23 -27 -20 -29 -25
right_child=3 2 6 8 -6 11 -8 -9 -10 18 -12 -13 13 20 19 -17 17 -19 27 -21 22 25 23 29 -26 26 -28 28 -30 -31
leaf_value=0.098127886440291037 0.085309627795156134 0.064685332535080922 0.094675222234978471 0.0092645603220870842 -0.0099880050063840577 0.047685279834877546 0.036035219374353979 0.0046675748519033073 0.026392679530412591 0.088802279883259741 0.045329115432134436 -0.019194254866905444 0.1063739146832392 0.046783404265977852 -0.0049394333750975589 -0.034123801160843265 0.080517596380323256 0.048893312869101792 0.079366537581444616 0.047253387579557229 0.07958365180581646 0.050489582753119482 0.038909195139686728 -0.0086901593276306286 0.01419447057959629 0.062173405951203388 -0.021130433171428497 0.0077918572740040539 0.087504491762101344 0.026077351275043893
leaf_weight=746.25239646434784 45.291460677981377 338.21192242205143 198.6847116202116 338.14982033520937 27.940752968192101 157.66820634901524 43.58596096932888 27.942057766020298 624.07765407860279 1155.5641620755196 290.30485498905182 15.552893705666063 17.151106387376785 752.04261410236359 76.547780148684978 11.072699405252932 392.7584380954504 70.822518914937973 104.85167121887207 19.316188015043736 17.498824924230576 23.70653223991394 164.95435811579227 43.273710958659649 45.838725753128529 11.515319913625715 32.457645609974861 20.145796164870262 14.308399602770804 95.85854784399271
leaf_count=661 41 1150 287 2626 230 788 204 177 3933 1703 1443 141 28 3662 595 95 873 267 209 121 60 125 930 320 297 54 242 104 30 568
internal_value=0.0602066 0.0804419 0.0650248 0.0323399 0.0509882 0.0398603 0.0786214 0.0535893 0.0203782 0.0909376 0.0557583 0.0376377 0.038499 0.04162 0.0268334 0.0363055 0.0814137 0.0757043 0.0867841 0.00558422 0.040635 0.0444328 0.0309344 0.0280997 0.0401671 0.0182384 0.000708072 0.0699698 0.0411398 0.0152437
internal_weight=5923.35 3431.37 1390.25 2491.97 684.4 1529.75 705.852 656.459 962.227 2041.12 628.517 1484.46 1468.9 1158.46 310.444 214.58 662.266 463.581 1294.87 95.864 1141.31 819.722 321.585 304.087 203.507 67.6795 43.973 139.306 34.4542 139.132
internal_count=21964 7338 4631 14626 3000 8067 1631 2770 6559 2707 2593 8026 7885 5989 1896 1180 1427 1140 2046 716 5961 4083 1878 1818 1085 421 296 343 134 888
cat_boundaries=0 1 2 3 4 5 6 7
cat_threshold=256 1 1 1 1 1 1
is_linear=0
shrinkage=0.03


Tree=8
num_leaves=31
num_cat=9
split_feature=17 18 17 8 14 10 17 17 1 11 7 11 17 10 2 10 20 17 17 9 10 14 20 1 17 17 3 7 7 10
split_gain=3239.34 541.396 255.504 202.31 181.617 107.062 70.3233 81.5135 70.6661 69.9284 73.3579 59.6876 57.6601 55.5277 52.4164 60.2339 42.7715 42.1929 58.8921 41.2617 61.7102 52.3972 44.926 50.8298 43.6186 70.0011 45.9093 40.767 38.7049 67.7709
threshold=3.6160000000000005 5087.6500000000005 1.3490000000000004 0 1.2500000000000002 5.5000000000000009 1.3880000000000001 1.4125000000000003 1 26.000000000000004 2 16.500000000000004 1.2885000000000002 13.500000000000002 3 3.5000000000000004 5.5000000000000009 4.8575000000000008 4.9585000000000008 4 1.5000000000000002 1.0000000180025095e-35 1.5000000000000002 5 4.9510000000000014 4.9585000000000008 6 7 8 7.5000000000000009
decision_type=2 2 2 9 2 2 2 2 9 2 1 2 2 2 9 2 2 2 2 1 2 2 2 9 2 2 9 1 1 2
left_child=1 11 5 4 -2 9 -4 8 -8 -3 12 -1 -11 28 15 -5 -7 -17 -19 20 21 -16 -21 -24 -22 -26 -27 -13 -6 -30
right_child=3 2 6 14 13 16 7 -9 -10 10 -12 27 -14 -15 19 17 -18 18 -20 22 24 -23 23 -25 25 26 -28 -29 29 -31
leaf_value=0.0913290415333219 0.097705342995269673 0.08655196293323876 0.087715098086970492 0.038691930470970477 0.03995682005018536 -0.033902354219964674 0.017250785054981534 0.07858325225259101 0.063909666292744333 0.058338246639621574 -0.001181674452748898 0.08259930904581661 0.039696847402466519 -0.018898644405256192 0.053583616916301334 -0.03450007798837755 0.047347358363533404 0.052785888592030428 -0.034530580595583393 -0.018710814687747282 0.0094497519051748771 0.025367274368253149 -0.0065853486089131122 0.020372946064062612 0.089642521051354229 -0.012418012976288275 0.033478590403940647 0.065472896560491059 0.0093678550788095782 0.082020153262017378
leaf_weight=777.2548154592514 47.054439261555672 44.857556745409966 215.04622152447701 257.63962721824646 1078.4413644224405 19.560050703585148 66.75402544438839 271.2795257717371 181.90514342486858 328.48882956802845 26.395999401807785 1204.290739312768 278.97534184157848 15.327291689813135 88.102369420230389 17.722954392433167 8.1748465672135371 20.549428924918178 10.354808472096918 43.162190467119217 270.62590907514095 184.07934775203466 83.125917010009289 238.74337847530842 16.240213736891747 25.71398887783289 54.578844048082829 144.33075770735741 80.873336687684059 13.419713065028189
leaf_count=661 41 79 301 1498 5390 183 300 523 507 1108 174 1703 1409 141 378 149 47 111 83 358 1876 1180 645 1625 66 195 319 343 515 56
internal_value=0.0565591 0.0750079 0.0607976 0.030704 0.0395788 0.0478886 0.0731932 0.0671655 0.0546705 0.05025 0.0476629 0.0846384 0.0497901 0.0375992 0.0218672 0.0329133 -0.0097622 0.00221836 0.0234158 0.0187106 0.0233293 0.034528 0.009704 0.0138297 0.0156475 0.0329638 0.0213653 0.0807736 0.0383417 0.0198154
internal_weight=6113.07 3567.31 1441.44 2545.76 1235.12 706.453 734.985 519.939 248.659 678.718 633.86 2125.88 607.464 1188.06 1310.64 306.267 27.7349 48.6272 30.9042 1004.37 639.341 272.182 365.031 321.869 367.159 96.533 80.2928 1348.62 1172.73 94.293
internal_count=21964 7338 4631 14626 6143 3000 1631 1330 807 2770 2691 2707 2517 6102 8483 1841 230 343 194 6642 4014 1558 2628 2270 2456 580 514 2046 5961 571
cat_boundaries=0 1 2 3 4 5 6 7 8 9
cat_threshold=266 82 1 4 21 97 68 1 1
is_linear=0
shrinkage=0.03


Tree=9
num_leaves=31
num_cat=15
split_feature=17 18 17 15 10 13 4 17 13 7 17 17 3 13 17 10 10 17 6 20 1 3 2 3 17 7 2 6 17 6
split_gain=2865.67 482.101 226.21 198.598 95.4215 75.0366 77.9922 61.5017 59.7829 65.239 57.5266 179.255 67.7382 56.8544 52.1537 51.5361 46.0701 52.5266 47.4208 40.216 39.6486 39.3713 52.4553 39.035 36.5492 33.2348 33.1607 33.5967 32.8205 56.0785
threshold=3.6160000000000005 5087.6500000000005 1.3490000000000004 93.956000000000017 5.5000000000000009 0 1 4.8575000000000008 2 3 4.2070000000000007 4.9510000000000014 4 5 1.2885000000000002 13.500000000000002 2.5000000000000004 4.1720000000000015 6 5.5000000000000009 7 8 9 10 1.4025000000000001 11 12 13 4.9605000000000006 14
decision_type=2 2 2 2 2 1 9 2 1 1 2 2 9 1 2 2 2 2 1 2 9 9 9 9 2 1 9 1 2 1
left_child=1 13 4 10 8 -4 -7 20 -3 14 12 -12 -2 -1 -10 21 17 -14 -19 -6 26 22 -13 -22 -8 -15 -5 -28 29 -9
right_child=3 2 5 7 19 6 24 28 9 -11 11 15 16 25 -16 -17 -18 18 -20 -21 23 -23 -24 -25 -26 -27 27 -29 -30 -31
leaf_value=0.085937081970155427 -0.0031067222101837369 0.080942058348567603 0.044371004014656788 -0.019869700921157109 -0.033754223441401776 0.074588630663997041 0.085546703727010467 0.051444975858463991 0.054847688084360725 -0.0011472930341312085 0.093116385649249012 0.032599382778444645 0.045108716174852459 0.077280763539603781 0.037405659230532649 -0.018604797669810293 0.0047701913833123237 0.083060748391458702 -0.011018954279051345 0.044425958031626835 0.0093472806386571475 0.040138617891742195 0.0035240548847667195 -0.016724388208841319 0.0086935559429066698 0.06221550601682848 0.031971264496280516 -0.010761051208791547 0.011006573995591464 0.023397601482871011
leaf_weight=761.48541864752769 71.130924314260483 44.720310628414154 101.3778500109911 15.980567410588264 19.064439468085766 627.8416294157505 7.1434229016304043 75.644707411527634 341.59398312866688 26.374748460948467 51.981460511684418 188.29516407102346 170.63747905939817 1287.487932279706 286.73875886201859 15.107229217886923 45.342056222259998 5.6759014651179314 28.990657366812229 8.4531813859939593 121.87327871471643 950.30902029573917 79.754263326525688 74.898526571691036 24.726183339953423 152.35539132356644 112.4734907373786 19.248052425682545 137.34694917500019 432.81592202931643
leaf_count=609 485 74 359 137 183 1131 12 389 1111 174 54 975 845 1752 1411 141 309 27 230 47 907 4533 468 666 129 346 761 155 901 2643
internal_value=0.0533237 0.0703191 0.0571128 0.0291814 0.0451197 0.0685565 0.0722613 0.0186041 0.0472762 0.04496 0.0356951 0.0385401 0.0243116 0.0792419 0.0469 0.0362304 0.0309908 0.0382707 0.00449288 -0.0095554 0.00835071 0.0369142 0.0231026 -0.000894066 0.0262274 0.0756932 0.0194256 0.0257007 0.0240664 0.0275855
internal_weight=6286.87 3689.36 1488.03 2597.51 726.945 761.089 659.711 990.281 699.428 654.707 1607.22 1285.45 321.777 2201.33 628.333 1233.47 250.646 205.304 34.6666 27.5176 344.474 1218.36 268.049 196.772 31.8696 1439.84 147.702 131.722 645.808 508.461
internal_count=21964 7338 4631 14626 3000 1631 1272 6559 2770 2696 8067 6171 1896 2707 2522 6117 1411 1102 257 230 2626 5976 1443 1573 141 2098 1053 916 3933 3032
cat_boundaries=0 1 2 3 4 5 6 7 8 9 10 11 12 13 14 15
cat_threshold=1 1 4 1 7 4 4 692 33 2 102 1 1 1 4
is_linear=0
shrinkage=0.03


Tree=10
num_leaves=31
num_cat=8
split_feature=14 18 17 15 8 1 7 17 17 17 17 21 17 17 17 3 13 1 21 17 7 15 21 21 17 7 16 20 21 20
split_gain=2481.35 545.85 182.878 163.775 88.1311 72.9449 70.8892 65.5404 96.8568 56.4433 56.0983 54.5009 46.8398 77.1078 72.0384 49.6235 44.1129 41.8155 36.8159 34.9745 39.1322 84.1909 40.1979 34.1299 33.1546 50.9443 29.7165 27.5318 26.9803 26.7346
threshold=-0.64999999999999991 5087.6500000000005 1.3490000000000004 93.956000000000017 0 1 2 1.3960000000000001 1.4125000000000003 1.2950000000000002 4.855500000000001 2.740319461670996 4.2070000000000007 4.9555000000000016 4.1720000000000015 3 4 5 0.89587973461402759 4.9690000000000003 6 93.89700000000002 1.8688348091416842 2.0126758453675748 0.71550000000000014 7 -33.29999999999999 2.5000000000000004 1.2424533248940002 3.5000000000000004
decision_type=2 2 2 2 9 9 1 2 2 2 2 2 2 2 2 9 1 9 2 2 1 2 2 2 2 1 2 2 2 2
left_child=1 16 6 4 -2 -4 9 -7 -9 -3 -5 12 14 -14 15 -6 -1 23 -17 20 -15 -22 -23 -12 -18 26 -26 -8 -19 -24
right_child=3 2 5 10 11 7 27 8 -10 -11 17 -13 13 19 -16 18 24 28 -20 -21 21 22 29 -25 25 -27 -28 -29 -30 -31
leaf_value=0.081146316939163896 0.07343436940908174 0.049915020306743871 0.070290402053702294 -0.010091901513203078 -0.012270593156349228 0.068395856526368884 0.051303048467293645 0.013191015176667233 0.057785603589623202 0.032145673857339171 0.028813431526032808 -0.033223885086064844 0.081989148494607061 0.036535031142542883 -0.013392499157806574 0.043216790241472666 0.080261958318481041 0.006991101732587956 0.020151587678054906 -0.01670210212140092 0.068475905235989218 -0.011231586646188202 0.082918461999620732 -0.0019600836257386979 0.07602342991949726 0.049205988311509442 0.06572720225762009 -0.012173469954396873 0.022730086479442801 0.0082955936766388669
leaf_weight=786.12624998390675 53.48051606118679 459.92423426359892 514.56308005750179 55.874712958931923 24.951234675943851 67.332218050956726 7.669486626982688 96.586512595415115 80.61602720618248 250.71481396257877 510.76012579351664 11.11995719373226 31.582986295223236 1128.1171711087227 42.740190908312798 139.53545619547367 369.18613807857037 263.77889236062765 114.2115059569478 11.769627824425696 21.557591274380684 56.183095276355743 7.5402517765760448 34.427633285522461 623.2707721143961 100.83056457340717 449.45272350311279 29.362204767763615 156.82041801512241 10.237270668148993
leaf_count=607 42 1561 904 451 179 108 36 427 198 1223 3151 112 63 5341 338 651 416 1799 698 75 84 388 28 249 763 261 689 211 1001 64
internal_value=0.0507186 0.0661853 0.0521015 0.0285358 0.0343746 0.0624863 0.0415471 0.0414621 0.0335168 0.0436556 0.0190834 0.0324006 0.033068 0.0356684 0.0228008 0.0283648 0.0752935 0.0207753 0.0316136 0.0344753 0.0349713 0.0164524 0.00117638 0.0263808 0.0723041 0.0697914 0.0717188 0.000994867 0.0125717 0.0404011
internal_weight=6510.32 3835.64 1506.77 2674.69 1653.03 759.098 747.671 244.535 177.203 710.639 1021.66 1599.55 1588.43 1266.99 321.438 278.698 2328.87 965.787 253.747 1235.41 1223.64 95.5182 73.9606 545.188 1542.74 1173.55 1072.72 37.0317 420.599 17.7775
internal_count=22118 7404 4668 14714 8063 1637 3031 733 625 2784 6651 8021 7909 6043 1866 1528 2736 6200 1349 5980 5905 564 480 3400 2129 1713 1452 247 2800 92
cat_boundaries=0 1 2 3 4 5 6 7 8
cat_threshold=256 1889 1 3 4 1830 1 1
is_linear=0
shrinkage=0.03


Tree=11
num_leaves=31
num_cat=3
split_feature=14 16 16 8 14 19 17 17 0 0 17 10 13 0 10 17 16 20 20 0 17 16 17 17 10 3 10 12 17 17
split_gain=2236.9 422.839 169.424 133.086 149.032 108.495 98.3865 63.2841 76.4852 139.817 55.0519 52.4922 38.2467 37.2628 32.6801 32.0325 30.9808 30.4395 29.1691 28.7102 33.3551 75.9871 61.1873 33.3421 29.1078 31.5099 27.1475 36.8858 36.7328 36.3907
threshold=-0.64999999999999991 -41.29999999999999 -48.29999999999999 0 1.2500000000000002 1.0000000180025095e-35 1.3490000000000004 1.3960000000000001 33.500000000000007 47.500000000000007 1.2950000000000002 14.500000000000002 1 59.500000000000007 6.5000000000000009 4.9690000000000003 -32.199999999999996 5.5000000000000009 5.5000000000000009 45.500000000000007 4.964500000000001 -36.249999999999993 4.9635000000000007 4.9575000000000005 1.5000000000000002 2 4.5000000000000009 1.0000000180025095e-35 1.2650000000000003 1.2555000000000003
decision_type=2 2 2 9 2 2 2 2 2 2 2 2 1 2 2 2 2 2 2 2 2 2 2 2 2 9 2 2 2 2
left_child=1 2 -1 4 -2 6 10 -8 18 -10 26 15 -3 -11 -5 19 -14 -16 -9 20 21 -6 -23 -21 25 -25 27 -4 29 -29
right_child=3 12 5 14 11 -7 7 8 9 13 -12 -13 16 -15 17 -17 -18 -19 -20 23 -22 22 -24 24 -26 -27 -28 28 -30 -31
leaf_value=0.072014785710634091 0.082819375963164549 0.076852986868124806 0.050999272967511305 0.021318166002566443 0.038711060381267343 0.077424663514380404 0.068239915547480795 0.047366693021444972 0.018337741254861494 0.050061981383253532 0.025704960422879244 -0.033086433612117029 0.07178468349036296 0.088195453849772523 0.011387565447066964 -0.016383748440745305 0.062752528437339361 -0.034768627404241442 0.074326695198505141 0.063656241309412831 0.046011091548167973 -0.0013650457323839866 0.034230287745188381 -0.0072232708563307888 0.029506777122358135 0.024489651934143007 0.022162475841085931 0.035085908480789928 0.015629807804877063 0.097155436604844436
leaf_weight=294.65213277935982 54.834811180830002 731.59564773738384 311.03834729641676 1317.3506065905094 498.43387172371149 98.242227077484131 186.68607103824615 61.676242783665657 150.26692862808704 65.667821511626244 248.50159424543381 10.835875287652014 931.41633911430836 36.721600770950317 53.640493795275688 11.642266005277632 567.11019659042358 16.80279179662466 93.411472991108894 20.016430169343948 232.32265935093164 90.784238643944263 82.996545746922493 50.509380355477333 234.44000070542097 48.628134146332741 50.047554075717926 33.608975604176521 63.073235116899014 11.533113539218901
leaf_count=330 42 550 983 8056 2200 136 274 163 608 190 1276 112 1158 48 363 75 854 135 141 62 957 534 380 338 1190 270 281 117 278 17
internal_value=0.0480892 0.0625546 0.051295 0.0271832 0.0341246 0.0469596 0.0446708 0.0537149 0.0470422 0.0368076 0.0371705 0.0322973 0.0711595 0.0638404 0.0201088 0.0328602 0.0683729 0.000301751 0.0636618 0.0333195 0.0361649 0.0327512 0.0156277 0.0260239 0.0237383 0.010051 0.0432286 0.0457302 0.0305249 0.0511897
internal_weight=6658.49 3935.25 1705.13 2723.24 1335.44 1410.48 1312.23 594.43 407.744 252.656 717.803 1280.61 2230.12 102.389 1387.79 1269.77 1498.53 70.4433 155.088 1258.13 904.537 672.215 173.781 353.594 333.578 99.1375 469.301 419.254 108.215 45.1421
internal_count=22118 7404 4842 14714 6160 4512 4376 1424 1150 846 2952 6118 2562 238 8554 6006 2012 498 304 5931 4071 3114 914 1860 1798 608 1676 1395 412 134
cat_boundaries=0 1 2 3
cat_threshold=266 4 102
is_linear=0
shrinkage=0.03


Tree=12
num_leaves=31
num_cat=7
split_feature=17 18 17 15 8 1 17 17 7 17 0 21 21 0 19 1 2 1 0 9 17 17 17 11 12 21 17 0 20 15
split_gain=2033.1 458.064 151.847 135.712 76.3946 63.0093 63.058 86.0472 62.0266 51.1088 48.1939 57.1282 46.595 40.2142 38.4104 36.6317 44.4402 36.375 74.1768 46.1084 36.1394 34.3216 58.2335 37.868 38.3758 37.232 32.712 29.9746 29.2087 28.9044
threshold=2.4320000000000004 5087.6500000000005 1.3490000000000004 93.956000000000017 0 1 1.3960000000000001 1.4125000000000003 2 4.855500000000001 33.500000000000007 1.8688348091416842 2.740319461670996 45.500000000000007 1.0000000180025095e-35 3 4 5 49.500000000000007 6 1.3390000000000002 1.2650000000000003 1.2555000000000003 26.000000000000004 1.0000000180025095e-35 1.2424533248940002 1.3390000000000002 23.500000000000004 6.5000000000000009 93.89700000000002
decision_type=2 2 2 2 9 9 2 2 1 2 2 2 2 2 2 9 9 9 2 1 2 2 2 2 2 2 2 2 2 2
left_child=1 14 8 4 -2 6 -4 -8 10 -5 20 21 13 -6 -1 16 -11 18 -15 -19 27 22 25 -23 26 -12 -25 -3 -17 -21
right_child=3 2 5 9 12 -7 7 -9 -10 15 11 -13 -14 17 -16 28 -18 19 -20 29 -22 23 -24 24 -26 -27 -28 -29 -30 -31
leaf_value=0.06459392880359785 0.066499747967523296 0.0011931581872963253 0.063152832995083827 -0.010340366723174423 0.032882704363568091 0.062543393071966755 0.0090519719472831207 0.051339362214661337 -1.8778930514853852e-05 0.042753218171771183 0.016013452576546648 -0.034307438482918451 -0.032953082207629852 -0.014054621158836563 0.072521061933166639 0.022130849792471069 -0.010512705125463885 0.024182318098456078 0.047323703360719747 0.011908150300829642 -0.011026352707719678 0.06835488610116297 0.08161417316243133 0.028130074835862648 0.0076271915349556815 0.057451188221747634 0.065407873012998524 0.051279588044437857 -0.0032447781567078041 -0.017375498152635217
leaf_weight=1561.4697474390268 56.240857303142548 11.275181129574774 65.223208606243134 56.331519551575184 1179.0192461386323 557.83888050913811 94.55781452357769 80.210092201828957 37.963937103748322 17.331004753708839 44.83068659901619 11.122573509812353 10.557936191558836 20.686832003295422 882.29286159574986 860.21656376123428 73.578570961952209 205.62753238528967 119.02877202630043 80.070061855018139 9.0097139179706556 20.269709005951881 33.409370973706245 171.72204525768757 75.995482906699181 34.990312799811363 24.350969061255455 307.6877880319953 42.618364475667477 48.687620989978313
leaf_count=2059 42 54 95 451 5388 940 413 189 247 95 172 95 112 135 677 5274 531 1067 540 457 54 30 57 725 398 92 90 1017 300 322
internal_value=0.0456998 0.0593157 0.0467173 0.0259162 0.0311074 0.0559386 0.0364317 0.0284953 0.0373072 0.0174086 0.0392139 0.032404 0.0293292 0.0299082 0.06746 0.0189855 -0.000260664 0.0224994 0.0356603 0.0154542 0.0478441 0.034249 0.0483217 0.0287733 0.0257893 0.0342648 0.032806 0.0495194 0.0207002 0.000748737
internal_weight=6794.22 4024.22 1580.46 2769.99 1719.92 797.83 239.991 174.768 782.628 1050.08 744.664 416.691 1663.68 1653.12 2443.76 993.745 90.9096 474.101 139.716 334.385 327.973 405.569 113.23 292.338 272.068 79.821 196.073 318.963 902.835 128.758
internal_count=22118 7404 4668 14714 8063 1637 697 602 3031 6651 2784 1659 8021 7909 2736 6200 626 2521 675 1846 1125 1564 321 1243 1213 264 815 1071 5574 779
cat_boundaries=0 1 2 3 4 5 6 7
cat_threshold=256 150 1 80 4 116 19
is_linear=0
shrinkage=0.03


Tree=13
num_leaves=31
num_cat=4
split_feature=14 18 17 15 8 1 17 17 11 17 17 10 19 17 17 17 10 1 20 20 17 17 17 10 4 17 17 17 20 10
split_gain=1859.48 425.488 139.614 123.132 73.0799 55.6135 57.1257 77.9546 48.2941 47.2214 47.092 43.1939 37.8364 37.4922 67.3764 63.7798 40.9032 34.545 34.483 29.4833 33.6183 28.6037 28.3867 25.5244 25.3057 23.6838 32.976 28.3178 37.1699 24.3693
threshold=-0.64999999999999991 5087.6500000000005 1.3490000000000004 93.956000000000017 0 1 1.3960000000000001 1.4125000000000003 26.000000000000004 4.855500000000001 1.2950000000000002 14.500000000000002 1.0000000180025095e-35 4.2070000000000007 4.9555000000000016 4.1720000000000015 1.5000000000000002 2 2.5000000000000004 3.5000000000000004 4.0980000000000016 4.9690000000000003 0.71550000000000014 6.5000000000000009 3 4.8585000000000012 4.9605000000000006 4.8655000000000017 1.5000000000000002 1.5000000000000002
decision_type=2 2 2 2 9 9 2 2 2 2 2 2 2 2 2 2 2 9 2 2 2 2 2 2 9 2 2 2 2 2
left_child=1 12 8 4 -2 6 -4 24 -3 -5 -10 13 22 15 -15 16 19 23 -18 20 -6 -16 -1 25 -8 -11 27 28 -27 -29
right_child=3 2 5 9 11 -7 7 -9 10 17 -12 -13 -14 14 21 -17 18 -19 -20 -21 -22 -23 -24 -25 -26 26 -28 29 -30 -31
leaf_value=0.068596677496512798 0.063806782787258987 0.063901361895205872 0.059967562025829667 -0.01010834060050376 0.037726948661106902 0.059295986736821044 0.016087220169263082 0.048708216464642518 0.038992975477955327 0.017141006753745882 0.023096388193071186 -0.032823629761847745 0.069169740513281924 0.072565763745096712 0.030056962714086682 -0.014148930127469444 -0.034766517003936362 0.011271784787252912 0.01713320028548266 0.041350313569827678 -0.021669775228064118 -0.016669387110595655 0.059088482975495148 -0.0013508735372436656 -0.023816045651572599 -0.0066958727049079621 0.013009095155871514 0.024156872693670318 0.034215223699700731 0.05856916108982136
leaf_weight=382.66250002384186 57.266056284308434 50.580283045768738 66.610186010599136 55.904666043817997 18.155840806663036 571.07984860241413 77.636251732707024 81.983870953321457 490.12598647922277 191.33843860775232 257.71723159402609 10.286088965833185 897.0568887591362 33.806125611066818 1300.7570162117481 43.921708263456821 12.619536615908144 464.26136793196201 119.85651538521051 127.1318736448884 16.024982161819935 11.756602540612219 1210.8205309063196 33.673523165285587 17.386591374874115 23.569302499294281 74.44128543138504 26.334955736994743 126.20346565544605 67.081051781773567
leaf_count=400 42 79 95 451 80 940 307 189 1676 1275 1276 112 677 63 5905 338 100 2979 698 541 109 75 1659 238 106 155 448 144 664 297
internal_value=0.0435284 0.0564094 0.0443944 0.0247442 0.0296347 0.0531425 0.0348251 0.0272844 0.0354586 0.0166794 0.0335226 0.0279329 0.0641882 0.0284735 0.0307204 0.0195007 0.0245447 0.0181705 0.0121442 0.0346961 0.00981051 0.0296349 0.0613778 0.0234248 0.00873711 0.02553 0.030567 0.0359217 0.027757 0.0489363
internal_weight=6918.05 4103.66 1613.12 2814.39 1751.58 814.697 243.617 177.007 798.424 1062.81 747.843 1694.32 2490.54 1684.03 1346.32 337.71 293.789 1006.9 132.476 161.313 34.1808 1312.51 1593.48 542.642 95.0228 508.968 317.63 243.189 149.773 93.416
internal_count=22118 7404 4668 14714 8063 1637 697 602 3031 6651 2952 8021 2736 7909 6043 1866 1528 6200 798 730 189 5980 2059 3221 413 2983 1708 1260 819 441
cat_boundaries=0 1 2 3 4
cat_threshold=256 150 1798 1
is_linear=0
shrinkage=0.03


Tree=14
num_leaves=31
num_cat=11
split_feature=14 18 15 1 16 7 11 0 19 1 12 4 0 2 0 2 7 0 0 2 3 16 0 20 10 14 14 7 1 0
split_gain=1710.27 398.47 111.938 103.951 61.6809 82.9772 49.4296 42.8444 37.5007 37.3609 35.1375 48.5285 61.5579 43.377 38.1389 34.5785 30.2824 29.8892 29.6511 34.3104 28.6647 28.3429 28.0873 28.8334 26.8026 45.8497 35.9941 51.7314 25.9615 63.833
threshold=-0.64999999999999991 5087.6500000000005 93.956000000000017 0 -46.649999999999999 1 10.500000000000002 45.500000000000007 1.0000000180025095e-35 2 1.0000000180025095e-35 3 35.500000000000007 4 47.500000000000007 5 6 31.500000000000004 42.500000000000007 7 8 -32.199999999999996 38.500000000000007 4.5000000000000009 1.5000000000000002 1.2500000000000002 1.2500000000000002 9 10 49.500000000000007
decision_type=2 2 2 9 2 1 2 2 2 9 2 9 2 9 2 9 1 2 2 9 9 2 2 2 2 2 2 1 9 2
left_child=1 8 7 4 -3 -6 -5 24 16 15 11 13 17 -8 -15 -4 21 -13 22 -20 -14 -1 23 -12 26 -26 27 -2 29 -9
right_child=2 3 9 6 5 -7 10 28 -10 -11 18 12 20 14 -16 -17 -18 -19 19 -21 -22 -23 -24 -25 25 -27 -28 -29 -30 -31
leaf_value=0.063118359846048869 0.034342023415043499 0.05732392104724892 0.032611239220700652 0.066280459899211525 0.044378890928916954 -0.0231556874596834 0.051831866966607909 -0.014317954976502352 0.066181638665445006 0.017661053534368375 0.023215812661436991 0.0039572247922125721 0.015159385711209877 0.025414712003015524 0.049960015162272199 -0.011658946418621767 0.04661634268025322 0.066782212882438893 0.046258282976246186 -0.015070761824106048 -0.026745662124744902 0.054239178634076332 -0.025164605868160741 -0.022705424862756712 0.0086626914280193458 0.030420215085037214 0.030303204993104769 0.065617989701369464 0.014904236914433358 0.04215326641307144
leaf_weight=925.73788574337959 126.87999185919762 496.09688743948936 19.868595734238625 36.602746218442917 407.97486241161823 16.940054073929787 140.65431739389896 20.878340654075146 909.24074935913086 977.73043321818113 77.022949688136578 10.704000249505045 18.501757457852364 228.46425624191761 76.645475558936596 77.257719591259956 176.75421386957169 19.248668201267719 47.89299700409174 9.7705833390355092 24.578097514808178 519.13424196839333 17.790877982974052 14.495119482278822 101.97237590700388 621.40300513058901 350.91266809403896 77.32610210776329 355.95049681514502 126.05722852796316
leaf_count=997 573 792 111 50 1250 115 357 136 677 5977 322 54 83 843 196 563 345 53 164 52 154 717 103 80 625 2685 1489 119 1883 553
internal_value=0.0415418 0.053782 0.023651 0.042268 0.0495744 0.0416746 0.0318163 0.0282669 0.0612553 0.0159964 0.0304269 0.0342875 0.0115407 0.0380041 0.0316048 -0.00231015 0.0584874 0.0445185 0.0184003 0.0358066 -0.0113688 0.0599342 0.00916622 0.015893 0.031191 0.0273589 0.0361733 0.0462262 0.0208222 0.0319327
internal_weight=7030.49 4174.25 2856.24 1643.38 921.012 424.915 722.372 1781.38 2530.87 1074.86 685.769 518.797 73.0325 445.764 305.11 97.1263 1621.63 29.9527 166.973 57.6636 43.0799 1444.87 109.309 91.5181 1278.49 723.375 555.119 204.206 502.886 146.936
internal_count=22118 7404 14714 4668 2157 1365 2511 8063 2736 6651 2461 1740 344 1396 1039 674 2059 107 721 216 237 1714 505 402 5491 3310 2181 692 2572 689
cat_boundaries=0 1 2 3 4 5 6 7 8 9 10 11
cat_threshold=865 1 80 1 4 4 1 2 42 1 116
is_linear=0
shrinkage=0.03


Tree=15
num_leaves=31
num_cat=7
split_feature=14 18 13 10 8 11 11 7 16 0 15 0 0 0 7 13 15 0 16 0 0 7 16 0 10 14 10 15 12 2
split_gain=1592.55 340.738 96.9096 75.6749 65.7163 54.9799 54.3137 53.9634 52.1985 44.0474 42.0255 33.1837 40.9926 47.4357 30.9422 29.58 29.4665 33.6278 27.5879 26.0251 25.3017 24.8914 24.8649 24.3851 34.0813 37.4167 25.6851 36.2592 23.9078 23.0885
threshold=-0.14999999999999999 5087.6500000000005 0 4.5000000000000009 1 16.500000000000004 11.500000000000002 2 -36.249999999999993 45.500000000000007 92.868000000000009 33.500000000000007 43.500000000000007 41.500000000000007 3 4 93.837000000000018 60.500000000000007 -39.899999999999991 25.500000000000004 28.500000000000004 5 -42.349999999999994 56.500000000000007 3.5000000000000004 1.2500000000000002 2.5000000000000004 93.89700000000002 1.0000000180025095e-35 6
decision_type=2 2 1 2 9 2 2 1 2 2 2 2 2 2 1 1 2 2 2 2 2 1 2 2 2 2 2 2 2 9
left_child=1 5 21 6 -2 -1 -4 9 22 19 -8 -12 13 -13 15 -7 -16 18 -18 -6 -5 -3 -9 26 25 -25 28 -28 -11 -22
right_child=4 2 3 20 7 14 10 8 -10 23 11 12 -14 -15 16 -17 17 -19 -20 -21 29 -23 -24 24 -26 -27 27 -29 -30 -31
leaf_value=0.06423218812330786 0.056717227217169375 0.028257430653356508 0.068304972919381507 0.045720293085744504 0.0039839257018452461 0.049238793166681824 0.061023930258895236 0.0011020726386790746 0.05948131675184274 0.022308304375174167 0.04927472689850991 0.034191259706904259 0.046204202713785558 -0.0067060559027605337 0.051289743282570743 0.059052955504592844 0.032740812565415528 0.068148587942394756 -0.016300943231674629 0.029465162332620795 0.022248678862364001 -0.016549482959583122 0.017463361959721417 0.052991771562894537 0.05509420997144851 -0.00012278588947603364 0.015585093267246421 -0.017578771024320587 -0.018806906215089573 -0.013484383357403951
leaf_weight=930.79378528892994 47.754682183265686 333.4964262098074 96.584257900714874 23.380360871553421 37.615435026586056 385.55815830826759 128.51437820494175 90.638593472540379 25.649248003959656 215.88406720757484 415.40657990425825 280.08242005109787 294.52374221384525 27.917815335094929 116.51582315564156 1066.196798235178 23.523023396730419 12.081249386072157 18.164866968989376 1099.3980289027095 46.216524049639702 11.397123098373411 1142.1734240800142 17.363935299217701 34.068339124321938 37.359167531132698 78.099189281463623 47.67167767137289 13.372316800057886 24.899174913764
leaf_count=666 35 1218 103 76 179 544 139 534 89 1115 990 884 740 132 185 1186 57 17 78 4734 175 76 6849 61 118 215 413 298 90 129
internal_value=0.0397584 0.0514713 0.0409782 0.044639 0.0225736 0.0583837 0.0466084 0.02172 0.017151 0.0254915 0.0447722 0.0427116 0.0381743 0.0304735 0.055022 0.0564521 0.0427857 0.0242409 0.0113119 0.0286252 0.0186785 0.0267637 0.0162631 0.0174518 0.0315365 0.0167419 0.0139129 0.00298698 0.0198899 0.00969425
internal_weight=7122.3 4235.25 1682.42 1337.53 2887.05 2552.83 1243.03 2839.29 1258.46 1580.83 1146.44 1017.93 602.524 308 1622.04 1451.75 170.285 53.7691 41.6879 1137.01 94.4961 344.894 1232.81 443.819 88.7914 54.7231 355.027 125.771 229.256 71.1157
internal_count=22125 7395 4662 3368 14730 2733 2988 14695 7472 7223 2885 2746 1756 1016 2067 1730 337 152 135 4913 380 1294 7383 2310 394 276 1916 711 1205 304
cat_boundaries=0 1 2 3 4 5 6 7
cat_threshold=1 256 1 1 1 1 2
is_linear=0
shrinkage=0.03


Tree=16
num_leaves=31
num_cat=11
split_feature=17 18 17 8 11 7 3 16 17 0 17 17 0 0 20 0 17 11 2 0 7 9 1 17 3 17 1 9 17 4
split_gain=1480.36 325.669 121.95 63.2098 53.9603 49.0838 58.3245 46.4985 45.1312 47.2733 41.2474 50.2216 53.1109 54.2249 41.1147 36.1362 31.2599 35.0504 32.7502 34.4876 28.8117 28.199 27.8961 32.9838 35.8739 31.7461 29.4557 45.2062 27.2266 27.0533
threshold=3.6160000000000005 5087.6500000000005 1.3490000000000004 0 16.500000000000004 1 2 -36.249999999999993 1.2755000000000003 33.500000000000007 1.3685000000000003 1.4125000000000003 27.500000000000004 46.500000000000007 5.5000000000000009 46.500000000000007 1.3390000000000002 26.000000000000004 3 50.500000000000007 4 5 6 4.9595000000000011 7 4.8655000000000017 8 9 0.67000000000000004 10
decision_type=2 2 2 9 2 1 9 2 2 2 2 2 2 2 2 2 2 2 9 2 1 1 9 2 9 2 9 1 2 9
left_child=1 4 8 -2 -1 6 -5 22 -3 -10 -4 12 -12 14 -14 29 17 -11 -19 -20 -6 -17 -7 24 -24 26 -26 -28 -22 -8
right_child=3 2 10 5 20 7 15 -9 9 16 11 -13 13 -15 -16 21 -18 18 19 -21 28 -23 23 -25 25 -27 27 -29 -30 -31
leaf_value=0.061777390120271093 0.054827043054779 0.038827321787170951 0.05764501838035465 0.028072770526547615 0.054072344808758666 0.030293996695028708 0.014903238927657174 0.055692932251127557 0.036008272393479063 0.056654339964283075 0.063199079510156422 0.051289646876778935 0.006062340131955295 0.048206391448572292 0.036070356742433272 0.011035100826068494 0.042597997162384174 0.00013266452131198425 0.029009160089019388 -0.037174074215843032 0.068665826102722191 -0.014878839769252559 0.020827937203660885 0.0032564233410589502 -0.010499830204374916 0.026095958834836609 0.02054018259742426 -0.0095656631687624366 0.035724282808536865 0.034790629804245729
leaf_weight=938.62376587092876 48.259206980466843 374.6239817738533 241.7195555716753 1141.9452933818102 1469.8972848951817 111.31838344037533 233.138646222651 26.564308926463127 198.96262934803963 15.275710970163344 47.69445963203907 317.48466147482395 97.767655968666077 84.758872091770172 71.222771719098091 97.343246839940548 36.597944110631943 131.61679559201002 84.480083502829075 7.6107798218727103 27.168193370103836 48.445371136069298 584.15787876397371 214.12831270694733 86.575327396392822 68.945464968681335 116.93650090694427 64.493390463292599 145.30808532238007 84.293881699442863
leaf_count=666 35 1083 292 4960 1730 581 1103 89 716 21 60 512 397 192 174 521 141 675 350 47 24 300 3373 1313 627 355 688 447 313 340
internal_value=0.0380523 0.0492737 0.0391083 0.0215978 0.0560049 0.0207751 0.024341 0.0164383 0.0310246 0.0248517 0.0470762 0.0429351 0.034112 0.0286102 0.0187411 0.014218 0.0167759 0.0127927 0.0097603 0.0234726 0.0527005 0.0021356 0.015595 0.0137604 0.0163478 0.00772092 0.00326269 0.00988262 0.0409673 0.0202031
internal_weight=7217.36 4290.81 1709.82 2926.55 2581 2878.29 1605.17 1273.12 849.168 474.544 860.648 618.928 301.444 253.749 168.99 463.221 275.581 238.983 223.708 92.0909 1642.37 145.789 1246.56 1135.24 921.109 336.951 268.005 181.43 172.476 317.433
internal_count=22125 7393 4660 14732 2733 14697 7224 7473 3033 1950 1627 1335 823 763 571 2264 1234 1093 1072 397 2067 821 7384 6803 5490 2117 1762 1135 337 1443
cat_boundaries=0 1 2 3 4 5 6 7 8 9 10 11
cat_threshold=256 1 76 2 1 26 292 46 1090 28 1
is_linear=0
shrinkage=0.03


Tree=17
num_leaves=31
num_cat=9
split_feature=17 18 17 21 8 11 17 1 7 3 9 15 0 16 0 0 17 13 0 17 0 17 7 13 9 0 15 17 20 15
split_gain=1380.16 312.06 114.027 71.0145 60.8241 53.2741 44.9505 61.9194 44.6137 52.7333 42.3982 73.5242 47.7378 41.5804 36.9055 35.7403 36.3596 34.8207 33.3036 27.6628 33.6746 38.6737 27.1047 26.8149 26.7862 26.6398 27.5699 37.9608 32.065 26.1954
threshold=3.6160000000000005 5087.6500000000005 1.3490000000000004 1.7005986908310777 0 16.500000000000004 1.2950000000000002 1 2 3 4 93.01900000000002 29.500000000000004 -36.249999999999993 37.500000000000007 31.500000000000004 1.3390000000000002 5 46.500000000000007 1.4080000000000001 34.500000000000007 1.4905000000000004 6 7 8 25.500000000000004 93.89700000000002 4.964500000000001 1.5000000000000002 93.837000000000018
decision_type=2 2 2 2 9 2 2 9 1 9 1 2 2 2 2 2 2 1 2 2 2 2 1 1 1 2 2 2 2 2
left_child=1 5 3 6 -2 -1 -3 15 9 -6 19 -12 -13 -10 -5 -8 17 -17 25 -4 -21 -22 23 -7 -20 -11 27 -27 -29 -24
right_child=4 2 10 14 8 22 7 -9 13 18 11 12 -14 -15 -16 16 -18 -19 24 20 21 -23 29 -25 -26 26 -28 28 -30 -31
leaf_value=0.059551636347791474 0.053078082883669664 0.037440696037566487 0.060848766778997601 0.013492691071321658 0.026788426231796787 0.045102964726272031 0.051989960461914786 -0.0038476040282449117 0.014984321760812713 -0.037243682574006176 0.051192511892629036 0.051313540727226686 0.016346342345794154 0.052319293295706559 -0.036642641149884289 0.065268759677358443 0.052104321089702699 0.011459676594517727 0.010666558530825548 0.056935492468725341 0.023841413829093536 0.056295237066925401 0.047159123344308815 0.054340695893480229 -0.014624858802086979 0.0014066038334590136 0.030239782666554953 0.074982351669061351 0.020270232309527625 0.021947810655994396
leaf_weight=944.40315428376198 48.680009916424751 512.30319391936064 226.30933524668217 48.57165140658617 1160.9789831340313 394.12311062216759 54.754901461303234 68.079388447105885 1259.18478089571 7.1879010647535315 136.64903551340103 43.784575372934341 180.26074294745922 27.421661570668221 18.038701869547367 11.891171753406525 32.585159279406071 115.83694063127041 98.023781523108482 143.50348046422005 88.175769314169884 53.567807719111443 119.62221685051918 1091.2611904293299 47.990439414978027 105.99620544910431 145.80631796270609 11.967153355479239 50.257050484418869 54.937454491853714
leaf_count=666 35 1436 236 249 4960 544 175 358 7384 43 192 66 620 89 130 11 110 564 521 193 258 62 185 1186 300 578 579 33 210 152
internal_value=0.0364811 0.0472608 0.0373911 0.0296362 0.0206972 0.0538305 0.0321276 0.0224941 0.0199032 0.0232755 0.0450477 0.0329202 0.0232131 0.0157864 -7.40273e-05 0.0296454 0.0238153 0.0165398 0.0136704 0.0519264 0.0466379 0.0361586 0.0505703 0.0518948 0.00205828 0.0193628 0.0206795 0.0123622 0.0309442 0.0392589
internal_weight=7302.15 4338.66 1734.31 862.061 2963.49 2604.35 795.451 283.148 2914.81 1628.21 872.251 360.694 224.045 1286.61 66.6104 215.068 160.313 127.728 467.229 511.556 285.247 141.744 1659.94 1485.38 146.014 321.215 314.027 168.22 62.2242 174.56
internal_count=22125 7393 4660 3033 14732 2733 2654 1218 14697 7224 1627 878 686 7473 379 860 685 575 2264 749 513 320 2067 1730 821 1443 1400 821 243 337
cat_boundaries=0 1 2 3 4 5 6 7 8 9
cat_threshold=256 579 1 76 28 4 1 1 26
is_linear=0
shrinkage=0.03


Tree=18
num_leaves=31
num_cat=6
split_feature=17 18 17 21 8 11 17 7 3 9 0 16 0 16 16 0 11 17 0 17 7 9 0 0 16 17 17 0 0 12
split_gain=1292.96 299.659 107.211 64.9041 58.666 52.7841 40.8422 40.8337 47.7788 38.9339 40.0365 37.3826 35.2737 31.9295 38.9976 30.7378 26.0841 25.7005 30.6265 35.8327 25.5984 25.4491 25.1575 25.0571 24.6109 34.6204 24.2944 24.1413 24.9427 23.6147
threshold=3.6160000000000005 5087.6500000000005 1.3490000000000004 1.7005986908310777 0 16.500000000000004 1.2950000000000002 1 2 3 28.500000000000004 -36.249999999999993 37.500000000000007 -46.649999999999999 -48.29999999999999 46.500000000000007 10.500000000000002 1.4080000000000001 34.500000000000007 1.4905000000000004 4 5 27.500000000000004 25.500000000000004 -42.349999999999994 4.964500000000001 0.67000000000000004 40.500000000000007 37.500000000000007 1.0000000180025095e-35
decision_type=2 2 2 2 9 2 2 1 9 1 2 2 2 2 2 2 2 2 2 2 1 1 2 2 2 2 2 2 2 2
left_child=1 5 3 6 -2 -1 16 8 -6 17 -11 -9 -5 14 -12 23 -3 -4 -19 27 29 -17 -18 -10 -25 -26 -22 28 -20 -7
right_child=4 2 9 12 7 20 -8 11 15 10 13 -13 -14 -15 -16 21 22 18 19 -21 26 -23 -24 24 25 -27 -28 -29 -30 -31
leaf_value=0.057523526730959375 0.05145482274642553 0.0637887793445574 0.05828794606587813 0.012983251526096968 0.025588312251332093 0.052213247908469013 0.021556362002488724 0.014388507267845411 -0.036929382069968743 0.052750535635821348 0.051030716533079064 0.049293405594539874 -0.036395275258864539 0.045583785665225737 0.016639155245119958 0.010312631804275059 0.015641778050156711 0.054413304210578654 0.0222667846634239 0.053983605193732943 0.063499293564661691 -0.014374450845764981 0.036588274078438038 0.028748142570241636 0.0014310816705286685 0.029491606198283074 0.032771726692534343 0.032230098941256627 -0.040495816839111493 0.043628735395205051
leaf_weight=948.30759228765965 49.022422164678574 28.429620340466499 229.12381958961487 48.961047291755676 1179.1552926078439 1092.8368545770645 286.475337266922 1271.7939362674952 7.0347715467214575 71.04168327152729 35.287373095750809 28.225136525928974 17.623424261808395 68.186834454536438 189.72556363046169 98.682699844241142 59.427373096346855 145.62147110700607 13.910426467657091 54.180293381214142 27.879968702793121 47.544410236179829 433.0301518291235 148.49440108239651 105.91034865379333 63.319099172949791 148.52428655326366 65.607692435383797 9.4930905103683454 405.53865617513657
leaf_count=666 35 30 236 249 4960 1179 1218 7384 43 90 40 89 130 112 636 521 200 193 41 62 24 300 1206 580 577 243 313 168 49 551
internal_value=0.0350187 0.0454121 0.0358112 0.0283473 0.019841 0.0518371 0.0306949 0.0190738 0.0222759 0.0431979 0.031626 0.0151524 -7.61345e-05 0.0275594 0.0220662 0.0131507 0.03571 0.0497516 0.0446733 0.0347159 0.0486122 0.00198343 0.0340703 0.0185723 0.0198218 0.0119592 0.0376783 0.0229068 -0.00312774 0.0498949
internal_weight=7378.4 4379.21 1756.13 873.947 2999.18 2623.09 807.362 2950.16 1650.14 882.178 364.241 1300.02 66.5845 293.2 225.013 470.986 520.887 517.937 288.813 143.192 1674.78 146.227 492.458 324.759 317.724 169.229 176.404 89.0112 23.4035 1498.38
internal_count=22125 7393 4660 3033 14732 2733 2654 14697 7224 1627 878 7473 379 788 676 2264 1436 749 513 320 2067 821 1406 1443 1400 820 337 258 90 1730
cat_boundaries=0 1 2 3 4 5 6
cat_threshold=256 1 76 28 1 26
is_linear=0
shrinkage=0.03


Tree=19
num_leaves=31
num_cat=10
split_feature=17 18 17 10 8 11 0 3 7 17 9 0 0 0 5 3 0 0 17 5 0 17 10 3 2 10 0 0 0 9
split_gain=1215.13 288.672 101.235 59.4287 56.6669 52.4881 37.6901 37.6259 37.5629 37.4055 36.0414 37.0176 33.7293 33.6411 60.0926 39.9129 34.775 33.3093 31.2661 38.9889 30.1572 41.4858 39.3628 30.0818 37.4227 29.4615 28.8663 28.4689 28.2203 27.5784
threshold=3.6160000000000005 5087.6500000000005 1.3490000000000004 4.5000000000000009 0 16.500000000000004 45.500000000000007 1 2 1.2950000000000002 3 28.500000000000004 37.500000000000007 37.500000000000007 4 5 35.500000000000007 29.500000000000004 4.8645000000000005 6 51.500000000000007 4.9625000000000012 1.5000000000000002 7 8 1.5000000000000002 44.500000000000007 43.500000000000007 42.500000000000007 9
decision_type=2 2 2 2 9 2 2 9 1 2 1 2 2 2 1 9 2 2 2 1 2 2 2 9 9 2 2 2 2 1
left_child=1 5 3 9 -2 -1 8 20 -6 -3 -4 -12 -5 14 16 -15 17 -10 19 26 21 29 -23 24 -19 -9 -17 28 -20 -8
right_child=4 2 10 12 6 -7 7 25 13 -11 11 -13 -14 15 -16 18 -18 23 27 -21 -22 22 -24 -25 -26 -27 -28 -29 -30 -31
leaf_value=0.055667128291241617 0.049943873570126314 0.034115293063826206 0.047759033140156809 0.01249752333500641 0.02396500380073853 0.046801712905910335 0.014004505306863316 -0.014260593481180844 0.0081570465485858966 0.020656899085186035 0.050610860939473069 0.02651019419697144 -0.036157159417391165 -0.0062740484693331261 0.00059543321569775591 0.039221565036241787 -0.0017838020600817878 0.069282655235642268 0.014149827759651611 0.02031786222346656 0.022816621971794855 -0.0034107133214156277 0.039777099839387688 0.0095379770628679951 0.032121899681985915 0.0095401992659316873 0.081740378483623713 -0.015959343234499251 0.05659229408563083 -0.0076640530836630935
leaf_weight=950.49929504096508 49.291563600301743 528.76740638911724 523.38580439984798 49.336089171469212 1206.5919192060828 1687.2027081698179 82.793046459555626 70.961449429392815 76.374832309782505 289.93109791725874 71.815662935376167 295.63795989751816 17.214146688580513 40.844108738005161 257.39330860227346 93.096673078835011 53.198805660009384 36.433680765330791 85.061535060405731 104.79766593128443 337.82833589613438 27.230680733919144 61.655946098268032 66.702815599739552 76.375286124646664 136.91520968079567 17.267838440835476 22.395223662257195 16.934829831123352 113.14116829633713
leaf_count=666 35 1436 749 249 4914 2067 462 448 438 1218 90 788 130 278 1547 474 335 143 461 604 1690 154 253 376 396 739 67 142 69 707
internal_value=0.0336537 0.0437002 0.0343409 0.02714 0.019033 0.0499995 0.0182911 0.0129105 0.020449 0.029356 0.0414894 0.0304137 -7.80445e-05 0.0159634 0.0113158 0.0228719 0.0202304 0.0248178 0.0258122 0.0335046 0.0164837 0.00953475 0.0265237 0.0318811 0.0406047 0.00133397 0.0459693 0.0145396 0.0212746 0.00180272
internal_weight=7447.08 4413.79 1776.09 885.249 3033.29 2637.7 2983.99 830.526 2153.47 818.699 890.839 367.454 66.5502 946.877 566.479 380.398 309.085 255.887 339.554 215.162 622.649 284.821 88.8866 179.512 112.809 207.877 110.365 124.392 101.996 195.934
internal_count=22125 7393 4660 3033 14732 2733 14697 4453 10244 2654 1627 878 379 5330 3235 2095 1688 1353 1817 1145 3266 1576 407 915 539 1187 541 672 530 1169
cat_boundaries=0 1 2 3 4 5 6 7 8 9 10
cat_threshold=256 105 1 28 1 1 4 15 4 18
is_linear=0
shrinkage=0.03


Tree=20
num_leaves=31
num_cat=9
split_feature=14 16 15 13 10 4 8 20 2 2 16 13 10 10 11 2 0 0 0 0 6 0 6 0 20 0 0 0 0 14
split_gain=1203.65 246.085 95.5921 94.7293 70.5876 66.2449 43.0948 38.3846 46.4014 43.2632 36.7691 36.1785 35.9129 30.4531 29.8355 28.5762 40.2843 24.9186 27.2861 24.3531 27.8307 24.3182 23.4925 22.8811 36.6196 22.1889 21.7853 20.4505 25.2017 19.8142
threshold=-0.14999999999999999 -41.29999999999999 93.956000000000017 0 4.5000000000000009 1 2 6.5000000000000009 3 4 -48.29999999999999 5 14.500000000000002 6.5000000000000009 10.500000000000002 6 47.500000000000007 58.500000000000007 33.500000000000007 32.500000000000007 7 26.500000000000004 8 56.500000000000007 4.5000000000000009 40.500000000000007 28.500000000000004 40.500000000000007 44.500000000000007 -2.3499999999999996
decision_type=2 2 2 1 2 9 9 2 9 9 2 1 2 2 2 9 2 2 2 2 1 2 1 2 2 2 2 2 2 2
left_child=1 3 6 17 5 10 -2 8 -4 -9 -5 -3 25 23 -12 -16 -17 18 19 20 -1 -15 26 -10 -25 -8 -6 -23 -29 -13
right_child=2 11 7 4 22 -7 12 9 13 -11 14 29 -14 21 15 16 -18 -19 -20 -21 -22 27 -24 24 -26 -27 -28 28 -30 -31
leaf_value=0.027907027634114498 0.049085253170476503 0.05381462009270771 -0.0066912364225742236 0.051206420160100782 0.044061244802066538 0.017950729772967213 0.023772918373796418 0.045751529715412659 0.016273524422581714 -0.029598394481204163 0.056439099266810171 0.043470235884827083 -0.033199631924046548 0.058515368115677355 0.043648199107341405 0.027880127484047723 0.044903162647243179 0.049880667691930336 0.011943547035706586 0.051123682320385118 -0.014309628861117493 -0.028225830617243392 -0.022963730683508016 -0.035767699055472259 0.027464457047036185 0.01708767113152666 0.0098698626134928209 0.053621353549275955 -0.011011395846981622 0.050335286956539931
leaf_weight=102.59031389653683 51.357287585735321 789.09426411986351 108.92290218174458 265.05467945337296 22.866105258464813 121.54728338122368 1095.7750126942992 8.245969645678997 870.67110833525658 37.977700680494308 79.280593201518059 1071.1624525785446 10.929242752492426 4.6856174841523162 379.94325953722 416.10938173532486 180.96451964229345 25.111610524356365 212.47443257272243 33.836017109453678 16.119236446917057 31.134763166308403 13.818145565688608 19.325355991721153 14.1845615953207 765.28333865106106 63.873032405972481 7.5346423089504269 18.58420979231596 609.99691241979599
leaf_count=308 36 549 711 249 60 428 4364 41 4923 280 78 1356 111 19 778 1198 344 36 813 81 71 227 79 139 75 3569 254 37 127 653
internal_value=0.0321699 0.0421977 0.0176633 0.0341729 0.0375145 0.0392093 0.0217237 0.0106944 0.0118473 -0.016022 0.041161 0.0484763 0.0205966 0.013941 0.0386329 0.0371793 0.0330512 0.0209391 0.0189267 0.0286194 0.0221421 -0.0063662 0.0131506 0.015336 -0.00891054 0.0210266 0.0189583 -0.0118212 0.00765253 0.0459658
internal_weight=7448.45 4403.84 3044.61 1933.59 1543.46 1442.9 1923.34 1121.27 1075.04 46.2237 1321.35 2470.25 1871.99 966.12 1056.3 977.017 597.074 390.132 365.02 152.546 118.71 61.9392 100.557 904.181 33.5099 1861.06 86.7391 57.2536 26.1189 1681.16
internal_count=21994 7335 14659 4777 3468 3075 8080 6579 6258 321 2647 2558 8044 5547 2398 2320 1542 1309 1273 460 379 410 393 5137 214 7933 314 391 164 2009
cat_boundaries=0 1 2 3 4 5 6 7 8 9
cat_threshold=1 1 256 1 1 4 4 1 1
is_linear=0
shrinkage=0.03


Tree=21
num_leaves=31
num_cat=12
split_feature=18 8 7 10 17 9 17 0 1 0 20 19 17 10 17 15 1 0 0 17 8 1 3 9 9 1 17 9 10 10
split_gain=1136.36 278.694 150.53 57.5146 39.6155 58.84 55.1464 56.8405 53.2792 38.0336 37.7519 37.5789 33.3624 44.335 42.6983 67.6606 67.9441 41.4584 39.5798 38.6717 32.9897 43.8866 42.8141 40.2343 37.9434 44.7698 38.8354 37.6464 36.4656 35.8648
threshold=5087.6500000000005 0 1 7.5000000000000009 1.5150000000000003 2 1.4080000000000001 34.500000000000007 3 40.500000000000007 6.5000000000000009 1.0000000180025095e-35 4.0980000000000016 5.5000000000000009 4.964500000000001 93.89700000000002 4 39.500000000000007 29.500000000000004 4.9690000000000003 5 6 7 8 9 10 4.9605000000000006 11 7.5000000000000009 10.500000000000002
decision_type=2 9 1 2 2 1 2 2 9 2 2 2 2 2 2 2 9 2 2 2 9 9 9 1 1 9 2 1 2 2
left_child=11 4 3 12 5 6 -2 -8 -7 -9 -10 -1 13 -3 15 18 17 -17 -14 -16 22 28 27 -23 25 -24 -26 -4 -22 -28
right_child=1 2 20 -5 -6 8 7 9 10 -11 -12 -13 14 -15 19 16 -18 -19 -20 -21 21 23 24 -25 26 -27 29 -29 -30 -31
leaf_value=0.04411880112163951 0.052901589047599 0.028834306994224859 0.016047733913837375 -0.00095301874611361862 0.050376254747297143 -0.012112442493076433 0.046579324719664209 -0.021181015914984145 0.022782272860615526 0.024468440693801066 0.066605990189447559 0.051647987791603463 0.043957473376334329 -0.010912528461629411 0.031596584962704732 0.015526701537131874 0.028416340526180729 -0.021588054202875528 0.0066652225699864896 -0.019974916542463653 0.028148978504545889 0.018916540555069361 -0.002840773511740309 -0.0044708346732021381 0.0080848459413433021 0.032718820059415211 -0.030674385551523513 -0.018560008466272475 -0.020385280416630801 0.053826924878383156
leaf_weight=1709.2313484996557 227.93141415715218 1064.0802882164717 31.726072117686272 86.36795873939991 196.65267793834209 37.106230512261391 101.36139412224293 21.163735330104828 174.11161512136459 71.50993312895298 19.74477207660675 937.3613847643137 27.228829070925713 25.711713165044785 359.80681973695755 74.408553674817085 534.90341471135616 42.438107341527939 419.6994995251298 13.443627059459685 270.08788301050663 117.67470450699329 49.018096454441547 134.36914721876383 495.89827174693346 110.35418222844601 39.683710128068924 91.665453031659126 14.548421226441858 4.9853379502892485
leaf_count=2051 231 3350 181 473 188 177 147 90 469 184 20 680 90 165 1297 293 1995 244 2102 80 1246 585 317 789 2929 554 264 677 99 27
internal_value=0.0309715 0.0223525 0.0188767 0.0230913 0.0380729 0.0349387 0.0418779 0.0310495 0.0195756 0.0139996 0.0259551 0.0467884 0.0239031 0.0278929 0.0209454 0.0179571 0.0241245 0.00185556 0.00895327 0.0297262 0.0108058 0.0165973 0.00674211 0.00674499 0.00962853 0.0222466 0.00556317 -0.00909836 0.0247811 -0.0210773
internal_weight=7504.27 4857.68 4008.1 2648.09 849.582 652.929 421.966 194.035 230.963 92.6737 193.856 2646.59 2561.72 1089.79 1471.93 1098.68 651.75 116.847 446.928 373.25 1360.01 536.68 823.331 252.044 699.94 159.372 540.567 123.392 284.636 44.669
internal_count=21994 19263 17757 10089 1506 1318 652 421 666 274 489 2731 9616 3515 6101 4724 2532 537 2192 1377 7668 2719 4949 1374 4091 871 3220 858 1345 291
cat_boundaries=0 1 2 3 4 5 6 7 8 9 10 11 12
cat_threshold=289 1 28 2 1800 72 774 129 17 1 89 16
is_linear=0
shrinkage=0.03


Tree=22
num_leaves=31
num_cat=14
split_feature=18 8 7 10 13 13 0 1 8 1 1 10 10 0 0 16 4 0 20 14 4 1 6 10 6 20 14 13 14 20
split_gain=1083.69 263.03 138.282 52.9108 41.0342 32.2967 31.0117 48.1482 30.3768 39.9225 35.8108 34.7738 33.6361 34.8367 39.2338 31.4391 30.2262 29.4393 28.6796 26.0313 22.3514 34.3827 46.264 28.2549 26.4157 22.8245 23.5242 21.7547 26.8789 28.3179
threshold=5087.6500000000005 0 1 7.5000000000000009 2 3 35.500000000000007 4 5 6 7 4.5000000000000009 7.5000000000000009 31.500000000000004 30.500000000000004 -36.249999999999993 8 58.500000000000007 1.5000000000000002 1.2500000000000002 9 10 11 5.5000000000000009 12 6.5000000000000009 1.2500000000000002 13 -0.14999999999999999 1.5000000000000002
decision_type=2 9 1 2 1 1 2 9 9 9 9 2 2 2 2 2 9 2 2 2 9 9 1 2 1 2 2 1 2 2
left_child=4 5 3 6 -1 17 27 -8 10 12 -4 18 13 14 -10 -15 -7 -2 -12 -11 24 23 25 -22 -9 26 -23 -3 -29 -30
right_child=1 2 8 -5 -6 16 7 20 9 19 11 -13 -14 15 -16 -17 -18 -19 -20 -21 21 22 -24 -25 -26 -27 -28 28 29 -31
leaf_value=0.050713255742942449 0.016657112039040193 0.01555441058778941 0.01352344015393141 -0.00092499171428142134 0.042692244001811833 0.040978430119992644 -0.0059631396232013942 0.020906941817285883 0.030768350368782203 0.030878071183741404 -0.015610957188752569 -0.020607697163687901 -0.020047415593368187 0.018110561958738159 0.083194953370391719 0.066721178471533582 0.013984833067549655 0.059943253764081827 0.0072821115923084965 0.0029303020292674054 0.022818313194572754 -0.0026056455208006667 -0.030167397740172637 0.075531580300227705 0.033038697432578985 -0.037858737153653434 0.022999061018900611 0.03449136081429003 -0.012960634675385928 0.025409638733049623
leaf_weight=860.90468050539494 103.72060295939445 145.32536332309246 360.8063271343708 86.319163136184216 1790.6059876084328 694.28337959945202 63.926230140030384 823.55900243669748 42.960373356938362 34.748235121369362 57.151179775595665 58.75783197581768 14.354448303580282 200.46754402667284 18.579909071326256 12.716223031282423 39.95843705534935 16.404275387525558 350.10462255775928 218.28704400360584 124.88988588750362 49.31997487694025 28.824918836355209 9.8718133717775327 202.88433216512203 7.9299557358026496 92.271494686603546 373.12200872600079 17.620375595986843 652.14850644022226
leaf_count=605 310 542 2046 473 2126 1041 322 3200 184 130 411 409 99 985 47 30 139 16 2083 1244 502 234 168 26 714 48 382 982 88 2408
internal_value=0.0298485 0.0214885 0.0181359 0.0221466 0.0452995 0.0367193 0.0229162 0.0198845 0.0104192 0.0159443 0.00651973 0.000919022 0.0236738 0.0268371 0.0467547 0.0210541 0.0395156 0.0226382 0.00405906 0.00653271 0.0210083 0.0141163 0.0042988 0.0249082 0.0233108 0.0112663 0.0140636 0.0264927 0.0280124 0.0243939
internal_weight=7552.82 4901.31 4046.95 2678.01 2651.51 854.367 2591.69 1403.48 1368.93 542.114 826.82 466.014 289.078 274.724 61.5403 213.184 734.242 120.125 407.256 253.035 1339.55 313.108 178.346 134.762 1026.44 149.521 141.591 1188.22 1042.89 669.769
internal_count=21994 19263 17757 10089 2731 1506 9616 5596 7668 2719 4949 2903 1345 1246 231 1015 1180 326 2494 1374 5274 1360 832 528 3914 664 616 4020 3478 2496
cat_boundaries=0 1 2 3 4 5 6 7 8 9 10 11 12 13 14
cat_threshold=289 1 4 1 1032 72 774 1692 1 1 225 1 1 1
is_linear=0
shrinkage=0.03


Tree=23
num_leaves=31
num_cat=13
split_feature=18 8 7 10 13 9 1 19 0 8 3 1 9 9 9 1 17 10 10 0 0 16 17 0 1 17 17 0 10 0
split_gain=1036.62 247.838 127.133 48.7031 41.612 39.0136 43.9997 30.9541 30.1928 28.011 38.5065 36.4896 37.4602 36.1674 35.0796 40.7776 36.3089 33.9887 31.0892 31.0258 33.7194 28.071 35.9159 27.6185 42.0927 26.5808 25.4943 32.4146 27.0326 25.5155
threshold=5087.6500000000005 0 1 7.5000000000000009 2 3 4 1.0000000180025095e-35 38.500000000000007 5 6 7 8 9 10 11 4.9605000000000006 10.500000000000002 7.5000000000000009 31.500000000000004 30.500000000000004 -36.249999999999993 4.9605000000000006 35.500000000000007 12 4.2070000000000007 4.956500000000001 29.500000000000004 7.5000000000000009 25.500000000000004
decision_type=2 9 1 2 1 1 9 2 2 9 9 9 1 1 1 9 2 2 2 2 2 2 2 2 9 2 2 2 2 2
left_child=4 5 3 7 -1 -2 8 23 -7 10 13 18 -13 -4 15 -12 26 -18 19 20 -11 22 25 -3 -25 -21 27 29 -29 -16
right_child=1 2 9 -5 -6 6 -8 -9 -10 11 14 12 -14 -15 16 -17 17 -19 -20 21 -22 -23 -24 24 -26 -27 -28 28 -30 -31
leaf_value=0.049372638437049594 0.041297751429215129 0.024851430889839602 0.01568558243740735 -0.00089777312358777981 0.041292137469849076 -0.040140594192299227 0.028790665183755001 0.042009841980724758 0.012174402755614381 0.029306267403155031 -0.0029252368504021722 0.017938385780786568 -0.0045239321740702275 -0.01821428603597533 0.020715755961104549 0.030773982443105821 -0.030426385007450651 0.050751563057804108 -0.019712947386343049 -0.017971565306221796 0.077032244133663982 0.062587633101945289 -0.0021712409663994488 -0.0056671242049450964 0.019625727032905455 0.029335182228220194 0.04393149418929064 0.010083512685853583 -0.035124759115884217 -0.029695416007320806
leaf_weight=857.80018702149391 547.29931439459324 1166.7301627397537 31.972485058009624 86.271806471049786 1795.7012768238783 15.170073404908178 268.95717011392117 67.936629608273506 28.18607971072197 43.743209823966026 49.137068249285221 119.48023507744074 134.4895391240716 90.252326130867004 11.891796499490736 113.39940289407969 39.074574269354343 5.1500085666775695 14.164653874933718 11.486625351011751 19.458107158541679 13.149038091301916 59.495459049940109 63.470249004662037 1322.6941818147898 131.70408852398396 16.64251983910799 424.53656524419785 12.124013900756834 36.093771621584892
leaf_count=605 760 3969 181 473 2126 81 565 100 100 184 317 585 789 677 67 554 264 27 99 70 47 30 345 321 5226 570 66 2448 93 255
internal_value=0.0287801 0.0206602 0.0174272 0.0212464 0.0439072 0.0354002 0.024086 0.0219764 -0.00496825 0.0100448 0.00630135 0.0153224 0.00631404 -0.00880345 0.00900008 0.0209937 0.00510449 -0.0208123 0.0226454 0.025624 0.0441458 0.0201685 0.0173723 0.0214405 0.0185658 0.0255094 0.0075024 0.00623644 0.00881367 -0.017123
internal_weight=7597.66 4944.16 4084.55 2707.1 2653.5 859.613 312.313 2620.83 43.3562 1377.45 830.275 547.171 253.97 122.225 708.05 162.536 545.513 44.2246 293.201 279.037 63.2013 215.835 202.686 2552.89 1386.16 143.191 501.289 484.646 436.661 47.9856
internal_count=21994 19263 17757 10089 2731 1506 746 9616 181 7668 4949 2719 1374 858 4091 871 3220 291 1345 1246 231 1015 985 9516 5547 640 2929 2863 2541 322
cat_boundaries=0 1 2 3 4 5 6 7 8 9 10 11 12 13
cat_threshold=289 1 4 28 2 72 129 774 17 16 1 89 1032
is_linear=0
shrinkage=0.03


Tree=24
num_leaves=31
num_cat=14
split_feature=18 8 7 10 13 9 1 11 0 8 10 0 1 0 1 10 9 20 13 20 5 5 0 0 0 1 9 20 0 0
split_gain=992.474 234.568 116.994 44.9029 42.2098 36.6163 40.9973 29.154 28.9143 26.9014 44.1332 52.1152 29.2648 25.4151 26.1376 25.2418 25.0627 24.8943 29.5704 23.0609 27.1297 26.1214 45.4174 37.9699 36.0169 25.9628 31.9985 68.7958 39.6663 40.4933
threshold=5087.6500000000005 0 1 7.5000000000000009 2 3 4 26.000000000000004 38.500000000000007 5 1.5000000000000002 51.500000000000007 6 29.500000000000004 7 1.5000000000000002 8 6.5000000000000009 9 6.5000000000000009 10 11 35.500000000000007 29.500000000000004 37.500000000000007 12 13 5.5000000000000009 48.500000000000007 54.500000000000007
decision_type=2 9 1 2 1 1 9 2 2 9 2 2 9 2 9 2 1 2 1 2 1 1 2 2 2 9 1 2 2 2
left_child=4 5 3 7 -1 -2 8 -3 -7 12 -11 -12 -4 -9 -15 -10 -5 18 -8 21 -21 22 23 -14 -23 -24 -27 28 -28 -30
right_child=1 2 9 16 -6 6 17 13 15 10 11 -13 19 14 -16 -17 -18 -19 -20 20 -22 24 25 -25 -26 26 27 -29 29 -31
leaf_value=0.048122691095069628 0.039883196203683462 0.040470520893254612 0.026771107575466583 0.023388293605382582 0.039976479771607239 -0.039727282486944876 -0.00052541475571624304 0.027699589548949983 0.035965749309609003 0.043617176476476213 -0.026756536353337856 0.058198547225699337 0.0045558817494538882 -0.0039052076063842882 0.019751598528056986 -0.021081423544109273 -0.0095240056227282131 0.060797621978752381 0.030136517256061042 0.0088455656079227674 -0.035450873923909297 -0.0055829169087073909 -0.011561767502457623 0.029934096242509724 0.0098377024436805995 0.019581529994365441 -0.02154175973188608 0.031895418866105939 0.032124445826145064 -0.035844453746176057
leaf_weight=853.74088457226753 550.0241122096777 68.401447027921677 66.655404217541218 18.320408634841442 1799.1019927710295 14.873588368296621 32.303177163004875 385.85464148968458 16.348883375525478 57.499160841107368 21.321740612387661 9.2272188290953618 76.86726251989603 46.459031410515308 2147.7318278029561 11.974605783820151 67.90543806552887 20.340758562088013 218.08847405016422 25.255439296364784 24.217816948890686 235.07994539290667 58.911359556019306 173.67633096128702 323.71740058809519 134.69554458558559 91.997020870447159 45.974878676235676 29.656140998005867 10.608586914837359
leaf_count=605 760 100 308 77 2126 81 117 1189 42 148 134 27 431 229 8098 58 396 20 428 155 184 1428 369 848 1845 739 606 225 147 74
internal_value=0.0277763 0.0198842 0.0167595 0.0203994 0.0426009 0.0341889 0.0232706 0.021093 -0.00483729 0.00969225 0.025288 -0.000892069 0.00837017 0.0205766 0.0193214 0.0117525 -0.000871342 0.0277787 0.0261702 0.0071613 -0.0128054 0.00806177 0.0122904 0.0221649 0.00334521 0.00562485 0.00895583 0.000290447 -0.0106668 0.0140979
internal_weight=7636.83 4983.99 4120.03 2734.67 2652.84 863.954 313.929 2648.45 43.1971 1385.36 88.0481 30.549 1297.31 2580.05 2194.19 28.3235 86.2258 270.732 250.392 1230.66 49.4733 1181.18 622.387 250.544 558.797 371.844 312.932 178.237 132.262 40.2647
internal_count=21994 19263 17757 10089 2731 1506 746 9616 181 7668 309 161 7359 9516 8327 100 473 565 545 7051 339 6712 3439 1279 3273 2160 1791 1052 827 221
cat_boundaries=0 1 2 3 4 5 6 7 8 9 10 11 12 13 14
cat_threshold=289 1 4 28 2 88 4 8 1 1 4 1 1184 9
is_linear=0
shrinkage=0.03


Tree=25
num_leaves=31
num_cat=10
split_feature=18 8 15 13 17 9 17 11 13 17 3 9 0 0 21 20 0 7 20 0 4 0 17 21 0 1 17 17 1 21
split_gain=966.528 288.848 91.2561 52.4033 45.8216 54.7648 45.6484 38.0311 35.1561 44.8422 33.2177 78.5095 36.4365 35.3094 31.6001 30.4625 27.3139 26.9396 24.657 24.5159 31.1353 24.5049 31.3927 34.8418 23.2915 29.827 23.1986 26.4257 25.3737 31.0711
threshold=5087.6500000000005 0 93.956000000000017 1 1.5255000000000003 2 1.4080000000000001 26.000000000000004 3 1.2950000000000002 4 5 56.500000000000007 44.500000000000007 1.8688348091416842 5.5000000000000009 58.500000000000007 6 6.5000000000000009 32.500000000000007 7 37.500000000000007 4.9625000000000012 0.89587973461402759 29.500000000000004 8 1.2650000000000003 1.2555000000000003 9 0.89587973461402759
decision_type=2 9 2 1 2 1 2 2 1 2 9 1 2 2 2 2 2 1 2 2 9 2 2 2 2 9 2 2 9 2
left_child=3 4 7 -1 5 6 -2 -3 9 14 12 16 13 -11 -9 24 19 26 -4 20 -12 22 -21 -24 -7 -26 27 -10 -28 -30
right_child=1 2 18 -5 -6 15 -8 8 17 10 11 -13 -14 -15 -16 -17 -18 -19 -20 21 -22 -23 23 -25 25 -27 28 -29 29 -31
leaf_value=0.047268596055980043 0.047017508718501778 0.039377793624842033 0.0090970593506271135 0.03822070375251669 0.046829301324138303 0.038433071354752796 0.027842344860126444 0.029277193573104807 0.016125348947180179 0.02054327851142387 0.020675239213119121 -0.0063740184313493039 0.038250992271027129 0.0096254754582448809 -0.010674476805658469 0.029795509879532393 0.053831072442713616 -0.035785721318592374 -0.012544646174739748 -0.030559079931818882 0.067737073073665999 0.016846168640972201 -0.038774342406631308 0.035268102911321167 0.021539460880115963 -0.0071598384631470328 -0.0076667209107795257 0.066752813807542222 -0.0023831208771214517 0.024362821629504167
leaf_weight=864.07914751768112 239.44897079467773 73.913245067000389 1111.4134368300438 1774.8151083141565 209.4953486174345 20.070653557777405 212.90034079551697 411.53232505917549 41.952613458037376 1209.465291082859 52.194746166467667 178.23462066054344 85.765914522111416 343.83439570665359 18.463053032755852 106.3422235250473 18.530925080180168 12.063887894153593 49.291499353945255 24.871060252189636 16.824110269546509 203.8493325188756 7.7042556256055859 21.141099721193314 41.05450876057148 81.633935377001762 80.705289006233215 11.960659489035605 67.684771172702312 91.774813577532768
leaf_count=608 238 111 6283 2120 189 31 434 1041 130 4481 194 896 271 1574 134 217 44 88 345 134 40 882 42 70 103 341 384 13 312 348
internal_value=0.0264742 0.0187762 0.0152768 0.0411862 0.0341051 0.0307807 0.0371855 0.0181002 0.0175552 0.0186915 0.0169269 0.00965839 0.0190699 0.0181292 0.0275527 0.016955 0.0178926 0.00792025 0.00817442 0.016376 0.0322719 0.012094 -0.0058823 0.015323 0.00854171 0.00360002 0.00973494 0.0275154 0.00572123 0.0122305
internal_weight=7683.01 5044.12 4133.17 2638.89 910.946 701.451 452.349 2972.47 2898.55 2592.41 2162.42 523.35 1639.07 1553.3 429.995 249.101 345.116 306.142 1160.7 326.585 69.0189 257.566 53.7164 28.8454 142.759 122.688 294.078 53.9133 240.165 159.46
internal_count=22098 19370 17817 2728 1553 1364 672 11189 11078 9803 8628 2302 6326 6055 1175 692 1406 1275 6628 1362 234 1128 246 112 475 444 1187 143 1044 660
cat_boundaries=0 1 2 3 4 5 6 7 8 9 10
cat_threshold=289 4 28 2 78 26 1 1 1576 1185
is_linear=0
shrinkage=0.03


Tree=26
num_leaves=31
num_cat=6
split_feature=18 16 15 19 9 0 19 12 14 17 4 0 0 1 17 2 17 17 0 17 2 0 17 17 1 20 17 10 10 10
split_gain=927.186 223.25 97.3267 52.9534 42.6283 33.7979 32.8089 33.6413 34.005 66.4049 32.6822 58.7594 34.1348 31.8371 30.6831 28.5322 36.5502 27.3597 27.0227 25.4427 23.8715 37.9613 38.7859 31.5616 26.8251 23.6861 23.4404 22.4592 24.1561 28.2249
threshold=5087.6500000000005 -46.649999999999999 93.956000000000017 1.0000000180025095e-35 0 39.500000000000007 1.0000000180025095e-35 1.0000000180025095e-35 1.2500000000000002 4.2070000000000007 1 42.500000000000007 56.500000000000007 2 4.1720000000000015 3 1.2650000000000003 1.3305000000000002 35.500000000000007 1.4080000000000001 4 39.500000000000007 4.855500000000001 4.9615000000000009 5 6.5000000000000009 1.5345000000000002 4.5000000000000009 1.5000000000000002 2.5000000000000004
decision_type=2 2 2 2 1 2 2 2 2 2 9 2 2 9 2 9 2 2 2 2 9 2 2 2 9 2 2 2 2 2
left_child=3 4 5 -1 19 6 7 8 9 14 12 -12 -7 -6 -3 16 -9 -14 -17 -2 21 22 -4 -24 27 -13 -21 28 -22 -30
right_child=1 2 20 -5 13 10 -8 15 -10 -11 11 25 17 -15 -16 18 -18 -19 -20 26 24 -23 23 -25 -26 -27 -28 -29 29 -31
leaf_value=0.036856660368283119 0.045550494041971923 0.024411502314245489 -0.034754052217346801 0.045778613795150427 0.0056970851799960764 0.01483743394232526 0.043324724382566147 0.040223213762444761 0.017337506879738063 0.056815162551722122 -0.031909224840229344 0.012537425974161855 -0.0027629656611466197 0.027896851644507586 -0.019942194889176191 0.0098587288726975555 -0.013723154039494799 0.038860387286250672 0.044204652035341713 0.026849695578254978 0.0041445750588486891 -0.0068874565852806479 0.026317938388636376 -0.035921010134428562 -0.000815883497233367 -0.02418421871978723 0.044792825234848004 -0.0069375484268228167 0.025851010745754396 0.005944065595792399
leaf_weight=1696.1637035161257 239.74391180276871 656.67545694857836 10.481350645422934 937.27570904791355 108.90261659026146 787.417007625103 55.792031452059746 13.350565150380133 865.85704843699932 58.552801638841629 33.227718383073807 256.40753569453955 16.553727671504021 195.44607888162136 14.198317945003508 88.640381760895252 70.333645604550838 94.520971685647964 26.957218579947948 214.13260735571384 195.45379266142845 53.703293338418007 200.96112801134586 7.4864407107233992 366.69484276324511 16.703816719353199 96.242916524410248 62.356758520007133 163.38304972648621 106.3092767894268
leaf_count=2045 238 2097 82 683 380 3158 71 29 3215 43 187 1127 60 372 93 334 350 280 86 434 1129 323 973 50 2254 98 90 401 826 590
internal_value=0.0255896 0.0180949 0.0152626 0.0400349 0.0320824 0.0180783 0.0206287 0.019919 0.0213721 0.0261541 0.0141575 0.00567844 0.0170441 0.020401 0.0234655 0.00826743 -0.00504327 0.0326333 0.0179254 0.0374827 0.00788665 0.0156626 0.0212084 0.0240521 0.005511 0.0102725 0.0324359 0.00974492 0.0121983 0.0180202
internal_weight=7709.93 5076.49 4222.02 2633.44 854.468 3055.19 1850.36 1794.57 1595.28 729.427 1204.83 306.339 898.492 304.349 670.874 199.282 83.6842 111.075 115.598 550.119 1166.83 272.632 218.929 208.448 894.198 273.111 310.376 527.503 465.146 269.692
internal_count=22098 19370 17856 2728 1514 11228 6318 6247 5448 2233 4910 1412 3498 752 2190 799 379 340 420 762 6628 1428 1105 1023 5200 1225 524 2946 2545 1416
cat_boundaries=0 1 2 3 4 5 6
cat_threshold=28 1 1234 2 4 590
is_linear=0
shrinkage=0.03


Tree=27
num_leaves=31
num_cat=10
split_feature=18 8 15 11 17 9 17 11 17 17 0 2 20 0 10 2 10 6 12 9 20 2 2 0 17 17 1 3 17 0
split_gain=890.716 260.432 78.3101 53.069 43.2495 48.8866 41.7123 34.124 29.7259 28.6201 33.4995 37.5835 27.8091 27.4589 26.8021 26.1511 25.875 24.1398 23.5672 22.9927 22.9705 31.5404 25.963 33.0451 37.4642 29.8508 25.2426 23.9357 28.7993 21.7372
threshold=5087.6500000000005 0 93.956000000000017 16.500000000000004 1.5255000000000003 1 1.4080000000000001 11.500000000000002 1.2950000000000002 1.3200000000000003 36.500000000000007 2 5.5000000000000009 56.500000000000007 5.5000000000000009 3 14.500000000000002 4 1.0000000180025095e-35 5 6.5000000000000009 6 7 39.500000000000007 4.855500000000001 4.9615000000000009 8 9 4.9615000000000009 33.500000000000007
decision_type=2 9 2 2 2 1 2 2 2 2 2 9 2 2 2 9 2 1 2 1 2 9 9 2 2 2 9 9 2 2
left_child=3 4 7 -1 5 6 -2 -3 14 10 -10 -12 -7 16 18 -16 -11 -15 -9 -19 22 -22 23 24 -4 -26 27 28 -24 -8
right_child=1 2 20 -5 -6 12 29 8 9 13 11 -13 -14 17 15 -17 -18 19 -20 -21 21 -23 26 -25 25 -27 -28 -29 -30 -31
leaf_value=0.044794748430975466 0.044177090300155347 0.038119874170059562 -0.034557820995663353 0.035809929602319254 0.044347279321984324 0.0077530470326684668 0.037045465794920893 0.027270926296485889 0.012932083049633626 0.014926270831877085 0.035044717402704831 -0.032358717533654817 0.027970471702733587 0.056511197864308818 0.026850175418046088 -0.034896306014873806 -0.033079583123230859 -0.0025953209712242854 0.012855814770533975 0.029269856323126738 0.037366501673050771 -0.023994559900797796 -0.0089750167442348202 -0.0050928359756268072 0.02670404591220963 -0.035645002776830435 0.0097761043604233447 0.012134689884344485 0.032047556460020707 0.017655456079367589
leaf_weight=915.61640839278698 239.7831733673811 65.949169263243675 10.000601492822168 1710.4095960259438 208.96032345294952 143.69346152245998 91.29601688683033 418.86842995882034 76.957525633275509 2100.3736570477486 9.1312412098050117 37.924751348793507 107.47866430878639 23.126935712993145 10.798225194215775 14.080249607563019 10.024652995169161 31.833465874195099 136.52923935651779 84.542321510612965 9.1638290509581566 39.946352995932102 217.29705040901899 50.621090866625309 199.03496025502682 7.0354035794734946 540.97207166999578 82.106770984828472 16.453959338366985 123.95987606048584
leaf_count=669 238 95 80 2059 189 475 129 1041 301 8317 33 218 217 59 64 114 103 151 427 266 46 299 1383 301 932 48 2989 471 79 305
internal_value=0.0247454 0.0174439 0.0141611 0.0389454 0.0319729 0.0287541 0.0347842 0.0167505 0.0162712 0.0147783 0.000721826 -0.0191688 0.0157953 0.0155517 0.0223698 -0.00797563 0.0146953 0.0284659 0.0237357 0.0228231 0.00760947 -0.0124311 0.00848916 0.0166684 0.0217805 0.0245446 0.00593819 -0.000907258 -0.0058135 0.0259066
internal_weight=7733.97 5107.94 4192.77 2626.03 915.172 706.211 455.039 3020.14 2954.19 2373.91 124.014 47.056 251.172 2249.9 580.276 24.8785 2110.4 139.503 555.398 116.376 1172.63 49.1102 1123.52 266.692 216.071 206.07 856.83 315.858 233.751 215.256
internal_count=22098 19370 17817 2728 1553 1364 672 11189 11094 9448 552 251 692 8896 1646 178 8420 476 1468 417 6628 345 6283 1361 1060 980 4922 1933 1462 434
cat_boundaries=0 1 2 3 4 5 6 7 8 9 10
cat_threshold=289 28 1 2 4 12 1 4 1169 72
is_linear=0
shrinkage=0.03


Tree=28
num_leaves=31
num_cat=11
split_feature=18 16 15 13 9 0 13 14 17 17 4 0 6 0 2 17 0 3 17 3 17 21 2 17 9 15 20 17 2 17
split_gain=856.098 200.298 83.9344 54.0175 38.4235 31.2588 31.0338 40.0664 57.6798 30.7243 29.8623 54.915 32.3186 37.0195 28.4934 33.9985 25.7268 29.5562 27.149 26.2281 30.2576 25.4365 36.7971 25.0763 24.9241 24.3235 24.5006 23.9712 23.5775 23.2824
threshold=5087.6500000000005 -46.649999999999999 93.956000000000017 0 1 39.500000000000007 2 1.2500000000000002 4.2070000000000007 4.1720000000000015 3 42.500000000000007 4 56.500000000000007 5 1.2650000000000003 45.500000000000007 6 4.9655000000000014 7 4.9575000000000005 1.7005986908310777 8 1.3305000000000002 9 93.01900000000002 5.5000000000000009 1.2755000000000003 10 1.4080000000000001
decision_type=2 2 2 1 1 2 1 2 2 2 9 2 1 2 9 2 2 9 2 9 2 2 9 2 1 2 2 2 9 2
left_child=3 4 5 -1 29 6 14 8 9 21 12 -12 -7 16 15 -3 18 27 19 20 -14 -8 -23 -15 28 -6 -27 -18 -22 -2
right_child=1 2 -4 -5 25 10 7 -9 -10 -11 11 -13 13 23 -16 -17 17 -19 -20 -21 24 22 -24 -25 -26 26 -28 -29 -30 -31
leaf_value=0.044176421238209869 0.042887396521508969 0.037924101084116042 0.007350594687039534 0.0349225647599892 0.037021991449852021 0.049351220062574183 0.025692616059128592 0.016117868918808398 0.054135426445490513 -0.020120519297830462 -0.031653296289729266 0.0093161475122573653 0.017350855224224703 -0.0030504496982901599 0.017518402976209303 -0.01370665670712384 0.037751198123012759 -0.0037574872236270335 0.040562640887654704 0.022710998938701411 -0.0056192859448685939 0.025384947287957257 -0.022306978915595913 0.036766272903977888 -0.020169160197817955 0.0074989362509243727 0.02668442297575465 0.010049498857794411 0.056008785532851185 0.030353723036551511
leaf_weight=844.58511330187321 239.58943875133991 13.59897395968437 1178.0105608105659 1772.2545642703772 59.036663830280304 25.053956225514412 662.95885354280472 879.49661660939455 58.479762643575668 14.339750722050665 32.824353590607643 277.09000954031944 80.558237627148628 16.533521041274071 119.29590456932783 70.305058345198631 32.054276749491692 144.37699162214994 43.286789245903492 174.37323566526175 13.340207561850548 34.209492713212967 25.15723067522049 95.980688236653805 45.649292595684528 144.10284711420536 103.31511518359184 232.03547970205545 9.4005764573812485 311.99340385198593
leaf_count=608 238 29 6628 2120 66 70 1893 3215 43 94 187 1225 297 59 422 350 65 687 119 598 59 130 142 274 231 475 211 1014 25 524
internal_value=0.0239448 0.0168278 0.0141729 0.037912 0.0300595 0.0167638 0.0191983 0.020543 0.0254311 0.0231413 0.0130206 0.00495841 0.0157542 0.014797 0.00809705 -0.00526756 0.0124532 0.00726017 0.0182273 0.0152162 0.0045814 0.024007 0.00512105 0.0308912 -0.00975068 0.0190687 0.0155299 0.0129462 0.0138118 0.0351726
internal_weight=7753.29 5136.45 4278.41 2616.84 858.037 3100.4 1877.84 1674.64 795.145 736.665 1222.56 309.914 912.643 887.589 203.2 83.904 775.075 408.467 366.608 323.322 148.948 722.326 59.3667 112.514 68.3901 306.455 247.418 264.09 22.7408 551.583
internal_count=22098 19370 17856 2728 1514 11228 6318 5517 2302 2259 4910 1412 3498 3428 801 379 3095 1766 1329 1210 612 2165 272 333 315 752 686 1079 84 762
cat_boundaries=0 1 2 3 4 5 6 7 8 9 10 11
cat_threshold=4 28 1 1 2 2 71 98 2 16 2
is_linear=0
shrinkage=0.03


Tree=29
num_leaves=31
num_cat=7
split_feature=18 14 17 1 10 19 17 17 17 14 6 17 11 3 0 10 20 0 0 15 0 2 17 4 0 17 3 2 0 0
split_gain=824.061 183.362 84.2877 77.2658 72.162 54.2909 42.281 40.331 35.3866 47.5211 38.7663 35.7614 33.5051 33.4854 31.0962 30.6465 39.5841 29.934 37.6069 29.8828 50.1067 28.8464 37.4452 27.7082 28.6205 32.0702 31.4859 27.8621 26.7261 25.6667
threshold=5087.6500000000005 1.0000000180025095e-35 4.2070000000000007 0 5.5000000000000009 1.0000000180025095e-35 4.1365000000000007 4.8575000000000008 1.3490000000000004 -0.64999999999999991 1 4.1365000000000007 10.500000000000002 2 28.500000000000004 1.5000000000000002 4.5000000000000009 55.500000000000007 54.500000000000007 94.340000000000018 43.500000000000007 3 4.9585000000000008 4 37.500000000000007 1.3200000000000003 5 6 35.500000000000007 46.500000000000007
decision_type=2 2 2 9 2 2 2 2 2 2 1 2 2 9 2 2 2 2 2 2 2 9 2 9 2 2 9 9 2 2
left_child=5 2 3 4 8 -1 12 13 -2 -10 -11 -12 -5 14 -3 16 19 18 29 -9 21 -21 -23 27 25 -25 -26 -14 -24 -18
right_child=1 7 -4 6 -6 -7 -8 15 9 10 11 -13 23 -15 -16 -17 17 -19 -20 20 -22 22 28 24 26 -27 -28 -29 -30 -31
leaf_value=0.033730678469685818 0.020451131104809037 -0.034703964363321974 0.051142700261530255 0.04302451974933625 -0.016796560865934798 0.042835491821104431 -0.0086331480069585052 0.017816266576994661 0.035632473588750928 0.044186090683024058 0.020736891020732669 -0.010792811738963282 0.025707379675805348 -0.0069519595045266719 0.01303498683975079 0.014969699804048036 0.0038933156362883792 -0.036995863889331668 0.06275473243224132 0.039164739125840266 -0.03659677361201108 -0.037026606006688133 -0.017990460806605948 0.035048291599639375 0.014989373656875209 -0.010045941463631258 -0.021432206533966353 0.013642422446839218 0.037747586709580373 -0.021072360221736326
leaf_weight=1691.2186327278614 399.72088349610567 12.90679933875799 88.023513749241829 40.803539723157883 33.419294849038124 914.83046695590019 64.525200970470905 350.53677415847778 607.20741142332554 43.345282107591629 120.15755693614483 44.092414721846581 248.87035343050957 186.43263337016106 212.74371033161879 1545.8884538784623 292.02280868589878 18.22093889862299 8.9359605982899648 23.513370633125305 25.91950398683548 17.064292550086975 12.004113897681234 37.544729724526405 25.993767485022545 22.589092344045639 49.248108588159084 568.87765789031982 21.20210799574852 42.338076293468475
leaf_count=2045 1134 103 73 52 177 683 380 1428 847 140 456 268 649 1317 1231 6530 1259 117 29 92 172 108 70 100 97 103 260 1831 94 253
internal_value=0.0231759 0.016234 0.0223152 0.0212115 0.0263847 0.0369295 0.014719 0.0109752 0.0277939 0.0313895 0.0189532 0.0122532 0.0163869 0.0023066 0.00984103 0.0124889 0.00775965 0.000357577 0.00235909 0.013695 -0.000767602 0.0118107 -0.000976582 0.0152389 0.00263894 0.0180704 -0.0096618 0.0173206 0.0175146 0.00071774
internal_weight=7770.2 5164.15 2394.42 2306.4 1247.94 2606.05 1058.45 2769.73 1214.52 814.803 207.595 164.25 993.927 412.083 225.651 2357.65 811.758 361.518 343.297 450.24 99.7034 73.7839 50.2705 953.124 135.376 60.1338 75.2419 817.748 33.2062 334.361
internal_count=22098 19370 6567 6494 3022 2728 3472 12803 2845 1711 864 724 3092 2651 1334 10152 3622 1658 1541 1964 536 364 272 3040 560 203 357 2480 164 1512
cat_boundaries=0 1 2 3 4 5 6 7
cat_threshold=1833 4 100 4 1 66 4
is_linear=0
shrinkage=0.03


Tree=30
num_leaves=31
num_cat=9
split_feature=18 8 16 7 13 9 8 0 9 10 11 9 20 0 10 0 0 0 10 0 14 0 0 15 6 0 10 9 20 0
split_gain=762.896 187.283 68.1916 46.5474 44.7663 42.6136 47.553 42.4847 39.5394 40.6284 38.0382 33.0305 46.1073 44.4839 31.9907 30.0758 28.2117 27.419 23.5988 33.8492 23.5503 23.6483 25.5359 22.4669 22.3013 20.9561 21.252 28.2148 35.2011 22.3652
threshold=5087.6500000000005 0 -42.349999999999994 1 2 3 4 33.500000000000007 5 10.500000000000002 10.500000000000002 6 5.5000000000000009 43.500000000000007 6.5000000000000009 28.500000000000004 32.500000000000007 53.500000000000007 1.5000000000000002 49.500000000000007 1.2500000000000002 36.500000000000007 34.500000000000007 92.290000000000006 7 31.500000000000004 1.5000000000000002 8 6.5000000000000009 43.500000000000007
decision_type=2 9 2 1 1 1 9 2 1 2 2 1 2 2 2 2 2 2 2 2 2 2 2 2 1 2 2 1 2 2
left_child=4 5 3 7 -1 -2 15 16 -5 -10 -9 12 -4 20 -12 -7 -3 -17 19 -15 -14 22 -22 -6 -18 -13 27 -27 -29 -28
right_child=1 2 11 8 23 6 -8 10 9 -11 14 25 13 18 -16 17 24 -19 -20 -21 21 -23 -24 -25 -26 26 29 28 -30 -31
leaf_value=0.041790382326932073 0.033816776716579254 0.021646149831279122 -0.0058385326980922615 0.017577415279293393 0.02468390186529278 0.035045008610475277 0.036897668522902306 0.043612690555731748 -0.018298924033879973 0.055171888720839959 0.014805029887551406 0.017898272799131601 -0.020025176874405137 0.044640766484208887 -0.011568950060532279 0.00044026909151146591 0.043290599602936235 0.029870353789163317 0.05096868909797421 -0.03532524237932097 0.0075994970999546567 -0.015738891205979634 0.052811682985450026 0.034587912705879943 0.0070224133736050626 0.023745738050596626 0.0024800686994217369 0.011048966416284898 -0.035867220063672489 0.011987641733953577
leaf_weight=808.18201100826263 585.35831110179424 645.13560504466295 257.95714794844389 67.399083279073238 242.68943351507187 36.947913095355034 82.034923136234283 39.74712361395359 82.218115471303463 7.2684962153434745 972.98601903021336 370.89551029354334 28.59486897289753 10.728927142918112 43.03132164478302 164.32118721306324 99.311570882797241 34.424638077616692 35.686388909816742 8.3826061412692052 33.140159800648689 19.394075617194176 17.104504555463791 1517.1557722389698 18.316928684711456 191.15001903474331 477.07086729258299 453.05945361405611 14.741855494678019 419.22210549563169
leaf_count=607 786 1897 1441 280 352 51 76 42 478 29 3367 1588 195 40 252 555 229 69 133 61 133 97 50 1752 65 770 2438 2131 108 2040
internal_value=0.0225377 0.0159459 0.0132364 0.0173725 0.0359235 0.028417 0.0177244 0.0187252 0.00167171 -0.0110135 0.0148176 0.00979517 0.00184722 0.0149383 0.013684 0.00979682 0.0241272 0.00556538 0.0365724 0.00940901 0.00281463 0.0122513 0.0231247 0.0332253 0.0376792 0.0114204 0.00994605 0.0140405 0.00935676 0.00693122
internal_weight=7783.66 5215.63 4312.54 1975.41 2568.03 903.087 317.729 1818.53 156.886 89.4866 1055.76 2337.13 410.989 153.032 1016.02 235.694 762.764 198.746 54.7979 19.1115 98.2336 69.6387 50.2447 1759.85 117.628 1926.14 1555.24 658.951 467.801 896.293
internal_count=22112 19401 17864 6639 2711 1537 751 5852 787 507 3661 11225 2150 709 3619 675 2191 624 234 101 475 280 183 2104 294 9075 7487 3009 2239 4478
cat_boundaries=0 1 2 3 4 5 6 7 8 9
cat_threshold=289 1 4 28 1 3 2 1 16
is_linear=0
shrinkage=0.03


Tree=31
num_leaves=31
num_cat=14
split_feature=18 8 17 17 17 1 13 3 1 10 2 0 1 4 4 0 1 15 17 0 0 17 8 13 13 17 10 17 15 2
split_gain=735.285 178.919 62.7504 52.6758 48.1146 46.4746 45.3311 42.451 36.6522 36.9299 40.9431 34.4267 33.9588 32.6385 31.3269 40.3382 33.2435 31.0225 30.5715 29.7978 72.5484 40.4242 24.9092 23.3487 22.4948 25.7786 35.4457 33.3496 22.0299 32.5325
threshold=5087.6500000000005 0 1.2755000000000003 1.5150000000000003 1.3960000000000001 1 2 3 4 3.5000000000000004 5 31.500000000000004 6 7 8 27.500000000000004 9 93.89700000000002 4.9655000000000014 48.500000000000007 56.500000000000007 4.8575000000000008 10 11 12 4.862000000000001 3.5000000000000004 1.2950000000000002 93.956000000000017 13
decision_type=2 9 2 2 2 9 1 9 9 2 9 2 9 9 9 2 9 2 2 2 2 2 9 1 1 2 2 2 2 9
left_child=6 3 -3 4 -2 -6 -1 12 9 10 -9 -12 28 -7 19 -16 22 18 -10 24 -21 -22 -17 -15 -14 26 27 -26 -4 -30
right_child=1 2 7 -5 5 13 -8 8 17 -11 11 -13 14 23 15 16 -18 -19 -20 20 21 -23 -24 -25 25 -27 -28 -29 29 -31
leaf_value=0.040969555222873634 0.037186763239063989 0.023607871168025679 0.019756371096354561 0.04100485487019432 0.027773892859291389 0.013070303965115658 0.032317627736030627 -0.037115435027877522 0.0056288245765963038 0.042954220529191192 -0.037449379312035375 0.02231345173732599 0.044232910881729696 -0.040254727842461854 0.053979626341252716 -0.010488894538793859 -0.027631024968849949 -0.0021769874992373663 0.028811998129697793 -0.01031414175449135 0.054316073607114788 -0.0021119409757356113 0.0097122157414075323 0.011893067704116949 0.032104708760236286 0.017352353503218496 -0.013224450367017939 0.0079107793492394565 -0.020062424262427062 0.013655649794976493
leaf_weight=799.77197009325027 180.74638725817204 435.08575162291527 924.625643260777 211.91595739126205 262.02673406898975 216.44577465951443 1755.0740250945091 14.017858169972897 287.77807845920324 44.06949009001255 9.3743484765291196 99.922189563512802 21.614646390080452 19.154880598187447 12.113840050995348 75.914125695824623 28.211973898112774 441.85584980249405 62.353764295578003 135.61939805746078 29.490162916481495 18.439109608530998 144.19251971691847 12.726861655712129 59.364935129880905 633.50387851148844 60.721020705997944 379.58160155266523 27.404247380793095 392.71612952649593
leaf_count=607 184 1081 3234 192 445 567 2104 91 1199 153 59 435 22 103 39 386 180 2409 208 710 68 87 684 46 144 2427 332 1764 172 1980
internal_value=0.0218319 0.0153977 0.0127652 0.0275907 0.023867 0.0191374 0.0350287 0.0115879 0.00588775 0.0182964 0.0109148 0.0171306 0.0133789 0.00854309 0.0102132 0.000744739 -0.00186085 0.00306413 0.00977305 0.0121296 0.00088342 0.0325857 0.00257738 -0.019372 0.0139143 0.0133294 0.00822054 0.0111963 0.0170363 0.0114448
internal_weight=7795.83 5240.99 4337.97 903.017 691.101 510.354 2554.85 3902.88 959.372 167.384 123.314 109.297 2943.51 248.328 1598.77 260.432 248.319 791.988 350.132 1338.33 183.549 47.9293 220.107 31.8817 1154.79 1133.17 499.668 438.947 1344.75 420.12
internal_count=22112 19401 17864 1537 1345 1161 2711 16783 4554 738 585 494 12229 716 6843 1289 1250 3816 1407 5554 865 155 1070 149 4689 4667 2240 1908 5386 2152
cat_boundaries=0 1 2 3 4 5 6 7 8 9 10 11 12 13 14
cat_threshold=289 1385 4 78 161 1 870 1 1 145 18 2 4 1
is_linear=0
shrinkage=0.03


Tree=32
num_leaves=31
num_cat=9
split_feature=18 8 16 17 9 17 0 11 17 7 0 9 21 9 0 11 4 0 21 2 20 17 21 2 20 17 17 17 1 17
split_gain=709.433 171.063 59.6809 50.6153 65.2674 47.7771 56.856 45.0792 44.6615 42.5136 38.0193 36.8451 37.3041 36.7086 36.4293 35.5665 34.2923 31.7998 37.4308 51.8723 44.4317 30.6963 29.4637 28.5651 28.267 27.1059 31.2197 28.5645 27.6333 43.6994
threshold=5087.6500000000005 0 -42.349999999999994 1.5150000000000003 1 1.4080000000000001 33.500000000000007 16.500000000000004 4.964500000000001 2 33.500000000000007 3 2.4414009612931857 4 31.500000000000004 10.500000000000002 5 37.500000000000007 0.89587973461402759 6 3.5000000000000004 4.9690000000000003 2.0126758453675748 7 6.5000000000000009 1.2650000000000003 1.3305000000000002 1.2555000000000003 8 4.9585000000000008
decision_type=2 9 2 2 1 2 2 2 2 1 2 1 2 1 2 2 9 2 2 9 2 2 2 9 2 2 2 2 9 2
left_child=7 3 9 4 5 -2 -7 -1 13 10 -3 -11 -13 17 23 -12 -8 -4 -19 -20 -21 -10 25 -15 -6 27 -27 -17 29 -28
right_child=1 2 8 -5 24 6 16 -9 21 11 15 12 -14 14 -16 22 -18 18 19 20 -22 -23 -24 -25 -26 26 28 -29 -30 -31
leaf_value=0.039862127868131779 0.039524935164893228 0.022500036693779233 -0.014511182198293166 0.039987763963740479 0.006107027584312523 0.03563076858724646 0.010804773902119679 0.031342315771341354 0.019580652326256942 0.016435781050108875 0.041600840599305022 -0.018205284177904679 0.050864887652740796 -0.022445886216653232 0.0067025268933104953 0.017265480594536906 -0.041745938315460036 -0.011700588326409888 -0.036037610324674813 -0.0038772935292700861 0.037848087349834122 -0.023554772204038135 -0.01157030744958599 0.019629535804706343 0.042850086843451263 0.0030113525073182713 0.029738312751092871 0.047553421294307965 0.018287177436934188 -0.013084323824150638
leaf_weight=843.09404154121876 240.78478828072548 774.60504245758057 119.78045303374529 210.80605565011501 216.21609163284302 105.60157451033592 95.594315364956856 1697.4552559554577 403.47289018332958 68.553167462348938 39.750151246786118 81.943857848644257 7.5830976217985144 15.055304512381554 1295.3063986897469 96.637710385024548 12.541711464524267 72.150677897036076 15.008844949305058 34.824645102024078 66.574619360268116 15.271103620529173 43.034320324659348 324.60361915081739 20.599584251642227 258.231574639678 30.99868443608284 39.84130097925663 490.27156957983971 69.000282734632492
leaf_count=659 239 2191 707 192 649 138 231 2052 1427 280 42 478 29 89 6495 252 62 452 105 208 296 82 252 1364 26 945 91 56 1689 334
internal_value=0.0211517 0.0148672 0.0123089 0.0267988 0.0231553 0.0296938 0.0199799 0.0341723 0.00910437 0.0161521 0.0174332 0.00120049 -0.0110395 0.00718622 0.0089456 0.0137529 0.00464924 -0.002347 0.0052435 0.0157724 0.0234986 0.0179951 0.0126693 0.0177497 0.00895458 0.0137324 0.0117275 0.0261575 0.0155344 0.000160691
internal_weight=7805.19 5264.64 4362.5 902.144 691.338 454.522 213.738 2540.55 2362.05 2000.45 1842.37 158.08 89.527 1943.3 1634.97 1067.77 108.136 308.339 188.559 116.408 101.399 418.744 1028.02 339.659 236.816 984.981 848.502 136.479 590.271 99.999
internal_count=22112 19401 17864 1537 1345 670 431 2711 11225 6639 5852 787 507 9716 7948 3661 293 1768 1061 609 504 1509 3619 1453 675 3367 3059 308 2114 425
cat_boundaries=0 1 2 3 4 5 6 7 8 9
cat_threshold=289 28 1 3 2 1 1 1 1544
is_linear=0
shrinkage=0.03


Tree=33
num_leaves=31
num_cat=13
split_feature=18 8 17 17 9 13 17 4 9 10 1 1 20 2 17 15 5 8 10 10 9 4 20 20 10 2 11 17 10 10
split_gain=684.269 163.537 55.514 48.6618 61.9705 46.5367 45.659 43.2288 35.6965 32.0237 32.2443 30.7743 26.4943 26.0189 31.8754 21.625 20.3714 19.9644 18.8572 18.7192 19.4333 19.3132 19.2883 17.9504 24.6069 18.7888 17.8848 17.1204 19.323 17.1121
threshold=5087.6500000000005 0 1.2755000000000003 1.5150000000000003 1 2 1.4080000000000001 3 4 1.5000000000000002 5 6 6.5000000000000009 7 4.9625000000000012 92.290000000000006 8 9 1.5000000000000002 5.5000000000000009 10 11 3.5000000000000004 4.5000000000000009 2.5000000000000004 12 10.500000000000002 4.1365000000000007 2.5000000000000004 3.5000000000000004
decision_type=2 9 2 2 1 1 2 9 1 2 9 9 2 9 2 2 1 9 2 2 1 9 2 2 2 9 2 2 2 2
left_child=5 3 18 4 6 -1 -2 -8 9 -4 13 17 -6 14 -11 -7 -12 27 -3 20 -19 22 -22 -18 25 -25 -13 28 -10 -23
right_child=1 2 8 -5 12 15 7 -9 11 10 16 26 -14 -15 -16 -17 23 19 -20 -21 21 29 -24 24 -26 -27 -28 -29 -30 -31
leaf_value=0.039451792922032686 0.038501403860058021 0.028774421157465407 0.022220688947916584 0.039021952913351941 0.0059134329385006077 0.022205237553234242 0.023183956043519038 -0.02833608473053735 0.036110748141007606 -0.01693632253655411 -0.037451440068277171 0.033755719656162801 0.041430241593413672 0.070264021098204898 0.060996509272854361 0.031955235826991363 0.0038554004103670929 -0.019768032668902959 0.016251722504802196 -0.03710967762272082 0.031183604814765717 -0.028421867978942826 0.0014970810922733903 0.015057646189535114 0.024287988342313042 -0.0138623550254176 0.0099498499502923832 0.0025763702774053349 -0.012617616341968325 0.022834399375564567
leaf_weight=781.96353740990162 239.78785556554794 202.24575963616371 427.78210625052452 209.56405858695507 216.59320352971554 240.85077539086342 198.08031713962555 15.693726867437361 32.565232872962952 9.9434380903840083 8.4520367607474327 28.740718767046928 20.668690025806427 18.252273820340633 8.7708214670419675 1502.4282699674368 253.49445901066065 37.272775717079639 237.94984377920628 15.963819332420824 26.146107524633408 26.457668654620647 79.971458241343498 49.0191919952631 123.42211116105318 34.200817599892616 2640.655843578279 107.10025507956743 9.2795711085200292 7.3765354678034774
leaf_count=607 239 414 1535 192 649 352 361 70 102 51 53 41 26 39 18 1752 1125 232 667 107 115 170 369 195 457 161 11450 478 52 33
internal_value=0.0205043 0.0143652 0.0118789 0.026047 0.0224785 0.0333514 0.0288639 0.0193762 0.0107764 0.016001 0.0110454 0.00907249 0.00867091 0.0352797 0.0195591 0.0306113 0.0081925 0.000451523 0.0220173 -0.00578176 -0.00324964 0.00238068 0.0088622 0.00922339 0.0157889 0.00313405 0.0101704 0.00840897 0.0252288 -0.0171242
internal_weight=7810.69 5285.45 4385.06 900.388 690.824 2525.24 453.562 213.774 3944.87 933.337 505.555 3011.53 237.262 36.9665 18.7143 1743.28 468.589 342.133 440.196 193.188 177.225 139.952 106.118 460.137 206.642 83.22 2669.4 148.945 41.8448 33.8342
internal_count=22112 19401 17864 1537 1345 2711 670 431 16783 3634 2099 13149 675 108 69 2104 1991 1658 1081 1026 919 687 484 1938 813 356 11491 632 154 203
cat_boundaries=0 1 2 3 4 5 6 7 8 9 10 11 12 13
cat_threshold=289 28 4 1 16 1088 1048 2 2 136 1 1 2
is_linear=0
shrinkage=0.03


Tree=34
num_leaves=31
num_cat=10
split_feature=18 8 16 13 17 9 17 0 17 7 0 9 10 9 0 10 4 0 10 2 20 17 0 1 10 2 16 17 0 14
split_gain=660.935 156.508 54.1857 47.0302 46.8873 58.8128 43.8191 53.1137 41.1938 38.7375 34.7846 34.6481 34.4605 33.7916 33.1722 31.2997 31.0177 30.0018 34.7889 48.4463 40.265 28.4958 27.1279 29.0613 26.8087 26.4312 25.7014 25.428 25.0888 24.7267
threshold=5087.6500000000005 0 -42.349999999999994 1 1.5150000000000003 2 1.4080000000000001 33.500000000000007 4.964500000000001 3 33.500000000000007 4 10.500000000000002 5 31.500000000000004 6.5000000000000009 6 37.500000000000007 1.5000000000000002 7 3.5000000000000004 4.9690000000000003 28.500000000000004 8 10.500000000000002 9 -36.949999999999996 4.862000000000001 32.500000000000007 1.2500000000000002
decision_type=2 9 2 1 2 1 2 2 2 1 2 1 2 1 2 2 9 2 2 9 2 2 2 9 2 9 2 2 2 2
left_child=3 4 9 -1 5 6 -2 -8 13 10 28 -11 -13 17 25 -12 -9 24 -19 -20 -21 -10 -7 -24 29 -15 -22 -27 -3 -4
right_child=1 2 8 -5 -6 22 7 16 21 11 15 12 -14 14 -16 -17 -18 18 19 20 26 -23 23 -25 -26 27 -28 -29 -30 -31
leaf_value=0.038740660853082913 0.037527728365369564 0.018813035309643723 -0.032033515247622012 0.029812132034136969 0.038102792657630488 0.032328329878803283 0.033905622876327396 0.0097233831447492529 0.01840007772767837 0.015541809166294961 0.013858268933194898 -0.018067991857053056 0.04724843353091273 -0.022238912654250004 0.0061225541215443611 -0.012038558555597581 -0.040914118281451452 -0.01163224774506271 -0.035855460032660123 -0.0040479648793794766 0.012586339412242693 -0.023308332608465022 0.020699272516055432 -0.0031859184901281011 0.053246777198673413 0.010224718276579925 0.05035453047402029 0.026930442227138141 0.033685964362619211 -0.004051677596053945
leaf_weight=772.57207322120667 238.64869694411755 662.85654090344906 54.381069727241993 1736.4210597127676 208.20376689732075 37.007966965436935 105.63525120913982 96.181123808026314 409.279895208776 69.482579059898853 1034.3529298231006 81.57975896447897 7.8634606376290312 14.943349346518517 1308.0755252316594 43.583721131086349 12.163899794220923 72.005342654883862 14.735955357551575 34.962594836950302 27.218692496418953 15.148336142301558 56.24648243188858 144.42014706134796 4.9345994591712943 169.63820348680019 41.264587506651878 160.48484340310097 121.63874482363462 60.076581344008446
leaf_count=607 239 1897 382 2104 192 51 138 231 1427 280 3406 478 29 89 6495 255 62 452 105 208 136 82 132 492 20 781 160 583 294 305
internal_value=0.0198756 0.0138758 0.0114587 0.032564 0.0253198 0.0218217 0.0280556 0.0187753 0.00842071 0.0151011 0.0163143 0.000863565 -0.0110156 0.00658497 0.00825976 0.0128074 0.00397816 -0.00253333 0.0047723 0.0147939 0.0220656 0.0168992 0.00839745 0.00437341 -0.0144023 0.0165879 0.0354275 0.0183608 0.021127 -0.0173889
internal_weight=7816.01 5307.01 4408.51 2508.99 898.507 690.304 452.629 213.98 2387.15 2021.36 1862.43 158.926 89.4432 1962.72 1653.14 1077.94 108.345 309.579 190.187 118.182 103.446 424.428 237.675 200.667 119.392 345.066 68.4833 330.123 784.495 114.458
internal_count=22112 19401 17864 2711 1537 1345 670 431 11225 6639 5852 787 507 9716 7948 3661 293 1768 1061 609 504 1509 675 624 707 1453 296 1364 2191 687
cat_boundaries=0 1 2 3 4 5 6 7 8 9 10
cat_threshold=289 4 28 1 3 2 1 1 1448 1
is_linear=0
shrinkage=0.03


Tree=35
num_leaves=31
num_cat=14
split_feature=18 8 11 17 11 17 1 7 9 12 1 17 17 17 17 17 14 1 10 2 7 2 17 7 17 3 2 1 2 15
split_gain=678.84 155.04 43.3926 31.261 30.9333 30.9126 39.7389 26.4828 26.4257 24.5206 35.1501 27.1905 35.1668 27.1481 25.5879 39.0855 59.0963 32.8209 31.942 32.2474 28.303 31.1906 27.9037 27.1975 23.2686 35.0181 24.6156 22.9331 22.1848 20.4924
threshold=5087.6500000000005 0 16.500000000000004 1.5150000000000003 26.000000000000004 1.3960000000000001 1 2 3 1.0000000180025095e-35 4 4.0485000000000015 1.3200000000000003 1.2650000000000003 4.1365000000000007 4.2070000000000007 1.0000000180025095e-35 5 4.5000000000000009 6 7 8 4.8575000000000008 9 4.8645000000000005 10 11 12 13 93.837000000000018
decision_type=2 9 2 2 2 2 9 1 1 2 9 2 2 2 2 2 2 9 2 9 1 9 2 1 2 9 9 9 9 2
left_child=2 3 -1 5 -3 -2 -7 -4 -8 14 11 12 -11 -12 18 -16 -17 20 19 27 -18 -22 -19 -21 25 26 -24 -6 -20 -9
right_child=1 4 7 -5 9 6 8 29 -10 10 13 -13 -14 -15 15 16 17 22 28 23 21 -23 24 -25 -26 -27 -28 -29 -30 -31
leaf_value=0.037967200333023289 0.033491385315468622 0.030155408851250957 0.030959553175171788 0.035863456119629961 0.015579325446792587 0.027090674090892674 0.022760807606451487 0.026251473957780339 0.0024720759621168443 0.0081068309244497223 0.017311853919445324 -0.013034451444777138 0.049802552343448117 -0.0082556449261172657 -0.0087263453195542354 0.05053612961201167 0.018068751510154892 -0.0044426562181570546 -0.024846665966789916 0.024545659094790201 -0.008867271242363051 0.011566595422443572 0.017915489801792736 -0.013460297665939251 0.0067901592382300412 0.00066404178226785366 0.048907731420799877 0.00032219212671344964 0.008573405105494529 0.0058842541487075699
leaf_weight=838.63661824166775 166.74962721765041 75.652458712458611 1494.8435379564762 196.68726724386215 345.64747175574303 248.96401435136795 80.886011689901352 129.17459960281849 185.41748869419098 38.929053537547588 46.059742256999016 18.178501836955547 34.515897497534752 195.54262501746416 96.268473044037819 33.044012248516083 664.44345676898956 173.04239524155855 26.653259947896004 424.93067039549351 73.843225613236427 726.53979884088039 49.153955444693565 17.485773473978043 1075.519526720047 71.316061273217201 44.405571892857552 129.78909380733967 53.660296030342579 68.521924033761024
leaf_count=674 175 114 1702 190 1063 406 144 179 600 130 121 99 85 875 558 37 2304 1111 149 1087 455 3758 232 86 4366 375 161 476 223 153
internal_value=0.0195893 0.0134775 0.0323685 0.0250111 0.0110988 0.0222388 0.0185857 0.0295906 0.00925187 0.0107907 0.00295827 0.0177158 0.0277839 -0.00323019 0.0114414 0.0100566 0.010679 0.0102187 0.0156096 0.0171973 0.0133949 0.00967675 0.00678138 0.0230341 0.00840452 0.0189067 0.0295397 0.0117559 -0.00249735 0.0192139
internal_weight=7824.5 5293.33 2531.18 878.704 4414.62 682.017 515.268 1692.54 266.304 4338.97 333.226 91.6235 73.445 241.602 4005.74 3007.58 2911.31 2878.26 998.167 917.853 1464.83 800.383 1413.44 442.416 1240.4 164.876 93.5595 475.437 80.3136 197.697
internal_count=22088 19380 2708 1515 17865 1325 1150 2034 744 17751 1310 314 215 996 16441 13357 12799 12762 3084 2712 6517 4213 6245 1173 5134 768 393 1539 372 332
cat_boundaries=0 1 2 3 4 5 6 7 8 9 10 11 12 13 14
cat_threshold=289 361 1 24 836 246 2 1 1 1 41 2 579 4
is_linear=0
shrinkage=0.03


Tree=36
num_leaves=31
num_cat=16
split_feature=18 8 13 13 11 3 7 1 12 1 17 17 17 17 17 14 6 1 10 2 17 17 7 17 3 10 1 2 2 4
split_gain=655.843 148.404 44.5625 35.5736 29.236 24.2866 23.7666 23.4218 22.7987 32.8308 25.5226 25.2148 31.8535 23.9814 36.5569 55.1732 35.1331 30.3665 29.7675 29.8246 26.241 26.1046 25.3073 21.4304 31.978 21.9035 21.3965 21.0724 20.3205 20.0286
threshold=5087.6500000000005 0 1 2 26.000000000000004 3 4 5 1.0000000180025095e-35 6 1.2650000000000003 4.0485000000000015 1.3200000000000003 4.1365000000000007 4.2070000000000007 1.0000000180025095e-35 7 8 4.5000000000000009 9 4.8655000000000017 4.8575000000000008 10 4.8645000000000005 11 2.5000000000000004 12 13 14 15
decision_type=2 9 1 1 2 9 1 9 2 9 2 2 2 2 2 2 1 9 2 9 2 2 1 2 9 2 9 9 9 9
left_child=2 3 -1 5 -3 -2 -4 -7 13 11 -11 12 -10 18 16 -16 -15 20 19 26 -17 -19 -21 24 25 -23 -6 -20 -26 -5
right_child=1 4 6 29 8 7 -8 -9 9 10 -12 -13 -14 14 15 17 -18 21 27 22 -22 23 -24 -25 28 -27 -28 -29 -30 -31
leaf_value=0.037689470104288893 0.022415258282012761 0.029240423962344803 0.030253358766454796 0.028308415859119137 0.015040606796254781 0.011766391271317551 0.019279722810455327 -0.018863894822311447 0.007840564612991421 0.01670915294361585 -0.0080404860289342035 -0.01274171804591861 0.047280486544870978 0.025148863368617567 0.048681850163372398 0.0074557928559184083 -0.018304398071212216 -0.0043224955812967963 -0.024395334471525417 0.02362364647861661 0.015892068370317446 0.020448967351703807 -0.013151946525668704 0.0065641453956164298 0.021434275565093586 0.050795776828638402 0.00031318641791999334 0.0082840834216820584 -0.011594127667467705 0.006933655535444381
leaf_weight=765.6576521396637 57.213649958372116 75.681760221719742 1543.4058307260275 706.71629676222801 347.61798609793186 38.133725643157959 203.36466898024082 32.543842256069183 39.045143954455853 46.289512529969215 194.76659849286079 18.042640335857868 35.259887978434563 21.473760828375816 33.273700505495071 508.16808199137449 74.273719102144241 172.52791600674391 26.338628187775612 428.22230412065983 966.98026909679174 62.111791610717773 17.363086551427841 1079.1223293617368 26.699394792318344 33.254324316978455 129.80568689107895 53.868610188364983 44.645319275557995 42.266490563750267
leaf_count=611 119 114 1760 1037 1063 100 337 118 130 121 875 99 85 92 37 2809 466 1111 149 1087 3708 272 86 4366 117 121 476 223 258 141
internal_value=0.019006 0.0130311 0.0316359 0.0243305 0.0107168 0.00993788 0.0289787 -0.00289551 0.0104184 0.00286621 -0.00314025 0.0170583 0.0266347 0.011043 0.00970558 0.0103028 -0.00851155 0.0098588 0.0150681 0.0165917 0.0129012 0.00655465 0.0221813 0.0081162 0.0181347 0.0281553 0.0113651 -0.00242691 0.000646361 0.0271073
internal_weight=7824.13 5311.71 2512.43 876.874 4434.83 127.891 1746.77 70.6776 4359.15 333.404 241.056 92.3477 74.305 4025.75 3022.53 2926.78 95.7475 2893.51 1003.22 923.009 1475.15 1418.36 445.585 1245.83 166.711 95.3661 477.424 80.2072 71.3447 748.983
internal_count=22088 19380 2708 1515 17865 337 2097 218 17751 1310 996 314 215 16441 13357 12799 558 12762 3084 2712 6517 6245 1173 5134 768 393 1539 372 375 1178
cat_boundaries=0 1 2 3 4 5 6 7 8 9 10 11 12 13 14 15 16
cat_threshold=289 4 1 163 1 3 836 4 246 2 1 41 579 4 4 1
is_linear=0
shrinkage=0.03


Tree=37
num_leaves=31
num_cat=9
split_feature=18 8 0 11 1 9 17 17 17 1 17 12 20 1 0 7 17 2 0 0 10 17 20 10 9 7 17 17 0 17
split_gain=634.031 141.241 46.3678 44.379 43.3437 40.9023 36.8052 30.6282 30.4704 37.6289 29.7252 42.5168 30.3107 32.8659 54.373 29.1361 34.4868 28.0139 27.5745 34.4537 27.1836 42.3275 25.3179 28.4842 25.081 24.6677 24.4483 24.424 23.4182 22.2323
threshold=5087.6500000000005 0 35.500000000000007 16.500000000000004 1 2 1.2470000000000001 1.5150000000000003 1.3960000000000001 3 1.2885000000000002 1.0000000180025095e-35 1.5000000000000002 4 34.500000000000007 5 4.8595000000000015 6 26.500000000000004 27.500000000000004 1.5000000000000002 4.9605000000000006 4.5000000000000009 3.5000000000000004 7 8 4.8585000000000012 4.8565000000000014 34.500000000000007 4.8565000000000014
decision_type=2 9 2 2 9 1 2 2 2 9 2 2 2 9 2 1 2 9 2 2 2 2 2 2 1 1 2 2 2 2
left_child=3 7 5 -1 -4 10 -6 8 -2 -10 -3 12 -12 14 18 -7 -17 -13 -14 -20 -18 28 -21 26 -11 -5 -24 -16 -22 -8
right_child=1 2 4 25 6 15 29 -9 9 24 11 17 13 -15 27 16 20 -19 19 22 21 -23 23 -25 -26 -27 -28 -29 -30 -31
leaf_value=0.036676175978652747 0.032147132670989571 0.027818121285224092 0.012018729933585177 0.029454010723639776 -0.045306827285143569 0.011540520732483779 -0.0010355107108576485 0.034443480191421544 0.025537149289004236 0.021431550535305176 -0.011451534611050383 0.0083244138300842558 -0.029501775363215268 0.021762652606285834 0.078018039382843393 -0.021292858786671455 -0.014577425418515142 -0.033412742022489984 0.045629030651431812 -0.013725790506515149 0.018297938976325496 -0.025108384906303651 0.036510467837352262 -0.020452732280924021 0.0018029764888560294 0.018099751650467365 0.006356849859841667 0.025588852061803394 0.066109230632374408 0.0071523333448389251
leaf_weight=817.39467552304268 164.77306847274303 207.98596820235252 1131.058997258544 1478.4967471957207 13.361553035676478 563.69145567715168 438.69532787799835 194.05548532307148 249.46321497857571 81.153409615159035 32.579993449151516 33.936808079481125 21.247259646654129 615.33777438849211 11.452012255787848 58.041852071881294 38.877889111638069 24.998718768358231 18.188306033611298 59.551976531744003 63.755995355546474 18.574020192027092 35.635274171829224 23.128706358373165 186.58326150476933 197.27450093626976 76.166220799088478 27.551919251680374 10.805245973169802 929.47404579818249
leaf_count=674 175 456 4627 1702 65 1787 1930 190 406 144 166 117 110 2185 25 384 211 132 49 289 269 111 128 114 600 332 286 100 33 4291
internal_value=0.0184398 0.0125974 0.0103503 0.030928 0.00767967 0.0138577 0.0040085 0.0236291 0.0208893 0.0172914 0.0173521 0.0153018 0.016884 0.0179279 0.00816971 0.00800912 -0.00202838 -0.00935505 0.00297994 0.00625153 0.00642857 0.0152356 0.0025319 0.00973437 0.00832618 0.0281203 0.0160188 0.0412195 0.0253461 0.00452487
internal_weight=7823.29 5330.13 4454.1 2493.17 2512.59 1941.51 1381.53 876.028 681.973 517.2 1187.76 979.775 920.839 888.259 272.922 753.746 190.055 58.9355 233.918 212.67 132.013 93.1353 194.482 134.93 267.737 1675.77 111.801 39.0039 74.5612 1368.17
internal_count=22088 19380 17865 2708 10913 6952 6286 1515 1325 1150 4157 3701 3452 3286 1101 2795 1008 249 976 866 624 413 817 528 744 2034 414 125 302 6221
cat_boundaries=0 1 2 3 4 5 6 7 8 9
cat_threshold=289 117 25 361 261 1 4 24 1
is_linear=0
shrinkage=0.03


Tree=38
num_leaves=31
num_cat=11
split_feature=17 17 13 13 8 0 8 17 7 7 4 10 9 17 10 0 17 6 17 20 5 20 0 20 10 2 17 10 0 0
split_gain=551.454 119.386 76.9909 41.9057 40.5071 34.0211 31.1288 27.5654 25.0455 21.4087 21.1018 19.6366 19.1059 54.9932 28.2259 35.188 32.8618 37.2775 26.774 32.011 28.0138 25.2593 22.9833 22.548 21.2549 23.8515 18.6629 17.7957 17.3343 22.6292
threshold=1.2395000000000003 3.6160000000000005 0 1 2 35.500000000000007 3 1.3490000000000004 4 5 6 17.500000000000004 7 4.9655000000000014 6.5000000000000009 32.500000000000007 4.3145000000000016 8 4.9690000000000003 4.5000000000000009 9 4.5000000000000009 53.500000000000007 5.5000000000000009 5.5000000000000009 10 0.65350000000000008 3.5000000000000004 45.500000000000007 44.500000000000007
decision_type=2 2 1 1 9 2 9 2 1 1 9 2 1 2 2 2 2 1 2 2 1 2 2 2 2 9 2 2 2 2
left_child=3 2 8 -1 5 -4 -3 27 -2 -5 -6 12 -8 14 16 23 17 21 19 20 -15 -14 -20 -16 28 -26 -11 -7 29 -18
right_child=1 6 4 9 10 7 11 -9 -10 26 -12 -13 13 18 15 -17 24 -19 22 -21 -22 -23 -24 -25 25 -27 -28 -29 -30 -31
leaf_value=0.036684222455396563 0.0080819213901822326 0.03229082118713969 0.021016119652100006 0.029158430918216682 0.026854167462555246 0.0083965392205041199 0.010986443665968538 0.032113971231907727 -0.038735498931639224 0.041892304307361183 0.0058074925642395293 -0.022288570097522567 -0.014469503415035162 0.03004204030211604 -0.013693848357586658 -0.028424528774205381 0.0075697910702699385 -0.017791663645715453 -0.037958366030015615 0.04515754699408403 -0.040757025469708504 0.045904010762743731 0.037111206432803412 0.051067095300162249 -0.015124057696101142 0.039283741504491654 0.014363198136283806 -0.013160666875629704 -0.00030110993145200763 0.03236855439034958
leaf_weight=709.38787420094013 416.21647948771715 45.778583824634552 467.65423197299242 1293.9567486941814 904.88003069162369 278.59497818350792 2083.1910493969917 40.142835065722466 10.426712363958357 25.863085627555847 45.458557605743408 17.790649436414242 10.01622085273266 12.68911537528038 9.2477733343839645 47.470715016126633 661.24781034141779 96.212373748421669 9.332522436976431 62.326952889561653 8.1838165819644928 16.00759094953537 5.8874271959066382 9.8499360010027885 9.0406444817781448 34.292441755533218 160.57185861468315 39.140774928033352 255.71431645750999 34.872243866324425
leaf_count=577 1263 36 1143 1478 1286 854 8699 57 69 21 147 138 57 39 50 288 2881 604 54 148 41 54 21 27 42 114 289 187 1290 134
internal_value=0.0178947 0.0129261 0.0183778 0.0306702 0.0211278 0.0154965 0.00942325 0.00870442 0.00692191 0.0277841 0.0255821 0.00899 0.0091836 0.00611861 0.0043709 -0.0145806 0.00550381 -0.00915944 0.0277081 0.0344014 0.00207827 0.0225858 -0.00867121 0.0196434 0.00730865 0.0278548 0.0182187 0.00572824 0.00636729 0.00882087
internal_weight=7821.45 5631.67 2202.51 2189.78 1775.87 825.533 3429.15 357.879 426.643 1480.39 950.339 3383.37 3365.58 1282.39 1183.97 66.5684 1117.4 122.236 98.4198 83.1999 20.8729 26.0238 15.2199 19.0977 995.167 43.3331 186.435 317.736 951.834 696.12
internal_count=22088 19723 5006 2365 3674 2241 14717 1098 1332 1788 1433 14681 14543 5844 5541 365 5176 715 303 228 80 111 75 77 4461 156 310 1041 4305 3015
cat_boundaries=0 1 2 3 4 5 6 7 8 9 10 11
cat_threshold=1 4 64 256 1 1 1 21 4 4 4
is_linear=0
shrinkage=0.03


Tree=39
num_leaves=31
num_cat=12
split_feature=18 8 13 0 1 9 17 13 17 13 7 17 3 10 17 0 1 0 0 0 10 0 10 14 7 0 17 17 2 1
split_gain=593.647 128.865 45.9725 41.2592 40.1965 37.5786 34.791 31.3643 27.0242 53.4745 26.7172 32.4755 25.4682 25.3223 39.1845 25.2946 25.0551 52.2231 28.1884 30.0563 23.6166 26.5999 22.5736 22.2826 21.5617 20.6567 20.3161 39.6361 33.902 33.2638
threshold=5087.6500000000005 0 1 35.500000000000007 2 3 1.2470000000000001 4 1.2885000000000002 5 6 4.8595000000000015 7 1.5000000000000002 4.9605000000000006 59.500000000000007 8 34.500000000000007 26.500000000000004 27.500000000000004 4.5000000000000009 32.500000000000007 1.5000000000000002 1.0000000180025095e-35 9 34.500000000000007 4.8565000000000014 4.1365000000000007 10 11
decision_type=2 9 1 2 9 1 2 1 2 1 1 2 9 2 2 2 9 2 2 2 2 2 2 2 1 2 2 2 9 9
left_child=2 7 -1 5 -5 8 -6 15 -3 -10 -7 -12 22 -13 25 -2 17 18 -14 -20 21 -21 -11 -19 -4 -15 27 29 -28 -8
right_child=1 3 24 4 6 10 26 -9 9 12 11 13 16 14 -16 -17 -18 23 19 20 -22 -23 -24 -25 -26 -27 28 -29 -30 -31
leaf_value=0.035890480786309291 0.0036660888705292794 0.026189019717867044 0.028129075742092623 0.01129433580215386 -0.044693294926022281 0.010725543614631513 0.01884134620692459 0.024963147523351069 -0.016448196795507769 0.010833155836286074 -0.021068623228738544 -0.014471098999801995 -0.029586312561379578 0.017150812454949448 -0.024855416579154136 0.043214247284456123 0.020264825617506668 0.075970963715500786 0.04280755625846068 0.013938128144899017 -0.027921876535227319 -0.011375301145122264 -0.038697731617734259 0.026102905919586868 0.017648757330413448 0.061219733735509929 -0.0088010955608053918 -0.017188563838531856 0.0087186034030971686 -0.0019653083423279006
leaf_weight=734.73324348032475 111.69596046209335 210.14369830489159 1515.8433651030064 1141.8515498712659 13.1631962954998 568.14145220071077 85.470406800508499 743.99774926900864 48.198720462620258 17.733110904693604 57.515727072954178 38.766680687665939 21.292624518275261 64.764398314058781 18.382931850850582 16.685276165604591 629.16955596208572 11.109206259250639 18.655555903911591 127.06783765554428 19.809259109199047 52.695400185883045 15.278621308505533 30.754335463047028 202.61299508810043 11.2714496999979 112.7777783125639 105.91623310744762 824.83132610470057 248.16119930893183
leaf_count=611 322 456 1760 4627 65 1787 254 1178 232 74 384 211 111 269 111 15 2196 14 49 474 108 237 94 112 337 33 558 701 3733 975
internal_value=0.0173668 0.0117757 0.0295926 0.00965181 0.00714039 0.0129423 0.00361882 0.0223419 0.0162625 0.0143177 0.00736674 -0.00223843 0.0158941 0.00588053 0.0142748 0.00885901 0.0167279 0.00838099 0.003255 0.00648517 0.00305507 0.00649893 -0.00925337 0.0395572 0.0268962 0.0237948 0.00411227 -0.00120359 0.00660738 0.00386572
internal_weight=7818.49 5365.3 2453.19 4492.92 2532.17 1960.75 1390.32 872.379 1201.91 991.764 758.843 190.701 943.566 133.185 94.4188 128.381 910.554 281.384 239.521 218.228 199.572 179.763 33.0117 41.8635 1718.46 76.0358 1377.16 439.548 937.609 333.632
internal_count=22088 19380 2708 17865 10913 6952 6286 1515 4157 3701 2795 1008 3469 624 413 337 3301 1105 979 868 819 711 168 126 2097 302 6221 1930 4291 1229
cat_boundaries=0 1 2 3 4 5 6 7 8 9 10 11 12
cat_threshold=289 4 117 25 1 1 1 1 261 1 4 512
is_linear=0
shrinkage=0.03


Tree=40
num_leaves=31
num_cat=9
split_feature=18 8 19 11 0 1 17 17 0 17 3 10 10 8 0 17 1 0 17 10 1 17 17 1 0 17 20 1 17 4
split_gain=501.366 107.764 49.8372 41.1983 32.9697 27.284 35.8165 28.2221 27.5274 25.2086 24.8632 27.487 24.5335 21.6004 43.7781 38.5994 34.2594 33.0836 59.7421 26.5391 23.213 25.0146 20.8321 20.7225 30.4969 35.2457 21.212 19.1957 19.4074 25.4812
threshold=5087.6500000000005 0 1.0000000180025095e-35 10.500000000000002 33.500000000000007 1 1.4400000000000002 1.3960000000000001 27.500000000000004 0.71550000000000014 2 9.5000000000000018 13.500000000000002 3 30.500000000000004 4.9655000000000014 4 30.500000000000004 4.9655000000000014 9.5000000000000018 5 4.1720000000000015 4.1365000000000007 6 25.500000000000004 1.2885000000000002 6.5000000000000009 7 4.9615000000000009 8
decision_type=2 9 2 2 2 9 2 2 2 2 9 2 2 9 2 2 9 2 2 2 9 2 2 9 2 2 2 9 2 9
left_child=2 5 9 -3 12 6 7 -2 -9 -1 11 27 13 14 15 23 -16 20 -19 -18 22 -22 -15 24 -5 -26 -25 -6 -29 -30
right_child=1 3 -4 4 10 -7 -8 8 -10 -11 -12 -13 -14 17 16 -17 19 18 -20 -21 21 -23 -24 26 25 -27 -28 28 29 -31
leaf_value=0.032483945916156456 0.026647735658851843 0.032982330780778044 0.034856797812246453 0.02178396350084201 0.020961019092386513 0.02558514531260174 0.028698440677853168 0.038795601274039346 -0.0055222524951110928 0.023565947142641638 0.0058308134376597077 -0.019383713931286555 -0.034928202031805265 -0.02721454425172122 -0.0059952778242881467 -0.040044428288433277 0.023610674715522573 -0.010387772468839368 0.026852038334573693 0.072714750518593343 0.051642653444880796 0.016211377174965978 0.013167486400909605 0.014824356252940419 0.025961210188305373 -0.026818933977540541 -0.024880551218807587 0.0063445455411386001 0.020287581346351311 -0.0010030123460035105
leaf_weight=374.12437745928764 42.673629507422447 70.581254452466965 784.5114653557539 31.975322678685188 210.41767898947001 621.29488208889961 86.569278657436371 13.888536632061003 127.90990483760834 1250.4049147218466 1882.1400443837047 24.502286337316036 9.2605519443750364 16.678215399384499 38.600965037941933 13.10945153236389 472.86699812114239 153.59479745477438 51.743579864501953 10.1081186234951 31.500775091350079 42.60298129171133 36.413768023252487 559.28341894596815 14.825355321168898 47.518375992774963 12.235149852931498 473.43906822800636 250.02513200044632 63.07679072022438
leaf_count=385 51 95 676 110 782 889 135 17 447 1646 8273 145 72 80 164 71 1514 659 139 30 74 137 121 1885 30 242 60 2012 825 260
internal_value=0.0172484 0.0121768 0.0286329 0.0102146 0.00987474 0.0217447 0.0123279 0.0052858 -0.00113609 0.0256235 0.00798882 0.0117888 0.0134225 0.0137188 0.0155979 0.0106955 0.0222693 0.00626606 -0.000980541 0.0241593 0.018472 0.027638 0.000335217 0.0117049 -0.00177043 -0.0141983 0.0137248 0.012678 0.0100616 0.0159899
internal_weight=7817.88 5408.84 2409.04 4516.5 4445.92 892.336 271.041 184.472 141.798 1624.53 2903.6 1021.46 1542.32 1533.06 1200.52 678.947 521.576 332.534 205.338 482.975 127.196 74.1038 53.092 665.838 94.3191 62.3437 571.519 996.959 786.541 313.102
internal_count=22026 19319 2707 17780 17685 1539 650 515 464 2031 12297 4024 5388 5316 4106 2398 1708 1210 798 1544 412 211 201 2327 382 272 1945 3879 3097 1085
cat_boundaries=0 1 2 3 4 5 6 7 8 9
cat_threshold=289 150 66 88 88 706 136 262 1
is_linear=0
shrinkage=0.03


Tree=41
num_leaves=31
num_cat=19
split_feature=18 8 13 9 16 2 10 7 7 14 3 2 9 18 10 1 10 1 6 3 10 10 10 2 2 4 1 6 10 2
split_gain=485.749 103.269 50.1916 48.5997 35.9787 30.8947 29.7302 26.3815 24.328 25.492 21.8327 50.0768 21.2053 38.5394 33.7511 31.543 25.5179 23.8763 20.8398 19.5167 19.9726 18.2862 17.8951 16.9895 16.5157 16.3392 55.2107 27.1097 26.7728 15.9946
threshold=5087.6500000000005 0 1 2 -42.349999999999994 3 1.5000000000000002 4 5 -2.3499999999999996 6 7 8 5193.4000000000005 9.5000000000000018 9 7.5000000000000009 10 11 12 1.5000000000000002 2.5000000000000004 1.5000000000000002 13 14 15 16 17 4.5000000000000009 18
decision_type=2 9 1 1 2 9 2 1 1 2 9 9 1 2 2 9 2 9 1 9 2 2 2 9 9 9 9 1 2 9
left_child=2 3 -1 -2 7 6 -5 25 9 -4 24 -12 13 21 17 16 19 -15 -17 20 -14 -6 -21 -20 -9 -3 27 -27 -29 -10
right_child=1 4 8 5 12 -7 -8 10 29 -11 11 -13 15 14 -16 18 -18 -19 23 22 -22 -23 -24 -25 -26 26 -28 28 -30 -31
leaf_value=0.034754140866227468 0.026702499450060625 0.01506304427243162 0.023380372863257132 0.013996942885348954 0.006140409054145932 0.019944181085867811 -0.012605245182878104 0.0067066993309781104 0.0034088585129593771 0.031506919847731317 -0.032414105012872931 0.0072363072699259852 -0.01538711439636724 0.027767118518206877 -0.020781841050536948 -0.037490172025667165 -0.037121226295710137 0.011728460951740802 -0.013784492579055433 0.031754019139023613 0.011736585367194258 -0.0071044460862813496 0.012353588221592302 0.0023638505941384631 0.060424566009436562 0.017747610674091554 -0.016451128894108644 -0.021276540594338623 0.038446040115881576 0.021245302252030591
leaf_weight=704.4039743244648 567.52214261889458 1578.7308332324028 898.65267650783062 79.312809482216835 336.91824494302273 171.09149517118931 72.032801568508148 9.868098109960556 66.787485361099243 575.50801031291485 39.752628564834595 101.86115206778049 37.032562725245953 99.276616327464581 26.128079324960709 13.07815332710743 9.0949576869606954 942.62813162058592 65.520205311477184 73.147186376154423 71.178877346217632 129.74917530268431 105.35703562200069 549.55646931380033 11.070104636251926 233.46766971796751 61.648371256887913 32.179185390472412 8.4233978390693647 143.36008302867413
leaf_count=604 769 4627 1155 189 1828 325 256 46 140 591 242 467 193 342 152 83 58 3649 375 271 304 764 449 2712 30 733 289 141 25 217
internal_value=0.016741 0.0117767 0.0280144 0.0211581 0.00986652 0.0108757 0.00131588 0.0127975 0.025192 0.0265569 0.00117328 -0.00363161 0.00742902 0.00958892 0.0127943 0.00369381 0.011613 0.0136411 -0.00015556 0.0135867 0.00221625 0.00245074 0.0192555 0.000636833 0.0239963 0.0137828 0.0077507 0.0133236 -0.00874879 0.0155952
internal_weight=7814.34 5425.63 2388.71 889.959 4535.67 322.437 151.346 2077 1684.31 1474.16 162.552 141.614 2458.67 1534.7 1068.03 923.965 295.811 1041.9 628.155 286.716 108.211 466.667 178.504 615.077 20.9382 1914.45 335.719 274.07 40.6026 210.148
internal_count=22026 19319 2707 1539 17780 770 445 6600 2103 1746 785 709 11180 6735 4143 4445 1275 3991 3170 1217 497 2592 720 3087 76 5815 1188 899 166 357
cat_boundaries=0 1 2 3 4 5 6 7 8 9 10 11 12 13 14 15 16 17 18 19
cat_threshold=289 4 28 2 1 1 130 4 28 896 44 2 161 1 2 1 167 1 4
is_linear=0
shrinkage=0.03


Tree=42
num_leaves=31
num_cat=11
split_feature=18 8 13 9 17 0 0 17 1 3 17 10 1 16 0 17 10 17 16 17 10 3 9 6 2 17 1 17 17 17
split_gain=470.69 98.8282 50.3767 46.3952 38.1225 33.6465 32.1097 35.2361 26.7908 35.2113 22.708 21.0123 28.5917 49.3789 24.0387 48.5295 26.8687 27.9484 30.871 42.1863 32.1856 32.8068 29.553 29.1003 27.3744 25.4974 22.2564 20.0443 19.3445 21.8506
threshold=5087.6500000000005 0 1 2 1.2950000000000002 23.500000000000004 29.500000000000004 1.4595000000000002 3 4 0.71550000000000014 11.500000000000002 5 -36.949999999999996 35.500000000000007 1.3200000000000003 10.500000000000002 4.9665000000000008 -36.949999999999996 4.9655000000000014 4.5000000000000009 6 7 8 9 4.855500000000001 10 4.8565000000000014 4.8565000000000014 4.9635000000000007
decision_type=2 9 1 1 2 2 2 2 9 9 2 2 9 2 2 2 2 2 2 2 2 9 1 1 9 2 9 2 2 2
left_child=2 3 -1 -2 5 -3 -5 8 9 -8 -4 14 13 -13 16 -16 17 18 -6 20 21 22 24 -19 -20 -26 -24 -23 -28 -30
right_child=1 4 10 6 11 -7 7 -9 -10 -11 -12 12 -14 -15 15 -17 -18 23 19 -21 -22 27 26 -25 25 -27 28 -29 29 -31
leaf_value=0.034230259898039891 0.026014839720106962 -0.030510080133106653 0.031024226408906896 0.028416695924397582 0.015130403488676442 0.01707882627693303 0.008131049514398048 0.023143305013087735 0.010958207291638834 -0.025977921926780893 0.022672133453705105 -0.013843412776276593 -0.020558075001224724 0.08917010543565862 -0.020732045066166067 0.0073963330526024638 0.05680939438588347 0.022645713960456001 0.03622023611103331 0.032875894532241295 -0.020232555974032423 -0.035908873789827246 -0.0089893989717215982 -0.019439863066394093 0.06299740110171638 0.0017169656373210965 0.047194462474776662 -0.002195452151646357 -0.0064493828412334857 0.034286724280360961
leaf_weight=693.89021024107933 565.34797258675098 13.513195954263209 383.9721265733242 72.726016461849213 989.65389689803123 664.59046386182308 44.018835261464119 73.737935617566109 77.488361835479736 54.42194789648056 1289.8912449479103 9.8695033788681048 41.195724472403526 7.0962056741118422 56.479130625724792 2195.0607678294182 11.647558152675627 20.748777270317078 68.270850092172623 47.193780943751335 47.527844347059727 18.627558544278145 76.87321937084198 50.504261836409569 6.7915275692939749 55.078018270432949 13.459900952875612 105.86565998196602 35.769844576716423 17.548295393586159
leaf_count=604 769 56 402 93 3323 1670 106 117 202 252 1701 65 286 22 276 9578 33 62 223 113 250 133 377 222 30 250 60 520 187 44
internal_value=0.0162528 0.0113928 0.0274189 0.0205841 0.00953364 0.0161217 0.0105507 0.0057476 -0.00153549 -0.0113607 0.0245916 0.00840429 -0.00945509 0.0184985 0.00867744 0.00668852 0.0115353 0.0111904 0.0120732 0.00592821 0.00306206 0.00585375 0.011424 -0.007128 0.0214724 0.00858304 0.00148863 -0.00674721 0.013186 0.00694079
internal_weight=7808.86 5441.11 2367.75 887.741 4553.37 678.104 322.393 249.667 175.929 98.4408 1673.86 3875.26 58.1614 16.9657 3817.1 2251.54 1565.56 1553.91 1482.66 493.007 445.813 398.285 273.792 71.253 130.14 61.8695 143.651 124.493 66.778 53.3181
internal_count=22026 19319 2707 1539 17780 1726 770 677 560 358 2103 16054 373 87 15681 9854 5827 5794 5510 2187 2074 1824 1171 284 503 280 668 653 291 231
cat_boundaries=0 1 2 3 4 5 6 7 8 9 10 11
cat_threshold=289 4 28 83 64 2 74 17 4 4 277
is_linear=0
shrinkage=0.03


Tree=43
num_leaves=31
num_cat=14
split_feature=18 8 13 14 0 1 8 0 3 6 3 1 7 14 10 1 20 1 0 20 10 0 20 0 8 2 3 0 20 10
split_gain=455.961 94.8532 50.5939 32.5585 27.5608 30.9321 34.2063 32.7213 31.3133 27.7317 26.4458 26.0001 24.1231 24.6168 23.2373 22.626 22.4281 21.064 28.9718 20.9326 25.0237 19.8219 18.6938 17.9113 16.7715 34.4364 32.0032 24.9685 52.7831 33.5334
threshold=5087.6500000000005 0 1 -0.14999999999999999 45.500000000000007 2 3 49.500000000000007 4 5 6 7 8 -2.3499999999999996 11.500000000000002 9 6.5000000000000009 10 38.500000000000007 3.5000000000000004 2.5000000000000004 28.500000000000004 1.5000000000000002 53.500000000000007 11 12 13 44.500000000000007 5.5000000000000009 3.5000000000000004
decision_type=2 9 1 2 2 9 9 2 9 1 9 9 1 2 2 9 2 9 2 2 2 2 2 2 9 9 9 2 2 2
left_child=2 11 -1 -3 14 6 9 10 -9 -6 -7 21 13 -4 24 19 -10 18 -16 20 -8 -2 -11 -24 -5 26 -26 29 -29 -27
right_child=1 3 12 4 5 7 15 8 16 22 -12 -13 -14 -15 17 -17 -18 -19 -20 -21 -22 -23 23 -25 25 27 -28 28 -30 -31
leaf_value=0.033722816642697037 0.035159828990608051 0.013658411477232712 0.022241223380180811 0.011960340318438328 -0.039279958849833561 -0.015637377510867342 -0.013132625338854032 0.031683965859720914 0.0099385094862925027 0.049440627537374854 0.006364588903506831 0.02377162952341582 0.014433766227152299 0.030284106318156905 -0.012752253268414797 -0.021995098442666911 -0.019374797729483358 -0.025588518483672263 0.070064614198575279 -0.0077203957576351991 0.052477866392258529 0.0085905475303448501 0.018307928104401881 -0.01547932517301707 0.018541259083615987 0.0042788165192078967 -0.0046661604307550921 0.0022961694643861856 0.065681367489402148 -0.014035337414875806
leaf_weight=683.3629225641489 28.265288025140762 1127.1635622829199 888.14322778582573 1421.5701930522919 8.9393706619739532 77.304153591394424 8.8786760121583956 52.772255584597588 377.50499767810106 12.693536572158335 104.48628512769938 614.75414310395718 209.22837284207344 566.25419513881207 9.2001169696450216 88.449982896447182 24.893844746053219 23.37544721364975 6.2962612360715857 103.42981988191605 12.320811085402964 241.64202110469341 58.27518655359745 18.449705705046654 278.40609708428383 526.3688283637166 66.752478435635567 37.882477886974812 17.164106443524361 108.39962784945965
leaf_count=604 32 3158 1155 5284 48 424 48 182 1659 38 498 889 357 591 56 544 147 169 25 540 40 618 215 85 1056 2455 322 172 45 570
internal_value=0.0157781 0.0110202 0.0268357 0.0092089 0.00777808 0.00341929 -0.00428242 0.00714483 0.0115549 0.00973693 -0.00348824 0.0200431 0.0240031 0.0253766 0.00943327 -0.010915 0.00791658 -0.0135234 0.0127578 -0.00196978 0.0249257 0.0109891 0.0157969 0.0101346 0.00979829 0.00664512 0.0144462 0.0028322 0.022198 0.00114486
internal_weight=7802.63 5455.64 2346.99 4570.98 3443.81 948.399 311.437 636.962 455.171 98.3578 181.79 884.661 1663.63 1454.4 2495.42 213.079 402.399 38.8718 15.4964 124.629 21.1995 269.907 89.4184 76.7249 2456.54 1034.97 345.159 689.815 55.0466 634.768
internal_count=22026 19319 2707 17780 14622 4468 1558 2910 1988 386 922 1539 2103 1746 10154 1172 1806 250 81 628 88 650 338 300 9904 4620 1378 3242 217 3025
cat_boundaries=0 1 2 3 4 5 6 7 8 9 10 11 12 13 14
cat_threshold=289 4 1161 2 8 4 44 150 1 1 70 152 4 76
is_linear=0
shrinkage=0.03


Tree=44
num_leaves=31
num_cat=13
split_feature=18 17 13 11 0 0 3 1 0 17 2 0 9 3 10 20 17 1 9 20 0 3 17 17 2 1 3 7 15 17
split_gain=441.811 82.0205 50.7167 32.4973 41.1065 42.9742 31.2336 50.5793 30.1953 38.84 37.9 29.5627 28.9953 31.5198 32.9229 26.7398 28.8725 26.6529 43.0813 37.3251 30.9764 29.3788 26.7609 26.366 25.9958 24.7915 24.7813 23.3216 23.8338 23.0096
threshold=5087.6500000000005 3.6160000000000005 0 10.500000000000002 33.500000000000007 56.500000000000007 1 2 40.500000000000007 1.4400000000000002 3 45.500000000000007 4 5 4.5000000000000009 5.5000000000000009 4.8585000000000012 6 7 1.5000000000000002 49.500000000000007 8 4.964500000000001 4.8645000000000005 9 10 11 12 93.284500000000023 4.9655000000000014
decision_type=2 2 1 2 2 2 9 9 2 2 9 2 1 9 2 2 2 9 1 2 2 9 2 2 9 9 9 1 2 2
left_child=2 3 -1 -2 -5 6 7 8 10 -10 -6 12 15 14 -14 16 24 18 19 -13 26 -22 -20 -21 -3 -17 -19 28 -4 -28
right_child=1 11 27 4 5 -7 -8 -9 9 -11 -12 17 13 -15 -16 25 -18 20 22 23 21 -23 -24 -25 -26 -27 29 -29 -30 -31
leaf_value=0.033230603166439235 0.032650516781148164 0.017735418942020607 0.0217042691923903 0.019810522914516095 0.014960907204230685 0.026157193154360849 0.015098466015141664 0.01058972659948745 -0.0057305766725722559 0.041868807350654902 -0.033535534644011135 0.045309108203259826 0.0048679405518054081 0.011328933745792878 -0.013260112701719123 0.032654528643738433 0.014211303185844213 -0.015345435045667702 -0.020121458026205508 -0.018577633344717275 0.03045907780242807 0.007593393801412429 0.0083604775933745559 0.012052677968282402 -0.0046572105333864498 0.013639354235635342 0.0010892375527022879 0.014023564038031188 0.02964957410127483 0.042822675819079788
leaf_weight=672.84172640740871 95.546276092529297 63.602934956550598 882.89475336670876 805.11676312983036 18.683149605989456 142.58945206552744 369.47448333352804 348.00718206912279 108.71835932135582 17.873604938387871 62.864129729568958 21.513376675546169 661.11315511167049 677.02731768786907 104.24543914943933 101.22634542733431 461.68767396360636 76.614293612539768 138.4061468616128 36.847304441034794 53.640225186944008 404.33310110867023 37.561387032270432 79.930039517581463 174.07296643406153 304.59325969964266 91.484187357127666 208.89604218304157 561.10204938054085 13.596981495618818
leaf_count=604 108 269 1155 1691 57 227 915 936 404 25 297 77 2732 2703 529 300 1606 424 789 228 182 1807 153 314 947 1100 458 357 591 41
internal_value=0.0153192 0.0106613 0.0262728 0.0155618 0.0146869 0.0108208 0.00845251 0.00369217 -0.00778312 0.000994076 -0.0223831 0.00790461 0.00959202 0.00662281 0.00236262 0.0132834 0.00983789 0.00339449 -0.00372617 0.00847402 0.00684867 0.0111149 -0.0132698 0.00235446 0.00132746 0.0195372 -0.00351148 0.0234369 0.0247955 0.00598447
internal_weight=7796.1 5470.37 2325.73 1968.87 1873.33 1068.21 925.621 556.146 208.139 126.592 81.5473 3501.5 2547.57 1442.39 765.359 1105.18 699.364 953.927 314.258 138.291 639.669 457.973 175.968 116.777 237.676 405.82 181.695 1652.89 1444 105.081
internal_count=22026 19319 2707 4660 4552 2861 2634 1719 783 429 354 14659 10186 5964 3261 4222 2822 4473 1561 619 2912 1989 942 542 1216 1400 923 2103 1746 499
cat_boundaries=0 1 2 3 4 5 6 7 8 9 10 11 12 13
cat_threshold=4 45 54 4 24 225 1161 18 8 4 148 44 1
is_linear=0
shrinkage=0.03


Tree=45
num_leaves=31
num_cat=10
split_feature=17 8 13 7 0 17 17 1 17 9 17 0 0 0 17 0 9 21 3 3 0 17 1 13 17 20 0 0 21 17
split_gain=407.561 112.281 72.3469 39.744 49.8403 38.9394 36.2439 34.2041 31.7964 35.7669 39.7534 30.9567 26.4135 38.3547 25.9574 25.0567 24.679 26.5982 24.8166 22.1182 29.1829 41.7593 30.1607 24.6247 24.4962 21.9519 22.495 20.8656 20.9983 20.8656
threshold=1.2650000000000003 0 1 2 37.500000000000007 0.71550000000000014 4.8585000000000012 3 1.5150000000000003 4 1.4080000000000001 36.500000000000007 29.500000000000004 47.500000000000007 4.9595000000000011 33.500000000000007 5 2.4414009612931857 6 7 48.500000000000007 4.964500000000001 8 9 1.2950000000000002 1.5000000000000002 41.500000000000007 31.500000000000004 1.2424533248940002 1.2555000000000003
decision_type=2 9 1 1 2 2 2 9 2 1 2 2 2 2 2 2 1 2 9 9 2 2 9 1 2 2 2 2 2 2
left_child=2 8 -1 11 6 -4 -5 14 9 10 -2 -3 -11 27 -8 -12 17 19 -18 23 22 -22 24 -13 -21 26 -6 -14 -29 -7
right_child=1 3 5 4 25 29 7 -9 -10 12 15 16 13 -15 -16 -17 18 -19 -20 20 21 -23 -24 -25 -26 -27 -28 28 -30 -31
leaf_value=0.032699819132480275 0.031013921858829872 0.012442160585095582 0.029696006136203445 -0.011517403960786078 -0.036230148845191774 0.017227328724971288 -0.00041215948777617698 0.0094253388932539709 0.030104381912853275 0.026325600620136287 0.024579089772519158 -0.0087645208930740969 -0.049979542122229763 0.021253366284275474 -0.027731023515277842 0.0037631963255643215 0.014273743668738936 -0.036714352669676834 -0.0027000180181277335 0.026270071304248133 -0.020647276980673666 0.021376730529822658 0.013536914102771112 0.015230911355245987 -0.032359977004693355 0.0102467881353048 0.0015696642673410832 0.0021195564694413533 -0.028177380338375014 0.027621551527587725
leaf_weight=655.79062595963478 215.96743623912334 1480.4684857800603 370.59975279867649 259.91055593639612 15.914521746337412 1204.5235566496849 100.83502143621445 250.60534457862377 194.23080411553383 48.432550117373466 91.394419088959694 41.282063335180283 9.4686173498630506 61.64277595281601 45.447410725057125 121.75737120211124 85.890866741538048 11.127802073955534 393.13144545257092 8.2931906878948194 79.786846615374088 28.859082788228989 199.77120236307383 529.28128744661808 26.697071850299835 724.28930786252022 122.03621392697096 101.60920548439026 25.675835877656937 204.89227359741926
leaf_count=602 228 4416 394 1517 111 1962 475 1082 202 67 127 184 41 132 270 297 280 79 1606 17 373 95 668 1756 136 3529 674 321 108 268
internal_value=0.0140214 0.00933248 0.0241715 0.00732804 0.00341383 0.0210261 -0.00280879 0.00288815 0.0191663 0.0162983 0.0214347 0.00941345 0.00623105 0.00161358 -0.00836205 0.01271 0.00621726 0.00903444 0.000569217 0.00969752 0.00329258 -0.00944767 0.00934315 0.013256 -0.014275 0.00815707 -0.00279242 -0.00722635 -0.00398569 0.0187424
internal_weight=7709.61 5273.81 2435.81 4403.63 1519.04 1780.02 656.798 396.888 870.179 675.948 429.119 2884.59 246.829 198.396 146.282 213.152 1404.12 925.099 479.022 913.971 343.407 108.646 234.761 570.563 34.9903 862.24 137.951 136.754 127.285 1409.42
internal_count=22017 18791 3226 17268 7658 2624 3344 1827 1523 1321 652 9610 669 602 745 424 5194 3308 1886 3229 1289 468 821 1940 153 4314 785 470 429 2230
cat_boundaries=0 1 2 3 4 5 6 7 8 9 10
cat_threshold=289 4 1 193 28 26 4 99 1116 1
is_linear=0
shrinkage=0.03


Tree=46
num_leaves=31
num_cat=7
split_feature=18 8 19 17 9 17 19 17 12 0 0 0 3 16 17 17 17 17 9 0 0 0 17 0 6 6 10 17 10 2
split_gain=433.96 106.018 55.2372 30.7105 34.0553 38.2674 29.9034 27.029 27.436 24.9484 36.008 23.7235 20.7818 27.7459 31.4816 27.4706 69.09 27.1042 45.0846 34.1566 25.1731 25.1647 25.0136 23.8814 33.4304 21.7401 24.0588 22.4212 22.1388 28.9141
threshold=5087.6500000000005 0 1.0000000180025095e-35 1.5150000000000003 1 1.4080000000000001 1.0000000180025095e-35 0.71550000000000014 1.0000000180025095e-35 29.500000000000004 47.500000000000007 33.500000000000007 2 -41.899999999999991 4.9655000000000014 1.2885000000000002 4.8575000000000008 4.9655000000000014 3 37.500000000000007 45.500000000000007 56.500000000000007 4.8575000000000008 36.500000000000007 4 5 4.5000000000000009 4.8565000000000014 2.5000000000000004 6
decision_type=2 9 2 2 1 2 2 2 2 2 2 2 9 2 2 2 2 2 1 2 2 2 2 2 1 1 2 2 2 9
left_child=2 3 7 4 5 -2 12 -1 -9 -6 -11 -7 15 14 21 20 25 19 -19 22 -3 23 -15 -14 -25 26 27 28 29 -17
right_child=1 6 -4 -5 9 11 -8 8 -10 10 -12 -13 13 17 -16 16 -18 18 -20 -21 -22 -23 -24 24 -26 -27 -28 -29 -30 -31
leaf_value=0.02888422831914661 0.030347451677507735 0.018061706756683352 0.031703319106112571 0.02948926984561985 0.025607059949021481 0.023921861626467797 0.024990779418871133 0.021901465832759884 0.0110842692255052 -0.0070266358037772945 0.020543090319416382 0.0036490556119404285 0.014168847347466219 -0.015201306584582085 -0.016046227295752412 0.016871155364352179 0.0072805344105371719 0.032334649553607056 0.0032242642816820723 0.0082083256985315527 -0.011067603452181385 0.028457272249094365 0.0010747985649391422 0.002800393608506444 0.019522128577089123 -0.021685407336130377 0.020213337063212093 -0.022053141866638398 -0.022058571925605754 -0.0058482298379963502
leaf_weight=349.92763087153435 214.11938710510731 187.77591528743505 706.95216962695122 192.36428026854992 48.302602186799049 91.095512241125107 83.634621068835258 900.72744978964329 277.72470866143703 136.47865204513073 61.860893785953522 121.80136704444885 845.874362885952 106.93865461647511 37.394075840711594 71.453721292316914 908.1159176453948 73.075823187828064 135.56958183646202 605.31192856281996 30.921011850237846 77.229885205626488 411.09827369451523 494.62450538575649 137.66112969070673 75.516474924981594 33.371338464319706 66.629819817841053 44.867416366934776 170.43856511265039
leaf_count=378 228 450 668 202 67 127 124 1182 452 470 132 297 2495 677 183 239 3697 169 516 2785 104 188 1728 1912 444 420 154 477 230 822
internal_value=0.0136219 0.00906492 0.0247577 0.0186819 0.0158648 0.0208947 0.00719608 0.0215411 0.0193559 0.00604742 0.00156309 0.0123447 0.0068811 0.0083883 0.0110907 0.00402669 0.00247314 0.00521689 0.0151483 0.00336842 0.0139263 0.0117461 -0.00228158 0.0108691 0.0064483 -0.00696375 -0.00407668 -0.00638399 -0.00272632 0.00085476
internal_weight=7698.86 5463.53 2235.33 866.023 673.658 427.016 4597.5 1528.38 1178.45 246.642 198.34 212.897 4513.87 2924.78 1592.78 1589.09 1370.39 1331.99 208.645 1123.35 218.697 1555.39 518.037 1478.16 632.286 462.277 386.761 353.39 286.76 241.892
internal_count=22017 19337 2680 1523 1321 652 17814 2012 1634 669 602 424 17690 11097 5222 6593 6039 5875 685 5190 554 5039 2405 4851 2356 2342 1922 1768 1291 1061
cat_boundaries=0 1 2 3 4 5 6 7
cat_threshold=289 28 137 8 1 1 4
is_linear=0
shrinkage=0.03


Tree=47
num_leaves=31
num_cat=8
split_feature=18 8 11 11 17 11 9 17 0 0 17 1 16 9 0 2 20 0 17 6 0 20 21 17 0 17 0 21 3 2
split_gain=418.307 101.31 55.318 32.3083 29.6621 34.159 31.2279 29.1828 27.5551 43.1411 25.7134 24.4659 26.1725 33.0872 38.5808 34.9909 29.657 26.624 25.2113 35.7421 30.883 28.5371 24.2516 23.9903 34.5938 40.9978 35.5185 23.8159 23.3409 26.0984
threshold=5087.6500000000005 0 15.500000000000002 10.500000000000002 1.5150000000000003 7.5000000000000009 1 1.4080000000000001 29.500000000000004 47.500000000000007 0.71550000000000014 2 -42.349999999999994 3 37.500000000000007 4 5.5000000000000009 34.500000000000007 4.964500000000001 5 38.500000000000007 4.5000000000000009 1.2424533248940002 4.1720000000000015 53.500000000000007 4.8565000000000014 50.500000000000007 1.7005986908310777 6 7
decision_type=2 9 2 2 2 2 1 2 2 2 2 9 2 1 2 9 2 2 2 1 2 2 2 2 2 2 2 2 9 9
left_child=2 4 -1 -3 5 -2 7 -7 -8 22 -4 23 17 14 -14 -16 -17 -13 -15 20 21 -20 -10 -5 25 -25 28 -19 -27 -30
right_child=1 3 10 11 -6 6 8 -9 9 -11 -12 12 13 18 15 16 -18 27 19 -21 -22 -23 -24 24 -26 26 -28 -29 29 -31
leaf_value=0.031406685805805752 0.0422629349977722 0.027479128663708923 0.028276882415142725 0.016274620921103881 0.028892344961878605 0.028185810052697876 0.024914238007170918 0.011688916732184038 -0.003763872635052156 0.020192392418967729 0.018980177520805403 0.012244364083618618 -0.022084690033421204 0.002763777634735089 -0.036269465908560873 -0.0036309339026148416 0.024259093100484623 0.0062417556017770742 -0.040190118194778551 -0.014656803752341758 0.027987206870669846 0.011581764866158766 -0.036276146859447467 -0.020481058922213528 0.020519958295819773 0.012913129489180107 -0.021171926587602662 -0.0094197690006075623 0.0089565708263600035 -0.0098594529139346045
leaf_weight=675.66696420311928 40.213589832186699 68.181238397955894 348.62770472466946 406.79087407141924 190.47921477258205 180.13186337053776 48.161360427737236 210.27939559519291 104.97593873739243 61.810854077339172 1190.733964279294 721.97191264480352 98.451866120100021 1202.3391476124525 19.306006729602814 93.389193765819073 53.998994059860706 706.15614210814238 11.568137131631373 33.363621041178703 120.36795094609261 53.345972701907158 25.703360319137573 53.140541642904282 153.33447846770287 398.34893242269754 38.492513507604599 99.497718349099159 165.62797944992781 110.46643925458193
leaf_count=645 33 95 380 1172 202 203 67 421 349 131 1655 2073 578 5693 136 507 229 2398 62 143 365 168 117 332 588 1445 204 464 670 492
internal_value=0.0132397 0.00878454 0.0242391 0.0069657 0.018213 0.0154456 0.0137256 0.0188312 0.00445853 -0.000422715 0.0210893 0.00667172 0.00519732 0.0026337 -0.00694068 0.00157736 0.00657639 0.00805865 0.00444028 0.0138432 0.0189965 0.00226189 -0.0102045 0.0101261 0.00751112 0.00490107 0.00679981 0.00430292 0.00840359 0.00136701
internal_weight=7684.92 5469.9 2215.03 4608.14 861.756 671.276 631.063 390.411 240.652 192.49 1539.36 4539.96 3213.76 1686.13 265.146 166.694 147.388 1527.63 1420.98 218.646 185.282 64.9141 130.679 1326.2 919.411 766.076 712.936 805.654 674.443 276.094
internal_count=22017 19337 2680 17814 1523 1321 1288 624 664 597 2035 17719 12816 7881 1450 872 736 4935 6431 738 595 230 466 4903 3731 3143 2811 2862 2607 1162
cat_boundaries=0 1 2 3 4 5 6 7 8
cat_threshold=289 28 868 2 1 1 78 2
is_linear=0
shrinkage=0.03


Tree=48
num_leaves=31
num_cat=10
split_feature=18 8 11 7 0 17 1 17 11 9 17 0 0 0 17 17 10 22 7 17 1 2 9 1 0 1 17 0 10 20
split_gain=403.255 96.8302 55.1544 36.6093 43.9003 34.3537 32.0765 28.6627 32.8146 29.5842 28.1137 27.7782 26.0258 40.5695 24.8367 24.7834 23.2408 23.0515 25.064 22.7424 21.851 39.04 21.4266 33.5393 25.1795 22.5323 21.8862 30.0266 20.6681 19.29
threshold=5087.6500000000005 0 15.500000000000002 1 37.500000000000007 4.8585000000000012 2 1.5150000000000003 7.5000000000000009 3 1.4080000000000001 36.500000000000007 29.500000000000004 47.500000000000007 0.71550000000000014 4.9595000000000011 2.5000000000000004 1.0000000180025095e-35 4 0.89700000000000013 5 6 7 8 37.500000000000007 9 4.964500000000001 40.500000000000007 4.5000000000000009 1.5000000000000002
decision_type=2 9 2 1 2 2 9 2 2 1 2 2 2 2 2 2 2 2 1 2 9 9 1 9 2 9 2 2 2 2
left_child=2 7 -1 11 5 -5 15 8 -2 10 -10 -3 -11 16 -4 -7 -14 18 -16 -20 21 -12 23 24 -13 26 -24 -28 -26 -6
right_child=1 3 14 4 29 6 -8 -9 9 12 20 22 13 -15 17 -17 -18 -19 19 -21 -22 -23 25 -25 28 -27 27 -29 -30 -31
leaf_value=0.030956254894351467 0.041480273642332387 0.011404860058529172 0.027688005265401171 -0.011468597390002527 -0.0028951001082933641 -0.00061855492773047794 0.0088882818064499984 0.028312398150776422 0.027568798785078969 0.0242455231957419 0.020499851586358513 -0.042859541943446842 -0.0036551847043669052 0.019528093735264176 0.022899578005841536 -0.027422354887854609 -0.035650219361614673 0.011198814796095824 -0.0032358167935587247 0.023237665440803627 0.016408726631345426 -0.0305875181565846 0.0034283338748854618 0.014641391623732323 0.0053468794890767137 -0.003925667174132042 -0.024176404417957448 0.026355651769807347 -0.027679881686714751 0.0093064901327041035
leaf_weight=665.09552086889744 39.752065971493721 1586.3914336115122 345.41230683028698 256.75449635833502 138.21967918425798 101.20875300467014 252.72762064635754 188.58051745593548 178.66308723390102 48.01006118953228 25.394778296351433 11.362936548888682 104.85927875339985 61.9965990036726 771.51211066544056 44.841477267444134 25.376725018024445 293.86410658061504 68.13654762506485 50.775027841329575 156.48434308171272 28.365906894207001 428.81384561955929 431.73351823538542 212.60309258103371 311.96877747774124 12.072320118546484 79.17523318529129 18.423117995262146 732.47060427814722
leaf_count=645 33 4675 380 1531 787 475 1082 202 203 67 40 56 349 131 959 270 117 473 153 70 282 99 1580 1378 775 1282 51 234 98 3540
internal_value=0.0128671 0.00851144 0.0237326 0.00674111 0.00295054 -0.00290977 0.00259483 0.0177561 0.0150372 0.0133553 0.0183371 0.0086325 0.00433081 -0.000412141 0.0205881 -0.00831293 -0.00993506 0.0185126 0.0209214 0.00805313 0.0113403 -0.00540336 0.00570989 0.00964502 0.000504116 0.00237278 0.0061595 0.0196181 0.00268935 0.00736597
internal_weight=7671.05 5476.25 2194.8 4618.77 1526.22 655.532 398.778 857.483 668.903 629.151 388.908 3092.54 240.243 192.233 1529.7 146.05 130.236 1184.29 890.424 118.912 210.245 53.7607 1506.15 674.123 242.389 832.03 520.061 91.2476 231.026 870.69
internal_count=22017 19337 2680 17814 7685 3358 1827 1523 1321 1288 624 10129 664 597 2035 745 466 1655 1182 223 421 139 5454 2307 929 3147 1865 285 873 4327
cat_boundaries=0 1 2 3 4 5 6 7 8 9 10
cat_threshold=289 1 193 28 1 1668 4 18 30 103
is_linear=0
shrinkage=0.03


Tree=49
num_leaves=31
num_cat=14
split_feature=14 19 16 8 1 8 9 10 10 9 1 10 2 10 5 7 10 12 2 1 12 8 16 10 1 10 20 2 10 10
split_gain=331.509 154.916 63.3462 35.3274 33.4128 24.8945 24.1447 35.785 23.9939 23.7721 26.7187 22.2795 19.1125 20.5195 18.3883 17.8358 20.5249 18.9143 22.8576 25.2835 17.4543 18.7928 16.6809 15.692 14.6643 23.9741 21.5451 33.1342 21.306 20.057
threshold=-0.14999999999999999 1.0000000180025095e-35 -46.04999999999999 0 1 2 3 3.5000000000000004 17.500000000000004 4 5 5.5000000000000009 6 2.5000000000000004 7 8 2.5000000000000004 1.0000000180025095e-35 9 10 1.0000000180025095e-35 11 -32.199999999999996 1.5000000000000002 12 7.5000000000000009 4.5000000000000009 13 2.5000000000000004 11.500000000000002
decision_type=2 2 2 9 9 9 1 2 2 1 9 2 9 2 1 1 2 2 9 9 2 9 2 2 9 2 2 9 2 2
left_child=1 2 4 -2 11 -5 7 12 9 10 -7 15 -6 -14 -8 17 -17 -1 -19 -20 22 23 -4 -22 28 -26 27 -27 -11 -30
right_child=3 -3 20 5 6 8 14 -9 -10 24 -12 -13 13 -15 -16 16 -18 18 19 -21 21 -23 -24 -25 25 26 -28 -29 29 -31
leaf_value=0.019551184109124504 0.029125896931368453 0.030204097489391776 0.025026032118401185 0.00048335831580073038 -0.0069336545009219281 -0.010623115883052972 0.031475500853065309 -0.016517581496351168 -0.034406738983523526 0.0031117268443251467 0.0048787846200238419 -0.0092739181101232915 0.016175029842135327 0.038903023468429679 0.0021823082144193182 0.011085031856545077 -0.029059614544168628 -0.021199298228489542 -0.00087550955563930216 0.021554520317660902 -0.0040561876972731569 0.020282386863701932 0.017214118020032976 0.014929232022892286 0.010290676021417478 -0.020068554640297463 0.054246498424905053 0.054000690961828648 0.012042892460055446 -0.022430139790938091
leaf_weight=757.31796050071716 48.221738561987877 792.44334745407104 675.27192912995815 759.98484790325165 25.815816059708595 124.96362525969744 19.946222551167011 30.586479067802429 12.600283086299894 814.33965136855841 376.72145560383797 31.171042509377003 212.93969017267227 43.309070982038975 526.02874399721622 42.185426473617554 15.62344630807638 19.890994876623154 83.266041368246078 101.10925628244877 76.512533038854599 201.74003165960312 394.28406596183777 79.739972472190857 843.91118364036083 12.455433696508408 21.736149616539478 9.4528275951743126 488.03420669585466 15.529321968555449
leaf_count=1365 41 810 811 4213 83 579 45 134 109 3078 1541 134 538 71 1597 93 64 68 243 206 157 263 561 119 3062 70 68 24 1770 100
internal_value=0.0125061 0.0182762 0.0154418 0.00575148 0.0118625 0.00532686 0.00717171 0.0137726 0.0066724 0.00689062 0.000878146 0.0154769 0.0175606 0.0200417 0.00320486 0.0163893 0.000152274 0.0173622 0.0092262 0.0125346 0.0202253 0.0144594 0.0221509 0.00527912 0.00821561 0.0112926 0.0331111 0.0118542 0.00607099 0.0109696
internal_weight=7657.13 4129.18 3336.74 3527.95 1909.19 3479.73 858.626 312.651 2719.74 2707.14 501.685 1050.56 282.065 256.249 545.975 1019.39 57.8089 961.584 204.266 184.375 1427.55 357.993 1069.56 156.253 2205.46 887.556 43.6444 21.9083 1317.9 503.564
internal_count=22017 7362 6552 14655 4641 14614 2468 826 10401 10292 2120 2173 692 609 1642 2039 157 1882 517 449 1911 539 1372 276 8172 3224 162 94 4948 1870
cat_boundaries=0 1 2 3 4 5 6 7 8 9 10 11 12 13 14
cat_threshold=256 865 64 24 2 9 1 2 1 1 1 530 1929 2
is_linear=0
shrinkage=0.03


Tree=50
num_leaves=31
num_cat=14
split_feature=18 8 19 13 1 21 16 17 17 9 9 12 2 20 20 4 16 1 6 20 1 21 9 1 12 20 17 9 21 1
split_gain=397.523 62.3227 62.2355 47.916 34.5979 26.1439 22.9465 25.7938 27.4365 30.1304 27.9707 24.698 22.0586 27.8112 26.339 26.0232 21.684 21.6588 29.4069 20.5612 20.5157 19.326 28.5058 19.4456 32.1153 24.8007 23.9439 19.8223 30.5432 18.6886
threshold=5087.6500000000005 0 1.0000000180025095e-35 1 2 2.9174053685313028 -42.349999999999994 4.964500000000001 4.9595000000000011 3 4 1.0000000180025095e-35 5 3.5000000000000004 6.5000000000000009 6 -36.949999999999996 7 8 1.5000000000000002 9 1.7005986908310777 10 11 1.0000000180025095e-35 1.5000000000000002 4.8655000000000017 12 0.89587973461402759 13
decision_type=2 9 2 1 9 2 2 2 2 1 1 2 9 2 2 9 2 9 1 2 9 2 1 9 2 2 2 1 2 9
left_child=3 -2 4 -1 -3 6 11 8 10 17 16 -6 14 15 21 -14 -8 18 -10 -20 -15 23 -23 24 25 26 -12 28 -27 -13
right_child=1 2 -4 -5 5 -7 7 -9 9 -11 12 29 13 20 -16 -17 -18 -19 19 -21 -22 22 -24 -25 -26 27 -28 -29 -30 -31
leaf_value=0.030560956912514689 0.025653781491101191 0.013564654568112731 0.029317663262915416 0.020653278736515374 0.0097573325145384696 -0.035227378576466413 -0.017723796621902484 0.010867427526610801 -0.026081990186375904 -0.015222508453524948 -0.01852863344350273 0.0057582873352819506 0.0068590742485954885 -0.0026509062395152858 -0.02707162732848304 -0.028396942783624087 0.0028536211585317344 -0.0052982621465024254 0.05934992353482367 0.012549669871146888 0.018846220776529362 0.010858542866212522 -0.024497061489211613 -4.9365366353538312e-05 -0.037721736418808764 0.018785777022114022 0.027856524474917932 0.020440885337973547 -0.018949147116875422 -0.0089153327768753676
leaf_weight=603.21834835410118 174.19244070351124 674.65042421221733 117.14461503922939 1643.1627386361361 1935.2870216220617 13.538780890405176 82.202918902039528 418.2755531296134 16.733194440603256 132.82402969151735 38.453233636915684 222.50421620160341 74.624808706343174 50.712695747613907 24.70881325006485 25.078947551548481 104.24095376580954 179.12691185623407 9.1359002292156202 107.44587414711714 281.24803237617016 30.24000046402216 37.934754028916359 280.33432268351316 11.696764469146727 42.236018300056458 13.401370927691458 208.68879304081202 35.365082383155823 107.61518911272287
leaf_count=596 192 2145 148 2162 5678 117 500 1386 85 622 256 732 350 247 170 155 629 816 26 419 1108 143 248 1382 71 160 48 855 192 381
internal_value=0.0126961 0.00831751 0.00768084 0.0233164 0.00720322 0.00620099 0.00634179 0.00416001 0.00258734 -0.00386079 0.00473047 0.00846351 0.00644372 0.0118679 0.00328926 -0.00199854 -0.00589166 0.00140508 0.0101717 0.0162906 0.016041 0.0043715 -0.0107752 0.00601634 0.0105831 0.0125864 -0.00645251 0.0160464 0.0013715 0.000868913
internal_weight=7696.02 5449.64 5275.45 2246.38 5158.3 4483.65 4470.12 2204.71 1786.43 445.266 1341.17 2265.41 1154.72 431.664 723.059 99.7038 186.444 312.442 133.315 116.582 331.961 698.35 68.1748 630.176 349.841 338.144 51.8546 286.29 77.6011 330.119
internal_count=22019 19261 19069 2758 18921 16776 16659 9868 8482 1968 6514 6791 5385 1860 3525 505 1129 1346 530 445 1355 3355 391 2964 1582 1511 304 1207 352 1113
cat_boundaries=0 1 2 3 4 5 6 7 8 9 10 11 12 13 14
cat_threshold=288 4 356 22 2 2 1 648 4 1152 1 1538 16 1666
is_linear=0
shrinkage=0.03


Tree=51
num_leaves=31
num_cat=12
split_feature=18 11 8 13 10 17 13 0 0 10 7 17 8 20 5 9 2 0 6 17 5 10 10 17 0 17 20 9 9 0
split_gain=383.503 60.992 62.6191 47.9192 30.5581 28.1711 34.1061 28.6866 42.284 30.2317 23.9213 23.2875 19.7661 18.6308 18.7804 31.3932 28.0609 19.4008 19.3983 18.2426 18.2192 18.7653 18.0512 28.9492 17.3794 16.8423 25.2699 24.4766 22.6067 38.9702
threshold=5087.6500000000005 10.500000000000002 0 1 17.500000000000004 1.4490000000000003 2 49.500000000000007 33.500000000000007 5.5000000000000009 3 1.2555000000000003 4 1.5000000000000002 5 6 7 39.500000000000007 8 1.3490000000000004 9 2.5000000000000004 2.5000000000000004 1.3490000000000004 31.500000000000004 4.8575000000000008 4.5000000000000009 10 11 33.500000000000007
decision_type=2 2 9 1 2 2 1 2 2 2 1 2 9 2 1 1 9 2 1 2 1 2 2 2 2 2 2 1 1 2
left_child=3 -2 -3 -1 5 6 20 8 19 13 -5 -9 -12 -10 22 -16 18 -18 -17 -8 21 -4 -15 -24 -14 -7 27 -27 29 -28
right_child=1 2 4 10 -6 25 7 11 9 -11 12 -13 24 14 15 16 17 -19 -20 -21 -22 -23 23 -25 -26 26 28 -29 -30 -31
leaf_value=0.030147820874884088 0.030817399454483099 0.025125700237501939 0.0023697555648332083 0.021579709446685365 -0.035074075822966851 0.0022340596486755586 0.012458357799360331 -0.010109286477495963 -0.01426567227986323 -0.040370890179544046 -0.002170973095951434 0.026238093347791643 -0.0023032656071642166 0.0086500477639888766 0.010639578150385525 0.00059074837724466442 -0.01460476711628576 0.020766208104559845 -0.036858659311415159 0.024042055379994858 -0.0062294060141485901 0.021935399903364891 0.042282271833825755 -0.0034190578571663653 0.023747513558224641 0.0010049368000605908 -0.0045013563723870142 0.011487397008236528 8.8275549757766523e-05 0.014010457889673349
leaf_weight=593.29234413802624 103.93180377781391 170.67750036716461 167.45110727846622 1419.3511218130589 15.378049701452253 968.06066205352545 335.25875079631805 17.179871201515198 38.127537846565247 12.943769752979277 76.418410196900368 184.35264094918966 29.063731968402863 145.89299088716507 156.10093857347965 18.019741415977478 25.214718781411648 30.898520790040493 39.042976960539818 194.9296805113554 138.76945762336254 60.03146006911993 40.867460429668427 17.747175425291061 107.31005956232548 258.92588506639004 143.89476352930069 1131.2060311362147 691.52659214287996 352.22069277614355
leaf_count=596 124 190 522 1795 135 4699 827 55 153 90 164 330 62 377 416 47 80 64 161 269 510 170 80 49 141 1066 563 4224 2797 1263
internal_value=0.0123364 0.00805595 0.00761303 0.0228334 0.00697348 0.00711333 0.0103894 0.0127378 0.0107495 0.00470393 0.0201711 0.0231213 0.0107553 0.00585717 0.00748554 0.00226545 -0.00936961 0.00482104 -0.0249997 0.0167266 0.00232287 0.00755358 0.0143398 0.0284116 0.0169351 0.00561287 0.00688045 0.00962716 0.00366236 0.00846478
internal_weight=7684.09 5458.65 5354.72 2225.44 5184.04 5168.66 1622.83 1256.58 1055.04 524.856 1632.14 201.533 212.792 511.912 473.785 269.277 113.176 56.1132 57.0627 530.188 366.252 227.483 204.508 58.6146 136.374 3545.83 2577.77 1390.13 1187.64 496.115
internal_count=22019 19261 19137 2758 18947 18812 4200 2998 2613 1517 2162 385 367 1427 1274 768 352 144 208 1096 1202 692 506 129 203 14612 9913 5290 4623 1826
cat_boundaries=0 1 2 3 4 5 6 7 8 9 10 11 12
cat_threshold=288 4 1 1 770 1 25 2 4 4 2 18
is_linear=0
shrinkage=0.03


Tree=52
num_leaves=31
num_cat=16
split_feature=18 11 8 13 1 10 7 13 17 0 10 0 0 3 5 1 2 17 5 8 0 8 17 17 5 3 2 14 1 17
split_gain=369.841 58.0857 60.3046 47.8283 30.5585 24.0085 23.0432 20.2031 33.5265 26.9444 24.4467 20.9713 53.2519 19.8023 20.6367 19.729 20.6768 46.6391 35.2628 19.5695 19.3561 18.9809 35.3699 25.1029 21.2738 24.2754 20.7029 22.9351 25.8103 18.7625
threshold=5087.6500000000005 10.500000000000002 0 1 2 17.500000000000004 3 4 1.4490000000000003 45.500000000000007 3.5000000000000004 47.500000000000007 35.500000000000007 5 6 7 8 4.9625000000000012 9 10 49.500000000000007 11 4.964500000000001 4.9625000000000012 12 13 14 1.2500000000000002 15 4.9595000000000011
decision_type=2 2 9 1 9 2 1 1 2 2 2 2 2 9 1 9 9 2 1 9 2 9 2 2 1 9 9 2 9 2
left_child=3 -2 -3 -1 -4 7 -5 -6 10 21 11 12 -9 19 -15 16 17 18 -16 -11 -17 24 23 -23 25 -10 27 -27 -29 -20
right_child=1 2 4 6 5 -7 -8 8 9 13 -12 -13 -14 14 15 20 -18 -19 29 -21 -22 22 -24 -25 -26 26 -28 28 -30 -31
leaf_value=0.029743156049554981 0.030094244177541668 0.024639732167995497 0.01272534279483095 0.021096849305508387 -0.00052108721527720898 -0.034873739569911237 0.010455828282031071 0.016911985992371575 -0.0070659194903457548 -0.0080252542554583532 -0.0001729576042471222 0.023089708809553057 0.00025340116399620084 0.029695786598419822 0.047129913230832064 -0.029302620165215912 -0.0038010186326688103 -0.039809497167821277 -0.022975609130049056 0.011581660381096153 -0.0065317426647969511 0.0038515387673360136 0.013404579024012554 -0.0081752312863140365 0.014547961072990926 0.018058401871976149 0.014815170160085695 0.0098466692134701293 -0.019407094185722496 0.031293419506990688
leaf_weight=583.47393986582756 103.24917159974575 169.04652555286884 679.14729173481464 1408.4508833438158 394.29995013028383 12.878371626138685 212.26532642543316 482.77112190425396 103.12827525287867 53.973673395812511 146.05054768174887 155.17484948039055 269.44525322318077 16.373366616666317 31.409498207271099 48.723128594458103 272.31555415689945 11.489647999405859 14.253607496619226 185.79992308467627 109.63325248658657 877.54359565675259 297.85502348095179 189.80975029617548 466.13166309148073 43.823265641927719 226.56443508714437 39.936862617731094 55.473023131489754 9.4404405355453473
leaf_count=596 124 190 2149 1795 1425 117 367 991 404 268 499 314 816 62 106 281 1264 61 80 837 535 4326 916 766 1476 134 738 119 232 31
internal_value=0.0119912 0.00780664 0.0073764 0.0223654 0.00675299 0.00582742 0.0197058 0.00595825 0.00658102 0.00498698 0.011198 0.0130314 0.0109497 5.89358e-05 -0.00325397 -0.00441611 -0.000123277 0.0148356 0.0263354 0.0070101 -0.0127653 0.00659969 0.004233 0.00170942 0.00989997 0.00548223 0.00897684 9.54445e-05 -0.00813408 -0.00118643
internal_weight=7669.93 5465.74 5362.49 2204.19 5193.45 4514.3 1620.72 4501.42 4107.12 3053.68 1053.44 907.391 752.216 753.412 513.638 497.265 338.909 66.5932 55.1035 239.774 158.356 2300.27 1365.21 1067.35 935.058 468.926 365.798 139.233 95.4099 23.694
internal_count=22019 19261 19137 2758 18947 16798 2162 16681 15256 12636 2620 2121 1807 3525 2420 2358 1542 278 217 1105 816 9111 6008 5092 3103 1627 1223 485 351 111
cat_boundaries=0 1 2 3 4 5 6 7 8 9 10 11 12 13 14 15 16
cat_threshold=288 4 356 1 1 33 2 515 1 4 8 136 4 5 4 1154
is_linear=0
shrinkage=0.03


Tree=53
num_leaves=31
num_cat=13
split_feature=18 8 19 13 1 10 7 8 12 15 10 0 20 0 0 5 0 3 2 0 20 7 0 0 3 4 4 15 0 4
split_gain=356.653 55.8282 53.652 47.7089 29.8054 22.9699 22.2148 18.8605 18.2796 20.8894 34.9608 23.207 28.8061 33.7686 22.0511 20.8204 50.5673 31.0358 46.7127 44.3357 29.6792 29.1046 30.1835 25.9478 34.3815 27.5099 22.3017 20.4821 20.1828 19.8278
threshold=5087.6500000000005 0 1.0000000180025095e-35 1 2 17.500000000000004 3 4 1.0000000180025095e-35 93.406500000000008 1.5000000000000002 29.500000000000004 1.5000000000000002 49.500000000000007 45.500000000000007 5 37.500000000000007 6 7 29.500000000000004 6.5000000000000009 8 30.500000000000004 39.500000000000007 9 10 11 93.89700000000002 32.500000000000007 12
decision_type=2 9 2 1 9 2 1 9 2 2 2 2 2 2 2 1 2 9 9 2 2 1 2 2 9 9 9 2 2 9
left_child=3 -2 4 -1 -3 8 -5 -8 9 10 -6 -12 13 -13 15 20 17 21 19 -19 23 26 29 -11 -25 -26 -17 -21 -28 -23
right_child=1 2 -4 6 5 -7 7 -9 -10 14 11 12 -14 -15 -16 16 -18 18 -20 27 -22 22 -24 24 25 -27 28 -29 -30 -31
leaf_value=0.029346374419676476 0.02419190838064381 0.012409479090582893 0.027241650315055745 0.020625260372317385 0.014033989292437255 -0.03470546823923041 -0.0023929156138686736 0.016232400889932955 -0.00043287637711295133 0.012850285665748258 0.016046744854694931 -0.04255671686472582 0.0038714949494261606 0.013726019005910745 1.0470605637968222e-05 0.011142471321976452 0.012116842178782804 0.030667400694475613 -0.029740686990354731 -0.041712575621386166 -0.021915217677104668 0.00070110852815354443 -0.018323714220001158 -0.021767435005702766 0.014263676724498568 -0.011861575842403171 0.0052413004012414046 -0.004155279111487966 -0.042830011684328137 0.045982491924960324
leaf_weight=573.77080388367176 169.24117997288704 680.68630927801132 115.13878038525581 1397.6031737923622 701.92510464042425 12.557915925979612 76.32647031545639 135.51924107968807 393.73232994228601 761.51972845196724 130.04175546765327 26.273260660469532 540.92377784103155 14.914647527039049 661.34576474130154 262.46585786342621 371.52794326096773 31.169350050389767 79.032885812222958 15.776443988084791 26.397917851805687 46.521654009819031 94.460463784635067 37.56850403547287 131.83374765515327 49.826919704675674 18.082052081823353 75.539612904191017 13.65473225712776 10.647846594452856
leaf_count=596 192 2145 148 1795 1802 117 164 203 1423 2857 289 141 1727 46 3119 795 1484 97 397 78 151 234 554 197 507 253 56 349 65 38
internal_value=0.0116543 0.00756353 0.00697313 0.0219065 0.00653568 0.00560783 0.0192507 0.0101627 0.00573436 0.00632713 0.00928091 0.00459058 0.00202384 -0.0221195 0.00477147 0.00632402 0.00329536 -0.00176392 -0.0112186 -0.000143585 0.00938434 0.00269561 -0.00790746 0.010232 0.00112173 0.00670966 0.00826297 -0.0107153 -0.0154167 0.00925274
internal_weight=7656.03 5472.81 5303.57 2183.22 5188.43 4507.74 1609.45 211.846 4495.18 4101.45 1414.08 712.153 582.112 41.1879 2687.37 2026.03 1018.88 647.351 201.518 122.485 1007.15 445.833 151.63 980.749 219.229 181.661 294.203 91.3161 31.7368 57.1695
internal_count=22019 19261 19069 2758 18921 16776 2162 367 16659 15236 4005 2203 1914 187 11231 8112 4147 2663 921 524 3965 1742 826 3814 957 760 916 427 121 272
cat_boundaries=0 1 2 3 4 5 6 7 8 9 10 11 12 13
cat_threshold=288 4 356 1 770 1 202 2 1 34 1 1 1
is_linear=0
shrinkage=0.03


Tree=54
num_leaves=31
num_cat=14
split_feature=17 11 8 17 13 13 1 17 7 10 17 17 10 1 2 17 17 3 20 17 20 1 10 3 9 1 9 10 17 1
split_gain=299.661 68.7412 52.4084 45.853 43.0053 30.4978 36.9321 47.469 24.4955 24.0575 20.948 19.9498 17.9581 19.3471 19.5077 32.9605 26.0316 22.0562 19.0822 16.1927 23.2379 22.9743 26.7128 25.3119 22.8767 43.7928 20.9998 30.9032 27.7083 49.0346
threshold=1.1525000000000001 10.500000000000002 0 1.4490000000000003 1 2 3 1.2650000000000003 4 17.500000000000004 0.71550000000000014 0.89700000000000013 4.5000000000000009 5 6 1.2510000000000001 1.2885000000000002 7 4.5000000000000009 4.8575000000000008 4.5000000000000009 8 5.5000000000000009 9 10 11 12 2.5000000000000004 4.9665000000000008 13
decision_type=2 2 9 2 1 1 9 2 1 2 2 2 2 9 9 2 2 9 2 2 2 9 2 9 1 9 1 2 2 9
left_child=4 -2 -3 5 -1 6 7 -4 -6 19 -10 -12 13 -7 -15 -16 -17 -18 -19 21 24 -5 23 -23 25 -21 -22 -28 29 -29
right_child=1 2 3 9 8 12 -8 -9 10 -11 11 -13 -14 14 15 16 17 18 -20 20 26 22 -24 -25 -26 -27 27 28 -30 -31
leaf_value=0.028972514510064825 0.028884967124896386 0.023700632887902615 0.016756402094881287 0.011123561128999492 0.020478420920832439 0.016699388199732858 0.0090933478870835107 -0.023835736070008547 0.02169945471534063 -0.03397482829484369 -0.0072459816929211947 0.019968685429415992 0.0006518977223262416 0.017612521102482702 -0.023791642234250371 0.01936429160229533 0.014923056100834336 -0.00091409927529795092 -0.035899652139909172 0.012367547106340766 0.0078091451366653535 0.0044517072914323323 -0.029219816529139887 -0.006843298489085531 0.010687432497448236 -0.011337872836416322 -0.0056585749285326444 0.015162064304217819 0.026900132409866041 -0.010834286774459724
leaf_weight=530.04137900471687 137.51687508821487 165.79598417878151 37.769376665353775 179.34337348490953 1167.8960241824389 802.83628331124783 288.76780724525452 81.796512350440025 69.521691605448723 14.160023376345633 81.204567939043045 34.427694022655487 103.72420206665993 162.83359271287918 32.157177999615669 118.38877807557583 71.851611346006393 153.3135437220335 15.369850680232046 131.28830733895302 500.32151159644127 504.39066100865602 28.034634493291378 263.42810245603323 1142.719432964921 129.1075604185462 399.90899343788624 125.85237412154675 52.438534878194332 116.29496697336435
leaf_count=560 161 190 77 749 1500 1481 853 334 90 134 189 50 369 333 107 228 183 503 65 462 1826 2286 191 1473 4224 604 1669 448 161 519
internal_value=0.0113263 0.0079285 0.00741485 0.00686298 0.021716 0.0106872 0.00342822 -0.0101377 0.0188692 0.00488877 0.00869668 0.00084109 0.0127144 0.0136342 0.00872503 0.00523638 0.00785135 0.00216665 -0.00390751 0.00504457 0.00628232 0.0017438 -0.000500726 0.000541109 0.00890169 0.000618527 0.00320331 -0.000220365 0.00714392 0.00284387
internal_weight=7642.5 5759.41 5621.89 5456.1 1883.09 1868.81 408.334 119.566 1353.05 3587.29 185.154 115.632 1460.48 1356.75 553.915 391.081 358.924 240.535 168.683 3573.13 2597.93 975.197 795.853 767.819 1403.12 260.396 1194.82 694.495 294.586 242.147
internal_count=22019 19630 19469 19279 2389 4533 1264 411 1829 14746 329 239 3269 2900 1419 1086 979 751 568 14612 9913 4699 3950 3759 5290 1066 4623 2797 1128 967
cat_boundaries=0 1 2 3 4 5 6 7 8 9 10 11 12 13 14
cat_threshold=288 4 1 57 1 869 4 66 312 102 2 901 18 540
is_linear=0
shrinkage=0.03


Tree=55
num_leaves=31
num_cat=11
split_feature=18 8 13 20 13 21 1 21 8 19 1 0 21 0 0 0 0 18 7 18 7 16 0 0 1 21 3 0 1 0
split_gain=336.727 57.6085 42.8322 28.4699 24.3925 23.4306 21.3338 28.3088 20.342 18.0752 20.7378 23.6035 39.1886 21.8532 24.6606 18.5181 31.0093 28.7648 26.6866 15.3402 23.8954 25.5925 21.3934 14.9738 34.0174 28.3256 25.6387 31.6967 22.7076 36.1451
threshold=5087.6500000000005 0 1 5.5000000000000009 2 2.9174053685313028 3 1.4978661367769956 4 1.0000000180025095e-35 5 39.500000000000007 1.4978661367769956 30.500000000000004 25.500000000000004 45.500000000000007 52.500000000000007 5193.4000000000005 6 5049.8500000000013 7 -35.449999999999996 60.500000000000007 39.500000000000007 8 2.524928003624769 9 52.500000000000007 10 37.500000000000007
decision_type=2 9 1 2 1 2 9 2 9 2 9 2 2 2 2 2 2 2 1 2 1 2 2 2 9 2 9 2 9 2
left_child=2 3 -1 4 -2 9 -6 8 -8 10 11 12 13 14 -3 18 -17 -18 -13 20 -4 22 -22 28 26 -26 27 -25 29 -12
right_child=1 5 19 -5 6 -7 7 -9 -10 -11 23 15 -14 -15 -16 16 17 -19 -20 -21 21 -23 -24 24 25 -27 -28 -29 -30 -31
leaf_value=0.028532333453378446 0.037422006623204079 -0.0082684089873446762 0.022853461819398378 0.020667036447367032 0.016169055966717749 -0.033805806918162748 0.021510664118961131 -0.032703417691180077 0.00049228065925498957 0.02050166585117762 0.0077765410498290867 0.016411136222223833 -0.023617856133970803 0.0026032007314529368 0.032373889696238743 -0.0032664305993015761 -0.010000379167903932 0.041898888488031645 0.050425080820742881 0.014492614240921148 -0.010887424867677369 0.021561857827411945 0.031292272068027316 -0.006942222090761562 0.0048927620663335256 0.044277024823202629 -0.025141910938274517 0.011412948277336629 0.003936520719014994 0.024183760771770636
leaf_weight=549.38765440881252 26.463785484433174 17.109730869531631 852.99877178668976 378.69682608544827 156.08639585971832 13.272561028599737 42.749884381890297 19.22327995300293 208.0919232070446 75.465232849121094 900.81682250648737 51.53343802690506 34.587488912045956 113.15031632781029 60.123230673372746 58.0632139518857 12.709481060504912 37.865671396255493 35.284738749265671 513.54352539777756 58.614889591932297 79.830422967672348 13.152773112058638 298.53472862392664 1261.4321280866861 16.575629942119122 37.263715527951717 118.02087216824293 1397.1047466546297 139.80935870110989
leaf_count=591 25 59 1032 567 252 128 47 77 574 113 3144 151 165 418 144 248 54 101 107 757 144 105 15 1364 5206 72 234 446 5141 461
internal_value=0.0110171 0.00714216 0.0213415 0.0144175 0.00949705 0.00580534 0.00774751 0.00218553 0.00497027 0.00593184 0.0056912 0.0120485 0.0056868 0.011036 0.0233324 0.0199649 0.0116485 0.0288035 0.0303117 0.0187356 0.0209 0.00988084 -0.00308267 0.00500827 0.00288397 0.00536735 -0.0041298 -0.00169242 0.00653657 0.00989083
internal_weight=7577.56 5510.04 2067.53 831.312 452.615 4678.72 426.151 270.065 250.842 4665.45 4589.99 420.427 224.971 190.383 77.233 195.457 108.638 50.5752 86.8182 1518.14 1004.6 151.598 71.7677 4169.56 1731.83 1278.01 453.819 416.556 2437.73 1040.63
internal_count=21942 19298 2644 1542 975 17756 950 698 621 17628 17515 1447 786 621 203 661 403 155 258 2053 1296 264 159 16068 7322 5278 2044 1810 8746 3605
cat_boundaries=0 1 2 3 4 5 6 7 8 9 10 11
cat_threshold=289 4 4 289 288 324 1 1 1552 108 1680
is_linear=0
shrinkage=0.03


Tree=56
num_leaves=31
num_cat=9
split_feature=18 8 19 4 17 17 10 1 9 17 20 17 17 10 4 15 17 20 17 10 20 1 10 9 1 20 17 10 10 5
split_gain=324.639 55.1102 42.6732 27.0834 23.6879 23.4195 21.9528 21.4538 20.4712 18.4872 23.4231 18.5459 17.6168 17.2356 25.173 16.9793 35.1086 16.6689 24.9963 16.4101 17.9899 15.8379 17.2277 23.2121 19.0366 16.4419 16.157 23.4455 21.1234 15.1306
threshold=5087.6500000000005 0 1.0000000180025095e-35 1 1.2950000000000002 1.3200000000000003 17.500000000000004 2 3 4.9625000000000012 1.5000000000000002 4.1365000000000007 0.71550000000000014 1.5000000000000002 4 94.340000000000018 4.9510000000000014 5.5000000000000009 1.6950000000000001 1.5000000000000002 3.5000000000000004 5 1.5000000000000002 6 7 5.5000000000000009 1.2555000000000003 2.5000000000000004 3.5000000000000004 8
decision_type=2 9 2 9 2 2 2 9 1 2 2 2 2 2 9 2 2 2 2 2 2 9 2 1 9 2 2 2 2 1
left_child=2 3 12 8 21 19 7 9 -2 10 11 -7 -1 14 -11 -12 -17 18 -10 20 -6 26 29 25 -25 -24 27 -3 -28 -23
right_child=1 4 -4 -5 5 6 -8 -9 17 13 15 -13 -14 -15 -16 16 -18 -19 -20 -21 -22 22 23 24 -26 -27 28 -29 -30 -31
leaf_value=0.024124568054022577 0.019453177560717162 -0.019045804439787151 0.027625076396034585 -0.0064362791021406324 0.017597938428703597 0.033872399386326253 -0.033654014539306415 0.0044614729917900869 -0.0029242960559803417 -0.018255449995823722 0.0075988382230448917 -0.023769803660132885 0.016261526074701872 0.02917775157249233 0.038188798232715274 -0.019251262008196296 0.040135723912928696 0.016322380186756514 0.03190408064335367 -0.017686622442340118 -0.012064082993255348 0.0070047671871848651 0.0076809253768928077 -0.020120585326654977 0.0016629793113843556 0.037036293666478419 0.028898784904135055 0.02308518507739063 -0.0071444140286187792 0.022508953009235819
leaf_weight=337.53927512466908 485.49503085017204 21.375187128782272 602.87052078545094 53.199345476925373 36.472285710275173 5.8714462220668784 12.937958799302576 3400.577221095562 134.21234722435474 19.008082464337349 234.5840667411685 30.777873188257217 1106.9339885562658 84.126075118780136 11.213887110352518 11.43523985147476 39.519363537430763 133.99590849876404 21.40508945286274 69.065497294068336 36.869294688105583 133.11366404592991 53.528129570186138 36.033753924071789 163.74789845198393 25.4952632188797 120.41993692517281 26.461001172661781 16.469581559300423 99.739647626876831
leaf_count=396 697 69 666 190 113 16 128 13741 402 81 891 172 1582 224 30 57 122 233 20 298 147 318 144 137 494 42 214 60 65 193
internal_value=0.0107066 0.00691964 0.0209093 0.0140504 0.0056171 0.00473697 0.00517937 0.00531196 0.0156422 0.0115608 0.0081285 -0.0143865 0.0181026 0.0222002 0.00264617 0.0110329 0.0267377 0.00828156 0.00186447 -0.00719759 0.00264967 0.0107379 0.00749418 0.00259491 -0.00303091 0.0152919 0.0183018 0.00419627 0.0245384 0.0136655
internal_weight=7564.49 5517.15 2047.34 828.308 4688.84 3992.46 3850.05 3837.11 775.108 436.536 322.188 36.6493 1444.47 114.348 30.222 285.539 50.9546 289.613 155.617 142.407 73.3416 696.384 511.658 278.805 199.782 79.0234 184.726 47.8362 136.89 232.853
internal_count=21942 19298 2644 1542 17756 16020 15462 15334 1352 1593 1258 188 1978 335 111 1070 179 655 422 558 260 1736 1328 817 631 186 408 129 279 511
cat_boundaries=0 1 2 3 4 5 6 7 8 9
cat_threshold=289 1 100 28 1 1488 1 516 4
is_linear=0
shrinkage=0.03


Tree=57
num_leaves=31
num_cat=9
split_feature=18 11 11 1 3 17 10 2 17 15 17 10 16 10 15 6 17 17 9 5 10 17 17 17 7 15 1 17 5 17
split_gain=312.672 46.5931 45.31 36.2014 33.6835 32.0456 20.7548 20.1239 30.2524 27.879 30.2298 18.122 27.2653 23.2337 18.9646 19.5146 42.8894 19.6709 19.8539 18.3927 22.1877 19.5917 17.6352 17.0094 18.0729 16.8272 15.9487 15.7379 42.1659 23.8743
threshold=5087.6500000000005 10.500000000000002 16.500000000000004 0 1 4.0485000000000015 15.500000000000002 2 4.0980000000000016 94.340000000000018 4.9585000000000008 6.5000000000000009 -42.349999999999994 5.5000000000000009 94.340000000000018 3 4.8565000000000014 4.4400000000000013 4 5 2.5000000000000004 4.9585000000000008 4.9635000000000007 0.71550000000000014 6 94.010500000000022 7 1.2950000000000002 8 1.3305000000000002
decision_type=2 2 2 9 9 2 2 9 2 2 2 2 2 2 2 1 2 2 1 1 2 2 2 2 1 2 9 2 1 2
left_child=2 -2 -1 -3 5 -5 27 8 -7 -9 -11 13 -13 14 15 17 -17 -10 22 20 -16 -21 -19 -4 25 -25 -20 28 -6 -29
right_child=1 3 23 4 6 7 -8 9 11 10 -12 12 -14 -15 19 16 -18 18 26 21 -22 -23 -24 24 -26 -27 -28 29 -30 -31
leaf_value=0.027515357808892291 0.026937362078004828 0.01249607077771695 0.023560537763273999 0.01422028402127405 0.019627837601665764 -0.04073211938540499 -0.034625530369143211 0.012416564899481213 -0.025254968458905173 0.012032422867707962 -0.037727258892101594 0.01897837379082893 -0.038135872120418177 0.035733927918548722 0.010807137833780392 0.048226153054135905 0.0010591851345749786 -0.0059905223547144625 0.0083459544940069855 0.024212102925302018 0.052784761506207645 -0.023954620587578707 -0.041835877903774056 0.014638772185973026 0.0055929403055716125 0.023292264221765963 -0.0065757471807003113 -0.0093352127764978858 0.00028623256772679139 0.0033669930196187181
leaf_weight=587.22975796461105 100.57490153610706 741.41971351206303 334.3766793012619 615.09326009452343 184.66238440573215 14.491001188755034 12.763943299651144 442.6902514025569 31.00774085521698 21.959182605147362 21.697813034057617 11.313275821506975 21.765485256910324 20.303198613226414 27.22895535826683 23.182849809527397 68.661600708961487 39.029218040406704 178.14250790327787 14.180327460169794 19.681818172335625 16.131033554673195 18.176454499363899 676.70961360633373 137.56315866112709 291.96272478997707 89.994640521705151 140.71311131864786 225.66598504781723 2422.4634301811457
leaf_count=655 127 2214 397 1412 419 76 121 1530 165 91 133 46 138 58 115 75 269 179 645 53 59 89 91 983 261 348 385 562 649 9597
internal_value=0.0104053 0.00670511 0.0204806 0.0063288 0.00531304 0.00870063 0.00336672 0.00563273 0.0019176 0.0101573 -0.0126596 0.00299742 -0.0185135 0.00430995 0.00308339 0.000709129 0.0130369 -0.00246254 -0.000273933 0.016806 0.0285578 -0.00131699 -0.0148875 0.0176092 0.0158057 0.0172522 0.00327011 0.00354329 0.00900061 0.00266816
internal_weight=7550.84 5522.99 2027.84 5422.42 4681 1694.73 2986.27 1079.64 593.29 486.347 43.657 578.799 33.0788 545.72 525.417 448.195 91.8445 356.351 325.343 77.2221 46.9108 30.3114 57.2057 1440.61 1106.24 968.672 268.137 2973.5 410.328 2563.18
internal_count=21942 19298 2644 19171 16957 5609 11348 4197 2443 1754 224 2367 184 2183 2125 1809 344 1465 1300 316 174 142 270 1989 1592 1331 1030 11227 1068 10159
cat_boundaries=0 1 2 3 4 5 6 7 8 9
cat_threshold=356 66 2 1 4 1 1 25 1
is_linear=0
shrinkage=0.03


Tree=58
num_leaves=31
num_cat=8
split_feature=18 11 11 16 3 4 10 17 17 0 17 7 15 17 15 17 0 3 0 5 2 17 17 0 17 3 17 10 16 3
split_gain=301.328 44.9744 44.415 29.2638 33.264 36.9698 20.8546 19.6694 24.9109 28.1725 16.4435 17.3139 16.2424 14.8806 36.4777 21.9938 14.5946 14.32 18.1933 28.7001 36.2809 25.6947 24.6079 34.3195 23.5931 37.1217 23.5886 25.2076 25.3276 21.8949
threshold=5087.6500000000005 16.500000000000004 10.500000000000002 -46.649999999999999 0 1 17.500000000000004 1.6450000000000002 1.3960000000000001 30.500000000000004 0.71550000000000014 2 94.010500000000022 0.89700000000000013 92.559000000000012 0.87650000000000006 36.500000000000007 3 35.500000000000007 4 5 4.9675000000000002 1.2885000000000002 27.500000000000004 4.9625000000000012 6 4.9655000000000014 1.5000000000000002 -36.949999999999996 7
decision_type=2 2 2 2 9 9 2 2 2 2 2 1 2 2 2 2 2 9 2 1 9 2 2 2 2 9 2 2 2 9
left_child=1 -1 -2 4 5 7 17 8 -4 -10 -3 12 -12 14 16 -16 -13 -5 19 22 -21 26 23 -19 -20 -26 27 -22 29 -29
right_child=2 10 3 6 -6 -7 -8 -9 9 -11 11 13 -14 -15 15 -17 -18 18 24 20 21 -23 -24 -25 25 -27 -28 28 -30 -31
leaf_value=0.027140677747539189 0.02632210857104322 0.023087100419443601 0.022487236322509402 0.0076087631382347328 0.017184522874767915 -0.032597226001807984 -0.033416056463725516 0.027984524419049899 0.017939735168270111 -0.0065637765527194808 0.014280620356386185 0.029137152155533291 0.022818928387232627 0.017873251993330421 -0.0079805624277718302 -0.058728277903544415 -0.002776409881392806 -0.0096009654493564769 0.00018571468828757821 -0.02704938219641213 0.010761937145399497 -0.043974483277549166 0.0086828660222041786 0.03274354031034428 0.018638097001914218 0.00013982768339343998 0.03737329418115512 0.010604619276424834 -0.018259521366783812 -0.0060310452652134134
leaf_weight=577.62390410900116 99.85135406255722 331.04947686195374 53.74285914003849 1660.5552141219378 415.51258060336113 22.7686762586236 12.402339175343512 35.278547689318657 56.723043635487556 164.2838521450758 672.93126232922077 26.123242855072021 289.12382815778255 53.038644686341286 21.037452772259712 12.20192803442478 25.040652096271515 21.262297935783863 1343.4834703654051 35.329619750380516 264.47799800336361 9.7172055095434171 500.77647705376148 87.592255145311356 168.78238786011934 226.36715362966061 19.440960139036179 133.49158298224211 66.062667012214661 132.58469940721989
leaf_count=655 127 397 66 5897 683 110 128 37 84 489 983 30 348 78 52 49 52 65 5906 166 829 47 1819 144 547 857 48 408 363 478
internal_value=0.0101106 0.0200646 0.00649536 0.00612978 0.0116417 0.00407057 0.00524802 0.00691404 0.00418843 -0.000255933 0.0172036 0.0154274 0.0168518 0.00543013 -0.00236547 -0.0268199 0.0134845 0.00535206 0.00406682 0.00680971 0.00247385 0.00414951 0.0115056 0.0244437 0.00208348 0.00852649 0.00492046 0.00385186 -0.0016431 0.00247654
internal_weight=7538.66 2008.17 5530.49 5430.64 748.31 332.797 4682.33 310.028 274.75 221.007 1430.55 1099.5 962.055 137.442 84.4033 33.2394 51.1639 4669.92 3009.37 1270.74 661.105 625.775 609.631 108.855 1738.63 395.15 616.058 596.617 332.139 266.076
internal_count=21942 2644 19298 19171 1469 786 17702 676 639 573 1989 1592 1331 261 183 101 82 17574 11677 4367 2339 2173 2028 209 7310 1404 2126 2078 1249 886
cat_boundaries=0 1 2 3 4 5 6 7 8
cat_threshold=46 1 1 66 1 1 5 136
is_linear=0
shrinkage=0.03


Tree=59
num_leaves=31
num_cat=9
split_feature=17 19 8 13 1 17 3 17 17 3 8 10 15 7 15 0 5 0 0 17 0 10 0 10 17 2 17 15 17 0
split_gain=268.123 52.0392 43.5353 35.7954 34.1584 28.4454 29.3557 28.1071 21.4595 28.8343 21.1562 18.7904 18.4399 19.6018 25.5869 20.1377 18.1425 17.973 34.0974 23.4111 19.5115 20.184 18.7502 19.6652 21.9542 17.7547 28.3451 24.8313 28.9743 22.4818
threshold=1.1525000000000001 1.0000000180025095e-35 0 1 2 1.2950000000000002 3 4.0485000000000015 1.3305000000000002 4 5 15.500000000000002 92.290000000000006 6 93.837000000000018 60.500000000000007 7 39.500000000000007 45.500000000000007 4.1720000000000015 52.500000000000007 1.5000000000000002 30.500000000000004 1.5000000000000002 1.2885000000000002 8 4.0980000000000016 94.340000000000018 4.9585000000000008 56.500000000000007
decision_type=2 2 9 1 9 2 9 2 2 9 9 2 2 1 2 2 1 2 2 2 2 2 2 2 2 9 2 2 2 2
left_child=3 2 -2 -1 10 -6 7 16 9 -8 -4 -10 -5 -14 -15 -16 -7 19 -19 22 21 -20 -12 -24 -25 26 -9 29 -29 -27
right_child=1 -3 4 12 5 6 8 25 11 -11 17 -13 13 14 15 -17 -18 18 20 -21 -22 -23 23 24 -26 27 -28 28 -30 -31
leaf_value=0.027199658866393729 0.021289729789018764 0.024147470222014168 0.017463625320410656 0.0094035912430005027 0.010089244949865234 0.021359964342218211 0.00810049434640224 -0.040370492959330796 0.0026784578492120956 -0.018988848598191277 0.022271614072320488 -0.03441428483284463 0.020919102168194079 0.020354902805117637 -0.011475181799020278 0.029691782004057407 0.0081635304556040983 0.029801264204929762 0.0094541603264713531 -0.011849055324855839 0.012518157463557467 -0.026942428823618185 0.017326831106097756 0.013378215260220634 -0.042618989550841604 0.0097568883892310519 0.002284612300718262 0.011327019411495725 -0.037486024228096562 0.044273486182487019
leaf_weight=478.26549191772938 161.41706502437592 150.54140691459179 337.66638793796301 210.94570541381836 773.83890657871962 174.77491982281208 51.261158905923367 14.267756156623362 2365.9722867906094 86.572526454925537 51.500612214207649 12.245050344616173 879.92981913685799 86.365375623106956 58.206878513097763 12.976993680000303 204.88820660859346 70.748102977871895 25.794676408171654 83.12323859333992 100.13718519359827 28.88277592509985 21.673341065645218 10.068501189351084 16.288459941744804 420.02423156052828 574.0049068108201 22.184752076864243 21.309435762465 17.670986726880074
leaf_count=549 196 197 782 341 1788 371 171 76 9520 387 109 121 1108 115 144 15 515 199 98 373 351 142 61 22 83 1482 2360 91 133 42
internal_value=0.00982974 0.00673784 0.00627271 0.0202072 0.00578049 0.00481573 0.00379772 0.00718537 0.00180945 -0.00968323 0.0117599 0.00248477 0.0175241 0.0191712 0.0093828 -0.00389713 0.0142503 0.00672707 0.0125545 -8.78122e-05 0.00463953 -0.00973127 0.00970651 -0.0037224 -0.0211447 0.00474056 0.00123829 0.00901485 -0.0125506 0.0111671
internal_weight=7523.55 5796.86 5646.32 1726.69 5484.9 4739.02 3965.18 1449.13 2516.05 137.834 745.883 2378.22 1248.42 1037.48 157.549 71.1839 379.663 408.217 225.563 182.654 154.815 54.6775 99.5309 48.0303 26.357 1069.46 588.273 481.189 43.4942 437.695
internal_count=21942 19670 19473 2272 19277 17057 15269 5070 10199 558 2220 9641 1723 1382 274 159 886 1438 790 648 591 240 275 166 105 4184 2436 1748 224 1524
cat_boundaries=0 1 2 3 4 5 6 7 8 9
cat_threshold=288 4 356 66 4 19 1 1 2
is_linear=0
shrinkage=0.03


Tree=60
num_leaves=31
num_cat=10
split_feature=17 13 8 11 1 14 17 9 0 0 17 20 5 1 17 0 0 16 0 0 14 14 12 1 5 17 17 9 2 10
split_gain=246.904 56.2868 46.7119 37.9316 44.7631 26.1025 23.4369 16.556 35.2997 24.1108 19.801 17.7923 19.6977 17.6227 19.5415 19.3798 21.2366 20.4676 13.973 20.2074 19.5933 17.4308 12.3032 12.0577 17.9717 11.9121 11.3876 11.855 24.7122 13.9189
threshold=1.2650000000000003 0 1 11.500000000000002 2 -2.3499999999999996 0.71550000000000014 3 57.500000000000007 56.500000000000007 4.9690000000000003 3.5000000000000004 4 5 4.8575000000000008 39.500000000000007 31.500000000000004 -36.949999999999996 44.500000000000007 31.500000000000004 1.0000000180025095e-35 -0.14999999999999999 2.5000000000000004 6 7 4.8575000000000008 1.2595000000000003 8 9 1.5000000000000002
decision_type=2 1 9 2 9 2 2 1 2 2 2 2 1 9 2 2 2 2 2 2 2 2 2 9 1 2 2 1 9 2
left_child=1 -1 -2 -4 -5 -6 -3 9 -9 10 13 -10 25 14 18 16 -16 -17 19 -7 -21 -20 23 24 26 -13 27 -8 -29 -30
right_child=2 6 3 4 5 7 22 8 11 -11 -12 12 -14 -15 15 17 -18 -19 21 20 -22 -23 -24 -25 -26 -27 -28 28 29 -31
leaf_value=0.026896663293571644 0.021425183190258594 0.02265451050141926 0.024152749516729275 0.016288540723218704 0.021792386756389913 0.014209535497247999 0.019320708271278457 0.0054707056943173052 -0.036662202649171374 0.022017606049642553 -0.038673381434218022 0.030544095945267184 -0.030071275909438627 -0.0024554039465118885 0.0067705108865324069 -0.013271631876061942 0.048796779348063674 0.030193913908679433 0.033589993773789795 -0.043859833313507637 0.006298408179909485 -0.015055827648539667 -0.0098962277880526861 0.015793189146418956 0.001703239013290144 -0.0086642421995798118 0.034931353116688928 0.037465718438673794 0.0061830369910193164 -0.0256628727152538
leaf_weight=508.30559055507183 166.90800601243973 329.53882347047329 97.480600595474243 303.98027563840151 77.470435127615929 16.700327701866627 73.053839683532715 3775.0078336782753 24.475670486688614 43.986590512096882 12.11401781439781 13.749214239418508 17.038436487317085 633.23553828522563 18.260933056473732 25.035201229155064 27.264055207371712 15.801429010927675 16.876473471522335 20.203904718160629 10.522270463407041 10.701259754598139 19.388309717178345 981.80667638033628 173.42204229533672 13.807427890598772 23.651747420430183 13.02378885447979 25.888373225927353 23.278849020600319
leaf_count=593 202 399 127 775 97 52 91 13818 130 129 68 28 87 2606 66 117 66 51 38 105 60 68 42 1530 370 60 23 17 53 79
internal_value=0.00962061 0.0181509 0.00615157 0.0056056 0.00525941 0.00451234 0.0154746 0.00423571 0.00506791 0.00040721 -0.000764926 -0.0161464 -0.0047625 -0.000178428 0.00836815 0.0186109 0.0320568 0.00350643 -0.00228056 -0.0121805 -0.026621 0.0146189 0.0136964 0.0140475 0.00815736 0.0108297 0.0156902 0.0122798 0.000724998 -0.00885541
internal_weight=7511.98 2171.36 5340.62 5173.71 5076.23 4772.25 1663.05 4694.78 3844.08 850.702 806.715 69.0707 44.5951 794.601 161.366 86.3616 45.525 40.8366 75.0042 47.4265 30.7262 27.5777 1333.51 1314.13 332.319 27.5566 158.897 135.245 62.191 49.1672
internal_count=21947 3197 18750 18548 18421 17646 2604 17549 14123 3426 3297 305 175 3229 623 300 132 168 323 217 165 106 2205 2163 633 88 263 240 149 132
cat_boundaries=0 1 2 3 4 5 6 7 8 9 10
cat_threshold=4 288 288 2 4 144 1118 1 28 1
is_linear=0
shrinkage=0.03


Tree=61
num_leaves=31
num_cat=16
split_feature=18 13 1 11 15 3 7 12 14 10 14 2 16 3 1 5 2 10 14 1 9 4 5 3 14 16 10 5 16 9
split_gain=268.374 45.5041 37.2732 43.4754 24.6482 20.0365 17.8979 22.1091 19.7374 17.8147 15.8744 24.3943 15.3786 15.2372 33.9192 32.3637 39.2085 31.4791 19.6197 16.7039 33.7719 28.4699 22.8173 20.2673 17.8849 16.4664 15.938 18.7858 14.9872 14.834
threshold=5087.6500000000005 0 1 11.500000000000002 92.868000000000009 2 3 1.0000000180025095e-35 -2.3499999999999996 1.5000000000000002 -1.7499999999999998 4 -42.349999999999994 5 6 7 8 10.500000000000002 1.2500000000000002 9 10 11 12 13 1.2500000000000002 -46.649999999999999 6.5000000000000009 14 -36.949999999999996 15
decision_type=2 1 9 2 2 9 1 2 2 2 2 9 2 9 9 1 9 2 2 9 1 9 1 9 2 2 2 1 2 1
left_child=1 -1 5 -4 -5 9 7 8 -3 12 -8 -12 -2 14 -6 16 -16 -17 -19 20 22 -21 23 -15 25 -24 28 -28 -22 -23
right_child=2 6 3 4 13 -7 10 -9 -10 -11 11 -13 -14 19 15 17 -18 18 -20 21 26 29 24 -25 -26 -27 27 -29 -30 -31
leaf_value=0.026676446014453438 0.023287729729785264 0.016993080323097678 0.025274234869471276 0.019377026307644114 0.010076116937411091 0.0049889463422749109 0.01306458109206441 0.011411581148292323 0.026575743810814952 0.014031239538760808 0.012226930875507157 -0.027746592941488218 0.048489751237675439 0.018277761122055709 -0.017459018496626136 0.0038827759932541358 -0.00050586649890677505 0.079240070819805442 0.017389728025761119 0.0057898502472685251 0.015468258073786276 0.00092089800557343068 0.0032066048549171697 -0.0078122821765957019 -0.0005761140894464487 -0.038104124744273202 0.011360392312474233 -0.030623701467743583 0.0064909880725826253 -0.013093111709360498
leaf_weight=499.4800228625536 65.556523829698563 613.6022103279829 96.318129509687424 104.16289660334587 414.15334458649158 124.80794432759285 139.4286440461874 382.96540749073029 286.13194291293621 104.22152771055698 30.065252691507339 25.066073551774025 33.560647301375866 52.203483067452908 151.81736049801111 756.58783190697432 642.27702828869224 7.7564019113779077 11.777091141790152 1705.8472258374095 557.20650930702686 179.77122773975134 11.683887571096419 41.498489730060101 48.633546963334084 32.167545102536678 21.851618818938732 16.870017185807228 241.46603149175644 100.28810288757086
leaf_count=590 107 843 122 138 1502 361 216 589 312 266 53 76 81 137 627 2953 2625 29 57 5810 1542 739 34 179 181 173 93 94 947 471
internal_value=0.00935151 0.0188378 0.00595513 0.00529888 0.0049308 0.0156897 0.0161838 0.0174719 0.0200465 0.0216969 0.00767204 -0.00591049 0.0318915 0.00462849 0.00254086 0.000499802 -0.00375259 0.0048609 0.0423807 0.00597559 0.00912671 0.00431196 -0.00246654 0.00781078 -0.0131751 -0.0270467 0.0117066 -0.00688548 0.012759 -0.00452411
internal_weight=7499.22 1976.74 5522.48 5194.34 5098.02 328.147 1477.26 1282.7 899.734 203.339 194.56 55.1313 99.1172 4993.86 1984.37 1570.22 794.094 776.121 19.5335 3009.49 1023.58 1985.91 186.187 93.702 92.485 43.8514 837.394 38.7216 798.673 280.059
internal_count=21947 2679 19268 18453 18331 815 2089 1744 1155 454 345 129 188 18193 7793 6291 3252 3039 86 10400 3380 7020 704 316 388 207 2676 187 2489 1210
cat_boundaries=0 1 2 3 4 5 6 7 8 9 10 11 12 13 14 15 16
cat_threshold=4 288 137 1 2 165 1217 4 4 582 2 1 1 64 4 19
is_linear=0
shrinkage=0.03


Tree=62
num_leaves=31
num_cat=9
split_feature=18 13 1 13 15 3 7 12 14 17 21 0 17 17 21 17 0 9 1 17 20 17 0 17 21 3 0 1 0 17
split_gain=258.326 45.0737 35.0068 37.5949 23.5228 18.7129 17.1742 21.2802 19.2278 18.0607 16.5904 16.418 15.7918 14.7604 37.3192 28.9257 24.2718 24.6152 22.9722 20.6747 19.9864 34.0382 17.0065 15.1006 32.6619 20.875 35.0256 26.4132 20.6729 18.4418
threshold=5087.6500000000005 0 1 2 92.868000000000009 3 4 1.0000000180025095e-35 -2.3499999999999996 0.71550000000000014 0.89587973461402759 31.500000000000004 4.9625000000000012 1.4025000000000001 1.8688348091416842 1.3490000000000004 57.500000000000007 5 6 4.9675000000000002 5.5000000000000009 4.8575000000000008 25.500000000000004 1.2650000000000003 1.4978661367769956 7 34.500000000000007 8 53.500000000000007 1.3305000000000002
decision_type=2 1 9 1 2 9 1 2 2 2 2 2 2 2 2 2 2 1 9 2 2 2 2 2 2 9 2 9 2 2
left_child=1 -1 5 -4 -5 10 7 8 11 -8 -2 -3 -7 14 15 22 17 18 -15 20 -18 -22 -6 -24 25 26 -25 28 29 -27
right_child=2 6 3 4 13 12 9 -9 -10 -11 -12 -13 -14 16 -16 -17 19 -19 -20 -21 21 -23 23 24 -26 27 -28 -29 -30 -31
leaf_value=0.026331119664188815 0.030806917032868347 0.023452072278954701 0.023192791703898579 0.018955681837121447 -0.013841185380080261 0.0097273932279911511 0.020464060564776107 0.011124366159061589 0.026113069883725408 0.00099582476086092784 0.013592126045272695 0.013028971364512155 -0.020100132675663761 0.0075519971838062727 -0.021852752474089614 0.020500810534039255 -0.034548248680116959 0.0050767402621263932 -0.0044449409487802407 0.032495148898902662 0.035881332753792759 -0.028205232116620876 0.01391770019729348 0.013031726596850778 -0.016968199897906055 0.0014216085068332386 -0.019638519683600045 0.014624101798138832 0.035649690683808688 -0.026029775927473065
leaf_weight=490.98027330636978 99.526689179241657 208.43592894077301 101.82878968119621 103.29931601881981 35.331001937389374 106.23206475377083 64.228847250342369 381.09871542453766 282.52239696681499 129.7674824744463 104.36194039136171 400.80586791038513 18.65465421974659 188.3111694008112 37.542286232113838 155.50364938378334 34.795408830046654 3086.8570446297526 512.18989578634501 7.7140578404068938 12.767287842929365 17.635910347104073 232.60818991065025 54.488479420542717 55.521683275699615 134.9838518127799 64.134959913790226 324.92815686017275 13.372698247432707 26.18293671309948
leaf_count=590 188 247 135 138 108 287 83 589 312 262 266 596 74 756 224 221 194 11778 2225 22 36 89 493 141 218 403 262 871 27 112
internal_value=0.0090876 0.0184526 0.00577045 0.00513458 0.00478293 0.0151956 0.0158119 0.0170812 0.019622 0.0074641 0.020992 0.0166031 0.00484761 0.00448885 0.0074994 0.00850849 0.00360305 0.00393385 -0.00115416 -0.013521 -0.0190529 -0.00116545 0.00652273 0.00732141 0.00503743 0.00702143 -0.00425018 0.00959771 -3.14401e-05 -0.00303288
internal_weight=7486.61 1957.84 5528.77 5200 5098.17 328.775 1466.86 1272.86 891.764 193.996 203.889 609.242 124.887 4994.87 1134.6 1097.06 3860.27 3787.36 700.501 72.9127 65.1986 30.4032 941.552 906.221 673.613 618.091 118.623 499.468 174.539 161.167
internal_count=21947 2679 19268 18453 18318 815 2089 1744 1155 345 454 843 361 18180 3080 2856 15100 14759 2981 341 319 125 2635 2527 2034 1816 403 1413 542 515
cat_boundaries=0 1 2 3 4 5 6 7 8 9
cat_threshold=4 288 4 137 1 2 1232 33 29
is_linear=0
shrinkage=0.03


Tree=63
num_leaves=31
num_cat=17
split_feature=18 13 8 11 1 3 10 17 17 7 10 17 10 17 9 1 8 6 7 1 6 3 9 20 12 14 3 10 9 3
split_gain=248.41 44.6157 42.8969 32.0555 33.6648 19.104 18.4124 29.284 16.5453 26.447 16.4918 15.1773 36.2335 27.7455 16.5784 28.4371 26.3312 14.7367 20.3413 21.0811 16.5692 22.2481 15.7234 14.8349 14.4195 15.919 14.4106 20.1691 20.3171 14.1711
threshold=5087.6500000000005 0 1 11.500000000000002 2 3 3.5000000000000004 4.9615000000000009 0.71550000000000014 4 1.5000000000000002 1.4025000000000001 5.5000000000000009 1.3490000000000004 5 6 7 8 9 10 11 12 13 5.5000000000000009 1.0000000180025095e-35 -1.7499999999999998 14 1.5000000000000002 15 16
decision_type=2 1 9 2 9 9 2 2 2 1 2 2 2 2 1 9 9 1 1 9 1 9 1 2 2 2 9 2 1 9
left_child=1 -1 -2 -4 5 10 7 -7 -3 24 -5 12 13 17 15 16 -13 -6 19 26 21 -21 -23 -20 25 -10 -19 -28 -29 -18
right_child=2 8 3 4 11 6 -8 -9 9 -11 -12 14 -14 -15 -16 -17 29 18 23 20 -22 22 -24 -25 -26 -27 27 28 -30 -31
leaf_value=0.025989749241271069 0.020403364074629372 0.021485367014809832 0.022402272711445948 0.030591305587455986 0.02865696533078417 0.0048706081467153536 0.02397673452137291 -0.041737428655320465 0.015139760211381756 0.00096614476442220148 0.012778618923852887 -0.019873224949829658 -0.021782097178616063 0.019997895304037561 0.0042131903929268719 -0.0069477505664940755 0.00081557586353989977 0.024301345082323528 -0.030041471863628932 0.01877457297413072 -0.014222857928155653 -0.015022308617143237 0.003001079061216425 0.009347051143703617 0.0096984275727994371 0.025655806464260186 0.01476411432069602 0.0079132630743236829 -0.010184835179298848 0.013189133331383329
leaf_weight=482.63458828628063 162.90017011761665 320.62420493364334 94.742289394140244 91.625821247696877 25.744339242577553 66.415092125535011 29.649523049592972 14.725238025188444 545.18797837197781 129.74474792182446 97.681579381227493 26.004889838397503 37.340160720050335 154.64751420915127 3120.7837064787745 345.10791776701808 169.0166697204113 56.650996893644333 24.028752267360687 57.913013577461243 55.169357597827911 44.194321513175964 210.55044735968113 13.167077749967573 289.1166749894619 171.96880801022053 225.77290567755699 162.5526470541954 72.919452026486397 173.00525691360235
leaf_count=590 202 399 127 178 55 195 73 73 777 262 257 176 225 221 12026 1496 746 113 133 138 196 156 620 50 459 192 537 411 239 625
internal_value=0.0088345 0.0180741 0.00559486 0.00509717 0.00479502 0.0144425 0.00346181 -0.00359179 0.0154477 0.0137393 0.0203529 0.00417472 0.00722324 0.00820949 0.00327768 -0.000859104 0.00487551 0.00628272 0.00565232 0.00656796 0.000884801 0.00359217 -0.000568018 -0.0160301 0.015383 0.0176688 0.0103801 0.00817983 0.00219766 0.0072818
internal_weight=7471.59 1939.28 5532.31 5369.41 5274.67 300.097 110.79 81.1403 1456.64 1136.02 189.307 4974.57 1140.65 1103.31 3833.92 713.135 368.027 948.663 922.919 885.723 367.827 312.658 254.745 37.1958 1006.27 717.157 517.896 461.245 235.472 342.022
internal_count=21947 2679 19268 19066 18939 776 341 268 2089 1690 435 18163 3094 2869 15069 3043 1547 2648 2593 2410 1110 914 776 183 1428 969 1300 1187 650 1371
cat_boundaries=0 1 2 3 4 5 6 7 8 9 10 11 12 13 14 15 16 17
cat_threshold=4 288 288 137 1 2 1174 128 2 1 1729 1 2 4 4 19 135
is_linear=0
shrinkage=0.03


Tree=64
num_leaves=31
num_cat=11
split_feature=18 13 8 11 1 3 10 17 17 7 10 5 15 17 10 17 0 17 17 3 1 17 15 17 17 1 2 0 2 17
split_gain=238.721 44.1276 41.2345 30.5337 31.6378 17.8962 17.2375 28.0643 15.9788 25.2297 15.4676 17.2259 30.4246 14.3953 34.3242 26.4008 23.3598 24.1732 21.203 39.5791 18.3718 38.585 35.7097 32.7292 29.3163 22.3229 23.5813 18.6352 38.1765 22.4396
threshold=5087.6500000000005 0 1 11.500000000000002 2 3 3.5000000000000004 4.9615000000000009 0.71550000000000014 4 1.5000000000000002 5 93.89700000000002 1.4025000000000001 5.5000000000000009 1.3490000000000004 57.500000000000007 4.9690000000000003 4.8575000000000008 6 7 4.9595000000000011 93.89700000000002 4.9655000000000014 4.9655000000000014 8 9 39.500000000000007 10 4.9615000000000009
decision_type=2 1 9 2 9 9 2 2 2 1 2 1 2 2 2 2 2 2 2 9 9 2 2 2 2 9 9 2 9 2
left_child=1 -1 -2 -4 5 10 7 -7 -3 -10 -5 12 -12 14 15 -6 17 18 19 -15 -20 -22 24 25 -23 26 -24 -28 29 -29
right_child=2 8 3 4 13 6 -8 -9 9 -11 11 -13 -14 16 -16 -17 -18 -19 20 -21 21 22 23 -25 -26 -27 27 28 -30 -31
leaf_value=0.025652071820639534 0.020012031317878067 0.021057899957289135 0.021894445953887617 0.029612414781695337 0.006097772693409961 0.0047214830629676002 0.023136749712611551 -0.041239745726386015 0.015025621407706575 0.00093734478770099384 0.014991562085541549 0.023153545999117973 -0.040301967938753271 -0.018399086555822564 -0.021387290198547151 0.019507854315361096 -0.013916804215167833 -0.038258680895473629 0.0082349677267593534 0.0019404128692973503 0.010982393178990945 0.00059084295252140773 -0.011337647859353372 -0.028090847967441247 0.015656075063884018 -0.011749185663430181 0.018259176427742666 -0.039773604683747521 0.029163361215159837 -0.0011059270316152866
leaf_weight=474.44411814212799 161.32466647028923 317.37051665782928 94.044573843479156 91.815335541963577 949.4627355709672 66.459853813052177 29.805371306836605 14.461058437824247 999.44133566319942 129.7226378172636 28.503134220838547 56.407461784780025 12.929583556950091 82.630739219486713 36.897186420857906 153.791937276721 70.484450630843639 12.326350331306456 1059.2978323623538 1195.8779088407755 391.1824145168066 399.79984816163778 77.231667883694172 54.458280131220818 164.08033487200737 158.12800757959485 87.999903857707977 20.618401437997818 25.638680815696716 39.307012788951397
leaf_count=590 202 399 127 178 2648 195 73 73 1428 262 59 128 70 508 225 221 338 71 3888 4845 1579 1461 303 285 454 711 276 115 80 155
internal_value=0.00859 0.0177024 0.00542663 0.00494139 0.00464779 0.0139962 0.00335755 -0.0034958 0.0150914 0.01341 0.0197084 0.0123753 -0.00224672 0.00404672 0.00701691 0.00797143 0.00317421 0.00349503 0.00363386 0.000493454 0.005253 0.00294472 -8.52286e-05 -0.00625754 0.00498191 -0.00333641 0.00233378 0.00857191 -0.0013658 -0.0145043
internal_weight=7455.94 1920.98 5534.96 5373.64 5279.6 300.382 110.726 80.9209 1446.53 1129.16 189.656 97.8402 41.4327 4979.21 1140.15 1103.25 3839.06 3768.58 3756.25 1278.51 2477.74 1418.44 1027.26 463.382 563.88 408.924 250.796 173.564 85.5641 59.9254
internal_count=21947 2679 19268 19066 18939 776 341 268 2089 1690 435 257 129 18163 3094 2869 15069 14731 14660 5353 9307 5419 3840 1925 1915 1640 929 626 350 270
cat_boundaries=0 1 2 3 4 5 6 7 8 9 10 11
cat_threshold=4 288 288 137 1 1 1 198 17 4 2
is_linear=0
shrinkage=0.03


Tree=65
num_leaves=31
num_cat=9
split_feature=18 14 17 21 11 1 17 1 17 3 0 1 0 0 6 17 0 12 7 15 21 11 17 3 4 15 17 0 21 3
split_gain=171.494 57.5397 57.1991 43.5406 39.3523 34.7577 29.0547 21.2733 25.4731 42.5202 26.2255 28.2542 23.2757 37.6691 30.121 19.9656 27.4908 19.8705 20.1609 20.3507 30.5227 19.1694 19.156 28.6477 25.3119 18.7817 25.4524 19.1001 17.5624 27.3029
threshold=5049.8500000000013 1.0000000180025095e-35 4.2070000000000007 1.8688348091416842 15.500000000000002 0 4.1365000000000007 1 4.8575000000000008 2 53.500000000000007 3 37.500000000000007 39.500000000000007 4 4.8565000000000014 49.500000000000007 1.5000000000000002 5 93.837000000000018 1.2424533248940002 10.500000000000002 1.2885000000000002 6 7 94.340000000000018 4.9595000000000011 31.500000000000004 2.0126758453675748 8
decision_type=2 2 2 2 2 9 2 9 2 9 2 9 2 2 1 2 2 2 1 2 2 2 2 9 9 2 2 2 2 9
left_child=4 2 3 5 -1 -2 21 25 9 10 11 12 14 -14 -9 -15 -17 18 -6 -20 -21 -7 -23 -24 -25 -3 -27 -28 29 -10
right_child=1 7 -4 -5 17 6 -8 8 28 -11 -12 -13 13 15 -16 16 -18 -19 19 20 -22 22 23 24 -26 26 27 -29 -30 -31
leaf_value=0.025980808319093138 0.012330000445159806 0.01170485704646141 0.036196158192266077 -0.013118467280420282 0.018340925013470667 0.023685472113469823 -0.012845121602257812 -0.017013853631901096 -0.0047594383548462248 -0.020143494118621576 0.032840951574216577 -0.016435317517247486 0.045580644463730086 -0.017959507134406916 0.027764649333022591 0.027160581576914922 -0.03616504363523753 -0.00011751565371091109 0.016367332961856669 -0.019879599374598055 0.027698706891463042 0.010977456566720736 0.010264771711708746 0.0011191386980803251 -0.018623164551260816 -0.015761494630594647 0.044697354265530329 0.0010015093102241825 0.012374774681040642 0.0044731643756477221
leaf_weight=429.75951409339905 1660.5971226096153 459.83236534893513 70.608699277043343 78.652285255491734 676.62133231759071 57.059855878353119 72.325138904154301 57.625002324581146 339.90293435007334 102.62224977463484 22.580837734043598 64.201333068311214 27.170233026146889 24.233103737235069 17.525224983692169 35.166186474263668 7.3522232621908179 72.486875683069229 72.121416717767715 45.081425175070763 16.460521966218948 414.36063382029533 272.57571686804295 366.16225270926952 69.403909504413605 56.860434882342815 13.23684638738632 28.176231399178505 193.93001211062074 1683.4796889573336
leaf_count=532 3530 1693 72 366 902 74 405 356 1444 769 100 402 103 147 86 161 48 137 103 125 19 859 725 1168 321 275 38 128 829 6170
internal_value=0.00867362 0.00658582 0.00951137 0.00887926 0.0185253 0.00947478 0.00554157 0.00372644 0.00253783 -0.00486749 0.00196369 -0.000941017 0.00557318 0.0158615 -0.00650851 0.00366977 0.0160808 0.0148898 0.0162358 0.00555151 -0.00708095 0.00671946 0.00585233 0.00284806 -0.0019779 0.00899868 -0.00271761 0.0151143 0.00374803 0.00291915
internal_weight=7508.17 6195.64 3061.75 2991.14 1312.53 2912.48 1251.89 3133.89 2575.79 358.476 255.854 233.273 169.072 93.9217 75.1502 66.7515 42.5184 882.772 810.285 133.663 61.5419 1179.56 1122.5 708.142 435.566 558.106 98.2735 41.4131 2217.31 2023.38
internal_count=22087 20269 7520 7448 1818 7082 3552 12749 10615 2172 1403 1303 901 459 442 356 209 1286 1149 247 144 3147 3073 2214 1489 2134 441 166 8443 7614
cat_boundaries=0 1 2 3 4 5 6 7 8 9
cat_threshold=1833 164 102 538 1 1 66 1 160
is_linear=0
shrinkage=0.03


Tree=66
num_leaves=31
num_cat=13
split_feature=18 14 17 10 11 1 17 3 0 4 11 9 1 17 3 0 1 9 0 0 9 10 1 20 0 17 6 9 0 3
split_gain=165.418 54.6296 54.7815 41.0479 38.8331 32.5063 29.4008 25.813 43.3817 26.8065 20.1352 21.0242 19.9105 24.1647 40.7186 24.2076 26.9132 36.4689 27.6252 35.4044 21.8251 25.8367 27.0121 22.6326 29.6802 20.3171 54.2256 29.3528 35.5766 28.0633
threshold=5049.8500000000013 1.0000000180025095e-35 4.2070000000000007 5.5000000000000009 15.500000000000002 0 1.2950000000000002 1 43.500000000000007 2 10.500000000000002 3 4 4.8575000000000008 5 53.500000000000007 6 7 37.500000000000007 39.500000000000007 8 1.5000000000000002 9 4.5000000000000009 29.500000000000004 4.9605000000000006 10 11 27.500000000000004 12
decision_type=2 2 2 2 2 9 2 9 2 9 2 1 9 2 9 2 9 1 2 2 1 2 9 2 2 2 1 1 2 9
left_child=4 2 3 5 -1 -2 -7 8 -8 -10 -9 -12 -3 14 15 16 17 -14 -19 -20 -15 23 25 24 -22 27 -27 29 -29 -23
right_child=1 12 -4 -5 -6 6 7 10 9 -11 11 -13 13 20 -16 -17 -18 18 19 -21 21 22 -24 -25 -26 26 -28 28 -30 -31
leaf_value=0.025646055634587064 0.011822946387966974 0.0086941974169477531 0.035501646184384707 -0.01277290407840272 0.014551348089721555 0.010984652473997736 -0.030834547644670945 0.029810457611268985 0.016893570009646211 -0.038438500805676679 0.013180824838808157 -0.00047289534047898391 -0.021269122284486339 0.0089118306849121868 -0.019849221497145204 0.031225015793688381 -0.016156728593768849 -0.0027302447666949347 0.054088845571708531 0.010880281272819448 -0.023734810669682936 -0.0057727532506174706 -0.0079255917512019904 -0.0097724710331370934 0.0059562570499026874 -0.018181112171572686 0.0065648937576341763 -0.04108655403790383 0.0074802217301729252 0.028457328640407276
leaf_weight=422.42095825076103 1732.9027366563678 560.30443649739027 69.843898981809616 78.363914020359516 876.33512970805168 476.84722352027893 56.295058123767376 25.712671786546707 43.637283653020859 9.4939262792468053 121.85859766602516 442.5299526900053 28.185593076050282 526.21870831400156 101.19090376794338 23.034957349300385 63.533448033034801 60.290733695030212 24.530894294381142 56.638919085264206 34.293773055076599 28.524761207401752 131.90571092441678 262.59901333600283 253.43202519416809 93.157815329730511 546.63398126512766 14.387784510850905 212.70167847722769 117.07629342377186
leaf_count=532 3708 2134 72 366 1286 1011 276 32 115 55 351 1534 178 1835 769 100 402 352 82 289 145 133 580 1118 976 401 1935 76 861 383
internal_value=0.00842818 0.00638675 0.00924141 0.00862533 0.0181639 0.00920316 0.00519611 0.0013192 -0.011452 0.00689638 0.00382332 0.00269674 0.00360474 0.00245404 -0.00477172 0.00187794 -0.000939928 0.00538209 0.0117756 0.024026 0.00362942 0.00192307 0.00450413 -0.00340364 0.00239997 0.00614464 0.00295475 0.0117752 0.00418885 0.0217926
internal_weight=7494.88 6196.13 3057.49 2987.64 1298.76 2909.28 1176.37 699.527 109.426 53.1312 590.101 564.389 3138.64 2578.34 357.405 256.215 233.18 169.646 141.461 81.1698 2220.93 1694.71 1144.39 550.325 287.726 1012.48 639.792 372.691 227.089 145.601
internal_count=22087 20269 7520 7448 1818 7082 3374 2363 446 170 1917 1885 12749 10615 2172 1403 1303 901 723 371 8443 6608 4369 2239 1121 3789 2336 1453 937 516
cat_boundaries=0 1 2 3 4 5 6 7 8 9 10 11 12 13
cat_threshold=1889 33 1 16 164 102 538 16 16 531 4 12 33
is_linear=0
shrinkage=0.03


Tree=67
num_leaves=31
num_cat=14
split_feature=13 14 17 1 10 17 3 17 17 17 7 1 17 3 9 10 20 16 6 1 3 10 17 1 9 2 15 17 2 17
split_gain=163.688 75.2235 49.0765 47.7304 40.1331 30.8532 22.8657 36.6151 25.1234 19.2147 24.3721 18.6691 23.0328 38.9085 20.4348 24.2977 21.3977 28.2399 19.2612 18.513 51.3578 50.4098 20.9197 18.0036 17.8779 32.1065 17.4673 23.8971 15.5827 17.1816
threshold=0 1.0000000180025095e-35 4.2070000000000007 1 5.5000000000000009 1.2950000000000002 2 1.3060000000000003 1.3060000000000003 0.73050000000000004 3 4 4.8575000000000008 5 6 1.5000000000000002 4.5000000000000009 -36.949999999999996 7 8 9 10.500000000000002 4.8595000000000015 10 11 12 94.340000000000018 4.9595000000000011 13 1.3490000000000004
decision_type=1 2 2 9 2 2 9 2 2 2 1 9 2 9 1 2 2 2 1 9 9 2 2 9 1 9 2 2 9 2
left_child=-1 2 3 5 9 -2 7 -7 -8 -5 -11 26 13 23 -14 16 17 -16 -19 20 -17 -22 -21 24 -13 -26 -3 -28 29 -9
right_child=1 11 -4 4 -6 6 8 28 -10 10 -12 12 14 -15 15 19 -18 18 -20 22 21 -23 -24 -25 25 -27 27 -29 -30 -31
leaf_value=0.023686207101034022 0.009380062493536491 0.010992301396342271 0.034828119511731939 0.018938617759050258 -0.013199146374329418 -0.041070926687953334 0.021239216339534427 -0.0066459592578560749 -0.010467980260050361 0.012275065981256985 0.00044202312234718365 -0.011626927396793545 0.008617876673834771 -0.019557723892894278 -0.0047776164391364956 0.019085636540925939 -0.0095215603487530786 0.04244625682689665 0.0087105078020859299 -0.037192235351583697 -0.001918082809736103 0.042121691827715489 0.001221950279173344 -0.010060114043990112 -0.035620402508591241 0.015696554629336154 -0.015606578851867581 0.014232167312406769 0.0024093072075191393 0.021716009800831115
leaf_weight=566.95991624891758 604.93878564983606 463.93220710009336 69.072421282529831 346.65037776529789 56.252490788698196 15.214901946485041 24.847991161048412 24.286616325378418 224.37196775525808 1863.8064034730196 171.61331282556057 31.524452537298203 528.15729666501284 99.790014579892159 183.07542784512043 223.04811140149832 261.45366767048836 18.524619489908218 86.500039517879486 12.968798562884329 349.85345274955034 24.964027352631092 535.82439099252224 72.228629529476166 11.771765761077404 141.13368793576956 56.654776200652122 41.89978963881731 282.92443315684795 88.808828487992287
leaf_count=754 1283 1693 72 459 215 80 80 88 910 3793 440 187 1835 769 745 683 1118 46 330 81 1412 99 2094 442 84 690 275 166 966 198
internal_value=0.00818835 0.00691713 0.00977335 0.00930436 0.0117552 0.00445081 0 0.00431621 -0.00700637 0.0123956 0.0112789 0.00348776 0.00237278 -0.00469331 0.00351727 0.00186509 -0.00330693 0.00232385 0.0147242 0.00436281 0.00795157 0.00099112 0.000296685 0.00177241 0.00670355 0.0109874 0.00840533 -0.00288887 0.00618642 0.0155984
internal_weight=7483.05 6916.09 3772.79 3703.72 2438.32 1265.39 660.455 411.235 249.22 2382.07 2035.42 3143.31 2580.82 356.449 2224.37 1696.21 549.554 288.1 105.025 1146.66 597.866 374.817 548.793 256.659 184.43 152.905 562.487 98.5546 396.02 113.095
internal_count=22087 21333 8584 8512 4907 3605 2322 1332 990 4692 4233 12749 10615 2172 8443 6608 2239 1121 376 4369 2194 1511 2175 1403 961 774 2134 441 1252 286
cat_boundaries=0 1 2 3 4 5 6 7 8 9 10 11 12 13 14
cat_threshold=4 150 202 1 164 102 16 4 514 74 538 16 1 4
is_linear=0
shrinkage=0.03


Tree=68
num_leaves=31
num_cat=15
split_feature=13 14 8 10 1 3 12 3 17 1 17 3 9 10 20 16 6 17 10 9 3 14 1 4 20 20 4 10 3 10
split_gain=158.423 71.4009 53.4558 49.689 35.3798 21.2786 25.3156 19.0287 26.8263 17.4654 21.8952 37.2426 19.1266 22.8653 20.2301 26.4325 17.653 17.4072 30.0536 31.5713 29.6921 23.5288 22.728 20.7431 20.7795 18.8925 41.4441 18.1393 17.763 20.3171
threshold=0 1.0000000180025095e-35 1 5.5000000000000009 2 3 1.0000000180025095e-35 4 1.3060000000000003 5 4.8575000000000008 6 7 1.5000000000000002 4.5000000000000009 -36.949999999999996 8 4.9585000000000008 11.500000000000002 9 10 1.2500000000000002 11 12 4.5000000000000009 3.5000000000000004 13 2.5000000000000004 14 10.500000000000002
decision_type=1 2 9 2 9 9 2 9 2 9 2 9 1 2 2 2 1 2 2 1 9 2 9 9 2 2 9 2 9 2
left_child=-1 2 3 4 5 -2 -7 8 -6 -3 11 -11 -12 14 15 -14 -17 18 19 21 -21 25 -19 24 -23 -15 -27 -22 29 -24
right_child=1 9 -4 -5 7 6 -8 -9 -10 10 12 -13 13 17 -16 16 -18 22 -20 20 27 23 28 -25 -26 26 -28 -29 -30 -31
leaf_value=0.023323762283386059 0.016435893095727922 0.0081233098351520504 0.015858363804244612 -0.017572386977781688 0.0068777591489088798 0.01104215180574962 0.0003714350804829675 0.0069613460398296051 -0.0077560633117575812 0.001688804526972729 0.0083348552046998668 -0.019268944792339041 -0.0046442591225397852 -0.018706319175178527 -0.0092763632951494944 0.040481877239026388 0.008414858256786029 -0.01658117201036154 0.057037622448115291 0.017976018985177696 -0.032061571960417298 0.047433766815088443 -0.009648584663287189 0.0048537747570209094 0.01439303825524829 -0.0073811511283208278 0.063989691250068981 -0.0034720740601360441 0.0053912439567269056 0.029632951082489978
leaf_weight=558.62583258748055 478.81981062144041 564.52957042306662 910.68448407948017 69.70423611998558 212.48950806260109 857.97186230868101 261.72715752571821 733.39416794478893 239.83673539757729 257.03952344506979 530.02286216616631 98.419238187372684 182.69116207957268 22.982462197542191 260.33347383886576 18.840679943561554 86.851037010550499 45.392264347523451 11.942643046379088 31.984737530350685 31.097803130745888 45.250908523797989 135.95393894612789 29.369116574525833 28.218096598982811 21.459658563137054 10.956148676574228 56.377292156219482 664.76314476877451 12.854866966605185
leaf_count=754 905 2134 1291 357 528 1852 704 1999 948 1403 1835 769 745 121 1118 46 330 227 46 115 171 104 578 112 98 101 31 259 2353 53
internal_value=0.00795567 0.00671286 0.0095012 0.00738966 0.00804282 0.0109498 0.00847515 0.00399466 -0.000855975 0.00337648 0.00229718 -0.00460375 0.00341031 0.00181058 -0.00321304 0.00225145 0.0141924 0.00422893 0.0105902 0.00856208 -0.00339479 0.0167601 0.00207946 0.026305 0.034821 0.00199207 0.0167717 -0.0122915 0.00328956 -0.00582622
internal_weight=7470.58 6911.96 3764.63 2853.94 2784.24 1598.52 1119.7 1185.72 452.326 3147.33 2582.8 355.459 2227.34 1697.32 548.716 288.383 105.692 1148.6 289.639 277.696 119.46 158.236 858.964 102.838 73.469 55.3983 32.4158 87.4751 813.572 148.809
internal_count=22087 21333 8584 7293 6936 3461 2556 3475 1476 12749 10615 2172 8443 6608 2239 1121 376 4369 1158 1112 545 567 3211 314 202 253 132 430 2984 631
cat_boundaries=0 1 2 3 4 5 6 7 8 9 10 11 12 13 14 15
cat_threshold=4 707 1833 161 37 164 102 16 4 12 34 1032 1 1 160
is_linear=0
shrinkage=0.03


Tree=69
num_leaves=31
num_cat=12
split_feature=13 14 8 10 1 3 12 0 10 3 1 20 10 6 15 2 12 0 0 10 4 1 3 0 10 10 8 0 0 0
split_gain=153.202 67.8171 51.388 46.903 33.4173 20.2271 23.8522 24.0368 31.0109 17.8881 16.359 19.1724 19.9827 24.8385 16.2647 21.5254 14.8544 14.7474 15.1989 13.2849 12.9858 32.7287 35.0018 22.4323 15.5491 15.3364 15.2411 16.0418 13.5327 32.8859
threshold=0 1.0000000180025095e-35 1 5.5000000000000009 2 3 1.0000000180025095e-35 30.500000000000004 4.5000000000000009 4 5 6.5000000000000009 8.5000000000000018 6 94.340000000000018 7 1.0000000180025095e-35 25.500000000000004 33.500000000000007 1.5000000000000002 8 9 10 56.500000000000007 10.500000000000002 1.5000000000000002 11 41.500000000000007 33.500000000000007 37.500000000000007
decision_type=1 2 9 2 9 9 2 2 2 9 9 2 2 1 2 9 2 2 2 2 9 9 9 2 2 2 9 2 2 2
left_child=-1 2 3 4 5 -2 7 -7 -9 17 14 20 13 19 -3 -16 -11 -6 -19 -13 -12 22 23 25 26 -22 -24 -28 -27 -30
right_child=1 10 -4 -5 9 6 -8 8 -10 16 11 12 -14 -15 15 -17 -18 18 -20 -21 21 -23 24 -25 -26 28 27 -29 29 -31
leaf_value=0.022964962273019165 0.015991703789462051 0.010331800223475384 0.015500095367797933 -0.017151239479348959 -0.034517068089194754 0.018565404812923177 0.00036029689472501475 0.0085543320828615575 -0.035725258415708443 0.009235540067188984 0.0039787650546428263 0.04440791068450807 0.029330249481629701 -0.024485476875374661 0.020227044833473942 -0.011458325104078737 -0.00075007208408342486 0.0078262890998121223 -0.0039548063632960555 -0.010383723528447349 -0.00078422700435379995 -0.010210267896128741 0.0043235684669001842 0.058024544820963427 0.035582889581877782 0.037933896660287188 -0.00046653755548500874 -0.020304359954989953 -0.039640663338799918 0.022421683923597176
leaf_weight=550.45914708077908 477.65444102883339 467.74082274734974 904.11614486575127 69.282280564308167 11.313841059803961 249.56453478336334 261.72681985795498 593.28535676747561 14.463542774319647 558.32515619695187 1868.6716754622757 7.9724243655800819 9.5567795112729055 64.703509978950024 26.125320322811604 72.687848590314388 175.70535894483328 148.6899042353034 291.81205223500729 7.6650513410568237 45.240341022610664 215.30179458111525 114.69628654420376 10.883221715688704 9.213964179158209 27.837429381906986 72.925584226846695 74.387850500643253 9.0811124071478826 46.464470244944096
leaf_count=754 905 1693 1291 357 41 416 704 1380 56 1444 7368 27 36 383 94 347 555 382 1053 37 189 1037 460 17 42 72 320 415 52 160
internal_value=0.00773263 0.00651794 0.00924117 0.00717586 0.00780904 0.0106368 0.00822589 0.0107193 0.0074899 0.00387604 0.00327092 0.00222547 -0.0113632 -0.0162715 0.00785579 -0.00303869 0.00674948 -0.000831223 1.59263e-05 0.0174646 0.00272571 -0.00100986 0.0039591 0.0156519 -0.00239054 0.0132169 -0.00384164 -0.00984349 0.0208412 0.0121682
internal_weight=7457.55 6907.09 3755.94 2851.82 2782.54 1596.69 1119.04 857.313 607.749 1185.85 3151.16 2584.6 89.8978 80.341 566.554 98.8132 734.031 451.816 440.502 15.6375 2494.7 626.032 410.73 139.507 271.224 128.623 262.01 147.313 83.383 55.5456
internal_count=22087 21333 8584 7293 6936 3461 2556 1852 1436 3475 12749 10615 483 447 2134 441 1999 1476 1435 64 10132 2764 1727 490 1237 473 1195 735 284 212
cat_boundaries=0 1 2 3 4 5 6 7 8 9 10 11 12
cat_threshold=4 707 1833 161 37 164 4 4 1 578 74 18
is_linear=0
shrinkage=0.03


Tree=70
num_leaves=31
num_cat=9
split_feature=18 11 14 17 1 9 4 10 3 15 11 17 1 17 0 0 10 0 17 1 7 9 17 17 0 0 0 17 7 14
split_gain=194.29 51.3924 31.8246 58.2208 28.262 30.6527 26.0921 30.8178 23.6857 23.3108 23.2927 24.8054 21.587 34.3197 34.8984 46.6152 25.7238 23.8265 21.6982 21.5664 30.4273 23.7271 20.616 36.6178 44.8087 20.2852 23.5647 19.6895 19.2954 23.0964
threshold=5087.6500000000005 16.500000000000004 1.0000000180025095e-35 4.2070000000000007 0 1 2 5.5000000000000009 3 93.956000000000017 10.500000000000002 4.1720000000000015 4 4.9595000000000011 45.500000000000007 37.500000000000007 3.5000000000000004 34.500000000000007 4.9655000000000014 5 6 7 1.3390000000000002 1.2950000000000002 27.500000000000004 35.500000000000007 53.500000000000007 1.2470000000000001 8 -2.3499999999999996
decision_type=2 2 2 2 9 1 9 2 9 2 2 2 9 2 2 2 2 2 2 9 1 1 2 2 2 2 2 2 1 2
left_child=1 -1 3 6 -4 -6 7 10 12 25 -2 19 13 14 15 17 -16 -7 -14 20 -12 22 23 24 -21 -10 -27 -8 29 -3
right_child=2 28 4 -5 5 8 27 -9 9 -11 11 -13 18 -15 16 -17 -18 -19 -20 21 -22 -23 -24 -25 -26 26 -28 -29 -30 -31
leaf_value=0.023759714062485636 0.023190634216901995 0.010667723105369793 0.0083373102480125885 0.033663178483132841 0.0035387716426869241 0.014622815291974182 0.03013731619817259 -0.01401169353551408 -0.021735725487320567 -0.022723327892470484 0.014550792880287345 -0.013830158248899381 -0.0074356868116584023 -0.0026177137710321026 -0.037207991106260788 0.044076960175949989 0.034786017287032331 -0.036478849810716231 0.013751345160757983 -0.039651546255063647 -0.01653744608633877 0.00097310497628724693 0.013233480334686732 -0.014103719583610418 0.012124047205753266 0.0086616692150651049 -0.028028943520241923 -0.0048508323075516033 0.0035708135473495445 0.019403007847788131
leaf_weight=502.39259301126003 85.078158795833588 729.24877962470055 569.07929778844118 71.013151273131371 1592.4337044917047 38.31906895339489 15.258364289999006 59.742592848837376 42.436323195695877 98.660985507071018 531.76498115062714 49.268112421035767 362.78017339855433 178.9817014709115 15.530920632183554 54.747097983956337 6.1264494657516471 10.331131711602209 49.25203737616539 15.906658232212065 29.758634656667709 600.20825976133347 454.42551854997873 81.171259045600891 245.33548064529896 94.62987457588315 18.781096756458282 247.83225908875465 188.04419282078743 438.17933338880539
leaf_count=681 108 1132 2117 77 6346 175 27 311 179 670 1103 304 1617 670 99 192 24 70 136 60 102 1692 1140 317 560 350 96 920 355 573
internal_value=0.00714637 0.015557 0.00436465 0.00689906 0.00235131 0.000984391 0.0061097 0.00720004 -0.00319683 -0.0108857 0.0078076 0.00715316 -0.000346504 0.00560899 0.0178481 0.0251096 -0.0166381 0.003657 -0.00477719 0.00768321 0.0126697 0.00554569 0.00893092 0.00347068 0.00894606 -0.00406071 0.00253986 -0.00279956 0.012513 0.0139504
internal_weight=7476.72 1857.86 5618.85 2486.76 3132.09 2563.01 2415.75 2152.66 970.577 254.508 2092.92 2007.84 716.069 304.036 125.055 103.397 21.6574 48.6502 412.032 1958.57 561.524 1397.05 796.839 342.413 261.242 155.847 113.411 263.091 1355.47 1167.43
internal_count=22203 2741 19462 6721 12741 10624 6644 5697 4278 1295 5386 5278 2983 1230 560 437 123 245 1753 4974 1205 3769 2077 937 620 625 446 947 2060 1705
cat_boundaries=0 1 2 3 4 5 6 7 8 9
cat_threshold=164 21 1 78 1050 864 1 26 1
is_linear=0
shrinkage=0.03


Tree=71
num_leaves=31
num_cat=10
split_feature=18 11 14 17 1 17 1 10 13 10 3 11 17 9 3 10 0 17 7 1 10 0 0 6 0 2 10 17 17 0
split_gain=186.207 50.4686 30.0535 55.6584 26.6705 26.6347 23.5999 32.1341 24.7287 31.0517 28.6259 23.3332 22.9131 22.3122 28.3591 30.5536 45.5328 26.8912 29.3467 27.7406 26.9666 26.1818 24.2411 23.5022 25.2133 22.7318 26.1926 22.3682 24.1768 27.2921
threshold=5087.6500000000005 16.500000000000004 1.0000000180025095e-35 4.2070000000000007 0 4.9595000000000011 1 5.5000000000000009 2 4.5000000000000009 3 10.500000000000002 1.2650000000000003 4 5 1.5000000000000002 52.500000000000007 4.9595000000000011 6 7 5.5000000000000009 52.500000000000007 31.500000000000004 8 40.500000000000007 9 3.5000000000000004 4.8575000000000008 4.8595000000000015 55.500000000000007
decision_type=2 2 2 2 9 2 9 2 1 2 9 2 2 1 9 2 2 2 1 9 2 2 2 1 2 9 2 2 2 2
left_child=1 -1 3 6 5 -4 7 8 9 10 12 -8 -2 21 15 -15 17 19 -19 23 22 -6 -21 24 -17 -16 27 -27 -29 -30
right_child=2 -3 4 -5 13 -7 11 -9 -10 -11 -12 -13 -14 14 25 16 -18 18 -20 20 -22 -23 -24 -25 -26 26 -28 28 29 -31
leaf_value=0.023433900527870748 0.01507313039205721 0.012212752069061779 0.00073990630636862928 0.033011401491740713 0.0025206959997858512 0.012724454227741058 0.023641544548468216 -0.021078795748905775 0.011572289456215308 0.043405703140585873 0.011831135321838595 0.0018483925487218923 -0.01637112346343533 -0.0062373746212444911 -0.02406394364178973 0.021708706892256884 -0.022512527069928037 0.0055874615518639575 -0.016791751399796811 0.017994111240162199 0.034998889235538844 0.017875306524347538 -0.016809860337065028 0.019867218469635513 0.087196181186842428 -0.020102426375016125 -0.022318737066216152 0.057438626378725495 0.0044647722142136309 -0.037782774435092703
leaf_weight=494.22207590192556 25.324408516287804 1347.3059623688459 292.90271937847137 70.25628288090229 899.65765130519867 389.61036055535078 46.015065014362335 31.451177544891834 1011.9395973011851 14.242465697228907 75.708146624267101 1095.1162991672754 114.3613767772913 351.44936941564083 70.44583735615015 10.864361427724363 51.513560198247433 369.22331283614039 61.384043626487255 26.771407164633274 18.236017435789108 112.48121839016676 54.303565338253975 98.636767856776714 10.682036496698855 44.631401509046555 64.107238344848156 7.0650696009397498 186.23309914022684 14.754177935421465
leaf_count=681 50 2060 1336 77 3562 1210 61 167 2230 24 187 3495 430 1547 363 41 261 1206 319 104 71 424 316 393 23 342 346 25 762 90
internal_value=0.00694757 0.015227 0.00423356 0.00669863 0.00227891 0.00747697 0.00593031 0.00872608 0.00955542 0.00065343 -0.00217838 0.00270808 -0.00993176 0.000797086 -0.00159789 0.000968814 0.00459696 0.00675284 0.00238713 0.0152989 0.00192623 0.00419025 -0.00527243 0.0241459 0.0545668 -0.00843262 -0.00520677 -0.000846396 0.00327767 0.00133128
internal_weight=7460.9 1841.53 5619.37 2484.41 3134.95 682.513 2414.16 1273.03 1241.58 229.636 215.394 1141.13 139.686 2452.44 1440.3 1053.06 701.615 650.102 430.607 219.494 99.311 1012.14 81.075 120.183 21.5464 387.237 316.791 252.684 208.052 200.987
internal_count=22203 2741 19462 6721 12741 2546 6644 3088 2921 691 667 3556 480 10195 6209 4281 2734 2473 1525 948 491 3986 420 457 64 1928 1565 1219 877 852
cat_boundaries=0 1 2 3 4 5 6 7 8 9 10
cat_threshold=228 865 1 76 17 78 1 1042 4 4
is_linear=0
shrinkage=0.03


Tree=72
num_leaves=31
num_cat=10
split_feature=17 13 8 11 13 17 9 17 9 17 17 20 14 7 15 0 17 0 15 6 0 3 8 10 17 6 16 0 0 0
split_gain=175.113 53.8959 42.8616 27.5892 18.7043 26.821 21.5722 19.7701 30.2311 17.6235 24.6722 17.1946 16.9989 16.8422 28.6052 16.417 16.2124 16.1019 28.6485 27.8193 30.323 36.427 23.6664 23.2125 22.1264 21.3098 26.268 25.1137 22.2105 17.3963
threshold=1.2650000000000003 0 1 10.500000000000002 2 1.4490000000000003 3 1.3390000000000002 4 4.9655000000000014 4.9690000000000003 5.5000000000000009 -2.3499999999999996 5 93.284500000000023 52.500000000000007 1.2630000000000001 39.500000000000007 94.340000000000018 6 37.500000000000007 7 8 6.5000000000000009 4.8565000000000014 9 -36.949999999999996 42.500000000000007 40.500000000000007 32.500000000000007
decision_type=2 1 9 2 1 2 1 2 1 2 2 2 2 1 2 2 2 2 2 1 2 9 9 2 2 1 2 2 2 2
left_child=1 -1 -2 -4 -5 7 15 12 11 17 -11 -9 -6 14 16 -7 -3 19 25 20 21 22 -8 24 -21 28 -27 -28 -19 -24
right_child=2 13 3 4 5 6 9 8 -10 10 -12 -13 -14 -15 -16 -17 -18 18 -20 23 -22 -23 29 -25 -26 26 27 -29 -30 -31
leaf_value=0.023469676628702411 0.019374467223721305 0.0090936138360764949 0.019823479840090474 -0.0028706579894326859 0.017475821071678981 0.0032631653534191578 0.015050747543922367 -0.023256791346733228 0.014216654321307922 0.017808987212034617 -0.023687226617088483 0.0069827368394581391 0.0018990772780127516 0.0033959996331114272 0.019024156633552412 0.010857911144784044 0.031733432407422706 -0.032357419177753359 -0.022621939844225395 0.0087004114496863853 0.020127353955256593 -0.0077846393171023525 0.0076630730949731442 0.034884673808048598 -0.02285483208136159 0.020007081319208954 0.030951138773658526 -0.024305054031770384 -0.0039520983778346466 -0.019909481289870582
leaf_weight=447.72008084505796 148.139250472188 902.12712318450212 91.177078127861023 421.99014979600906 72.064734652638435 1972.9404955245554 169.85371322184801 33.21414552628994 488.37842725217342 85.278075531125069 15.044529616832731 34.110293745994568 505.73685075342655 195.31243321299553 452.68711353838444 294.90327709913254 29.437199041247368 26.48998000472784 73.85324140638113 26.055392041802406 92.598587423563004 208.54765801876783 45.44904275983572 8.8350329548120481 83.639338292181492 70.581863861531019 9.7285084277391416 29.61493219435215 373.22904033213854 37.374399535357952
leaf_count=629 190 1615 128 1500 98 7554 521 124 902 223 79 70 1467 392 599 1104 41 138 422 103 335 925 217 29 396 221 40 170 1744 227
internal_value=0.00675333 0.0142753 0.00393845 0.00346035 0.00317803 0.00371522 0.00245413 0.00774393 0.0117862 -0.000547048 0.0115389 -0.00688282 0.00384972 0.011666 0.0128304 0.00423385 0.00981558 -0.00152011 -0.00516737 0.00164098 0.00446826 0.00131425 0.008796 -0.0115367 -0.0153312 -0.00262818 0.00905354 -0.0105219 -0.00584969 -0.00424059
internal_weight=7446.11 2027.28 5418.83 5270.69 5179.51 4757.52 3624.02 1133.5 555.703 1356.17 100.323 67.3244 577.802 1579.56 1384.25 2267.84 931.564 1255.85 583.498 672.353 553.823 461.225 252.677 118.53 109.695 509.644 109.925 39.3434 399.719 82.8234
internal_count=22203 3276 18927 18737 18609 17109 14448 2661 1096 5790 302 194 1565 2647 2255 8658 1656 5488 2735 2753 2225 1890 965 528 499 2313 431 210 1882 444
cat_boundaries=0 1 2 3 4 5 6 7 8 9 10
cat_threshold=4 288 1 21 1 1 1 142 24 1
is_linear=0
shrinkage=0.03


Tree=73
num_leaves=31
num_cat=6
split_feature=18 11 8 11 7 14 12 6 15 0 0 2 17 17 0 13 17 4 17 17 0 10 10 10 10 0 17 10 0 17
split_gain=170.879 48.7437 40.1705 27.42 17.9225 21.5895 24.2155 19.5331 15.8301 25.4215 26.3764 19.1841 15.1995 32.0665 17.2727 16.7255 19.1011 24.3015 22.0216 28.1041 21.6354 22.0727 19.1605 18.1649 16.0038 20.3765 18.709 22.7086 16.1852 21.5977
threshold=5087.6500000000005 16.500000000000004 0 10.500000000000002 1 -2.3499999999999996 1.5000000000000002 2 93.837000000000018 45.500000000000007 25.500000000000004 3 1.2650000000000003 1.2555000000000003 52.500000000000007 4 4.1365000000000007 5 1.3390000000000002 1.3685000000000003 30.500000000000004 1.5000000000000002 2.5000000000000004 1.5000000000000002 5.5000000000000009 58.500000000000007 4.862000000000001 17.500000000000004 44.500000000000007 4.8645000000000005
decision_type=2 2 9 2 1 2 2 1 2 2 2 9 2 2 2 1 2 9 2 2 2 2 2 2 2 2 2 2 2 2
left_child=1 -1 -2 -4 5 7 -7 -3 -6 10 -10 -12 13 14 -5 -14 17 18 -17 -20 -21 -22 -23 -19 -18 26 -26 28 29 -28
right_child=2 4 3 12 8 6 -8 -9 9 -11 11 -13 15 -15 -16 16 24 23 19 20 21 22 -24 -25 25 -27 27 -29 -30 -31
leaf_value=0.022801757509255356 0.019015592894493338 0.011855542603833997 0.0195718064151892 0.0074096097802996601 0.0096442438994907686 0.020878125533913345 -0.0020624724529869965 -0.0023164482163693656 0.018044141163970216 0.014463666502487193 -0.062750527936282288 -0.015396212318208187 -0.00291317118870755 0.030851074515888265 -0.024606496278066024 0.0021529856648349931 0.0014110718525334499 0.0046899774108620246 0.020453642349972066 0.017904579318781647 0.010563011156471701 -0.010722985679730282 0.006349067336886529 -0.016368388569367873 -0.011274003696490779 0.045251847679917384 0.050076754010687528 -0.033347660910809825 0 0.012859562681610757
leaf_weight=478.54806756973267 146.62078836560249 616.6939968764782 94.402208164334297 210.42919653654099 118.48572641611099 380.43506473302841 46.186044082045555 101.57057154178619 10.457150697708128 26.516008749604225 14.013600960373878 17.621687442064285 410.60011583566666 53.903848893940449 16.211439289152622 429.93811419606209 2926.1806663423777 78.273102447390556 196.29818345606327 139.00356687605381 257.9259144961834 117.36749987304211 118.94114409387112 69.281350746750832 44.761872284114361 12.780798658728598 15.170760050415991 10.606377974152563 83.615382082760334 187.10983879119158
leaf_count=681 190 936 132 518 193 484 89 196 17 42 57 46 1480 75 56 1214 11882 238 321 242 606 392 360 289 281 32 47 111 360 636
internal_value=0.00656716 0.0145828 0.00398386 0.00353905 0.0116261 0.0130336 0.0183876 0.00984725 0.002995 -0.0084418 -0.0229422 -0.0365991 0.0032633 0.0100649 0.00509645 0.00288822 0.00339711 0.0063222 0.00767263 0.0105292 0.00744518 0.00449438 -0.00211837 -0.00518164 0.00214134 0.00816645 0.00675591 0.00949082 0.0111017 0.015689
internal_weight=7429.95 1810.53 5619.42 5472.8 1331.98 1144.89 426.621 718.265 187.094 68.6084 42.0924 31.6353 5378.4 280.544 226.641 5097.85 4687.25 1407.03 1259.47 829.536 633.238 494.235 236.309 147.554 3280.23 354.045 341.264 296.502 285.896 202.281
internal_count=22203 2741 19462 19272 2060 1705 573 1132 355 162 120 103 19140 649 574 18491 17011 3662 3135 1921 1600 1358 752 527 13349 1467 1435 1154 1043 683
cat_boundaries=0 1 2 3 4 5 6
cat_threshold=288 1 1 4 1 1
is_linear=0
shrinkage=0.03


Tree=74
num_leaves=31
num_cat=12
split_feature=18 11 8 11 7 14 12 15 0 0 2 1 3 9 0 8 10 2 16 8 12 0 9 0 14 10 0 2 3 15
split_gain=163.616 47.7471 38.5462 26.099 17.0859 20.8231 23.2595 14.9344 23.9306 24.798 18.0294 14.6107 17.0144 27.1457 42.3638 22.3158 22.2489 26.3084 21.2014 17.8869 30.8845 20.489 16.3475 18.6315 21.852 15.0923 22.6879 14.952 14.2149 18.7
threshold=5087.6500000000005 16.500000000000004 0 10.500000000000002 1 -2.3499999999999996 1.5000000000000002 93.837000000000018 45.500000000000007 25.500000000000004 2 3 4 5 33.500000000000007 6 2.5000000000000004 7 -46.649999999999999 8 1.0000000180025095e-35 30.500000000000004 9 46.500000000000007 -0.14999999999999999 2.5000000000000004 52.500000000000007 10 11 93.956000000000017
decision_type=2 2 9 2 1 2 2 2 2 2 9 9 9 1 2 9 2 9 2 9 2 2 1 2 2 2 2 9 9 2
left_child=1 -1 -2 -4 5 -3 -7 -6 9 -9 -11 12 13 14 16 -14 17 -5 -16 21 22 27 23 24 -21 26 -23 -15 29 -13
right_child=2 4 3 11 7 6 -8 8 -10 10 -12 28 15 19 18 -17 -18 -19 -20 20 -22 25 -24 -25 -26 -27 -28 -29 -30 -31
leaf_value=0.022483014131605618 0.018662483016794077 0.0095973755720541089 0.01913683723200436 0.015755711424909988 0.0093860660974369355 0.020487088616086124 -0.0019986542922694789 0.017538954501806737 0.014077833769794695 -0.060804478782863332 -0.0149175454553436 7.7199926410842371e-05 0.019491528245236759 0.005545553000738104 0.01825650291409732 0.0019077177911870451 0.03321211874756351 -0.042293103088486918 -0.030788987598860371 0.014895581310520167 -0.038492869172077872 0.012852032343651275 -0.0082291269938788297 0.02711883383615964 -0.019774521933018357 0.021888567709072958 -0.015075636627222071 -0.018204981938587137 0.0026749414032804764 -0.024720224042184068
leaf_weight=470.89058044552803 145.12704908847809 714.91351503133774 93.6650420576334 18.535893008112907 118.10117633640766 376.13317669928074 46.233417958021164 10.438763856887816 26.429522857069969 14.03110483288765 17.644361704587936 85.616105169057846 168.87589704990387 92.126696817576885 8.9562612771987897 120.08834463357925 22.882888615131378 11.154691606760027 61.551327742636204 40.387908235192299 18.20764023065567 172.89593283087015 70.191830068826675 38.001360766589642 27.345210559666157 125.72908068448305 30.669365480542183 32.06834951043129 4194.5676768012345 39.965580269694328
leaf_count=681 190 1132 132 44 193 484 89 17 42 57 46 323 366 273 14 484 59 59 310 61 83 573 245 78 110 399 127 134 15112 286
internal_value=0.00638591 0.0142718 0.00386608 0.00343251 0.0113475 0.0127289 0.0180187 0.00291212 -0.00819623 -0.022246 -0.0354656 0.00316457 0.00631789 0.00386244 -0.00860415 0.0125053 0.011029 -0.00602117 -0.0244994 0.00633202 -0.00133086 0.00957641 0.00244229 0.0094414 0.000845826 0.013703 0.00862435 -0.000572639 0.00237017 -0.00722878
internal_weight=7413.43 1794.82 5618.61 5473.48 1323.93 1137.28 422.367 186.645 68.5438 42.1142 31.6755 5379.82 1059.67 770.704 123.081 288.964 52.5735 29.6906 70.5076 647.623 194.134 453.489 175.926 105.734 67.7331 329.294 203.565 124.195 4320.15 125.582
internal_count=22203 2741 19462 19272 2060 1705 573 355 162 120 103 19140 3419 2569 486 850 162 103 324 2083 577 1506 494 249 171 1099 700 407 15721 609
cat_boundaries=0 1 2 3 4 5 6 7 8 9 10 11 12
cat_threshold=288 1 4 480 106 8 11 4 88 20 4 128
is_linear=0
shrinkage=0.03


Tree=75
num_leaves=31
num_cat=14
split_feature=18 8 11 14 9 1 9 8 17 17 3 3 5 17 1 1 3 5 17 0 7 12 20 10 0 17 10 3 0 17
split_gain=158.239 42.4862 40.2287 31.2169 31.3626 27.4054 23.8705 22.7382 20.6562 29.3876 24.8827 19.9415 18.7946 18.5117 28.8453 21.5829 26.2406 20.8523 19.7313 17.4542 17.2046 16.7101 16.4345 16.1484 15.5995 15.2936 16.0902 15.2906 26.0041 15.135
threshold=5049.8500000000013 0 15.500000000000002 1.2500000000000002 1 2 3 4 1.2885000000000002 4.964500000000001 5 6 7 4.1365000000000007 8 9 10 11 1.3305000000000002 32.500000000000007 12 1.5000000000000002 4.5000000000000009 3.5000000000000004 58.500000000000007 1.3060000000000003 2.5000000000000004 13 39.500000000000007 0.71550000000000014
decision_type=2 9 2 2 1 9 1 9 2 2 9 9 1 2 9 9 9 1 2 2 1 2 2 2 2 2 2 9 2 2
left_child=2 8 -1 4 -3 12 -4 11 -2 10 -10 -6 -5 14 18 16 17 -15 19 -12 21 -8 -23 -13 -14 -21 -27 28 -11 -22
right_child=1 3 6 5 7 -7 20 -9 9 27 13 23 24 15 -16 -17 -18 -19 -20 25 29 22 -24 -25 -26 26 -28 -29 -30 -31
leaf_value=0.024028464685584141 0.0059066485936966218 0.014605126338393679 0.021102725650254218 -0.040423594827856436 0.0063826114946059359 0.0072874600310788226 0.012717007891703538 0.011876725796282427 -0.010082453167620443 0.01000626021058222 0.015228264300227033 -0.0076463097525427525 -0.00065876440980267167 -0.0018469076032493663 -0.0004720677145500797 -0.0058718145597181862 0.00016236216603790406 0.044893194449336017 0.016697608353876306 -0.033870518428526203 0.011602099087091563 -0.031029263871942842 0.006043834044749348 -0.04662332542103715 0.040714525696549313 -0.015666385803211003 0.035001276112909173 0.010439538115580184 -0.023242437737427176 -0.012629405575737249
leaf_weight=373.87260411679745 822.38920506089926 684.67901355028152 206.25349335372448 10.482931680977345 119.46890936046839 956.62905141711235 490.34519176185131 173.01026973128319 228.5204313993454 49.970178231596947 32.943291082978249 113.30202876031399 610.59752449393272 12.669470310211182 544.31940691173077 643.36617910116911 466.35313396900892 25.768545798957348 199.18512465804815 18.934797421097755 38.985075101256371 15.503289148211477 34.357289627194405 10.409083075821398 8.2131739109754545 16.139635950326923 8.5329934135079366 334.73325299471617 36.518472641706467 56.813237935304642
leaf_count=531 1825 1069 258 57 269 3358 739 264 1290 152 78 367 2441 66 1827 3061 2178 74 541 84 60 43 58 51 25 64 21 971 163 140
internal_value=0.00594509 0.00398232 0.0158304 0.00680241 0.0107106 0.00413005 0.0121854 0.00385104 0.00175405 0.000454949 -0.000935771 -0.00209289 -0.000768914 0.000175477 0.00362015 -0.00228079 0.00235991 0.0233783 0.0113135 -0.0011843 0.00881558 0.0110328 -0.0054624 -0.0101641 -9.82999e-05 -0.0136583 0.0018064 0.00771337 -0.00359346 -0.00273531
internal_weight=7343.27 6127.14 1216.13 2686.79 1100.87 1585.92 842.258 416.19 3440.34 2617.95 2196.73 243.18 629.294 1968.21 820.055 1148.16 504.791 38.438 275.736 76.5507 636.004 540.206 49.8606 123.711 618.811 43.6074 24.6726 421.222 86.4887 95.7983
internal_count=22125 20296 1829 7901 2020 5881 1298 951 12395 10570 9284 687 2523 7994 2615 5379 2318 140 788 247 1040 840 101 418 2466 169 85 1286 315 200
cat_boundaries=0 1 2 3 4 5 6 7 8 9 10 11 12 13 14
cat_threshold=194 28 1545 8 1 129 193 2 600 1157 32 1 1 162
is_linear=0
shrinkage=0.03


Tree=76
num_leaves=31
num_cat=16
split_feature=18 8 11 14 9 1 2 10 2 1 9 10 7 5 10 10 10 20 8 15 1 9 1 10 1 14 12 5 3 10
split_gain=151.673 40.1269 39.4886 29.9002 29.7194 25.693 26.3901 30.4232 23.8313 27.1417 23.0102 22.9595 26.884 22.2411 27.028 22.886 24.3422 21.9516 21.5695 20.4431 34.3295 32.6424 29.7394 29.229 22.7953 37.6417 20.2999 21.6173 18.8415 16.656
threshold=5049.8500000000013 0 15.500000000000002 1.2500000000000002 1 2 3 3.5000000000000004 4 5 6 2.5000000000000004 7 8 6.5000000000000009 3.5000000000000004 1.5000000000000002 5.5000000000000009 9 93.956000000000017 10 11 12 11.500000000000002 13 -0.14999999999999999 1.0000000180025095e-35 14 15 2.5000000000000004
decision_type=2 9 2 2 1 9 9 2 9 9 1 2 1 1 2 2 2 2 9 2 9 1 9 2 9 2 2 1 9 2
left_child=2 8 -1 4 -3 6 13 11 9 -2 -4 12 -8 14 15 16 -5 -13 28 21 -21 24 26 -22 -10 -26 27 -23 -6 -11
right_child=1 3 10 5 18 -7 7 -9 19 29 -12 17 -14 -15 -16 -17 -18 -19 -20 20 23 22 -24 -25 25 -27 -28 -29 -30 -31
leaf_value=0.023721030312421409 0.0084666586683482103 0.014251905905962368 0.020704699544427163 -0.020697948470292531 0.0062064702708045129 0.007050442537295195 0.010017338346085468 0.01546041214831231 0.008708400206683363 -0.0074493247208393355 0.0085957363178976991 -0.034589456899840477 -0.010329814132051127 -0.020423946487478199 0.038087434174076701 -0.041805002127324568 0.01332996114630214 0.0053808882661264389 0.011605793340804848 0.0040632258094205993 -0.012017174039884965 8.3651721079229478e-05 -0.0057493734743646434 0.045007654078948155 0.008913004441271041 -0.021835761914144831 -0.0099558860402301549 0.015750034055083288 -0.0098874241835542141 0.0082800984994407037
leaf_weight=367.4555391818285 745.2252499461174 680.90693992376328 204.13841323554516 31.088927194476128 119.46045526117086 959.42098619416356 148.28248329460621 131.3398489356041 634.55792615562677 193.48194395005703 632.73854364454746 33.261989444494247 96.242058604955673 93.499112240970135 14.139752283692358 13.793181255459784 47.998507350683212 19.423822969198227 171.98909739404917 240.26020494103432 351.85153459012508 157.60244805365801 645.75047437846661 8.1629483774304372 81.080895960330963 63.953502841293812 68.808796547353268 160.18158227205276 123.36821939051151 87.966415353119373
leaf_count=531 2264 1069 258 136 269 3358 484 489 1919 673 1040 166 485 418 45 70 154 76 264 1170 2117 502 2261 35 173 291 258 437 418 295
internal_value=0.00578192 0.00386693 0.0155145 0.00660923 0.0104478 0.00400068 -0.000746451 0.00343963 0.00170126 0.00553406 0.0119052 -0.00186578 0.00199572 -0.00974236 -0.000371959 -0.00629379 -1.76237e-05 -0.0198144 0.00376013 7.56147e-05 -0.00472088 0.00166647 -0.00183813 -0.0104145 0.00625414 -0.00433232 0.00466755 0.00799232 -0.00202644 -0.00243478
internal_weight=7327.43 6123.1 1204.33 2684.22 1095.72 1588.49 629.07 428.55 3438.88 1026.67 836.877 297.21 244.525 200.519 107.02 92.8806 79.0874 52.6858 414.818 2412.21 600.275 1811.94 1032.34 360.014 779.592 145.034 386.593 317.784 242.829 281.448
internal_count=22125 20296 1829 7901 2020 5881 2523 1700 12395 3232 1298 1211 969 823 405 360 290 242 951 9163 3322 5841 3458 2152 2383 464 1197 939 687 968
cat_boundaries=0 1 2 3 4 5 6 7 8 9 10 11 12 13 14 15 16
cat_threshold=194 28 1545 4 4 657 8 1 4 1 1700 18 102 659 4 193
is_linear=0
shrinkage=0.03


Tree=77
num_leaves=31
num_cat=9
split_feature=18 11 8 14 9 13 17 2 9 0 15 17 9 0 0 10 17 0 9 20 20 7 0 9 0 20 0 16 17 20
split_gain=145.28 38.7781 37.8653 28.6046 28.2045 27.0504 26.1339 22.391 22.2026 21.0704 19.2692 41.1387 30.723 17.4885 42.8909 31.1062 25.2881 23.007 19.8285 16.9692 17.1575 16.4118 16.3855 24.4686 21.7431 20.8246 16.3534 26.952 29.9724 17.7975
threshold=5049.8500000000013 15.500000000000002 0 1.2500000000000002 1 2 1.4595000000000002 3 4 46.500000000000007 93.956000000000017 4.862000000000001 5 40.500000000000007 45.500000000000007 2.5000000000000004 4.8595000000000015 48.500000000000007 6 3.5000000000000004 4.5000000000000009 7 43.500000000000007 8 39.500000000000007 2.5000000000000004 32.500000000000007 -36.249999999999993 4.3145000000000016 5.5000000000000009
decision_type=2 2 9 2 1 1 2 9 1 2 2 2 1 2 2 2 2 2 1 2 2 1 2 1 2 2 2 2 2 2
left_child=1 -1 7 4 -4 6 -6 9 -3 22 12 13 -9 16 15 -15 -12 -16 19 -19 -21 -10 23 24 -2 -25 27 28 -14 -29
right_child=2 8 3 -5 5 -7 -8 10 21 -11 11 -13 26 14 17 -17 -18 18 -20 20 -22 -23 -24 25 -26 -27 -28 29 -30 -31
leaf_value=0.023415439385884633 0.010710002431812502 0.020313589248690173 0.013906388885754867 0.0038752506320060111 -0.02430502582420007 0.0069082449546487516 0.026921163818677197 0.0060638542111218505 0.01055752977646531 -0.014185866824119289 -0.016499569832335088 0.021995727080393289 -0.0073336320039390293 0.020758212957848025 -0.031013322755096544 -0.017773445405557513 0.010217078436947099 -0.012463224486395221 -0.010457996339545604 0.068225451501794793 0.0092056711846247793 -0.0029179204145181573 0.023523504997040166 -0.04306853171619885 -0.012595486617121458 0.00022475077863739619 -8.2552792837871695e-05 -0.010631095823787169 0.046901020320739617 -0.048678953648914003
leaf_weight=361.18042346835136 553.07430844753981 202.05307346582413 677.19785018265247 1590.805806286633 48.770068347454071 353.92244802415371 10.837939918041227 780.30900168418884 534.57104706764221 47.157857954502106 220.01453553885221 48.018208302557468 122.00323089957237 88.957595892250538 40.054127126932144 23.756264425814152 37.072281591594219 9.2698315382003802 113.28115390241146 8.4086900278925913 9.6145358979701978 95.501232206821442 47.358801811933517 10.206347107887266 38.340350642800331 331.98789962381124 855.1776959002018 21.944906607270241 9.8082651942968351 22.883504271507263
leaf_count=531 1600 258 1069 5881 181 747 23 2383 840 210 1348 185 396 417 271 147 164 54 664 24 48 200 132 59 154 1077 2871 75 7 109
internal_value=0.00562242 0.0151985 0.0037546 0.00642039 0.0101878 0.00366439 -0.0149113 0.00165132 0.011626 0.00536272 7.383e-05 -0.00459181 0.00161646 -0.00692027 -0.0019009 0.0126019 -0.0126329 -0.0109694 -0.00521887 0.0147931 0.0371313 0.0083772 0.00630688 0.0054279 0.00903939 -0.00103959 -0.00178568 -0.0101105 -0.00324272 -0.0301852
internal_weight=7313.54 1193.31 6120.23 2681.53 1090.73 413.53 59.608 3438.7 832.125 1028.13 2410.57 598.447 1812.13 550.429 293.342 112.714 257.087 180.628 140.574 27.2931 18.0232 630.072 980.968 933.609 591.415 342.194 1031.82 176.64 131.811 44.8284
internal_count=22125 1829 20296 7901 2020 951 204 12395 1298 3232 9163 3322 5841 3137 1625 564 1512 1061 790 126 72 1040 3022 2890 1754 1136 3458 587 403 184
cat_boundaries=0 1 2 3 4 5 6 7 8 9
cat_threshold=194 28 1 4 8 18 1 1 25
is_linear=0
shrinkage=0.03


Tree=78
num_leaves=31
num_cat=7
split_feature=18 11 8 14 13 1 2 10 17 17 17 17 0 20 2 1 17 0 10 7 16 17 17 0 12 10 17 0 20 10
split_gain=139.197 38.0403 35.7169 27.3018 25.3533 24.0815 24.8768 28.3552 37.0688 39.0288 35.6334 23.0353 23.2955 21.6 21.0455 25.3931 29.3122 26.0006 27.5519 20.9669 23.9473 18.9266 22.5581 21.5627 17.904 17.8146 16.8484 18.2049 16.5219 26.5951
threshold=5049.8500000000013 15.500000000000002 0 1.2500000000000002 1 2 3 3.5000000000000004 4.956500000000001 4.9655000000000014 4.8655000000000017 4.9625000000000012 32.500000000000007 4.5000000000000009 4 5 4.8595000000000015 38.500000000000007 2.5000000000000004 6 -34.699999999999996 1.2885000000000002 4.964500000000001 31.500000000000004 1.5000000000000002 2.5000000000000004 4.855500000000001 36.500000000000007 1.5000000000000002 4.5000000000000009
decision_type=2 2 9 2 1 9 9 2 2 2 2 2 2 2 9 9 2 2 2 1 2 2 2 2 2 2 2 2 2 2
left_child=1 -1 14 4 -4 6 -5 8 -8 11 -9 -10 -13 -14 15 -2 17 26 -19 24 25 28 -23 -24 -3 -21 -17 -28 -16 -30
right_child=2 19 3 5 -6 -7 7 10 9 -11 -12 12 13 -15 21 16 -18 18 -20 20 -22 22 23 -25 -26 -27 27 -29 29 -31
leaf_value=0.023111582289879015 0.0080267044557651678 0.014881702499118537 -0.00088453353586860899 -0.0095944964707625219 0.011864937733344761 0.0066966260865175221 -0.031880724268896099 0.055711585979716663 0.00031616898186294503 -0.039590697678186008 0.0087995734992951276 0.045974431946048687 0.028125360021584913 -0.024299005962223199 0.019634702245132165 -1.881616470330206e-05 -0.040479069297141741 -0.041069272696174476 0.009125700032690821 -0.021993621196973311 0.013778562809701106 -0.0027538068656446264 -0.023690174330627277 0.0079944592691329145 -0.0016279865705359307 0.013680704150905113 0.010296302466524868 0.057904439495987219 0.0049824437292527186 -0.027546316561080853
leaf_weight=355.04582846909761 747.55483379215002 638.62694576382637 165.07620257884264 200.0018477961421 921.43485243618488 963.58418715745211 32.960734128952026 16.63233757019043 194.73535113781691 18.907427415251732 115.86106472089887 22.228928208351135 15.89090532064438 12.552421472966669 62.997083187103271 181.06186158210039 17.15474608540535 25.646867044270039 15.745051853358744 47.829264625906944 58.994362786412239 1589.3899189680815 20.52020138502121 301.01701457053423 64.769585937261581 16.903933644294739 32.58293305337429 9.3058739900588971 411.36823595315218 23.817580707371235
leaf_count=531 2264 926 409 823 1611 3358 183 48 779 106 441 41 46 56 118 499 92 135 59 134 88 7047 78 931 124 26 154 29 876 113
internal_value=0.00546513 0.0148895 0.00364338 0.0062335 0.00992522 0.00375289 -0.00083975 0.00320922 -0.00192702 0.00180758 0.0147488 0.00502416 0.0230218 0.00488061 0.00160073 0.00519647 -0.00250523 -0.000109897 -0.0219274 0.0113542 -1.0312e-05 7.00611e-05 -0.00128642 0.00595631 0.0133572 -0.0126249 0.00393519 0.0210569 0.00527846 0.00318934
internal_weight=7300.2 1182.17 6118.03 2679.87 1086.51 1593.36 629.771 429.769 297.276 264.315 132.493 245.408 50.6723 28.4433 3438.16 1029.05 281.497 264.343 41.3919 827.124 123.728 2409.11 1910.93 321.537 703.397 64.7332 222.951 41.8888 498.183 435.186
internal_count=22125 1829 20296 7901 2020 5881 2523 1700 1211 1028 489 922 143 102 12395 3232 968 876 194 1298 248 9163 8056 1009 1050 160 682 183 1107 989
cat_boundaries=0 1 2 3 4 5 6 7
cat_threshold=194 1 1545 4 4 657 1
is_linear=0
shrinkage=0.03


Tree=79
num_leaves=31
num_cat=12
split_feature=18 11 8 14 9 1 2 10 17 17 17 9 9 0 17 0 6 8 20 2 1 17 0 10 17 5 0 17 9 0
split_gain=133.306 37.2894 33.6417 25.9727 27.1984 22.5942 23.4736 26.4802 35.5134 37.3827 32.1419 21.7107 21.5606 30.0421 21.4712 21.4293 20.8452 20.4467 20.2645 19.7786 23.8597 28.1853 24.6358 26.4543 19.7553 19.1417 19.847 17.8255 21.6627 23.8576
threshold=5049.8500000000013 15.500000000000002 0 1.2500000000000002 1 2 3 3.5000000000000004 4.956500000000001 4.9655000000000014 4.8655000000000017 4 5 35.500000000000007 4.9625000000000012 32.500000000000007 6 7 4.5000000000000009 8 9 4.8595000000000015 38.500000000000007 2.5000000000000004 4.8645000000000005 10 40.500000000000007 1.2885000000000002 11 39.500000000000007
decision_type=2 2 9 2 1 9 9 2 2 2 2 1 1 2 2 2 1 9 2 9 9 2 2 2 2 1 2 2 1 2
left_child=1 -1 19 4 -4 6 12 8 -8 14 -9 -3 13 -5 -10 -16 -12 -6 -17 20 -2 22 -22 -24 -14 26 -26 28 -21 -30
right_child=2 11 3 5 17 -7 7 10 9 -11 16 -13 24 -15 15 18 -18 -19 -20 27 21 -23 23 -25 25 -27 -28 -29 29 -31
leaf_value=0.022809358215659152 0.0077745702378674668 0.01972503695833909 0.013332853142408363 0.013166615658479389 -0.0023281898934188645 0.0064806562867292536 -0.031479015684798654 0.052496118659921293 0.00030664441751613512 -0.039210556112859167 0.033711679898518053 0.0078829481892113487 0.019032145415939151 -0.028603263928464646 0.043965822756836456 0.026977455712086928 0.0020705179830094837 0.010980426202680639 -0.023816438991821377 -0.0074363370626848993 0.0038084381715785391 -0.040056324867213756 -0.040450434603471919 0.0088261441882641848 -0.019065765511961496 -0.036957057627516214 0.027150222350359396 -0.0012488307697414891 0.015458016276796873 0.00085188554444777477
leaf_weight=349.05027090758085 748.95045734196901 198.66115756332874 670.71504195034504 64.07786612957716 242.55729568004608 966.12225712090731 32.389855243265629 17.119912043213844 194.7630884796381 18.524769477546215 23.462207175791264 623.06277249753475 11.234003543853758 20.312801942229271 22.546679899096489 16.07148210704327 92.843752674758434 169.57679355144501 12.426504164934157 94.178355507552624 223.43813148140907 16.821812301874161 25.265377692878246 15.793687663972376 47.285872243344784 46.265367597341537 10.018055722117422 1909.6186174228787 204.11329963058233 199.38278998434544
leaf_count=531 2264 258 1069 210 687 3358 183 48 779 106 65 1040 38 106 41 46 376 264 56 252 682 92 135 59 201 233 35 8056 400 455
internal_value=0.00531188 0.0145865 0.00353573 0.00605045 0.00966057 0.00363583 -0.000816895 0.00310767 -0.00187544 0.0017512 0.0142051 0.0110875 -0.00934512 0.00273183 0.00486509 0.0221647 0.00850269 0.00327234 0.00471812 0.00155333 0.00503609 -0.0024338 -0.000107444 -0.0214475 -0.0170016 -0.0225937 -0.0109007 6.78346e-05 0.00512525 0.00805053
internal_weight=7286.65 1170.77 6115.88 2678.31 1082.85 1595.46 629.342 430.148 296.722 264.333 133.426 821.724 199.194 84.3907 245.808 51.0447 116.306 412.134 28.498 3437.56 1030.27 281.319 264.497 41.0591 114.803 103.569 57.3039 2407.29 497.674 403.496
internal_count=22125 1829 20296 7901 2020 5881 2523 1700 1211 1028 489 1298 823 316 922 143 441 951 102 12395 3232 968 876 194 507 469 236 9163 1107 855
cat_boundaries=0 1 2 3 4 5 6 7 8 9 10 11 12
cat_threshold=194 28 1545 4 8 5 4 1 4 657 4 4
is_linear=0
shrinkage=0.03


Tree=80
num_leaves=31
num_cat=19
split_feature=18 13 8 9 4 0 17 17 1 17 8 9 3 1 5 2 1 0 0 15 9 13 17 15 8 6 13 3 2 15
split_gain=111.357 32.8873 20.8192 26.3832 28.0206 16.3219 23.4746 16.2125 15.1611 14.9918 14.9093 15.8037 19.0809 17.9258 53.2059 17.0964 13.8064 33.8487 20.5623 21.7556 19.9585 19.0623 21.5908 21.8271 17.975 24.3812 22.6785 20.8471 19.7378 24.748
threshold=5087.6500000000005 0 1 2 3 28.500000000000004 1.4595000000000002 1.4080000000000001 4 1.4125000000000003 5 6 7 8 9 10 11 57.500000000000007 30.500000000000004 93.956000000000017 12 13 4.9595000000000011 94.340000000000018 14 15 16 17 18 94.340000000000018
decision_type=2 1 9 1 9 2 2 2 9 2 9 1 9 9 1 9 9 2 2 2 1 1 2 2 9 1 1 9 9 2
left_child=1 -1 3 4 7 -5 8 -2 -7 -9 -3 15 13 14 -13 -12 17 20 21 -20 -4 -18 -23 -24 25 -22 -27 -26 29 -29
right_child=2 10 16 5 -6 6 -8 9 -10 -11 11 12 -14 -15 -16 -17 18 -19 19 -21 24 22 23 -25 27 26 -28 28 -30 -31
leaf_value=0.020205726930184274 0.021569238938858034 0.015879899608454019 0.01124257386147141 0.016775666585765629 -0.02166350852136999 0.0064258104576946891 0.012910526605048331 -0.0058578759900518801 -0.012307758186512524 0.013027376739506564 -0.0085527177135067863 0.0027036346048186269 0.01352107257026032 0.0026503346011602625 -0.061607514596855352 0.012423274955210234 -0.014427926857320946 -0.03097984219089207 0.0020937227784258434 -0.0045484017798553458 -0.03186851624991377 0.014300680785951442 0.003692579313559664 -0.037700321311172617 -0.00053547864573447786 -0.037933685821871725 0.0023878032636698767 -0.0042185740771271286 0.010249567799155793 0.020724430992109397
leaf_weight=379.96520306169987 177.82579904794693 331.67328450083733 401.63022951036692 50.29823824763298 19.979683741927147 48.784256935119629 69.265665575861931 45.125976458191872 133.2250682413578 226.17959499359131 36.903993710875511 35.037925153970718 101.23082564771175 224.28827546536922 17.126362204551697 597.51197388768196 33.763160392642021 23.263514742255211 1800.943548284471 588.73009276390076 25.895864799618721 267.58849473297596 168.82759455218911 12.196683563292025 428.15917773544788 13.50470906496048 162.01718620955944 199.17000590264797 669.19860326498747 43.536903388798237
leaf_count=616 227 474 1427 73 68 122 126 109 452 365 79 64 147 406 63 910 121 124 6018 3102 132 778 552 74 1630 83 602 689 2368 143
internal_value=0.00573535 0.0124048 0.00368504 0.00825325 0.012693 0.00114986 -0.00192574 0.0145151 -0.00759231 0.00987416 0.0101954 0.00809143 0.00299973 -0.00118326 -0.0154707 0.0110235 0.0029335 0.00487268 0.00159235 0.000455964 0.00533011 0.0072475 0.00888835 0.000867855 0.00369019 -0.00452644 -0.000717296 0.00495203 0.00750943 0.000250053
internal_weight=7332.85 1723.74 5609.11 770.684 469.111 301.573 251.275 449.131 182.009 271.306 1343.77 1012.1 377.683 276.453 52.1643 634.416 4838.43 1966.38 2872.05 2389.67 1943.11 482.376 448.613 181.024 1541.48 201.418 175.522 1340.06 911.906 242.707
internal_count=22144 2759 19385 1542 769 773 700 701 574 474 2143 1669 680 533 127 989 17843 7198 10645 9120 7074 1525 1404 626 5647 817 685 4830 3200 832
cat_boundaries=0 1 2 3 4 5 6 7 8 9 10 11 12 13 14 15 16 17 18 19
cat_threshold=4 289 28 1 1188 105 13 204 1136 1 1 390 8 1 130 4 1 132 4
is_linear=0
shrinkage=0.03


Tree=81
num_leaves=31
num_cat=15
split_feature=18 13 8 9 4 17 0 17 8 9 3 2 0 17 17 9 10 5 13 0 0 16 17 3 17 4 0 3 17 9
split_gain=106.57 32.1147 19.8157 25.0683 26.5116 15.6402 15.4695 22.1719 14.3458 14.9783 18.1631 16.2092 14.2573 14.1904 13.388 12.926 12.5866 23.7526 14.7858 12.5403 10.8022 24.5133 33.2681 18.9753 30.5256 19.143 18.9082 41.0342 32.6293 23.4059
threshold=5087.6500000000005 0 1 2 3 1.4080000000000001 28.500000000000004 1.4595000000000002 4 5 6 7 53.500000000000007 1.4125000000000003 4.9690000000000003 8 1.5000000000000002 9 10 30.500000000000004 45.500000000000007 -46.04999999999999 1.3390000000000002 11 1.2950000000000002 12 44.500000000000007 13 4.9575000000000005 14
decision_type=2 1 9 1 9 2 2 2 9 1 9 9 2 2 2 1 2 1 1 2 2 2 2 9 2 9 2 9 2 1
left_child=1 -1 3 4 5 -2 -5 12 -3 11 19 -10 15 -7 20 16 18 -18 -8 -11 26 22 23 25 -25 -22 -4 28 -28 -29
right_child=2 8 14 6 -6 13 7 -9 9 10 -12 -13 -14 -15 -16 -17 17 -19 -20 -21 21 -23 -24 24 -26 -27 27 29 -30 -31
leaf_value=0.01990477545216672 0.021146477077575648 0.015547369201516824 0.0033131272548717105 0.016380453667859632 -0.021041087004909635 -0.0056794081246185598 -0.0036304547921988109 0.012570608581802091 -0.0082606762673809436 0.0073917056178104054 0.013233920146707125 0.012124855266720353 0.012755249535784143 0.01269587793770178 -0.024678488494394097 -0.018560753237090707 0.0044025812144817345 -0.048094886237670456 0.031850655914327064 -0.0059401292396580822 -0.022902566767844537 -0.0014849619119913049 0.030649339642850857 0.020165345692438781 -0.018014697522814264 0.013116535780493186 0.053256699434870117 0.011070677656261288 0.0047052283645384529 -0.016976206000576564
leaf_weight=374.22784431278706 175.96984861791134 328.86322329938412 3460.3641768917441 49.973823070526123 19.95688970386982 45.150444343686104 28.649799421429634 69.011118292808533 37.063467547297478 98.436184361577034 100.55405147373676 593.90933839976788 26.747627288103104 225.1413217484951 15.726674020290373 76.860573992133141 20.745567500591278 12.191327661275862 16.522842302918434 178.17460483312607 40.728300385177135 1000.8189955763519 51.594744846224785 80.545623533427715 24.430248714983463 19.488581664860249 37.933783635497093 57.81496948748827 18.76757425069809 34.11240690946579
leaf_count=616 227 474 12253 73 68 109 77 126 79 166 147 910 54 365 82 287 59 58 39 367 148 4431 82 163 108 61 77 215 66 157
internal_value=0.00557459 0.0121286 0.00357444 0.0080435 0.0123885 0.0141721 0.00111355 -0.00187833 0.00994841 0.00788524 0.00292762 0.0107512 -0.00738601 0.00961435 0.00284338 -0.0108877 -0.000808327 -0.0150249 0.00932293 -0.0011427 0.00294008 0.000493786 0.00963916 0.00304432 0.0102658 -0.00960137 0.00376455 0.014245 0.0316959 0
internal_weight=7320.48 1711.23 5609.25 766.921 466.219 446.262 300.703 250.729 1337 1008.14 377.165 630.973 181.718 270.292 4842.33 154.97 78.1095 32.9369 45.1726 276.611 4826.6 1217.61 216.787 165.193 104.976 60.2169 3608.99 148.629 56.7014 91.9274
internal_count=22144 2759 19385 1542 769 701 773 700 2143 1669 680 989 574 474 17843 520 233 117 116 533 17761 4993 562 480 271 209 12768 515 143 372
cat_boundaries=0 1 2 3 4 5 6 7 8 9 10 11 12 13 14 15
cat_threshold=4 289 28 1 105 13 204 1 1 4 2 42 1 192 14
is_linear=0
shrinkage=0.03


Tree=82
num_leaves=31
num_cat=10
split_feature=18 13 8 9 4 17 0 17 20 8 9 2 17 17 20 16 0 17 0 20 17 17 4 13 20 0 15 6 0 17
split_gain=101.97 31.344 18.825 23.8751 25.0837 15.0851 14.7254 18.9969 14.0305 13.8047 14.205 15.3669 13.4309 12.7336 12.403 18.6187 15.6267 16.178 12.3308 17.3769 10.5184 30.6237 20.7715 16.5566 17.8989 18.8476 23.1895 20.1098 24.3311 22.6406
threshold=5087.6500000000005 0 1 2 3 1.4080000000000001 26.500000000000004 1.4595000000000002 5.5000000000000009 4 5 6 1.4125000000000003 4.9690000000000003 5.5000000000000009 -29.949999999999999 40.500000000000007 0.87950000000000006 53.500000000000007 6.5000000000000009 1.2650000000000003 1.2555000000000003 7 8 2.5000000000000004 35.500000000000007 93.137500000000017 9 46.500000000000007 1.3200000000000003
decision_type=2 1 9 1 9 2 2 2 2 9 1 9 2 2 2 2 2 2 2 2 2 2 9 1 2 2 2 1 2 2
left_child=1 -1 3 4 5 -2 -5 18 -6 -3 11 -11 -7 20 15 -12 -16 -18 19 -8 21 22 -4 24 -22 26 -26 28 29 -27
right_child=2 9 13 6 8 12 7 -9 -10 10 14 -13 -14 -15 16 -17 17 -19 -20 -21 23 -23 -24 -25 25 27 -28 -29 -30 -31
leaf_value=0.019605499351210625 0.020731047083066487 0.0152204424123711 -0.00055361857053726345 0.019900450646451795 -0.04573234592058277 -0.0055065439052723085 -0.012481276993027653 0.01116322307076645 0.0041990262835737294 -0.0079799929893889007 0.01060309295873855 0.011832512159659763 0.012372078543813225 -0.024260163123511352 0.0021009144756508284 -0.018127773365723895 -0.0047296536947328367 -0.043829918041036829 0.012375458494257311 0.023424836822973593 -0.023965774111903114 0.027696028125280339 0.024128631629784632 0.0029798076714702233 -0.0043162107904582336 -0.01416955591213849 -0.039701241444188677 0.03101678233903413 -0.020622025092819986 0.021120457589690226
leaf_weight=368.62909948825836 174.14119137823582 326.10835914313793 190.2544361576438 33.247296914458275 9.8529541492462176 45.173573926091194 148.48743659257889 78.232536837458611 10.079255446791647 37.21723011136055 194.49244962632656 590.38208572566509 224.12096460163593 15.522752538323401 118.59716241061687 22.504137769341469 25.875563070178032 15.187663376331328 26.744544118642807 13.06453140079975 36.500553108751774 58.907646492123604 36.438323214650154 4243.7982197552919 111.473324239254 23.53249303996563 19.570092611014843 24.24494231492281 32.993765778839588 52.652555845677853
leaf_count=616 227 474 498 45 47 109 509 143 21 79 309 910 365 82 217 54 52 48 54 22 172 81 70 15946 376 100 109 66 163 180
internal_value=0.00541724 0.0118566 0.00346603 0.00783407 0.0120907 0.0138365 0.00106526 -0.00123965 -0.0204385 0.00970587 0.00768278 0.0104847 0.00936091 0.00275552 0.00285445 0.0076027 -0.00340222 -0.0193355 -0.00641185 -0.00954634 0.00284916 0.00843721 0.00340944 0.00249716 -0.00429712 -0.00156317 -0.00964975 0.00635795 0.000831229 0.0101763
internal_weight=7308.03 1698.99 5609.03 763.144 463.368 443.436 299.776 266.529 19.9322 1330.36 1004.26 627.599 269.295 4845.89 376.657 216.997 159.66 41.0632 188.297 161.552 4830.37 285.6 226.693 4544.77 300.968 264.467 131.043 133.424 109.179 76.185
internal_count=22144 2759 19385 1542 769 701 773 728 68 2143 1669 989 474 17843 680 363 317 100 585 531 17761 649 568 17112 1166 994 485 509 443 280
cat_boundaries=0 1 2 3 4 5 6 7 8 9 10
cat_threshold=4 289 28 1 105 13 1 1 1 1
is_linear=0
shrinkage=0.03


Tree=83
num_leaves=31
num_cat=10
split_feature=19 14 15 0 0 0 9 3 1 10 4 1 9 12 20 0 14 0 10 10 0 0 10 9 3 9 16 0 0 2
split_gain=92.4864 37.3341 22.1043 21.6584 20.6017 36.0049 20.2891 20.7575 17.5152 17.2832 16.4503 16.2699 19.8752 23.316 21.7418 14.9126 17.55 14.7964 14.6018 26.2612 32.419 16.9843 22.2706 32.0469 21.5997 20.7124 33.7188 33.1103 30.5032 34.8963
threshold=1.0000000180025095e-35 -0.14999999999999999 93.284500000000023 45.500000000000007 49.500000000000007 33.500000000000007 0 1 2 3.5000000000000004 3 4 5 1.0000000180025095e-35 5.5000000000000009 44.500000000000007 1.2500000000000002 26.500000000000004 5.5000000000000009 9.5000000000000018 39.500000000000007 39.500000000000007 1.5000000000000002 6 7 8 -41.899999999999991 34.500000000000007 31.500000000000004 9
decision_type=2 2 2 2 2 2 1 9 9 2 9 9 1 2 2 2 2 2 2 2 2 2 2 1 9 1 2 2 2 9
left_child=1 2 4 11 5 -1 -7 -8 -9 -2 -10 15 14 -14 17 18 -17 -13 21 -20 -21 22 23 -3 25 26 28 -28 29 -24
right_child=9 3 -4 -5 -6 6 7 8 10 -11 -12 12 13 -15 -16 16 -18 -19 19 20 -22 -23 24 -25 -26 -27 27 -29 -30 -31
leaf_value=0.0082682720919038805 0.019058361227993141 0.011808507230395771 0.012703017037339726 -0.0014250691664578065 0.010944041277843139 -0.0076151660990703696 0.014173336278982106 0.0062972653835285273 -0.0013315604223600216 -0.0039232478982961201 -0.020938134922366611 -0.016843472066036751 0.0048150073420215609 -0.03774636292627382 0.035182238710593366 0.032996425920216128 0.0023188883359522867 0.012892865054793472 0.017234153316349827 -0.030397210860293854 0.026432198341918001 -0.0069211493829118209 0.045026775686537936 -0.0044020267164245471 -0.012635541835249979 -0.0046113434195719409 0.0034921361405401904 0.033456809311250779 -0.029084068743825235 -0.017450014667311567
leaf_weight=1038.6206832155585 474.89000437408686 317.35832145065069 479.9538684040308 1012.9528495594859 534.15491636842489 216.06787886470556 108.32924004644156 277.96459818631411 383.16469321399927 31.137404933571815 42.783211655914783 16.152755558490753 890.94237296283245 11.62328667193651 38.377125360071659 29.062992341816425 40.120270229876041 194.62948095798492 112.64870142191648 26.399863410741091 13.568972334265707 255.94050838053226 14.967943325638771 161.74640387296677 127.4987817555666 259.63352590799332 74.280657097697258 60.303136296570301 33.786456122994423 17.099234163761139
leaf_count=2129 770 1012 747 4473 995 645 254 647 1013 72 181 64 3393 72 103 96 149 719 369 164 50 1084 29 645 573 1007 282 183 156 68
internal_value=0.00526432 0.00434151 0.00678271 0.00231274 0.00568869 0.00432865 0.000346181 0.00253097 0.000559913 0.0176378 -0.00323642 0.00371817 0.00640238 0.00421278 0.0138494 0.00166201 0.0152784 0.010593 0.00103169 0.0098149 -0.0110116 1.5256e-05 0.0016829 0.00648433 -0.00222752 0.000907303 0.00794833 0.0169556 -0.0092068 0.0116682
internal_weight=7296.16 6790.13 3081.04 3709.09 2601.09 2066.93 1028.31 812.242 703.913 506.027 425.948 2696.14 1151.73 902.566 249.159 1544.42 69.1833 210.782 1475.23 152.618 39.9688 1322.61 1066.67 479.105 587.57 460.071 200.437 134.584 65.8536 32.0672
internal_count=22144 21302 6611 14691 5864 4869 2740 2095 1841 842 1194 10218 4351 3465 886 5867 245 783 5622 583 214 5039 3955 1657 2298 1725 718 465 253 97
cat_boundaries=0 1 2 3 4 5 6 7 8 9 10
cat_threshold=2 130 664 1 633 8 25 228 6 2
is_linear=0
shrinkage=0.03


Tree=84
num_leaves=31
num_cat=10
split_feature=17 13 17 9 3 2 17 13 14 17 0 0 17 10 9 9 20 0 10 0 0 3 17 10 3 17 14 17 0 9
split_gain=89.8551 32.9592 19.869 21.9434 23.221 21.928 31.6556 18.6884 22.7323 47.5118 32.5658 31.7768 31.0075 27.8054 20.8158 20.3731 31.6801 22.5042 22.2479 17.9154 19.4553 30.2649 18.1915 17.5463 17.5382 31.021 33.7091 29.1585 26.1693 21.9219
threshold=1.2650000000000003 0 1.2630000000000001 1 2 3 1.0295000000000003 4 1.0000000180025095e-35 4.2070000000000007 28.500000000000004 49.500000000000007 1.8050000000000004 4.5000000000000009 5 6 5.5000000000000009 30.500000000000004 2.5000000000000004 45.500000000000007 42.500000000000007 7 4.8565000000000014 1.5000000000000002 8 1.2670000000000001 -2.3499999999999996 4.1365000000000007 32.500000000000007 9
decision_type=2 1 2 1 9 9 2 1 2 2 2 2 2 2 1 1 2 2 2 2 2 9 2 2 9 2 2 2 2 1
left_child=1 -1 3 4 -3 -6 -7 15 9 10 -9 13 -13 24 -14 16 -2 -17 -18 20 -10 -22 -21 -16 27 26 -26 29 -29 -12
right_child=7 2 -4 -5 5 6 -8 8 19 -11 11 12 14 -15 23 17 18 -19 -20 22 21 -23 -24 -25 25 -27 -28 28 -30 -31
leaf_value=0.018942889455154394 0.016258241526806227 0.0080969500293237157 0.031837770777682399 0.010114201351216549 0.02132260965384887 -0.0034210253859496935 -0.037949878483511418 0.015685806505708024 0.0024692112938494255 0.031300632529587036 0.0046584837464828353 0.017375957924746496 0.014003692841919791 -0.018198205718290054 -0.0031822190733092441 -0.025556382819722428 -0.045282386401096351 -0.003436460312750792 0.019458766296485238 -0.020445109549399782 -0.014520362940751824 0.013803069857205121 -0.00052780207808795349 -0.040596144886127561 0.01139946638651624 0.0086533844055164642 -0.060846455302779261 0.013386242509613816 -0.037451430943754978 -0.0079998173294773198
leaf_weight=359.33463177084923 90.266032561659813 167.77664679288864 33.044309094548225 1185.2187182158232 18.651589661836624 81.418872490525246 33.874216616153717 239.18394438177347 2029.7016136497259 66.229395806789398 415.16793791204691 242.11895342171192 26.454300351440907 61.207839533686638 27.896604865789413 49.049423381686211 14.511316955089571 266.07055919617414 6.9522795826196662 43.373430892825127 32.084447644650936 264.41962595283985 824.09216894581914 19.087088510394096 10.826518639922142 456.8068580403924 12.24124701321125 12.318159796297548 33.674084261059761 163.38935017585754
leaf_count=617 240 317 43 1995 29 164 119 415 7804 75 1076 426 98 267 110 188 69 994 20 296 156 942 3560 106 17 1143 50 49 218 541
internal_value=0.00511339 0.0107648 0.00882835 0.00831288 0.000862339 -0.00811111 -0.013616 0.00314845 0.00366505 0.0063757 0.00541266 0.00375077 0.0121957 0.00146114 -0.00484264 -0.00287149 0.00775498 -0.00668399 -0.0241799 0.00214757 0.00352004 0.0107001 -0.00152937 -0.0152585 0.00255494 0.00679102 -0.0269066 -0.000791673 -0.0237709 0.00101998
internal_weight=7286.44 1879.32 1519.98 1486.94 301.721 133.945 115.293 5407.12 4980.27 1786.6 1720.37 1481.19 315.557 1165.63 73.438 426.85 111.73 315.12 21.4636 3193.67 2326.21 296.504 867.466 46.9837 1104.42 479.875 23.0678 624.55 45.9922 578.557
internal_count=22144 3284 2667 2624 629 312 283 18860 17349 4591 4516 4101 740 3361 314 1511 329 1182 89 12758 8902 1098 3856 216 3094 1210 67 1884 267 1617
cat_boundaries=0 1 2 3 4 5 6 7 8 9 10
cat_threshold=4 2 43 1 1 24 16 32 45 28
is_linear=0
shrinkage=0.03


Tree=85
num_leaves=31
num_cat=13
split_feature=18 8 13 21 9 12 17 13 1 17 21 0 17 17 17 5 3 0 0 2 17 5 5 21 3 17 17 1 6 0
split_gain=96.3489 33.4705 33.2173 18.8593 18.2903 15.9998 15.9542 14.5856 20.8656 30.772 19.2267 23.4268 18.2962 16.7245 15.8865 18.3549 14.3467 21.7117 19.0846 14.4946 13.7382 12.1528 11.431 15.238 11.1534 11.0214 15.806 27.5036 15.8626 12.2021
threshold=5049.8500000000013 0 1 2.8029010331479989 2 2.5000000000000004 1.5150000000000003 3 4 4.0485000000000015 1.2424533248940002 38.500000000000007 1.2950000000000002 1.2950000000000002 1.2650000000000003 5 6 46.500000000000007 42.500000000000007 7 1.2610000000000003 8 9 0.89587973461402759 10 1.7675000000000003 1.4080000000000001 11 12 36.500000000000007
decision_type=2 9 1 2 1 2 2 1 9 2 2 2 2 2 2 1 9 2 2 9 2 1 1 2 9 2 2 9 1 2
left_child=2 4 -1 7 25 -4 24 8 14 10 11 12 21 -9 15 -3 17 22 -18 -20 -13 -10 23 -16 -6 26 -2 28 -28 -29
right_child=1 3 5 -5 6 -7 -8 13 9 -11 -12 20 -14 -15 16 -17 18 -19 19 -21 -22 -23 -24 -25 -26 -27 27 29 -30 -31
leaf_value=0.021858419235208416 0.019374621605600068 -0.016302001570313415 0.010787706553717136 -0.024666261306982736 0.0071501897380792604 -0.012669368602593722 0.017382698745167995 0.0067530509541425194 -0.014954009707349877 -0.027343736451600046 0.029128148404757626 0.0019413732454524016 0.032402146457646538 0.0023491192821122209 0.0037074987050200337 0.011132991363056182 -0.032130595919183713 -0.040894384590921144 0.0090823799535491127 -0.039449681652549071 -0.047946383141041007 0.015576925903514442 0.011591466068557054 -0.029860596372727595 -0.0053865213263580968 0.031406784682657972 -0.022408568269753616 0.018714024707398753 0.014832544465071379 0.0042033867036328177
leaf_weight=289.66345127671957 168.63517473638058 31.719293653964996 783.23815743625164 22.563377875834703 100.72284510731697 26.877636507153511 58.394890084862709 970.76119262725115 22.240529224276543 20.414767824113369 41.180179663002491 9.1871349960565585 26.070056036114693 3894.7631527259946 32.669777110219002 70.437928237020969 59.710983410477638 12.371090158820151 22.634942799806595 7.2108839377760914 10.422065958380697 24.585301607847214 48.198373965919018 19.161704912781715 140.62796174734831 28.729730978608131 39.511680200695992 125.69063931703568 13.728630557656286 90.281168296933174
leaf_count=485 227 84 1253 197 204 62 82 2005 59 118 82 18 60 15007 111 132 277 70 89 41 51 43 157 98 463 30 114 179 24 189
internal_value=0.0049557 0.00348414 0.0131309 0.00262475 0.00931884 0.0100043 0.00321871 0.00274637 -0.00236632 0.00641538 0.0120892 0.00444837 0.0123076 0.00322852 -0.00681358 0.00257762 -0.0119149 -0.00327198 -0.0201059 -0.00263558 -0.0245299 0.00101097 0.00106039 -0.00867821 -6.83162e-05 0.0130803 0.0121627 0.00762843 -0.0107282 0.0121066
internal_weight=7212.4 6112.63 1099.78 5346.3 766.323 810.116 299.746 5323.74 458.215 154.1 133.685 92.5051 72.8959 4865.52 304.115 102.157 201.958 112.401 89.5568 29.8458 19.6092 46.8258 100.03 51.8315 241.351 466.577 437.847 269.212 53.2403 215.972
internal_count=22011 20211 1800 18699 1512 1315 749 18502 1490 431 313 231 162 17012 1059 216 843 436 407 130 69 102 366 209 667 763 733 506 138 368
cat_boundaries=0 1 2 3 4 5 6 7 8 9 10 11 12 13
cat_threshold=289 4 28 1 179 1 140 2 4 4 192 644 1
is_linear=0
shrinkage=0.03


Tree=86
num_leaves=31
num_cat=10
split_feature=19 14 8 12 17 10 8 7 4 17 3 12 10 5 3 14 17 17 17 5 13 17 10 6 15 17 20 20 17 17
split_gain=92.197 33.5386 28.6985 20.603 19.3149 17.7171 16.6934 15.5706 19.0159 22.2777 15.9602 15.6622 21.2302 29.9672 22.1198 18.5009 19.257 18.273 14.3713 16.6794 17.5363 15.8756 13.5709 11.813 11.7693 10.9426 10.8063 10.5768 10.2654 10.0286
threshold=1.0000000180025095e-35 -0.14999999999999999 0 1.0000000180025095e-35 0.71550000000000014 15.500000000000002 1 2 3 1.2690000000000003 4 1.0000000180025095e-35 2.5000000000000004 5 6 -1.7499999999999998 1.2510000000000001 1.2470000000000001 1.4055000000000002 7 8 0.79150000000000009 3.5000000000000004 9 92.559000000000012 0.64750000000000008 2.5000000000000004 1.5000000000000002 1.4025000000000001 4.9690000000000003
decision_type=2 2 9 2 2 2 9 1 9 2 9 2 2 1 9 2 2 2 2 1 1 2 2 1 2 2 2 2 2 2
left_child=1 2 25 5 -4 6 -3 8 11 -10 -11 15 14 -14 28 16 24 -15 19 20 21 -9 -2 -16 -6 -1 -27 -26 -13 -8
right_child=22 3 4 -5 7 -7 29 18 9 10 -12 12 13 17 23 -17 -18 -19 -20 -21 -22 -23 -24 -25 27 26 -28 -29 -30 -31
leaf_value=-0.0033533656261256774 0.018581654193291223 0.021433849362125477 0.014422722652601088 -0.013352794102538883 0.0051137343817538646 -0.024364602816332074 0.0023418859740301878 0.011550216058563652 0.010005281991671737 0.0085371420358913638 -0.015653802073394341 -0.0081173565568737234 -0.011210257607361891 -0.00070403897720700828 0.006133220213425843 0.018965063309257197 0.0086159813065404458 0.031300350709856116 0.01785613125474711 0.0033152260064532057 -0.052907476843034075 -0.018258558412956302 -0.002595748761073562 -0.012717980051646116 0.01680715715706136 -0.0017933465439656058 0.018785491436410274 -0.0082093625810122795 -0.030339116658313552 -0.02253891935416651
leaf_weight=25.693821638822556 463.90825968980789 31.499739602208138 190.19593113660812 77.13047818094492 235.22488717734814 22.164755091071129 3541.7102370932698 21.401525408029556 69.391327798366547 27.386299937963486 101.73196968436241 118.91485922038555 32.843694269657135 21.752955198287964 223.19964030385017 117.31112042069435 1097.8521510735154 59.267123267054558 24.698129579424858 82.29460147023201 9.8471014946699125 62.751711294054985 28.645504526793957 34.369565516710281 16.901709988713264 24.879335135221481 260.32912826538086 140.07502350956202 22.337837293744087 14.519142307341097
leaf_count=52 775 37 283 385 404 197 13944 35 147 83 424 349 103 44 487 159 2324 125 39 216 57 213 66 98 32 49 355 365 85 79
internal_value=0.00481561 0.00389497 0.00623905 0.00197361 0.00517993 0.00230227 0.00246853 0.00450103 0.00519593 -0.00367197 -0.0110477 0.00602782 0.00145451 0.0128771 -0.00180152 0.00748448 0.00657739 0.0226803 -0.00349865 -0.0065158 -0.0151488 -0.0106374 0.0173437 0.00346757 0.000862581 0.014813 0.0169798 -0.00548775 -0.0109006 0.00223255
internal_weight=7200.23 6707.68 3020.65 3687.02 2709.75 3609.89 3587.73 2519.55 2318.56 198.51 129.118 2120.05 512.686 113.864 398.822 1607.36 1490.05 81.0201 200.993 176.295 94.0003 84.1532 492.554 257.569 392.202 310.902 285.208 156.977 141.253 3556.23
internal_count=22011 21170 6528 14642 6072 14257 14060 5789 5229 654 507 4575 1291 272 1019 3284 3125 169 560 521 305 248 841 585 801 456 404 397 434 14023
cat_boundaries=0 1 2 3 4 5 6 7 8 9 10
cat_threshold=40 256 1 1 2 1 12 4 2 1
is_linear=0
shrinkage=0.03


Tree=87
num_leaves=31
num_cat=11
split_feature=18 8 19 7 12 10 17 0 17 0 17 17 0 14 1 0 1 5 8 17 1 17 2 3 7 2 0 0 0 17
split_gain=88.5519 30.6384 30.1225 22.1414 20.1302 17.191 16.0977 19.5763 22.5845 22.8694 15.9386 33.8516 14.9042 14.8218 14.0863 11.9989 21.525 22.9288 21.7848 24.4486 20.3986 38.1065 30.942 23.249 18.0818 27.1443 17.2957 17.014 16.5929 16.4828
threshold=5049.8500000000013 0 1.0000000180025095e-35 1 1.5000000000000002 15.500000000000002 1.5150000000000003 59.500000000000007 1.4025000000000001 34.500000000000007 0.87650000000000006 0.89700000000000013 47.500000000000007 -3.1999999999999997 2 35.500000000000007 3 4 5 4.9585000000000008 6 4.9665000000000008 7 8 9 10 42.500000000000007 42.500000000000007 45.500000000000007 4.8595000000000015
decision_type=2 9 2 1 2 2 2 2 2 2 2 2 2 2 9 2 9 1 9 2 9 2 9 9 1 9 2 2 2 2
left_child=2 6 3 4 13 15 7 8 -2 -10 -5 -12 -6 14 -1 16 17 18 -3 -20 21 23 -22 24 -17 26 -26 -25 -28 -27
right_child=1 5 -4 10 12 -7 -8 -9 9 -11 11 -13 -14 -15 -16 20 -18 -19 19 -21 22 -23 -24 27 25 29 28 -29 -30 -31
leaf_value=-0.0052035478626553918 0.017385981374333868 0.011141037958847303 0.020292726119637842 0.0036455792866639213 -0.021023536204109818 -0.024064650442896712 0.018444122217158784 0.024098475732554175 0.0098741664089189354 -0.0036075197173093816 -0.057813932387006578 0.0072414236718086663 0.010150582770869882 0.016739509637592867 0.01128316742343277 0.018585290847780645 0.0053261509744707636 -0.010728819161269363 -0.041115295364871282 0.0079275516466309325 -0.0116614390379279 0.023002643515305253 0.00068087226691064637 -0.0039501922686378662 -0.037998469523367301 -0.0053309570219575095 0.03243441526264644 0.0042123899490617385 -0.016293705038304188 0.042260433518519137
leaf_weight=61.49886766076088 112.09125709533691 117.88749755173922 321.71072391420603 88.954834520816803 28.190615594387054 21.774971757084131 134.16771338880062 54.797570735216141 203.01095415651798 255.45459128171206 12.942449629306795 15.86858709156513 26.729000926017761 374.65694178640842 151.60023008286953 136.25724792480469 2009.611854813993 168.34448241442442 18.284424871206284 17.990899503231049 207.13397036492825 90.611364863812923 1548.7964142635465 401.92603379487991 17.062195658683777 10.591869860887529 9.4365007579326647 536.09905881434679 18.365827478468418 16.555317185819149
leaf_count=126 158 342 550 165 70 197 187 67 376 724 52 28 42 536 231 356 6161 605 86 65 865 248 6002 1514 104 51 34 1914 101 54
internal_value=0.00467979 0.00327728 0.0125899 0.00932492 0.0115168 0.00245848 0.00888694 0.00697115 0.00531701 0.00235655 -0.00261096 -0.0219778 -0.00580591 0.0131413 0.0067961 0.00257257 0.00418637 -0.00297877 0.00527314 -0.013142 0.00131395 0.00424585 -0.000769548 0.00279572 0.011606 0 -0.0143158 0.000704126 0.000194754 0.0236304
internal_weight=7188.4 6106.25 1082.15 760.442 642.676 5346.73 759.522 625.354 570.557 458.466 117.766 28.811 54.9196 587.756 213.099 5324.95 2332.12 322.507 154.163 36.2753 2992.84 1236.91 1755.93 1146.29 208.269 72.0117 44.8645 938.025 27.8023 27.1472
internal_count=22011 20211 1800 1250 1005 18699 1512 1325 1258 1100 245 80 112 893 357 18502 7259 1098 493 151 11243 4376 6867 4128 700 344 239 3428 135 105
cat_boundaries=0 1 2 3 4 5 6 7 8 9 10 11
cat_threshold=289 1 3 192 1 72 197 4 134 1 2
is_linear=0
shrinkage=0.03


Tree=88
num_leaves=31
num_cat=16
split_feature=13 18 8 8 12 0 1 3 0 1 12 20 1 8 5 3 17 9 10 6 3 0 15 0 17 3 5 16 0 8
split_gain=85.8973 33.4959 30.6496 20.5722 22.8804 16.09 12.938 12.5132 12.4155 25.0655 19.9247 20.1306 17.4715 17.671 26.3987 23.9109 35.6694 22.1629 22.3356 18.9547 23.0551 17.6556 33.005 33.6046 16.8661 16.1422 43.3464 26.0503 29.8556 24.4736
threshold=0 5087.6500000000005 1 2 2.5000000000000004 59.500000000000007 3 4 35.500000000000007 5 1.0000000180025095e-35 4.5000000000000009 6 7 8 9 4.9625000000000012 10 1.5000000000000002 11 12 40.500000000000007 93.956000000000017 45.500000000000007 1.3390000000000002 13 14 -42.349999999999994 25.500000000000004 15
decision_type=1 2 9 9 2 2 9 9 2 9 2 2 9 9 1 9 2 1 2 1 9 2 2 2 2 9 1 2 2 9
left_child=-1 3 -3 4 6 8 7 -2 9 10 -4 -12 13 14 19 17 -17 18 -15 20 -10 24 -23 -24 -16 29 -27 28 -28 -11
right_child=1 2 5 -5 -6 -7 -8 -9 12 25 11 -13 -14 15 21 16 -18 -19 -20 -21 -22 22 23 -25 -26 26 27 -29 -30 -31
leaf_value=0.017527083405753083 0.0082670098677209078 0.016379649873555925 0.001528272704400009 0.014204870604569354 -0.027461219601350482 0.01541580486816488 0.0077200397062885291 -0.0092334202165654002 0.014688385055434839 -0.002639208930690281 -0.028517775933735834 0 -0.00015744358653429276 0.033890380801628074 0.020034729597010411 0.0011384619375277133 0.039649671483407603 -0.021309374233247899 -0.014983561465334048 0.030246912573769536 -0.016569159738157167 0.012774026458843049 0.070086369781693206 0.014921481512078685 -0.023039958003765775 -0.0053240436650536073 -0.017958437015740708 -0.00011500898023721999 0.021536367512371722 0.012458153600728902
leaf_weight=431.3252544477582 51.717139542102814 134.08383655548096 926.62336144596338 357.20054778456688 18.368052273988724 83.177775271236897 754.50155110657215 82.678420573472977 24.539127431809906 118.76564107090235 41.627244174480438 47.484603248536587 2511.1010514982045 17.093153700232506 19.522081464529037 117.8787841796875 26.465636141598225 58.363171897828579 16.304135575890541 15.270420804619787 49.176348343491554 59.238681882619858 24.63746003806591 16.98880273103714 13.912469133734701 294.82919316738844 18.977888002991676 122.00639989227057 172.42386262118816 551.55100882053375
leaf_count=757 83 191 3045 535 50 174 1257 183 78 376 172 144 9859 43 50 423 56 248 70 45 231 165 55 76 73 1057 64 525 389 1537
internal_value=0.00454739 0.00371686 0.00270073 0.00811934 0.0055016 0.00232194 0.00625102 -0.00237114 0.00211862 0.00377664 0.000219701 -0.0133156 0.000836948 0.00614747 0.0120726 0.000266509 0.00770914 -0.0110152 0.00767611 -2.75989e-05 -0.00637219 0.0210047 0.0272643 0.0477337 0.00200618 0.00654691 0.00287815 0.0106947 0.0175974 0.00977935
internal_weight=7177.83 6746.51 5482.04 1264.47 907.265 5347.96 888.897 134.396 5264.78 2294.29 1015.74 89.1118 2970.49 459.39 223.285 236.105 144.344 91.7605 33.3973 88.9859 73.7155 134.299 100.865 41.6263 33.4346 1278.55 608.237 313.408 191.402 670.317
internal_count=22011 21254 19146 2108 1573 18955 1523 266 18781 7309 3361 316 11472 1613 773 840 479 361 113 354 309 419 296 131 123 3948 2035 978 453 1913
cat_boundaries=0 1 2 3 4 5 6 7 8 9 10 11 12 13 14 15 16
cat_threshold=4 288 914 202 164 197 132 66 1 101 24 1 67 202 4 8
is_linear=0
shrinkage=0.03


Tree=89
num_leaves=31
num_cat=13
split_feature=13 18 8 8 12 0 1 10 17 0 1 12 20 1 2 2 16 0 0 6 17 0 0 16 1 10 8 17 6 9
split_gain=82.427 31.8884 29.369 19.728 21.3512 15.1917 12.2534 11.7621 13.357 11.775 22.8539 19.2403 19.1607 16.8496 41.8983 29.7932 33.8391 41.7678 33.1036 23.8495 22.1515 45.7679 30.3455 21.7077 21.0206 22.4404 21.5391 19.3949 17.4197 16.4007
threshold=0 5087.6500000000005 1 2 2.5000000000000004 59.500000000000007 3 15.500000000000002 4.862000000000001 35.500000000000007 4 1.0000000180025095e-35 4.5000000000000009 5 6 7 -36.949999999999996 39.500000000000007 53.500000000000007 8 4.9625000000000012 40.500000000000007 40.500000000000007 -42.349999999999994 9 2.5000000000000004 10 1.3880000000000001 11 12
decision_type=1 2 9 9 2 2 9 2 2 2 9 2 2 9 9 9 2 2 2 1 2 2 2 2 9 2 9 2 1 1
left_child=-1 3 -3 4 6 7 -2 9 -9 10 11 -4 -13 15 24 19 20 -18 28 23 22 -22 -17 -11 -15 -26 -27 -24 -19 -29
right_child=1 2 5 -5 -6 -7 -8 8 -10 13 -12 12 -14 14 -16 16 17 18 -20 -21 21 -23 27 -25 25 26 -28 29 -30 -31
leaf_value=0.017216315654968624 -0.0022984757623745961 0.016072304577154164 0.0016488315622671676 0.013901518792038546 -0.026247941951466257 0.014988036924219707 0.0075205211767676037 0.015213253436849206 -0.033893937257650872 0.027430372441372974 0.0064149296020744075 -0.027877427598635682 0 0.014152993485461042 0.0014920569642216837 -0.024667107895690262 -0.025852606300613472 -0.003720406863886343 -0.021850661094096339 0.054628080027786546 0.04605209874214234 -0.024886329389899577 0.013925579324947051 -0.01382484628302732 -0.01800309252767698 0.010243775715964814 -0.012870284397921329 0.0070833958273737721 0.034410063990114384 -0.015209852535599117
leaf_weight=426.02061551064253 134.54617089033127 132.76179493963718 922.97039315849543 354.310038164258 18.640917897224426 82.990895733237267 751.59552040696144 6.9745605587959316 16.410913925617933 35.171873666346073 1274.3350371345878 41.313018135726452 47.484603248536587 24.419742405414581 2145.7111165300012 60.388885602355003 18.226585879921913 12.254782155156136 12.78850684314966 17.470173604786396 21.575610414147377 13.011814519762991 59.187299251556396 16.833649262785912 203.80196817219257 60.824042767286301 64.579226329922676 42.584145084023476 80.979418329894543 68.037122458219528
leaf_count=757 266 191 3006 535 50 174 1257 34 165 78 3913 172 144 73 8311 263 102 52 65 30 34 57 143 77 879 192 299 150 252 290
internal_value=0.00441812 0.00360874 0.00261916 0.00791525 0.00535366 0.00225023 0.00608511 0.00205296 -0.0191179 0.00214831 0.00376568 0.000358714 -0.0129636 0.000897149 -8.33848e-05 0.00611589 0.00300597 0.0159194 0.0231464 0.0243367 -0.00304602 0.0192837 -0.00642103 0.014018 -0.00965134 -0.0115102 -0.00184547 6.08476e-05 0.0293674 -0.00733618
internal_weight=7168.2 6742.18 5483.09 1259.09 904.783 5350.33 886.142 5267.33 23.3855 5243.95 2286.1 1011.77 88.7976 2957.85 2499.34 458.51 389.034 124.249 106.023 69.4757 264.785 34.5874 230.197 52.0055 353.625 329.205 125.403 169.809 93.2342 110.621
internal_count=22011 21254 19146 2108 1573 18955 1523 18781 199 18582 7235 3322 316 11347 9754 1593 1408 471 369 185 937 91 846 155 1443 1370 491 583 304 440
cat_boundaries=0 1 2 3 4 5 6 7 8 9 10 11 12 13
cat_threshold=4 288 914 202 197 132 4 4 1 16 10 4 24
is_linear=0
shrinkage=0.03


Tree=90
num_leaves=31
num_cat=12
split_feature=11 17 0 10 10 3 15 5 1 17 3 17 8 10 2 0 0 17 8 3 17 9 1 15 0 8 0 0 0 1
split_gain=92.9109 36.9913 22.7635 19.7672 16.9831 17.5714 15.2968 14.0897 26.2069 26.1785 20.6374 34.826 20.0349 21.8795 20.7681 18.3355 25.1478 32.9555 21.0326 19.1185 24.5277 18.0389 25.1086 29.5806 27.5042 19.5258 21.5169 33.7899 25.514 24.3182
threshold=15.500000000000002 0.73050000000000004 73.500000000000014 17.500000000000004 1.5000000000000002 0 93.596500000000006 1 2 4.9635000000000007 3 1.2470000000000001 4 8.5000000000000018 5 37.500000000000007 33.500000000000007 1.2690000000000003 6 7 1.4595000000000002 8 9 93.89700000000002 30.500000000000004 10 52.500000000000007 38.500000000000007 54.500000000000007 11
decision_type=2 2 2 2 2 9 2 1 9 2 9 2 9 2 9 2 2 2 9 9 2 1 9 2 2 9 2 2 2 9
left_child=-1 4 3 7 -2 -6 -7 8 9 10 11 -3 -10 14 -14 16 -12 -18 -17 -19 -21 22 23 -9 -24 26 27 29 -28 -26
right_child=1 2 -4 -5 5 6 -8 21 12 -11 15 -13 13 -15 -16 18 17 19 -20 20 -22 -23 24 -25 25 -27 28 -29 -30 -31
leaf_value=0.017000624093730782 0.017995706894422536 -0.071591442126560462 0.01976448054448705 -0.035391111809828457 0.015721208360121516 -0.013978914824974672 0.0096776370785478169 0.0059285952258865413 0.0084992260524470349 0.0078232758357542152 -0.00093599852184563523 -0.0092260847973757859 0.0065155389227763913 0.027991588947465569 -0.0035732959470768837 -0.009019306025356149 0.0087572354308750582 -0.025235044194003436 0.00467040119601603 -0.033414685768097759 0.0081801379661301764 0.0026434218635242855 0.017096457018547128 0.0383698103298767 -0.017885720557911669 0.0071664761152443529 0.060282590405087107 -0.02869307645465841 -0.0078450349748541304 0.010672739205003508
leaf_weight=460.52827137708664 206.79477971792221 8.326866462826727 68.174952656030655 12.361097354441879 66.534340918064117 55.948822245001793 43.628541633486748 46.767529495060444 566.98581840097904 250.56444612890482 551.51243641227484 196.421012558043 294.59251190721989 26.313772603869438 487.08823651075363 113.07578770816326 49.859335064888 115.30214915424585 566.55571512877941 17.428239084780216 46.655101448297501 2324.1241545975208 138.80494617670774 55.75269240885973 31.515884920954704 229.42389550805092 8.9612462967634219 55.496736384928226 10.708243720233439 65.485658429563046
leaf_count=812 288 35 91 134 92 129 72 109 1469 798 1687 906 766 91 1669 440 97 533 1951 76 183 7824 337 141 142 648 25 291 41 211
internal_value=0.00396552 0.00307035 0.0025294 0.00234121 0.0122536 0.0050807 -0.00325785 0.00241678 0.00106377 -0.0012061 -0.00257424 -0.011261 0.00420651 0.00112282 0.000225399 -0.00126782 -0.00441383 -0.0127636 0.00232335 -0.0187634 -0.00269922 0.00391628 0.00834101 0.0215229 0.00548578 0.00159854 -0.00587828 -0.0100451 0.0231895 0.000611483
internal_weight=7171.69 6711.16 6338.26 6270.08 372.906 166.112 99.5774 6257.72 3290.68 1915.7 1665.14 204.748 1374.98 807.995 781.681 1460.39 780.757 229.245 679.632 179.385 64.0833 2967.04 642.917 102.52 540.397 401.592 172.168 152.498 19.6695 97.0015
internal_count=22088 21276 20695 20604 581 293 201 20470 10701 6706 5908 941 3995 2526 2435 4967 2576 889 2391 792 259 9769 1945 250 1695 1358 710 644 66 353
cat_boundaries=0 1 2 3 4 5 6 7 8 9 10 11 12
cat_threshold=39 4 730 129 169 4 18 76 16 1068 192 145
is_linear=0
shrinkage=0.03


Tree=91
num_leaves=31
num_cat=13
split_feature=11 18 8 21 3 5 9 12 7 16 21 21 14 6 8 20 9 16 3 0 5 4 21 0 20 9 0 21 2 20
split_gain=89.0546 30.2568 24.3676 16.8786 15.7253 32.482 36.8655 14.9488 12.8839 17.0722 22.1018 21.7283 15.4486 15.6307 12.4686 19.0696 18.0796 17.0358 14.7241 30.0675 18.7107 18.2137 12.2219 11.8995 11.3534 11.0935 12.1809 11.0563 10.5493 10.4749
threshold=16.500000000000004 5087.6500000000005 0 2.9174053685313028 1 2 3 1.5000000000000002 4 -35.449999999999996 1.2424533248940002 0.89587973461402759 -2.3499999999999996 5 6 6.5000000000000009 7 -36.949999999999996 8 50.500000000000007 9 10 2.740319461670996 54.500000000000007 5.5000000000000009 11 53.500000000000007 1.2424533248940002 12 4.5000000000000009
decision_type=2 2 9 2 9 1 1 2 1 2 2 2 2 1 9 2 1 2 9 2 1 9 2 2 2 1 2 2 9 2
left_child=25 7 -3 4 5 -4 27 8 12 10 28 -11 13 -2 15 22 18 -17 19 20 21 -16 -6 -8 -9 26 -1 -7 -10 -30
right_child=1 2 3 -5 14 6 23 24 9 11 -12 -13 -14 -15 16 17 -18 -19 -20 -21 -22 -23 -24 -25 -26 -27 -28 -29 29 -31
leaf_value=0.010452291480963796 0.00861829187423503 0.01429736130208633 0.053310368561819664 -0.033907207438473377 0 -0.033438969214075236 0.01169789806430716 -0.01728674840427406 -0.0060617373934297794 0.019898200974656888 0.016296806373717391 -0.0098020266094681636 0.014798941603794948 -0.0047077503956916211 0.013173183378891985 -0.0042629571494476317 0.0006441906852857266 -0.034995483141952603 0.0073798647960864614 -0.035383428050566185 -0.008351984051904824 -0.025686800580469533 0.034515858642504553 -0.021491613352218875 0.0054539544334378859 0.018703353851642103 -0.01903096380461124 -0.0038752016130333125 -0.016458055157478679 -0.053250378831299232
leaf_weight=65.321297086775303 571.45720939338207 132.00117409974337 13.653866447508335 11.855327282100914 2142.719587393105 25.343484230339527 274.99951493740082 37.696448534727097 26.712676346302032 60.206501841545105 20.719702616333961 34.826223999261856 322.07588827610016 91.58913666009903 116.25224456191063 43.839780084788799 1638.9951603114605 25.963471233844757 883.66663351655006 20.913636639714241 88.959620952606201 11.833303734660147 9.1736150830984098 9.9277123957872373 41.052910655736923 376.74066598713398 15.477044232189654 21.114384040236473 16.787587076425552 12.401946008205416
leaf_count=124 928 198 26 133 8453 131 896 90 60 79 30 76 485 184 311 188 5394 216 2623 96 304 48 36 44 71 648 45 81 44 46
internal_value=0.00385055 0.00297625 0.00201787 0.00168353 0.00176709 0.00787518 0.00621615 0.00721728 0.00807933 0.000475889 -0.010035 0.00898369 0.00940098 0.00677256 0.00132487 -0.000348044 0.00266864 -0.0157706 0.0055921 -0.0010649 0.00219382 0.00954243 0.000149933 0.0101671 -0.00540184 0.0166563 0.00422842 -0.0165497 -0.01986 -0.0323211
internal_weight=7164.28 6706.74 5471.21 5339.21 5327.36 345.039 331.385 1235.53 1156.78 171.655 76.6219 95.0327 985.122 663.046 4982.32 2221.7 2760.62 69.8033 1121.63 237.959 217.045 128.086 2151.89 284.927 78.7494 457.539 80.7983 46.4579 55.9022 29.1895
internal_count=22088 21271 19178 18980 18847 1178 1152 2093 1932 335 180 155 1597 1112 17669 8893 8776 404 3382 759 663 359 8489 940 161 817 169 212 150 90
cat_boundaries=0 1 2 3 4 5 6 7 8 9 10 11 12 13
cat_threshold=288 2 2 2 1 1 80 24 8 4 1 2 2
is_linear=0
shrinkage=0.03


Tree=92
num_leaves=31
num_cat=14
split_feature=13 17 0 21 21 3 15 5 1 17 3 17 8 21 1 21 4 1 0 3 0 17 17 17 3 1 17 6 8 21
split_gain=85.0643 37.2014 20.6012 18.4253 16.7273 13.8043 14.0279 13.3687 25.2299 24.532 18.8793 25.0022 17.5581 19.7926 20.3072 26.8236 16.8833 18.259 16.479 30.332 25.5645 22.2709 18.0733 15.9223 15.4556 25.4302 23.5508 27.2156 32.2384 39.2307
threshold=0 0.73050000000000004 73.500000000000014 2.9174053685313028 0.89587973461402759 1 93.596500000000006 2 3 4.9635000000000007 4 1.2470000000000001 5 2.249904835165133 6 1.2424533248940002 7 8 38.500000000000007 9 43.500000000000007 0.89350000000000007 4.1365000000000007 4.9595000000000011 10 11 1.2885000000000002 12 13 1.8688348091416842
decision_type=1 2 2 2 2 9 2 1 9 2 9 2 9 2 9 2 9 9 2 9 2 2 2 2 9 9 2 1 9 2
left_child=-1 4 3 7 -2 -6 -7 8 9 10 11 -3 18 14 -14 -16 17 -11 -10 20 -20 -21 -23 -17 25 -9 -27 28 -28 -30
right_child=1 2 -4 -5 5 6 -8 24 12 16 -12 -13 13 -15 15 23 -18 -19 19 21 -22 22 -24 -25 -26 26 27 -29 29 -31
leaf_value=0.016980952173765877 0.017683248515096311 -0.058202187701471175 0.018864597177826712 -0.035175887151895922 0.014578556278067175 -0.011980729878276168 0.010203447893640747 0.0066036909611141325 0.012600576452493408 0.0035601919201290536 -0.0013351357562568554 -0.0090455350121535893 0.0023973213349963783 0.026503534692891188 -0.022080538894557293 0.017599150277793248 -0.0078836471686630823 0.022954128775362053 -0.02604823931403891 0.037065388933345489 0.022426582743914375 -0.020295133692132469 0.0010945211033852179 -0.023975365606598065 0.0054220650610700069 0.0074057970467724891 0.0090278775929096954 -0.021071548401786894 -0.011306556478241934 0.026500092578642154
leaf_weight=411.67085535079241 211.05773842334747 9.7142898142337781 67.512273073196411 11.732941716909407 65.868107952177525 59.442607700824738 44.885666161775589 430.95481141656637 326.19623038172722 133.3842092230916 1462.7895945236087 195.76583299785852 664.91695070266724 26.74728287011385 76.827060393989086 33.174292109906673 51.113343596458435 67.01589622348547 10.999816767871378 9.7975357770919782 80.815319806337357 69.850351803004742 71.76838343590498 10.902882844209669 1844.358083717525 162.66229078173637 138.86831028014421 86.048154197633266 290.42338590323925 26.862379141151905
leaf_count=748 298 37 92 134 94 134 74 1304 752 425 4974 907 2023 91 294 78 195 178 47 8 180 220 268 46 5924 330 404 410 1318 101
internal_value=0.0037422 0.0029332 0.00238696 0.00220943 0.0120363 0.0050098 -0.00219662 0.00228029 0.000964202 -0.00126185 -0.00258662 -0.0108819 0.00403844 0.00115841 0.000303393 -0.0105095 0.0074607 0.0113913 0.00805123 0.002266 0.0149391 -0.00599404 -0.00944117 0.00721642 0.00373732 0.000942696 -0.00255864 -0.00560153 -0.00267273 -0.00784186
internal_weight=7154.13 6742.46 6361.2 6293.69 381.254 170.196 104.328 6281.96 3301.78 1919.78 1668.27 205.48 1382 812.568 785.821 120.904 251.513 200.4 569.428 243.231 91.8151 151.416 141.619 44.0772 2980.18 1135.82 704.865 542.202 456.154 317.286
internal_count=22088 21340 20740 20648 600 302 208 20514 10723 6716 5918 944 4007 2532 2441 418 798 603 1475 723 227 496 488 124 9791 3867 2563 2233 1823 1419
cat_boundaries=0 1 2 3 4 5 6 7 8 9 10 11 12 13 14
cat_threshold=4 39 4 730 129 169 261 1 536 165 168 808 1 40
is_linear=0
shrinkage=0.03


Tree=93
num_leaves=31
num_cat=11
split_feature=11 17 0 10 10 3 15 5 1 17 3 17 8 10 1 10 0 0 17 8 3 17 9 1 0 15 10 16 15 3
split_gain=81.9702 32.5401 20.4995 17.7519 15.5411 16.3088 13.2275 12.5833 23.0447 23.1577 18.1176 29.7032 17.5519 18.6051 17.9797 24.7497 17.4108 23.8457 31.2465 19.9028 18.3864 23.2698 16.7502 23.4168 29.2536 17.7954 20.3755 27.0167 17.0617 16.5291
threshold=15.500000000000002 0.73050000000000004 73.500000000000014 17.500000000000004 1.5000000000000002 0 93.596500000000006 1 2 4.9635000000000007 3 1.2470000000000001 4 8.5000000000000018 5 2.5000000000000004 37.500000000000007 33.500000000000007 1.2690000000000003 6 7 1.4595000000000002 8 9 30.500000000000004 92.928000000000011 1.5000000000000002 -41.899999999999991 93.89700000000002 10
decision_type=2 2 2 2 2 9 2 1 9 2 9 2 9 2 9 2 2 2 2 9 9 2 1 9 2 2 2 2 2 9
left_child=-1 4 3 7 -2 -6 -7 8 9 10 11 -3 -10 14 -14 -16 17 -12 -19 -18 -20 -22 23 28 25 -25 -27 -28 -9 -24
right_child=1 2 -4 -5 5 6 -8 22 12 -11 16 -13 13 -15 15 -17 19 18 20 -21 21 -23 29 24 -26 26 27 -29 -30 -31
leaf_value=0.016109041013645804 0.017096716173895153 -0.065386463784993631 0.018843063426132622 -0.035054079784492813 0.01503661835508649 -0.013197182262066934 0.0088725774228392111 0.009035634228092837 0.0078857316844604501 0.0072521658696876514 -0.00096838982009630635 -0.008746682385274835 0.0021256534144289494 0.025395345590787037 -0.021159940748349804 0.0070155745631750857 -0.0088328992755003412 0.008467555680377126 -0.024768189387681036 0.0044964482155484074 -0.032776759902402447 0.0078801731504427198 0.011857829117075903 0.032183568087973236 -4.6755220603856047e-05 0.022454854374025016 -0.039901283604447217 0.01066939454456485 0.028817023884885641 0.0017028635202351345
leaf_weight=444.74536233395338 201.49962791800499 8.6323625668883306 66.695448443293571 11.425491094589232 65.052963972091675 56.581479743123055 42.739199742674828 80.238656997680664 566.46903000771999 252.05783411115408 551.21296849101782 194.77122764289379 660.00013832002878 27.076239109039307 76.654929131269455 43.959409274160862 112.73847883194685 49.716521382331848 114.23347322642803 567.16645422577858 17.237873554229736 46.810641534626484 145.76685643941164 43.589482426643372 353.02628224343061 46.277428358793259 14.202718921005724 28.142883233726025 78.074101068079472 2179.270132727921
leaf_count=812 288 35 91 134 92 129 72 188 1469 798 1687 906 2018 91 293 124 440 97 533 1951 76 183 470 62 1214 107 62 88 224 7354
internal_value=0.00363692 0.00280851 0.00230543 0.00212871 0.0115085 0.0046336 -0.00333522 0.00219764 0.000918216 -0.00121024 -0.00250269 -0.0106717 0.00386646 0.00098133 0.000140093 -0.0100374 -0.0012793 -0.00435024 -0.0125091 0.00221709 -0.018377 -0.00263816 0.00361395 0.0078731 0.0043639 0.0164846 0.00870164 -0.00627538 0.0177045 0.00238934
internal_weight=7146.07 6701.32 6335.45 6268.75 365.873 164.374 99.3207 6257.33 3288.74 1914.58 1662.52 203.404 1374.16 807.691 780.614 120.614 1459.12 779.211 227.999 679.905 178.282 64.0485 2968.59 643.552 485.239 132.213 88.623 42.3456 158.313 2325.04
internal_count=22088 21276 20695 20604 581 293 201 20470 10701 6706 5908 941 3995 2526 2435 417 4967 2576 889 2391 792 259 9769 1945 1533 319 257 150 412 7824
cat_boundaries=0 1 2 3 4 5 6 7 8 9 10 11
cat_threshold=39 4 730 129 169 261 18 76 16 1084 2
is_linear=0
shrinkage=0.03


Tree=94
num_leaves=31
num_cat=11
split_feature=11 18 8 21 12 7 15 21 14 6 0 9 0 18 20 0 12 5 2 16 2 0 9 8 21 2 20 14 2 0
split_gain=78.4756 27.0373 22.9599 15.0728 15.0625 12.6679 16.9646 18.1758 14.1514 14.8202 13.5101 11.538 11.6518 11.3209 11.1337 10.5639 10.4245 10.1681 10.0413 9.97536 13.0184 17.01 9.85305 17.5061 33.1648 20.052 20.5512 20.8726 12.5856 21.8111
threshold=15.500000000000002 5087.6500000000005 0 2.9174053685313028 1.5000000000000002 1 93.837000000000018 0.89587973461402759 -2.3499999999999996 2 52.500000000000007 3 53.500000000000007 5049.8500000000013 5.5000000000000009 29.500000000000004 1.0000000180025095e-35 4 5 -29.949999999999999 6 27.500000000000004 7 8 1.4978661367769956 9 5.5000000000000009 1.2500000000000002 10 39.500000000000007
decision_type=2 2 9 2 2 1 2 2 2 1 2 1 2 2 2 2 2 1 9 2 9 2 1 9 2 9 2 2 9 2
left_child=11 4 -3 22 5 8 7 -7 9 18 -8 12 -1 -13 15 -6 -10 -9 -2 20 -11 -22 23 -4 25 26 27 -25 29 -27
right_child=1 2 3 -5 14 6 10 17 16 19 -12 13 -14 -15 -16 -17 -18 -19 -20 -21 21 -23 -24 24 -26 28 -28 -29 -30 -31
leaf_value=0.0094655929423723261 0.013392179301993132 0.013824678013522483 0.00607955173149719 -0.03350832586756293 0.0045566173621697809 0.016925396190688769 -0.020854749444933571 0.0056121531615924564 0.017503631411099205 -0.00043906456055344028 0.01280419472766252 0.022342282306692007 -0.019562175614745703 0.011124370241443122 0.0049247177709894167 -0.028777898450375317 0.0052565581492665121 -0.022898872717392157 0.0051246078360763789 0.010733916049085513 -0.0033363911943289524 -0.053151476350952104 0.00051973046822771771 -0.02888080337578856 -0.012935427699290706 0.012036157783780661 0.0086941534839312575 0.013984487363162787 0.0014338213872912319 -0.01236302590849464
leaf_weight=63.48483444750309 212.96109980344772 130.05522156506777 982.87410118430853 10.935616232454775 12.650562375783919 66.533897757530212 45.232938766479492 23.739792168140411 230.33443836867809 40.266166210174561 13.869514986872671 234.63304255902767 15.335203453898428 126.19377397745848 40.662216812372208 25.298678249120712 87.079633504152298 21.052438870072365 354.09462025761604 26.364850908517838 12.635402977466585 12.243875771760939 3210.3663423955441 51.210099369287491 142.20745356380939 261.98948460817337 33.095871224999428 12.599271461367605 602.05999845266342 37.518761090934277
leaf_count=124 317 198 2811 133 22 93 125 41 333 76 22 418 45 225 71 69 155 54 612 41 25 42 11484 265 727 777 123 49 2442 169
internal_value=0.00353163 0.00272526 0.00182297 0.00150145 0.00675488 0.00762717 6.26991e-05 0.0069753 0.00894489 0.00642697 -0.0128971 0.0158099 0.0033392 0.0179346 -0.00592136 -0.0176041 0.0141559 -0.00774242 0.00823665 -0.00475097 -0.0110706 -0.0280867 0.00157723 0.00315712 0.000605134 0.00254381 -0.0104084 -0.0203614 0.00394032 0.0089666
internal_weight=7139.58 6699.93 5474.91 5344.86 1225.02 1146.41 170.429 111.326 975.98 658.566 59.1025 439.647 78.82 360.827 78.6115 37.9492 317.414 44.7922 567.056 91.5103 65.1454 24.8793 5333.92 2123.56 1140.68 998.473 96.9052 63.8094 901.568 299.508
internal_count=22088 21276 19178 18980 2098 1936 335 188 1601 1113 147 812 169 643 162 91 488 95 929 184 143 67 18847 7363 4552 3825 437 314 3388 946
cat_boundaries=0 1 2 3 4 5 6 7 8 9 10 11
cat_threshold=288 1 1 2 1 4 2 24 11 1 4
is_linear=0
shrinkage=0.03


Tree=95
num_leaves=31
num_cat=22
split_feature=13 17 1 8 9 9 1 1 3 12 5 10 16 7 6 9 8 1 10 3 10 12 5 17 7 1 8 3 3 4
split_gain=72.4894 30.1841 20.9682 22.5017 27.5457 25.9334 19.1072 17.7907 20.0387 16.4555 15.4895 14.8552 14.0894 13.8835 13.9451 13.8175 29.5975 25.1366 30.4118 19.826 24.1839 21.7422 20.5879 18.926 18.8005 26.069 29.2668 25.2585 24.6251 24.5434
threshold=0 0.7340000000000001 1 2 3 4 5 6 7 1.5000000000000002 8 3.5000000000000004 -44.29999999999999 9 10 11 12 13 8.5000000000000018 14 1.5000000000000002 1.0000000180025095e-35 15 1.4190000000000003 16 17 18 19 20 21
decision_type=1 2 9 9 1 1 9 9 9 2 1 2 2 1 1 1 9 9 2 9 2 2 1 2 1 9 9 9 9 9
left_child=11 9 3 5 7 6 13 8 -5 -2 -10 -1 -12 14 -3 24 -17 18 19 22 -21 -22 -18 -24 27 -26 28 29 -27 -4
right_child=1 2 15 4 -6 -7 -8 -9 10 -11 12 -13 -14 -15 -16 16 17 -19 -20 20 21 -23 23 -25 25 26 -28 -29 -30 -31
leaf_value=0.017709239748272682 0.01336840638218407 0.018762054907880962 0.00040660461442824887 0.010709779137731145 0.0039452578088911656 0.0095182450671666818 0.010850706145078057 0.0010633762491783713 -0.029499450803642129 -0.010063825318708359 -0.033833142424305143 -0.0064385108906905913 -0.0044890753193853944 -0.022574039465789109 -0.0075023160772812311 -0.006877297854821279 0.045892120303280881 -0.0058364597141081888 0.036410098192702113 0.0072719175026496538 -0.0055397423791541563 -0.043239576088338678 -0.00068928947078844463 0.012449204584948977 -0.018237074587549914 0.0079353406869701257 0.010728823067575922 0.0073939000459778206 -0.014049543298671533 -0.031675237239007781
leaf_weight=375.21776678413153 335.13235920667648 22.366809397935867 76.919566534459591 26.509382098913193 1830.1918978281319 1001.5626232847571 65.257533490657806 230.75285881757736 53.755022455006838 29.112917944788933 17.783282294869423 24.18172612041235 85.861180204898119 42.040983684360981 95.002281531691551 529.13691870868206 12.434048131108284 286.18299954384565 25.798776566982269 158.35750768333673 207.1208610907197 14.691990770399569 172.71583420783281 228.77067425847054 65.075457684695721 63.807792015373707 151.26934422552586 767.53036566078663 123.17225679010153 29.570073679089546
leaf_count=693 516 42 235 74 5676 2531 167 756 242 66 68 60 309 229 284 2098 28 1115 87 593 841 79 523 786 340 322 509 2055 646 135
internal_value=0.00381978 0.00308406 0.00260406 0.00417464 0.00236191 0.00744435 -0.00179997 -0.00454709 -0.011291 0.0114851 -0.0154366 0.0162385 -0.0095806 -0.00733441 -0.00245991 0.000714404 -0.00110901 0.00168507 0.00435315 0.00335825 -0.00162774 -0.00806871 0.00779526 0.00679091 0.00304139 -0.00228694 0.00127852 0.00553841 -0.00650969 -0.00776647
internal_weight=7147.28 6747.88 6383.64 3471.08 2244.85 1226.23 224.668 414.662 183.909 364.245 157.399 399.399 103.644 159.41 117.369 2912.55 1635.21 1106.07 819.89 794.091 380.17 221.813 413.921 401.487 1277.34 403.325 338.249 874.02 186.98 106.49
internal_count=22105 21352 20770 10378 7125 3253 722 1449 693 582 619 753 377 555 326 10392 6150 4052 2937 2850 1513 920 1337 1309 4242 1817 1477 2425 968 370
cat_boundaries=0 1 2 3 4 5 6 7 8 9 10 11 12 13 14 15 16 17 18 19 20 21 22
cat_threshold=4 805 689 4 2 513 548 134 1 1 4 20 658 130 106 2 1 128 72 1 161 1
is_linear=0
shrinkage=0.03


Tree=96
num_leaves=31
num_cat=16
split_feature=18 9 8 10 13 8 1 9 16 10 1 7 4 4 10 10 8 17 10 5 1 10 9 14 12 7 19 17 17 1
split_gain=70.703 27.0097 32.8421 31.7074 23.2011 20.1797 15.4683 12.2839 26.4198 27.675 18.9803 19.9475 15.8977 15.6405 27.6229 14.0022 23.0727 23.0811 36.2266 12.6339 30.2661 12.3421 12.2626 11.2247 10.9886 11.6545 11.4544 13.1578 10.3334 14.8232
threshold=5049.8500000000013 0 1 1.5000000000000002 2 3 4 5 -41.29999999999999 2.5000000000000004 6 7 8 9 5.5000000000000009 2.5000000000000004 10 4.9595000000000011 3.5000000000000004 11 12 6.5000000000000009 13 -1.7499999999999998 1.5000000000000002 14 1.0000000180025095e-35 0.88450000000000017 1.4055000000000002 15
decision_type=2 1 9 2 1 9 9 1 2 2 9 1 9 9 2 2 9 2 2 1 9 2 1 2 2 1 2 2 2 9
left_child=1 2 3 -1 -3 22 -7 8 13 10 11 -10 -13 -8 -15 -9 19 -18 -19 -17 -21 -22 28 -5 25 -6 27 -26 -2 -30
right_child=5 4 -4 23 24 6 7 15 9 -11 -12 12 -14 14 -16 16 17 18 -20 20 21 -23 -24 -25 26 -27 -28 -29 29 -31
leaf_value=-0.0013434487382279344 0.016684506132457692 0.021921378505657063 0.0090280402254267634 -0.069610178321063504 0.013883036745082658 0.002854536421940175 0.013713246122513541 -0.0045474288841992668 0.040950808089607306 -0.032150080953437306 -0.010840453565088401 -0.023299115241849449 0.026529823258575131 -0.024622643383600758 0.039121546510962966 0.011189108060536489 -0.021324751759223007 0.044599346154677033 -0.036696716631138243 0.013313500390491936 -0.0083087637728003483 -0.040469577697419816 0.0020742208443146554 -0.027349508157357264 -0.024750026222512947 0.0024961862953642978 0.01387224769133266 0.0081056511572362207 -0.00502486829743786 0.010575011328618685
leaf_weight=35.998972065746784 157.22226380556822 212.23775951564312 118.42167623341084 10.336741805076601 460.12761867046356 3837.1987641900778 190.91380996257067 775.97402486205101 18.374425992369652 29.613494966179132 47.052409201860428 12.702152512967587 10.37321761995554 24.487833082675934 8.0254910811781865 184.0459893643856 63.664038851857185 13.365468814969065 7.6603397056460372 69.166507497429848 72.839822895824909 12.621202919632195 289.44287324696779 13.619355015456675 24.552239328622818 99.018518388271332 29.89710921049118 19.513329744338989 68.107688069343567 222.93142025917768
leaf_count=75 226 399 212 41 700 13180 518 2929 32 145 174 68 42 109 20 590 313 41 50 209 282 77 752 38 64 188 48 32 161 390
internal_value=0.0037099 0.0110073 5.73373e-06 -0.0165044 0.0131691 0.00248773 0.00183572 -0.000701549 0.00423768 -0.00709494 0.00128167 0.0142797 -0.000751928 0.0104322 -0.00872452 -0.00213425 0.00223137 -0.0110136 0.0148052 0.00571111 -0.000423627 -0.0117607 0.00711482 -0.0459227 0.0104353 0.0118727 -0.000392066 -0.0101474 0.0102456 0.00710426
internal_weight=7139.51 1023.72 178.377 59.9551 845.347 6115.78 5378.08 1540.88 341.543 118.116 88.5022 41.4498 23.0754 223.427 32.5133 1199.34 423.363 84.6898 21.0258 338.674 154.628 85.461 737.704 23.9561 633.109 559.146 73.9627 44.0656 448.261 291.039
internal_count=22105 1797 366 154 1431 20308 18779 5599 1108 461 316 142 110 647 129 4491 1562 404 91 1158 568 359 1529 79 1032 888 144 96 777 551
cat_boundaries=0 1 2 3 4 5 6 7 8 9 10 11 12 13 14 15 16
cat_threshold=2 386 4 289 775 16 1160 1 1 1 74 4 128 28 1 644
is_linear=0
shrinkage=0.03


Tree=97
num_leaves=31
num_cat=8
split_feature=11 18 12 17 7 17 1 0 9 0 16 17 2 8 9 9 0 0 14 17 17 18 20 2 17 0 0 20 0 17
split_gain=67.6874 27.6693 18.0995 25.3426 16.6952 23.628 16.4799 26.0205 27.1321 39.1986 24.7841 17.1062 15.9168 15.9059 19.1725 18.0208 29.7607 17.0585 17.9894 15.025 46.8877 14.6914 29.2917 22.3787 25.199 15.625 17.1549 25.2749 17.2166 16.0511
threshold=16.500000000000004 5049.8500000000013 1.5000000000000002 0.79150000000000009 0 0.67000000000000004 1 25.500000000000004 2 42.500000000000007 -46.04999999999999 0.84450000000000014 3 4 5 6 31.500000000000004 54.500000000000007 1.0000000180025095e-35 0.89700000000000013 0.80600000000000016 5193.4000000000005 3.5000000000000004 7 4.956500000000001 37.500000000000007 38.500000000000007 3.5000000000000004 50.500000000000007 1.2755000000000003
decision_type=2 2 2 2 1 2 9 2 1 2 2 2 9 9 1 1 2 2 2 2 2 2 2 9 2 2 2 2 2 2
left_child=-1 2 4 -4 -2 -6 11 -8 10 -10 -9 -3 -11 14 17 -15 -17 -13 -19 20 -7 25 -23 24 -24 29 -27 28 -28 -12
right_child=1 6 3 -5 5 19 7 8 9 12 21 13 -14 15 -16 16 -18 18 -20 -21 -22 22 23 -25 -26 26 27 -29 -30 -31
leaf_value=0.015138995726259978 0.011964681254020167 -0.027758906561851589 -0.034777730668412617 0.005731870332010839 0.029186930458983185 -0.00099093193826394897 0.017074549890026495 0.012567325459110389 -0.00022085948474411413 -0.032795373364866209 -0.0012830531841987289 -0.0012298283150164429 -0.011346580358554495 0.01067101723398625 0.0032527028227757621 0.013287418722031893 -0.00099683278310091724 0 -0.039626621380734986 0.01668604180353821 -0.059307268690480759 -0.015634363626894375 -0.022305927363256949 0.019007890290181653 0.0070433310529016777 0.043733043598106203 0.040688715884844878 -0.019129316361503761 -0.016024480764561543 -0.038199321672802052
leaf_weight=430.21688290685415 557.24914424866438 15.999801754951475 20.035455301403999 44.542900443077087 20.316869854927063 66.334383904933929 71.447781205177307 183.66412606090307 523.2472240254283 35.811312943696976 17.741786405444145 606.64458526298404 247.62663288787007 480.99421142786741 2676.6495349556208 181.23783075809479 474.27804278582335 19.58183341473341 22.006494864821434 20.489361047744751 15.196698188781737 61.530093912035227 34.127649821341038 93.533037070184946 113.95517655462027 6.8649903684854499 13.729351408779623 42.645464062690735 7.2329852059483519 26.91197345405817
leaf_count=821 881 43 58 77 21 131 178 424 1843 187 34 2169 1066 1190 9148 398 1579 50 124 30 62 285 173 265 371 18 53 214 34 178
internal_value=0.00360364 0.00286245 0.00831767 -0.0068242 0.00976175 -0.000249733 0.00218039 -0.000567489 -0.00146963 -0.00503212 0.003328 0.00308379 -0.0140777 0.0032026 0.00213143 0.00625942 0.00290503 -0.0024728 -0.0210787 -0.00616412 -0.0119567 -0.000644313 0.00281312 0.00752791 0.000248672 -0.00976885 -0.000919618 -0.00584701 0.0209944 -0.0236345
internal_weight=7131.84 6701.63 744.165 64.5784 679.586 122.337 5957.46 1480.07 1408.62 806.685 601.937 4477.39 283.438 4461.39 3324.88 1136.51 655.516 648.233 41.5883 102.02 81.5311 418.273 303.146 241.616 148.083 115.127 70.4728 63.6078 20.9623 44.6538
internal_count=22105 21284 1260 135 1125 244 20024 5323 5145 3096 2049 14701 1253 14658 11491 3167 1977 2343 174 223 193 1625 1094 809 544 531 319 301 87 212
cat_boundaries=0 1 2 3 4 5 6 7 8
cat_threshold=1 807 18 1 202 4 20 2
is_linear=0
shrinkage=0.03


Tree=98
num_leaves=31
num_cat=8
split_feature=11 17 10 1 8 0 17 0 7 0 6 0 12 0 17 17 0 12 0 1 3 17 17 0 0 5 1 14 17 17
split_gain=64.7557 26.4352 19.5269 18.2612 19.2242 15.6996 19.327 14.2862 22.467 13.2386 12.2701 18.334 24.6141 22.4038 17.5642 24.1641 14.8584 30.8448 18.2827 15.0017 12.017 16.9519 17.5021 15.832 27.0323 14.8674 14.0732 25.9305 20.0507 42.4731
threshold=16.500000000000004 0.7340000000000001 3.5000000000000004 0 1 57.500000000000007 4.8575000000000008 56.500000000000007 2 47.500000000000007 3 29.500000000000004 1.0000000180025095e-35 58.500000000000007 4.9595000000000011 4.9585000000000008 43.500000000000007 1.0000000180025095e-35 34.500000000000007 4 5 4.964500000000001 1.3490000000000004 52.500000000000007 54.500000000000007 6 7 -1.7499999999999998 4.8575000000000008 4.9615000000000009
decision_type=2 2 2 9 9 2 2 2 1 2 1 2 2 2 2 2 2 2 2 9 9 2 2 2 2 1 9 2 2 2
left_child=2 -2 -1 4 10 7 -7 -5 -9 -6 14 12 -12 16 15 -3 18 19 -13 -18 21 22 -11 -24 -25 -26 -22 -28 -29 -30
right_child=1 3 -4 5 9 6 -8 8 -10 20 11 13 -14 -15 -16 -17 17 -19 -20 -21 26 -23 23 24 25 -27 27 28 29 -31
leaf_value=0.016435998564102609 0.010867879215913697 0.012765620692175376 -0.011112990648688948 0.00066142563981771616 0.00086283518699759672 -0.0019341336246667422 -0.033120799198794404 0.027750374173759914 -0.019255726782305353 -0.020869018407447926 0.017530869238372389 -0.0020504536657316194 -0.016630597751492719 0.017022341310265546 -0.020487495140743984 0.053336287193842695 0.014260876493507983 -0.036185394170199607 0.009648331801341805 -0.0048237796732023986 0.013338057614201215 -0.040354363705973478 -0.01402895971878357 0.05318746907090495 0.019243970364667018 -0.024230214135203612 -0.015524355699713974 0.022546560752168668 -0.041323359912227388 0.010782476585594569
leaf_weight=401.16699428856373 344.98669546842575 182.28874304145575 24.374697215855122 2775.3051243498921 1708.6231859661639 53.260714299976826 27.010608576238155 38.864655539393425 11.804286040365694 24.216775603592396 173.45783240348101 210.4721383266151 21.144732713699341 97.440228015184402 12.67328532040119 14.228709757328032 37.209352023899555 24.81308626383543 279.10730358213186 161.52860847860575 232.26344469189644 10.001500777900217 18.463052466511726 14.009344592690466 18.54530280828476 11.292107515037062 53.756581716239452 57.50902446359396 17.870647773146629 64.89906894415617
leaf_count=757 559 409 64 9942 5452 141 146 85 71 71 321 592 54 154 68 32 93 109 818 593 691 53 98 40 51 53 138 155 94 201
internal_value=0.00350063 0.0027789 0.0148487 0.00233894 0.00381192 0.000576286 -0.0124937 0.000951066 0.016724 0.00213367 0.00685028 0.00552494 0.013797 0.00353382 0.0135259 0.015744 0.00168445 -0.0047159 0.00461346 -0.000755519 0.00632094 -0.00323846 0.000684885 0.00912992 0.0189597 0.00266477 0.00837238 0.00204786 0.00895526 -0.000467681
internal_weight=7122.59 6697.05 425.542 6352.06 3445.81 2906.25 80.2713 2825.97 50.6689 2231.45 1214.36 1005.17 194.603 810.571 209.191 196.517 713.13 223.551 489.579 198.738 522.827 96.5281 86.5266 62.3098 43.8468 29.8374 426.299 194.035 140.279 82.7697
internal_count=22105 21284 821 20725 10340 10385 287 10098 156 7097 3243 2734 375 2359 509 441 2205 795 1410 686 1645 366 313 242 144 104 1279 588 450 295
cat_boundaries=0 1 2 3 4 5 6 7 8
cat_threshold=805 689 1 4 32 34 4 5
is_linear=0
shrinkage=0.03


Tree=99
num_leaves=31
num_cat=8
split_feature=11 17 21 1 8 9 9 1 0 0 0 21 1 2 20 0 21 0 14 20 2 0 21 17 17 0 0 0 17 0
split_gain=61.9503 25.1317 18.6511 17.2063 18.1526 28.4951 23.4171 18.0712 25.0929 17.8544 17.0853 43.4519 21.0623 25.5413 21.5294 17.015 19.2927 16.5146 25.0817 30.7737 15.8447 24.6143 15.7465 15.7403 19.9634 14.9502 14.8709 14.8501 18.6279 13.4227
threshold=16.500000000000004 0.7340000000000001 1.4978661367769956 0 1 2 3 4 35.500000000000007 52.500000000000007 30.500000000000004 0.89587973461402759 5 6 6.5000000000000009 56.500000000000007 2.4414009612931857 36.500000000000007 1.2500000000000002 5.5000000000000009 7 38.500000000000007 1.8688348091416842 4.964500000000001 4.9605000000000006 55.500000000000007 28.500000000000004 57.500000000000007 4.8575000000000008 56.500000000000007
decision_type=2 2 2 9 9 1 1 9 2 2 2 2 9 9 2 2 2 2 2 2 9 2 2 2 2 2 2 2 2 2
left_child=2 -2 -1 4 6 10 7 -3 -9 -10 11 26 13 -12 20 16 25 18 -15 -20 21 -14 23 24 -17 -7 -6 29 -29 -5
right_child=1 3 -4 27 5 15 -8 8 9 -11 12 -13 14 17 -16 22 -18 -19 19 -21 -22 -23 -24 -25 -26 -27 -28 28 -30 -31
leaf_value=0.01613831479682528 0.010611261331712057 -0.0075031434097360657 -0.010703481909727018 0.00064146296191358132 -0.0073853710788858214 0.003392376533499203 0.0086419489278561877 0.034158206213371421 -0.032420691341807771 0.010741979301742316 -0.034747763715322677 0.018849257453324227 0.038596943105713884 -0.032464694305644498 0.0290381447888498 0.010290001186932296 -0.027467628039188771 0.011772742619801671 0.045635686842570571 -0.013437755012930184 -0.025327770279381018 -0.025585425831112254 0.035915578947045231 0.031335460094164526 -0.018416289132509284 -0.020335808102546506 -0.04848379018153802 -0.0018755634420196691 -0.032654159691985998 0.016204298028614231
leaf_weight=396.38483357429504 342.7663346529007 158.64127980917692 24.549152486026287 2775.8193310424685 22.747894756495953 1581.2504520639777 989.30361141264439 26.587117522954941 12.843662627041338 25.653129063546658 17.654679968953133 70.388812020421028 9.5180550217628497 23.895836479961872 8.1611375361680967 127.52661114186049 18.767730321735144 85.702856887131929 12.172531813383101 22.274815235286951 111.52254083380103 12.078773036599157 21.95952133834362 24.377675876021385 26.143742561340332 24.132923677563667 12.281441703438757 53.279061868786812 26.582634650170803 50.714286640286446
leaf_count=757 559 555 64 9942 68 4952 2521 42 69 56 80 184 19 104 19 282 113 272 21 85 475 59 45 53 105 103 58 141 146 156
internal_value=0.00339994 0.00269737 0.0145636 0.00226969 0.00369959 0.00207001 0.00665448 -0.00211487 0.0102227 -0.00362732 -0.00501179 0.0052467 -0.0087569 -0.000735852 -0.0166774 0.00367601 0.00267661 0.00338209 -0.00889102 0.00742164 -0.0207742 0.00260999 0.0119549 0.00896437 0.00537793 0.00303257 -0.0219771 0.000558768 -0.012186 0.000922319
internal_weight=7115.68 6694.75 420.934 6351.98 3445.59 2232.56 1213.03 223.725 65.0839 38.4968 408.399 105.418 302.981 161.701 141.281 1824.16 1624.15 144.046 58.3432 34.4473 133.119 21.5968 200.008 178.048 153.67 1605.38 35.0293 2906.4 79.8617 2826.53
internal_count=22105 21284 821 20725 10340 7097 3243 722 167 125 1444 310 1134 562 572 5653 5168 482 210 106 553 78 485 440 387 5055 126 10385 287 10098
cat_boundaries=0 1 2 3 4 5 6 7 8
cat_threshold=805 689 4 2 513 257 1 1
is_linear=0
shrinkage=0.03


Tree=100
num_leaves=31
num_cat=14
split_feature=11 17 7 17 8 17 2 1 10 1 9 17 9 10 3 17 17 4 1 9 10 8 17 10 10 3 10 17 10 1
split_gain=58.1681 27.0667 22.5493 19.9845 33.2635 52.7293 29.19 19.222 17.9631 17.7485 20.5908 22.6184 19.6085 16.7621 15.9635 16.4668 15.3695 14.5446 20.7196 25.6818 19.2587 18.0128 16.8892 15.3735 32.4371 14.0843 34.9463 21.5891 17.9277 24.9344
threshold=26.000000000000004 0.71550000000000014 0 0.89850000000000019 1 4.2070000000000007 2 3 3.5000000000000004 4 5 1.2395000000000003 6 3.5000000000000004 7 4.9585000000000008 0.71950000000000014 8 9 10 2.5000000000000004 11 1.2885000000000002 7.5000000000000009 5.5000000000000009 12 3.5000000000000004 4.9595000000000011 5.5000000000000009 13
decision_type=2 2 1 2 9 2 9 9 2 9 1 2 1 2 9 2 2 9 9 1 2 9 2 2 2 9 2 2 2 9
left_child=13 -2 7 -4 5 6 -5 8 -3 12 -11 -12 14 -1 15 -6 -9 -18 19 -19 22 -20 -21 24 -23 27 -27 28 29 -14
right_child=1 2 3 4 9 -7 -8 16 -10 10 11 -13 25 -15 -16 -17 17 18 21 20 -22 23 -24 -25 -26 26 -28 -29 -30 -31
leaf_value=0.015346484882517568 0.012193401083556139 -0.006097914284481541 -0.016762970432536221 0.0044123989107895988 0.024892988343828873 0.02716853859140805 -0.046445890836545829 -0.025587240544776717 -0.046820465674464275 0.0044194087319384115 0.030679048394895016 -0.010461670764970801 -0.0045632379309511958 -0.0089727236402400122 0.0021047656031537216 -0.010289802193025433 0.0041713499199612777 0.01156584119068353 -0.011672955690251377 0.011638737689047591 -0.0035121749965758078 0.0030954862988696354 -0.038681110815087176 -0.026065854961599851 0.036817256640371575 0.009634537152105254 -0.029659316521551796 0.0063189944499036643 0.013362063878058234 -0.028597417333274658
leaf_weight=397.97272082418203 241.93014192581177 73.750281907618046 68.20061431825161 31.392389014363289 61.92235554754734 93.786592073738575 14.843469165265558 16.308596909046173 11.197575572878121 130.78457363694906 12.264265060424803 406.47091542929411 98.915630541741848 27.031146422028542 594.439523242414 14.64262396097183 3850.0922598801553 27.243343338370323 65.95857011526823 6.7120913863182059 33.686626981943846 405.35507820546627 48.047481589019299 14.466826956719158 27.341831289231777 123.38766711950302 24.277496807277203 63.269504815340042 19.435083575546741 75.345339044928551
leaf_count=771 388 248 175 123 213 156 82 43 64 543 12 2139 472 69 2683 63 10236 80 299 13 126 1252 234 77 66 563 153 259 81 421
internal_value=0.00303044 0.00234265 0.00197041 -0.000839869 -0.000222039 0.0132935 -0.0119153 0.00309598 -0.0103347 -0.00146192 -0.0057994 -0.00902698 0.000784578 0.0137909 0.00391223 0.0160298 0.00336617 0.00348035 -0.000745705 -0.0116613 -0.0192983 0.00190146 -0.0324486 0.00412392 0.00524129 -0.00436378 0.00293935 -0.0085242 -0.0138287 -0.0168844
internal_weight=7080.47 6655.47 6413.54 1833.38 1765.18 140.022 46.2359 4580.16 84.9479 1625.15 549.52 418.735 1075.64 425.004 671.005 76.565 4495.21 4478.9 628.812 115.69 88.4462 513.122 54.7596 447.164 432.697 404.631 147.665 256.966 193.696 174.261
internal_count=22104 21264 20876 8138 7963 361 205 12738 312 7602 2694 2151 4908 840 2959 276 12426 12383 2147 453 373 1694 247 1395 1318 1949 716 1233 974 893
cat_boundaries=0 1 2 3 4 5 6 7 8 9 10 11 12 13 14
cat_threshold=1 386 2 8 686 16 13 2 1 784 1 129 78 6
is_linear=0
shrinkage=0.03


Tree=101
num_leaves=31
num_cat=12
split_feature=19 17 7 17 8 17 0 15 2 1 10 1 9 0 17 9 0 17 17 1 0 1 10 10 17 2 2 17 2 15
split_gain=56.0951 25.7761 21.2014 18.7302 31.4338 49.833 29.4327 33.853 28.0499 18.1095 17.3744 16.7052 19.5218 29.2702 21.485 18.5686 16.9621 27.3315 25.23 20.2739 19.1822 16.1159 16.0636 14.8082 19.3983 16.9658 15.5682 14.3001 14.2188 13.328
threshold=1.0000000180025095e-35 0.71550000000000014 0 0.89850000000000019 1 4.2070000000000007 42.500000000000007 92.559000000000012 2 3 3.5000000000000004 4 5 38.500000000000007 1.2395000000000003 6 48.500000000000007 4.9595000000000011 4.8585000000000012 7 43.500000000000007 8 3.5000000000000004 1.5000000000000002 4.9615000000000009 9 10 0.71950000000000014 11 93.956000000000017
decision_type=2 2 1 2 9 2 2 2 9 9 2 9 1 2 2 1 2 2 2 9 2 9 2 2 2 9 9 2 9 2
left_child=1 -1 9 6 5 8 7 -4 -5 10 -3 15 13 -13 -14 -6 17 19 -18 -17 23 -15 -2 25 26 -19 -25 -11 -21 -20
right_child=22 2 3 4 11 -7 -8 -9 -10 27 -12 12 14 21 -16 16 18 20 29 28 -22 -23 -24 24 -26 -27 -28 -29 -30 -31
leaf_value=0.011919161769027645 0.015095124093528096 -0.0059195267646893262 0.017858086700652653 0.0042749796751245985 0.0037883121277127157 0.02646243045989068 -0.049801074502943438 -0.031060917824593921 -0.04586479584269669 -0.024469993022583476 -0.046297056906748887 0.016481922440265299 0.030128387264048002 0.0036645735827641867 -0.010202568596050893 -0.031041718070204668 0.019496861412458669 0.056430145787415287 0.023737332492109874 0.01675610454325533 -0.037545615418141054 -0.026750047250831233 -0.0086551325795920162 0.031813295244069811 -0.025558020412166742 0.0098723775606743419 -0.015070234708647693 0.0033702761862942441 -0.010517946144049653 -0.022342405087005045
leaf_weight=240.10200496017933 394.3303866609931 73.697425588965416 27.525185197591782 31.432056628167629 672.28271184489131 93.408911198377609 17.400442689657211 23.478327199816704 14.585756443440912 16.542512133717537 10.988735567778347 77.102555200457573 12.117825135588644 33.162154287099838 404.32529808953404 37.3461879119277 55.979078449308872 11.630999997258186 6.9411915838718405 18.905254244804382 7.6666663736104956 20.767740622162819 27.183634735643864 18.563272535800934 15.862288698554037 18.265514150261879 9.5076761394739169 4478.1157499030232 175.38585668802261 27.754027344286442
leaf_count=388 772 248 38 123 2959 156 61 76 82 43 64 273 12 143 2139 229 231 29 24 84 46 127 69 59 80 75 48 12382 895 149
internal_value=0.0029416 0.00226833 0.00190623 -0.000820552 -0.000220786 0.0129456 -0.0162118 -0.00461869 -0.0116172 0.00299739 -0.0100565 -0.001425 -0.00564372 0.00428867 -0.0088035 0.000751088 -0.00426726 -0.00768574 0.00703039 -0.0129462 0.00722672 -0.0122928 0.0135547 0.0119611 0.000794531 0.0282131 0.0158301 0.00325935 -0.00745774 -0.0129957
internal_weight=7072.36 6650.84 6410.74 1831.4 1762.99 139.427 68.404 51.0035 46.0178 4579.34 84.6862 1623.57 547.476 131.032 416.443 1076.09 403.808 313.134 90.6743 231.637 81.4964 53.9299 421.514 73.8298 43.9332 29.8965 28.0709 4494.66 194.291 34.6952
internal_count=22104 21263 20875 8138 7963 361 175 114 205 12737 312 7602 2694 543 2151 4908 1949 1545 404 1208 337 270 841 291 187 104 107 12425 979 173
cat_boundaries=0 1 2 3 4 5 6 7 8 9 10 11 12
cat_threshold=1 386 2 8 686 16 13 128 1 4 2 1
is_linear=0
shrinkage=0.03


Tree=102
num_leaves=31
num_cat=8
split_feature=19 17 7 17 8 17 0 15 4 6 10 8 0 5 0 10 0 0 17 0 17 10 10 13 9 20 17 17 10 20
split_gain=53.5906 24.5287 20.0331 17.6076 29.7269 47.0993 27.2954 31.9302 16.938 24.1691 23.1511 21.2399 17.1765 34.9879 19.4474 17.3802 16.6494 15.8721 17.7502 15.6405 15.5517 15.3415 15.3223 14.8538 13.8594 14.1139 13.769 15.2812 12.6469 12.6666
threshold=1.0000000180025095e-35 0.71550000000000014 0 0.89850000000000019 1 4.2070000000000007 42.500000000000007 92.559000000000012 2 3 4.5000000000000009 4 38.500000000000007 5 34.500000000000007 6.5000000000000009 52.500000000000007 30.500000000000004 1.4080000000000001 47.500000000000007 1.2395000000000003 3.5000000000000004 1.5000000000000002 6 7 6.5000000000000009 4.0980000000000016 1.4490000000000003 1.5000000000000002 3.5000000000000004
decision_type=2 2 1 2 9 2 2 2 9 1 2 9 2 1 2 2 2 2 2 2 2 2 2 1 1 2 2 2 2 2
left_child=1 -1 8 6 5 16 7 -4 -3 10 17 26 13 14 22 23 -5 -10 19 -19 -6 -2 -13 24 28 -26 27 -11 29 -14
right_child=21 2 3 4 20 -7 -8 -9 9 11 -12 12 15 -15 -16 -17 -18 18 -20 -21 -22 -23 -24 -25 25 -27 -28 -29 -30 -31
leaf_value=0.011649576686539926 0.014807974287668854 0.003646537523585942 0.017427829047042171 -0.020479954607970675 0.026239050266576677 0.025776509099196366 -0.047886551882504305 -0.030154043533062277 0.014621837087185683 -0.021040877741749113 0.01403319268922599 -0.015440336617033798 -0.02374965367665955 0.022356810048604042 -0.026578837158120667 -0.038864676643692565 0.024251805867699296 -0.027624986588558654 -0.037845451403166024 0.025657528356673336 -0.0017162542225080631 -0.0083505791940726073 0.01499050111725544 -0.029504438096661249 0.0069616147558445246 -0.0262679132816734 -0.037973859358422977 0.0095003345584075121 -0.032985940357450644 0.021143401454547774
leaf_weight=238.31820240616798 389.98620849847794 3933.7603649683297 27.363530248403549 36.52782367169857 18.001289427280426 93.026232838630676 17.554778829216957 23.462128311395645 8.7892115563154203 33.337249234318733 18.873182877898216 22.031419098377228 10.581988334655763 101.20787832885981 23.698444977402687 10.615110341459511 9.2697754055261594 11.072086557745935 47.501790732145309 8.7892829924821836 1603.8430238589644 27.331150583922863 45.146004185080528 14.353862583637236 203.69285473972559 12.06361463665962 17.400499291718006 26.138154193758965 19.396369710564613 11.923015937209128
leaf_count=388 772 10494 38 187 20 156 61 76 22 139 61 72 46 230 98 71 18 46 230 20 7582 69 109 68 642 55 112 92 92 38
internal_value=0.00285404 0.00219874 0.00184669 -0.000806133 -0.000223906 0.0126076 -0.0157314 -0.00449408 0.00290668 -0.0015896 -0.0155566 0.000813543 0.00323974 0.0102294 -0.00325351 -0.00138745 -0.0113274 -0.0229381 -0.0278976 -0.00388509 -0.00139393 0.0132824 0.00495774 7.77964e-05 0.00174824 0.00485359 -0.0128638 -0.0075749 -0.0123572 0
internal_weight=7065.06 6647.74 6409.42 1829.05 1760.67 138.824 68.3804 50.8257 4580.37 646.612 95.0256 551.586 474.711 192.084 90.8759 282.627 45.7976 76.1524 67.3632 19.8614 1621.84 417.317 67.1774 272.012 257.658 215.756 76.8759 59.4754 41.9014 22.505
internal_count=22104 21263 20875 8138 7963 361 175 114 12737 2243 379 1864 1521 509 279 1012 205 318 296 66 7602 841 181 941 873 697 343 231 176 84
cat_boundaries=0 1 2 3 4 5 6 7 8
cat_threshold=1 386 1 4 145 4 2 4
is_linear=0
shrinkage=0.03


Tree=103
num_leaves=31
num_cat=9
split_feature=11 17 7 1 21 17 8 17 1 9 9 0 17 17 3 0 17 17 21 5 21 0 21 17 20 17 0 20 2 0
split_gain=50.6597 23.3038 18.8954 16.9499 16.7687 16.7064 19.1441 56.9958 15.3454 29.2518 21.7715 17.9757 33.6769 18.5029 16.4289 20.3337 22.4366 24.3313 27.2162 16.3048 31.8449 17.0877 14.5969 14.2805 16.9802 13.3641 13.3025 27.6967 21.2958 18.8148
threshold=26.000000000000004 0.71550000000000014 0 1 1.4978661367769956 0.73050000000000004 2 4.2070000000000007 3 4 5 51.500000000000007 4.9595000000000011 4.8585000000000012 6 33.500000000000007 4.9585000000000008 4.862000000000001 0.89587973461402759 7 2.524928003624769 43.500000000000007 1.4978661367769956 4.8565000000000014 4.5000000000000009 0.71950000000000014 38.500000000000007 1.5000000000000002 8 55.500000000000007
decision_type=2 2 1 9 2 2 9 2 9 1 1 2 2 2 9 2 2 2 2 1 2 2 2 2 2 2 2 2 9 2
left_child=22 -2 3 4 -3 -4 7 -7 10 26 14 12 -12 23 15 -8 17 18 -17 21 -21 -11 -1 -13 -25 -5 -10 -28 29 -29
right_child=1 2 5 25 -6 6 8 -9 9 19 11 13 -14 -15 -16 16 -18 -19 -20 20 -22 -23 -24 24 -26 -27 27 28 -30 -31
leaf_value=0.014484473713756172 0.011384606948725624 -0.0057961158763673243 -0.044675908838092082 -0.02357625257624853 -0.045831474442680348 -0.0095980965928339802 0.041014331689116203 0.02510991960630661 0.014354934009772743 0.00091606082763670148 -0.013721355102009865 -0.0042379606883977397 0.0083103840716174885 -0.011324838501628498 0.0020618620258848852 0.024375125242216685 -0.038800077610085956 0.042136668514095289 -0.038208820381207979 -0.017699087294867494 0.041865149003285959 -0.016883610148101427 -0.0080583985721280685 0.0098871528037469212 0.056884486285403532 0.0031854674515523224 0.038289006403924512 -0.039009544439521836 0.0098034763569164411 0.020677047621536708
leaf_weight=384.97627442330122 236.57801268994808 73.606349423527718 7.6729339659214011 16.732556477189064 10.758536666631697 78.500206038355827 24.280712112784386 92.639487512409687 82.873391173779964 176.14030218496919 239.02006255835295 12.979553110897539 84.25400024279952 24.409737512469292 578.52518704906106 14.119535952806475 7.8024412542581549 18.466706484556198 11.049322150647638 205.24853182584047 8.2880000770091993 66.757050335407257 27.473867766559124 14.040845677256586 14.001383528113363 4479.4044048301876 11.519756950438021 26.376394540071487 22.096475310623646 5.6559107154607764
leaf_count=771 388 248 26 43 64 278 63 156 292 815 1265 38 345 120 2573 53 43 41 65 1132 32 385 69 66 40 12383 40 159 92 19
internal_value=0.00277176 0.00213776 0.00179569 0.00282465 -0.00982241 -0.000782786 -0.000593545 0.00866956 -0.00160073 -0.00536356 0.000609537 -0.00493492 -0.00796921 0.0092469 0.00393312 0.0162701 0.00763173 0.0160725 -0.00302346 -0.00910472 -0.0153547 -0.00396853 0.012974 0.0215587 0.0335781 0.00307784 0.00596243 -0.00368533 -0.0127278 -0.0283458
internal_weight=7056.25 6643.8 6407.22 4580.5 84.3649 1826.72 1819.04 171.14 1647.91 604.956 1042.95 388.706 323.274 65.4315 654.244 75.7187 51.438 43.6356 25.1689 456.434 213.537 242.897 412.45 41.0218 28.0422 4496.14 148.522 65.6485 54.1288 32.0323
internal_count=22104 21264 20876 12738 312 8138 8112 434 7678 2966 4712 1874 1610 264 2838 265 202 159 118 2364 1164 1200 840 144 106 12426 602 310 270 178
cat_boundaries=0 1 2 3 4 5 6 7 8 9
cat_threshold=1 8 386 678 16 13 2 1 2
is_linear=0
shrinkage=0.03


Tree=104
num_leaves=31
num_cat=14
split_feature=19 7 0 4 1 9 6 10 0 18 2 0 8 1 0 20 9 5 0 10 18 0 10 10 10 3 9 9 0 1
split_gain=48.8369 19.9008 18.9593 17.5344 35.6367 28.5782 18.5793 30.4167 21.1449 18.4257 17.2211 16.4929 18.4316 18.1616 19.0743 20.6141 20.2271 24.7593 20.0375 19.3717 23.0191 17.856 22.6698 27.2734 25.8848 21.9276 16.5682 15.6613 19.7411 16.3462
threshold=1.0000000180025095e-35 0 74.500000000000014 1 2 3 4 4.5000000000000009 30.500000000000004 5087.6500000000005 5 64.500000000000014 6 7 30.500000000000004 2.5000000000000004 8 9 31.500000000000004 1.5000000000000002 5211.9500000000016 48.500000000000007 9.5000000000000018 11.500000000000002 6.5000000000000009 10 11 12 38.500000000000007 13
decision_type=2 1 2 9 9 1 1 2 2 2 9 2 9 9 2 2 1 1 2 2 2 2 2 2 2 9 1 1 2 9
left_child=1 3 11 -1 6 -6 7 8 -5 -7 -10 12 -3 14 15 -14 17 19 -16 -17 -21 22 24 -24 -20 -23 -27 28 -15 -30
right_child=-2 2 -4 4 5 9 -8 -9 10 -11 -12 -13 13 27 18 16 -18 -19 21 20 -22 25 23 -25 -26 26 -28 -29 29 -31
leaf_value=0.0038221759778206158 0.01274918247067802 0.0070213072247563525 0.036015822665758312 0.023082490875517461 0.010020745429849454 0.021955693788583086 0.0049026658362523456 0.024646355654775152 -0.042766998229767934 -0.025013424972634073 -0.0032558841635896949 -0.03969008275572488 0.013901057730768095 0.012732023618804543 0.019151877777609735 0.047979959042473729 -0.024029026930778873 -0.018488445216050739 -0.001680649320001949 -0.038340841893541505 0.03143878664473132 0.013563335018112478 0.052835819167083721 -0.012054453499026231 -0.037411034060166673 0.0086037431476299886 -0.017491719113120616 -0.0090752319136439257 0.0045773158904087279 -0.025946383509833068
leaf_weight=4118.9592091813684 409.26503189653158 238.34453442692757 12.572356805205343 7.6859765499830237 32.372129917144775 7.9074995368719092 426.20867425575852 15.775775365531443 31.421709306538105 113.24877652898431 14.767073228955267 9.6652760654687864 28.207066744565964 76.995116911828518 58.406134873628616 12.593693599104883 66.873350873589516 30.587154217064381 580.45859159529209 7.8617859110236177 9.0326708182692528 164.94742587208748 14.416375309228899 9.5823020972311479 18.754787154495716 33.124499432742596 38.41953732073307 408.28998226299882 32.534264735877514 20.038309447467327
leaf_count=10799 841 570 11 17 101 10 1346 43 157 525 48 30 104 279 197 35 362 145 2708 50 24 700 41 68 122 139 213 2152 141 126
internal_value=0.00269116 0.00207059 -0.000549447 0.00309965 -0.00147851 -0.0136152 0.00249932 -0.0117919 -0.0225434 -0.0202385 -0.030234 -0.000800256 -0.000593262 -0.00175465 0.000509113 -0.00920773 -0.0143728 0.000292747 0.00216085 0.0199709 -0.000890966 0.00100093 -0.0016586 0.0268591 -0.00281004 0.00801986 -0.00580321 -0.00620347 0.00282633 -0.0110841
internal_weight=7049.32 6640.05 1871.71 4768.35 649.388 153.528 495.859 69.6505 53.8748 121.156 46.1888 1859.13 1849.47 1611.12 1073.27 155.156 126.949 60.0753 918.11 29.4882 16.8945 859.704 623.212 23.9987 599.213 236.491 71.544 537.858 129.568 52.5726
internal_count=22104 21263 8217 13046 2247 636 1611 265 222 535 205 8206 8176 7606 4908 720 616 254 4188 109 74 3991 2939 109 2830 1052 352 2698 546 267
cat_boundaries=0 1 2 3 4 5 6 7 8 9 10 11 12 13 14
cat_threshold=1 1 231 1 4 2 419 686 9 4 43 20 16 1
is_linear=0
shrinkage=0.03


Tree=105
num_leaves=31
num_cat=11
split_feature=13 8 0 3 15 12 4 6 1 18 10 14 0 0 15 5 3 0 2 0 5 0 16 1 10 0 20 0 15 0
split_gain=37.7933 13.8621 17.0244 15.14 14.3942 13.0476 10.5039 19.4139 42.7453 14.9159 14.5953 26.2521 16.2956 15.082 14.3199 21.9286 11.0539 37.8234 34.7657 28.8037 22.9497 47.6069 20.3013 20.4422 19.1593 21.3796 18.294 17.6009 16.5674 15.3379
threshold=0 1 45.500000000000007 2 93.284500000000023 1.5000000000000002 3 4 5 5087.6500000000005 5.5000000000000009 1.2500000000000002 37.500000000000007 35.500000000000007 94.340000000000018 6 7 35.500000000000007 8 36.500000000000007 9 31.500000000000004 -36.249999999999993 10 2.5000000000000004 38.500000000000007 6.5000000000000009 31.500000000000004 94.340000000000018 53.500000000000007
decision_type=1 9 2 9 2 2 9 1 9 2 2 2 2 2 2 1 9 2 9 2 1 2 2 9 2 2 2 2 2 2
left_child=-1 2 5 -4 -5 -2 -3 9 14 -8 11 12 -10 -13 -9 -16 18 20 -11 -20 27 -22 23 28 25 -21 -25 -18 29 -19
right_child=1 6 3 4 -6 -7 7 8 10 16 -12 13 -14 -15 15 -17 17 22 19 24 21 -23 -24 26 -26 -27 -28 -29 -30 -31
leaf_value=0.012534298988172387 0.013133342187806273 0.0027631505309224009 0.010854178458088162 -0.018563835753816666 0.0050849583467814695 -0.011136266979222213 -0.030613320660141646 -0.033274532589764441 -0.01654484412178573 -0.020529017352311715 0.03248829714126554 0.011364634979016072 0.02453937509086139 -0.027791223993912262 0.027457554290914569 -0.038803344661088847 0.0089138961313458935 0.008812858174631736 -0.011871764365328212 0.045778626844681446 -0.0046303646223283994 0.038351089511267436 0.0078771474205754019 -0.011051882117748855 0.0014578807247756175 0.014645435459144613 -0.038367929460385891 -0.019981977849313107 0.033608870174949346 -0.027486753031367307
leaf_weight=361.15692733228207 301.17719593644142 5125.1734633035958 53.625814363360405 54.382081910967827 39.95959535241127 21.140395700931549 12.860069610178469 64.715799890458584 11.119596935808657 39.580384604632854 14.256285171955822 12.09101754426956 37.642771065235138 31.612269833683968 9.7021823823451996 8.1898951828479767 55.395201049745083 34.340444587171078 49.168654888868332 22.71017038077116 39.412564195692539 55.795631650835276 73.638863742351532 218.64416675269604 87.927695028483868 162.32593457400799 24.61052317917347 28.710875630378723 15.107156485319136 14.936216987669466
leaf_count=767 477 15991 83 133 73 48 36 356 49 185 39 37 129 150 30 46 168 130 207 54 148 129 236 1040 377 630 165 128 48 71
internal_value=0.00307949 0.00257072 0.0075028 -0.000742929 -0.00770473 0.0115293 0.00218349 -0.000436367 -0.00919631 0.00133472 0.0039735 0 0.0150946 -0.0168886 -0.0238302 -0.00275297 0.00178671 -0.00087749 0.00578744 0.00921523 0.01046 0.0205407 -0.00624174 -0.00963256 0.0130275 0.0185054 -0.0132961 -0.000926534 0.00538798 -0.00216252
internal_weight=7081.11 6719.95 470.285 147.967 94.3417 322.318 6249.67 1124.49 189.33 935.165 106.722 92.4657 48.7624 43.7033 82.6079 17.8921 922.304 560.592 361.713 322.132 179.314 95.2082 381.277 307.639 272.964 185.036 243.255 84.1061 64.3838 49.2767
internal_count=22160 21393 814 289 206 525 20579 4588 836 3752 404 365 178 187 432 76 3716 2263 1453 1268 573 277 1690 1454 1061 684 1205 296 249 201
cat_boundaries=0 1 2 3 4 5 6 7 8 9 10 11
cat_threshold=4 800 140 1 1 518 1 35 4 4 52
is_linear=0
shrinkage=0.03


Tree=106
num_leaves=31
num_cat=16
split_feature=18 9 7 8 10 14 22 8 0 9 0 1 2 0 1 3 0 10 2 0 2 20 0 4 6 1 10 1 3 14
split_gain=34.2664 15.2296 17.5765 11.4124 16.5689 12.7068 10.3553 14.7809 11.3088 9.74106 16.4972 17.0942 14.1424 12.8409 9.73038 17.0544 12.2599 14.5388 9.31554 8.51765 12.152 9.22713 8.50108 8.10982 24.9434 28.8403 16.9544 16.5711 22.7492 15.9267
threshold=5013.1000000000013 0 1 2 5.5000000000000009 -0.14999999999999999 1.0000000180025095e-35 3 44.500000000000007 4 32.500000000000007 5 6 37.500000000000007 7 8 31.500000000000004 2.5000000000000004 9 39.500000000000007 10 5.5000000000000009 44.500000000000007 11 12 13 5.5000000000000009 14 15 1.2500000000000002
decision_type=2 1 1 9 2 2 2 9 2 1 2 9 9 2 9 9 2 2 9 2 9 2 2 9 1 9 2 9 9 2
left_child=1 2 -1 23 5 9 -3 -8 -9 10 -5 -12 13 -11 -14 16 -16 22 -17 21 -21 -13 -18 -2 27 -26 29 -25 -29 -27
right_child=3 6 -4 4 -6 -7 7 8 -10 12 11 19 14 -15 15 18 17 -19 -20 20 -22 -23 -24 24 25 26 -28 28 -30 -31
leaf_value=0.016610215273791751 0.0023860139581311705 0.009392507046789296 -0.0014359346755025454 0.011495476614192625 -0.023253183636561998 0.026573011469760509 0.0082056005547229346 -0.0070319364888594979 -0.037759334472528848 -0.034153352826786589 0.0081288803768226336 -0.051577290632591463 0.010532812759874237 0 0.01441652805652641 0.0028871565990256803 -0.013273534548364944 0.009802346669521303 0.018575977974420087 0.015254595140096356 -0.017299633912221873 -0.012042716158058783 -0.039489059473929451 0.0040357048153565759 -0.022853254689991366 0.00976306409719758 0.031202152308647892 0.0068566749097935566 -0.011410127568077244 -0.016510347253075007
leaf_weight=316.14235007762909 4433.9500223211944 109.91468127071857 57.01525567471981 62.318170562386513 17.72869199514389 26.026114583015442 45.238184362649918 40.094593606889248 14.860878750681875 12.203976184129713 39.73890083283186 10.949697315692902 467.42749524116516 51.757905811071396 17.679284051060677 80.923082873225212 38.879616744816303 18.164482481777668 59.475704297423363 13.048019833862782 46.862350173294544 10.857916459441185 15.97182774543762 642.98916013911366 78.973707973957062 39.538232736289501 14.400466557592152 88.63889367878437 161.94957676157355 43.370268650352955
leaf_count=549 14606 193 127 110 54 35 91 98 52 44 123 51 803 113 30 177 125 40 90 25 134 28 61 2522 419 159 39 358 717 187
internal_value=0.00298906 0.00995546 0.013484 0.00236274 0.00532144 0.00590262 0.00289198 -0.00392324 -0.0130744 0.00532818 -0.000970105 -0.00747474 0.00677396 -0.00660545 0.0081011 0.00259913 -0.00708078 -0.013308 0.00892767 -0.0143408 -0.010146 -0.032175 -0.0210196 0.00181693 -0.000521804 -0.0108338 0.00113331 0.00151015 -0.00492192 -0.00394801
internal_weight=7077.09 583.266 373.158 6493.82 990.013 972.285 210.108 100.194 54.9555 946.258 183.775 121.457 762.483 63.9619 698.521 231.094 90.6952 73.0159 140.399 81.718 59.9104 21.8076 54.8514 5503.81 1069.86 176.283 97.309 893.578 250.588 82.9085
internal_count=22160 1110 676 21050 2043 1989 434 241 150 1954 471 361 1483 157 1326 523 256 226 267 238 159 79 186 19007 4401 804 385 3597 1075 346
cat_boundaries=0 1 2 3 4 5 6 7 8 9 10 11 12 13 14 15 16
cat_threshold=28 1 218 88 2 18 1 1833 39 2 4 1 1 518 726 37
is_linear=0
shrinkage=0.03


Tree=107
num_leaves=31
num_cat=13
split_feature=13 8 0 12 18 12 1 5 15 0 15 16 15 0 0 9 10 1 0 5 9 20 10 14 8 9 0 1 9 6
split_gain=35.7077 12.354 15.9808 12.3332 9.76258 13.4753 10.613 10.2238 10.0504 15.1643 12.5247 9.41387 9.06745 8.66901 17.9653 8.22215 13.6058 6.75153 9.65831 10.7079 8.32054 6.61186 8.46062 6.59857 6.40087 14.2151 19.0141 18.8227 32.2905 30.5335
threshold=0 1 45.500000000000007 1.5000000000000002 5087.6500000000005 1.0000000180025095e-35 2 3 94.207000000000008 37.500000000000007 92.559000000000012 -32.199999999999996 92.928000000000011 65.500000000000014 31.500000000000004 4 1.5000000000000002 5 42.500000000000007 6 7 6.5000000000000009 2.5000000000000004 -0.14999999999999999 8 9 46.500000000000007 10 11 12
decision_type=1 9 2 2 2 2 9 1 2 2 2 2 2 2 2 1 2 9 2 1 1 2 2 2 9 1 2 9 1 1
left_child=12 2 3 23 5 11 8 13 9 -7 -11 17 -1 14 -8 -13 -17 20 19 -19 -3 22 -4 -2 25 -6 27 -27 29 -29
right_child=1 4 21 -5 24 6 7 -9 -10 10 -12 15 -14 -15 -16 16 -18 18 -20 -21 -22 -23 -24 -25 -26 26 -28 28 -30 -31
leaf_value=0.0061872981336902281 0.011339156251847555 0.0054338312391287178 -3.4621389623406434e-05 -0.010965404862205236 -0.0032676828807924286 -0.0046823416120912054 0.0072639845978303341 0.012654535268634028 0.008981154382163065 -0.0097549885759722343 -0.052851296183471862 0.0080894466923631756 0.016030986948490224 0.015168995743684008 -0.029957035443947639 0.0039523402694874466 -0.019052380969346017 0.0069243717098492943 0.0090603537187503459 -0.023900294201092385 0.016924980252279783 0.017829657421125272 -0.022175785956392812 0.028745945135694256 0.00096314370346669024 0.0063522211348444758 0.010390814065826792 -0.027861875104869906 0.0026678265923434424 0.0099862966753363896
leaf_weight=140.48691256344318 275.5763842612505 134.49331063777208 114.44031345844269 21.198641881346703 238.50705606490374 51.338390663266182 24.045390635728836 69.032392419874668 21.615108154714108 11.450259283185007 13.450861759483812 83.354655802249908 215.67397276312113 15.517010137438772 22.348027184605598 62.733089819550514 36.408151164650917 19.539616644382477 81.577678389847279 20.671383857727051 167.92568689584732 15.070418521761892 17.922031581401825 21.350529611110687 4011.2593818902969 425.88527736067772 366.3395642824471 74.635032504796982 272.34531487524509 25.612257346510887
leaf_count=309 449 239 222 48 764 105 41 108 37 25 47 135 458 23 62 111 89 34 137 54 239 21 46 28 15104 1103 1002 282 773 65
internal_value=0.00290187 0.00241028 0.00709095 0.0110268 0.00204642 0.00506951 -0.00112291 0.00437915 -0.00813007 -0.0140911 -0.0332726 0.00740952 0.0121594 -0.00409915 -0.010627 0.00169099 -0.0040665 0.00986161 0.00287802 -0.00886731 0.0121649 -0.000902409 -0.00306969 0.0126101 0.00158308 0.00332224 0.00469063 0.00212941 -0.00278545 -0.0165159
internal_weight=7071.8 6715.64 465.558 318.126 6250.08 835.501 228.797 130.943 97.8546 76.2395 24.9011 606.704 356.161 61.9104 46.3934 182.496 99.1412 424.208 121.789 40.211 302.419 147.433 132.362 296.927 5414.58 1403.32 1164.82 798.478 372.593 100.247
internal_count=22160 21393 814 525 20579 1486 448 234 214 177 72 1038 767 126 103 335 200 703 225 88 478 289 268 477 19093 3989 3225 2223 1120 347
cat_boundaries=0 1 2 3 4 5 6 7 8 9 10 11 12 13
cat_threshold=4 800 81 4 9 965 1 10 3 1 1091 4 1
is_linear=0
shrinkage=0.03


Tree=108
num_leaves=31
num_cat=9
split_feature=13 17 17 12 12 8 1 17 17 1 0 0 0 17 17 2 5 0 17 21 17 17 2 9 5 20 0 0 21 20
split_gain=34.077 12.013 27.149 18.7794 11.5067 12.4637 14.8955 12.7978 45.088 8.97322 17.5255 17.0953 17.6393 15.3226 12.3481 19.0354 18.901 25.554 37.9858 25.5979 23.7123 15.3716 16.8049 14.9728 32.5196 24.864 14.8477 14.81 27.1324 22.2805
threshold=0 0.71550000000000014 0.71950000000000014 1.0000000180025095e-35 2.5000000000000004 1 2 0.75450000000000006 0.7340000000000001 3 58.500000000000007 22.500000000000004 24.500000000000004 1.2650000000000003 4.9635000000000007 4 5 37.500000000000007 4.9605000000000006 2.0126758453675748 4.9615000000000009 4.9595000000000011 6 7 8 2.5000000000000004 43.500000000000007 43.500000000000007 0.89587973461402759 6.5000000000000009
decision_type=1 2 2 2 2 9 9 2 2 9 2 2 2 2 2 9 1 2 2 2 2 2 9 1 1 2 2 2 2 2
left_child=-1 3 -3 -2 5 6 -4 8 -8 -7 11 -11 -13 -12 16 -16 17 -14 19 21 -20 22 -19 -17 -25 -26 -22 28 -24 -29
right_child=1 2 4 -5 -6 9 7 -9 -10 10 13 12 14 -15 15 23 -18 18 20 -21 26 -23 27 24 25 -27 -28 29 -30 -31
leaf_value=0.011906900364111732 0.014633100587211461 -0.034426023845611969 0.011069313231380953 -0.0039195314520247522 -0.022628353617367907 0.0029561853033759624 0.011578058671556047 0.0054946724098375362 -0.05079564228559403 -0.032422627831591312 0.0034021892049599547 0.016303717125422501 -0.007442872360433137 -0.03648626153121292 -0.027686992263494754 0.013664516456719554 0.00272174146865209 0.019529590739272969 -0.039976165428061275 -0.036762761981090034 0.0091608568958010308 0.030575269749873592 0.0065249774267156068 -0.033838936465984716 0.036565118528358885 -0.0085964347250225854 -0.016386224377092275 0.004226247501086796 -0.01876273315614951 0.034791670552449298
leaf_weight=352.87353044748306 162.65544074773788 18.153536856174469 281.95241098850965 69.944751814007759 16.630367264151573 3339.4955374412239 24.307424426078796 77.157460935413837 18.061201527714729 13.674273267388342 14.402003198862074 66.690003789961338 542.46324515715241 21.131732806563377 13.189976386725903 161.09941301122308 1170.952153865248 60.839189246296883 25.197001282125711 12.869099099189041 32.289510771632195 21.686019264161587 85.342810913920403 21.589323528110981 19.231254920363426 25.131341390311718 55.145043980330229 249.62789179384708 68.810076043009758 23.44089824706316
leaf_count=767 256 53 458 146 44 10422 38 139 61 52 26 164 1976 111 58 492 4238 170 144 95 94 65 294 96 42 92 252 915 325 75
internal_value=0.00281915 0.00234084 0.00209972 0.009042 0.00220332 0.0022682 0.00733859 -0.00161553 -0.0149974 0.00191549 0.00062327 0.000905624 0.00107958 -0.0202709 0.000685637 0.00716233 2.15919e-05 -0.00266052 0.00141913 0.00482951 -0.0143688 0.00589244 0.00478352 0.00921132 -0.00320825 0.0109519 -0.00691775 0.00267248 -0.00474823 0.00687282
internal_weight=7066.03 6713.16 6480.56 232.6 6462.41 6445.78 401.478 119.526 42.3686 6044.3 2704.8 2669.27 2655.59 35.5337 2588.9 240.241 2348.66 1177.71 635.248 522.616 112.632 509.747 488.061 227.051 65.9519 44.3626 87.4346 427.222 154.153 273.069
internal_count=22160 21393 20991 402 20938 20894 696 238 99 20198 9776 9639 9587 137 9423 780 8643 4405 2429 1939 490 1844 1779 722 230 134 346 1609 619 990
cat_boundaries=0 1 2 3 4 5 6 7 8 9
cat_threshold=4 800 913 1829 4 4 4 21 1
is_linear=0
shrinkage=0.03


Tree=109
num_leaves=31
num_cat=7
split_feature=11 10 8 0 3 15 17 17 0 4 17 14 6 10 17 0 1 9 0 20 0 16 0 17 0 10 10 10 5 0
split_gain=31.1339 12.4972 11.9977 13.549 11.2449 13.0032 11.1728 18.2752 9.2987 9.2137 19.7663 22.9957 18.5358 33.654 21.298 16.2167 14.7934 34.182 17.7391 17.499 14.181 23.5054 16.3447 14.9705 14.2839 13.7862 26.5261 13.2268 12.479 33.1565
threshold=15.500000000000002 4.5000000000000009 0 43.500000000000007 1 93.284500000000023 0.7340000000000001 0.75450000000000006 73.500000000000014 2 4.8595000000000015 1.2500000000000002 3 5.5000000000000009 4.956500000000001 30.500000000000004 4 5 52.500000000000007 1.5000000000000002 52.500000000000007 -41.899999999999991 56.500000000000007 4.9605000000000006 49.500000000000007 1.5000000000000002 2.5000000000000004 6.5000000000000009 6 36.500000000000007
decision_type=2 2 9 2 9 2 2 2 2 9 2 2 1 2 2 2 9 1 2 2 2 2 2 2 2 2 2 2 1 2
left_child=1 -1 3 -2 -5 6 -6 -8 9 -4 16 15 14 -14 -13 -12 17 18 -11 -19 24 23 -23 -22 -16 -17 -27 -28 29 -18
right_child=2 -3 8 4 5 -7 7 -9 -10 10 11 12 13 -15 20 25 28 19 -20 -21 21 22 -24 -25 -26 26 27 -29 -30 -31
leaf_value=0.012107694634053607 0.010802905731536279 -0.017209574978072635 0.0023475594188629226 0.0096294936062730051 0.0062835751300186716 0.0062205181462224694 -0.051934634313771294 -0.0099419196683440177 0.014841596579108933 0.031509274799136143 0.056441757368546695 -0.016014702376629247 -0.019404425535527209 0.025007049892968959 0.0041421721308086534 -0.010071112699306183 0.015937151416638286 0.028645899083381957 -0.016794104070395423 -0.023931727001708352 0.03045860556222833 0.036503865254382623 0.0066075535302856101 -0.013292387572939083 -0.015813894724631773 0.045609554320461862 -0.02055478839504515 0.032411115479677989 -0.014046091171942289 -0.012099495093725215
leaf_weight=368.65530107915401 299.91114630550146 13.399781271815298 5055.3375709876418 56.719818405807018 15.150471344590185 41.425949186086655 13.763490140438078 29.466302141547203 49.588016875088215 42.804090425372124 9.133635148406027 47.470334678888321 81.373054221272469 18.781477723270655 314.14856837689877 15.986590363085268 56.995427787303925 6.5753304734826079 7.988700918853282 37.619776844978333 8.9058995097875577 42.806642293930054 27.22846432775259 31.902891900390387 35.838168121874332 21.285488747060299 12.759915374219419 6.2192364707589141 179.5291468128562 113.01486390084028
leaf_count=790 499 38 15874 91 26 75 47 65 75 148 19 234 373 50 1082 81 174 28 38 203 23 117 98 145 162 68 69 23 872 573
internal_value=0.00273734 0.0110674 0.00226028 0.00691827 -6.61427e-05 -0.00597601 -0.0156995 -0.0234698 0.00190389 0.00180233 -0.00065957 0.00257666 0.000753426 -0.0110296 0.00308274 0.0194704 -0.00557147 0.00477273 0.0199208 -0.0130487 0.00505953 0.0144104 0.0249495 -0.00361995 0.0020862 0.0133245 0.0226897 -0.00296236 -0.00829103 -0.00267882
internal_weight=7061.79 382.055 6679.73 456.437 156.526 99.8062 58.3803 43.2298 6223.29 6173.71 1118.37 673.84 608.456 100.155 508.301 65.3849 444.527 94.9879 50.7928 44.1951 460.831 110.844 70.0351 40.8088 349.987 56.2512 40.2646 18.9792 349.539 170.01
internal_count=22160 828 21332 803 304 213 138 112 20529 20454 4580 2544 2284 423 1861 260 2036 417 186 231 1627 383 215 168 1244 241 160 92 1619 747
cat_boundaries=0 1 2 3 4 5 6 7
cat_threshold=800 140 1 1 152 3 1
is_linear=0
shrinkage=0.03


Tree=110
num_leaves=31
num_cat=11
split_feature=18 9 1 21 9 3 17 2 21 11 16 1 6 17 21 21 17 17 5 3 3 16 14 0 0 21 21 0 5 17
split_gain=35.6964 25.4312 18.9397 25.2649 21.1108 25.874 29.6655 20.8499 17.878 16.9937 16.4202 15.372 26.6077 17.467 15.3368 34.672 15.3021 14.0345 15.3048 36.4922 27.255 23.7908 20.1783 31.9701 15.2755 17.0071 22.7506 13.2365 13.1725 13.1665
threshold=5049.8500000000013 0 1 2.4414009612931857 2 3 1.2510000000000001 4 2.1383330595080281 26.000000000000004 -41.899999999999991 5 6 4.964500000000001 0.89587973461402759 1.2424533248940002 4.9625000000000012 4.9625000000000012 7 8 9 -36.949999999999996 -0.14999999999999999 54.500000000000007 53.500000000000007 1.2424533248940002 0.89587973461402759 49.500000000000007 10 4.855500000000001
decision_type=2 1 9 2 1 9 2 9 2 2 2 9 1 2 2 2 2 2 1 9 9 2 2 2 2 2 2 2 1 2
left_child=1 -1 -2 4 7 6 -6 10 17 -3 -4 14 -13 16 -7 -16 -14 18 19 22 -20 -22 -9 -24 25 26 -19 29 -17 -21
right_child=2 9 3 -5 5 11 -8 8 -10 -11 -12 12 13 -15 15 28 -18 24 20 27 21 -23 23 -25 -26 -27 -28 -29 -30 -31
leaf_value=-0.0018209184554641154 0.0029672733149665445 0.018227676787737124 0.020312895186893339 -0.040684970613642728 0.017732746628281396 0.022141890451443907 -0.020959524455844623 0.0068932628286395075 0.037789918299326722 0.0081430720360692495 -0.0065262389765206484 0.013076963319347641 -0.0086218987542706748 0.012386654848581116 -0.028321124967548367 -0.0052229460696067249 -0.042099968385903748 -0.0058057157816064206 -0.028042079385856195 0.012287041817943257 0.0056772102553096252 -0.030801459379126622 -0.035406728744441583 0.021663038208595067 0.032235331454873721 -0.021389989829728406 0.03477963119391949 -0.0012813360097261072 0.029062272117415508 0.048595535364526918
leaf_weight=183.99802134186029 4945.7936418615282 204.22743817418814 96.288462333381176 14.370706498622893 20.450315587222576 47.033598139882088 132.19671462476254 37.658338442444801 11.075457066297529 580.49039363861084 25.814322263002396 67.609324008226395 261.03222680836916 34.449977144598961 24.778961420059204 15.901864871382713 12.86498887836933 28.157758191227913 42.354372039437294 15.404575817286966 87.042751505970955 19.627658069133759 37.988044440746307 11.358605183660982 20.625998675823212 18.823186948895454 21.98295122385025 12.474378786981104 26.739907056093216 22.713674552738667
leaf_count=397 16130 438 199 103 32 120 672 79 31 999 103 207 1002 98 104 54 63 96 205 41 251 104 200 29 53 73 45 49 56 61
internal_value=0.00300818 0.00835945 0.00215951 -0.00127625 -0.000789814 -0.00436935 -0.0147804 0.00373554 0.000391777 0.0106379 0.0146135 -0.000889914 -0.00383594 -0.00768145 0.00828938 -0.00012068 -0.0102201 -0.000710979 -0.00395809 0.00323876 -0.0106209 -0.000941274 -0.00858933 -0.0221925 0.00963679 0.00279761 0.011962 0.0211399 0.0162242 0.0340714
internal_weight=7081.33 968.716 6112.61 1166.82 1152.45 643.058 152.647 509.391 387.288 784.718 122.103 490.411 375.957 308.347 114.454 67.4207 273.897 376.212 286.622 137.598 149.025 106.67 87.005 49.3466 89.5899 68.9639 50.1407 50.5926 42.6418 38.1183
internal_count=22094 1834 20260 4130 4027 2408 704 1619 1317 1437 302 1704 1370 1163 334 214 1065 1286 1019 459 560 355 308 229 267 214 141 151 110 102
cat_boundaries=0 1 2 3 4 5 6 7 8 9 10 11
cat_threshold=2 931 20 137 4 4 4 1 202 39 1
is_linear=0
shrinkage=0.03


Tree=111
num_leaves=31
num_cat=11
split_feature=18 9 11 10 17 20 15 22 20 17 16 17 9 3 17 16 9 15 9 5 2 9 10 3 17 5 20 10 10 13
split_gain=33.971 24.2241 16.5605 10.3744 19.7342 12.1165 19.578 9.18976 13.8392 10.0592 8.9045 14.5851 20.4444 8.89981 18.4562 45.2096 17.1403 17.6556 14.5512 35.6426 14.2917 13.3679 18.1664 14.0637 13.249 18.9027 18.1184 12.1806 11.7721 11.6896
threshold=5049.8500000000013 0 26.000000000000004 1.5000000000000002 0.88150000000000006 2.5000000000000004 94.041000000000011 0.89587973461402759 5.5000000000000009 0.79150000000000009 -46.649999999999999 1.3685000000000003 1 2 4.964500000000001 -41.899999999999991 3 93.956000000000017 4 5 6 7 4.5000000000000009 8 1.2950000000000002 9 3.5000000000000004 6.5000000000000009 1.5000000000000002 10
decision_type=2 1 2 2 2 2 2 2 2 2 2 2 1 9 2 2 1 2 1 1 9 1 2 9 2 1 2 2 2 1
left_child=1 3 -3 4 -1 -5 -7 -4 9 -9 11 -2 -13 14 16 -16 -12 27 19 -17 -20 -15 24 -24 25 -23 28 -18 -27 -26
right_child=10 2 7 5 -6 6 -8 8 -10 -11 13 12 -14 21 15 18 17 -19 20 -21 -22 22 23 -25 29 26 -28 -29 -30 -31
leaf_value=0.011679951350795562 0.015359449627180421 0.017952854865486059 0.0091103221695561926 0.014841241595983302 -0.024941198153255604 -0.026516621528113318 0.0041821660812682432 -0.040317283434187952 0.01110586431792848 -0.0019251890038813155 0.0014031523717569253 0.011078428589255857 -0.00064142232846629008 0.0043080756187630813 -0.032323334366660628 0.014232548995844089 -0.0029053145266112984 -0.012641590421912359 0.024925673064464967 -0.043194432606229065 0.0087933726889086131 0.016447126106769776 0.00038590960914637004 -0.019697561895821614 -0.0012712108553387762 -0.0049094029680365079 0.0067384423443661683 0.01583970604809264 -0.039927060132096216 0.011439679803265265
leaf_weight=75.73372171074152 109.19370333850384 201.18114446103573 527.17380192130804 15.765319377183912 15.913883194327353 45.280273482203484 31.501272574067116 11.698302134871485 25.737418666481972 13.196112319827078 1208.6061216033995 193.98618385195732 392.72292706370354 1885.6985294818878 24.028050635010004 25.742059573531151 551.08407805114985 177.93088118359447 69.839695706963539 15.468141354620455 172.87861407548189 116.09074429422617 66.010075360536575 58.364021692425013 805.66415678709745 24.163230888545513 98.867211222648621 32.936609275639057 13.589167945086954 70.730744823813438
leaf_count=137 167 438 897 25 48 126 61 36 40 26 4151 323 1000 6419 125 83 1745 1018 144 77 493 201 265 278 3119 59 196 117 48 232
internal_value=0.00291854 0.00815598 0.0103954 -0.00176732 0.00526803 -0.0089556 -0.0138937 0.00793608 -0.00422469 -0.0201754 0.00209279 0.00528915 0.00340754 0.00168157 0.000245199 0.00707598 -0.000819846 -0.00431146 0.010431 -0.00587912 0.0129237 0.00271371 0.000297555 -0.0105741 0.00150122 0.00755192 0 -0.0018405 -0.0176656 -0.000240749
internal_weight=7076.78 963.181 778.987 184.194 91.6476 92.5469 76.7815 577.806 50.6318 24.8944 6113.59 695.903 586.709 5417.69 2278.51 307.957 1970.56 761.952 283.929 41.2102 242.718 3139.18 1253.48 124.374 1129.11 252.71 136.62 584.021 37.7524 876.395
internal_count=22094 1834 1437 397 185 212 187 999 102 62 20260 1490 1323 18770 7953 922 7031 2880 797 160 637 10817 4398 543 3855 504 303 1862 107 3351
cat_boundaries=0 1 2 3 4 5 6 7 8 9 10 11
cat_threshold=2 24 193 19 1 1 4 13 36 1 2
is_linear=0
shrinkage=0.03


Tree=112
num_leaves=31
num_cat=17
split_feature=18 1 10 9 3 14 10 8 5 8 13 1 6 9 3 16 16 10 16 9 13 1 10 10 8 20 9 14 3 14
split_gain=32.5296 15.1743 24.9924 18.0762 23.5957 26.4258 18.4306 15.0423 14.9553 34.208 36.2147 14.5386 32.0771 18.3334 14.027 30.3985 13.5685 13.0793 12.2805 11.4875 17.6627 11.3355 24.6757 14.3759 10.9131 10.1295 10.077 15.0787 11.9579 11.3916
threshold=5013.1000000000013 0 10.500000000000002 1 2 1.0000000180025095e-35 8.5000000000000018 3 4 5 6 7 8 9 10 -36.249999999999993 -36.249999999999993 1.5000000000000002 -41.899999999999991 11 12 13 1.5000000000000002 2.5000000000000004 14 5.5000000000000009 15 1.0000000180025095e-35 16 1.0000000180025095e-35
decision_type=2 9 2 1 9 2 2 9 1 9 1 9 1 1 9 2 2 2 2 1 1 9 2 2 9 2 1 2 9 2
left_child=19 7 3 6 11 -6 8 -2 21 10 -10 13 -13 17 15 -11 -16 -5 -14 -1 -21 24 -23 -24 -3 -19 27 -20 -28 -30
right_child=1 2 -4 4 5 -7 -8 -9 9 14 -12 12 18 -15 16 -17 -18 25 26 20 -22 22 23 -25 -26 -27 28 -29 29 -31
leaf_value=0.01482588654932911 0.0070382938443397354 -0.0024122687213087375 -0.040383130766434017 0.037843877740297509 -0.0019028283365306654 -0.025745955790394241 0.043724474910944784 0.002287985049051399 0.019833842047819846 -0.02993019788546971 -0.027459631985651812 0.014572413074523234 -0.01390650624119396 -0.0013626253265205191 0.015459528422792258 0.018092365284440984 -0.0080589107781714533 0.021951524915756387 -0.013576836842253855 -0.004963409714165307 0.0099610103420810763 -0.02001806612509335 0.024997343190934988 -0.006440042248418802 0.016764903182823167 -0.01441460118239195 0.0068145119257091843 0.020185749509408941 -0.00063692232257923345 -0.025110025463218912
leaf_weight=229.76507008820772 692.17484459280968 37.020425349473953 14.059207055717705 27.4194156229496 84.834050215780735 83.038156501948833 10.137805327773092 4539.559843569994 18.162204347550869 27.248610965907574 71.203601352870464 71.667391084134579 148.28900536894798 90.909768119454384 114.27914747595787 20.789041623473167 27.109884038567543 19.165343776345253 17.382190771400928 98.532696753740311 256.24505469202995 36.30654851347208 31.448168344795704 22.107449345290661 128.56242257356644 10.550727352499964 33.301515221595764 36.814717248082161 28.757865726947784 43.163344502449036
leaf_count=410 1414 112 103 54 249 488 23 15257 40 115 335 204 532 306 278 50 82 56 41 208 509 140 67 78 365 39 117 139 59 224
internal_value=0.00283375 0.00222214 -0.000744225 -0.000295039 -0.00347865 -0.0129519 0.00376038 0.00292939 0.00305874 -0.00173691 -0.0160132 -0.000271121 -0.00338638 0.0073994 0.00553985 -0.00752726 0.0102051 0.0194959 -0.00769224 0.0096129 0.0056482 0.00830308 -0.000832167 0.0119764 0.0125681 0.00893403 -0.00188795 0.00785105 -0.00701478 -0.0135053
internal_weight=7070.01 6485.46 1253.73 1239.67 695.293 167.872 544.375 5231.73 534.238 278.792 89.3658 527.421 379.376 148.045 189.427 48.0377 141.389 57.1355 307.709 584.543 354.778 255.445 89.8622 53.5556 165.583 29.7161 159.42 54.1969 105.223 71.9212
internal_count=22094 20967 4296 4193 2508 737 1685 16671 1662 900 375 1771 1316 455 525 165 360 149 1112 1127 717 762 285 145 477 95 580 180 400 283
cat_boundaries=0 1 2 3 4 5 6 7 8 9 10 11 12 13 14 15 16 17
cat_threshold=931 20 102 289 1 848 1 12 4 8 39 24 1 1048 9 2 36
is_linear=0
shrinkage=0.03


Tree=113
num_leaves=31
num_cat=11
split_feature=18 1 10 11 0 1 8 11 1 0 0 14 3 1 0 0 6 10 10 10 2 5 0 20 2 20 8 10 10 0
split_gain=30.9947 16.6557 23.4382 15.6349 15.0432 12.1664 11.9617 12.0877 9.86385 11.2518 9.74882 9.35754 9.11336 14.9266 14.3357 26.0064 25.1195 19.1939 21.8307 13.9349 12.2424 13.7395 11.049 21.9446 11.7053 9.71069 17.7331 13.0626 12.4695 11.6877
threshold=5049.8500000000013 0 10.500000000000002 26.000000000000004 25.500000000000004 1 2 7.5000000000000009 3 28.500000000000004 59.500000000000007 -3.1999999999999997 4 5 52.500000000000007 40.500000000000007 6 3.5000000000000004 4.5000000000000009 4.5000000000000009 7 8 47.500000000000007 5.5000000000000009 9 5.5000000000000009 10 5.5000000000000009 3.5000000000000004 34.500000000000007
decision_type=2 9 2 2 2 9 9 2 9 2 2 2 9 9 2 2 1 2 2 2 9 1 2 2 9 2 9 2 2 2
left_child=3 6 4 -1 -3 11 7 -2 -9 -10 -11 -5 13 19 15 25 -16 22 -19 -6 -18 -22 24 -24 -17 26 29 -27 -28 -14
right_child=1 2 -4 5 12 -7 -8 8 9 10 -12 -13 14 -15 16 17 20 18 -20 -21 21 -23 23 -25 -26 27 28 -29 -30 -31
leaf_value=0.014479011136896593 0.02852273361001666 0.019571385424712422 -0.040070309653730242 -0.024541533655940282 0.0019147936129337662 0.006686752676889114 0.0021704713917221371 -0.0008629566049918187 0.017997177486481081 0.0035711175915595001 0.017656900401543246 0.00057428078018524533 0.0059175990705472104 -0.013518238242143706 0.035961948404295292 -0.0472337860563532 -0.023611508023230858 0.025424762401674138 -0.014981082692488745 -0.027448201106483952 0.017199379203487616 -0.006600763594542299 -0.036960184501276687 0.0028910024368419647 -0.016747952673762428 -0.0016092053564060757 0.02320032042325075 0.02262290166709504 -0.010073264454156246 -0.026290179284254991
leaf_weight=236.54317349940538 22.272390894591808 31.601496651768684 13.74936382845044 20.26362156867981 186.80323687940836 658.35754243284464 4365.7275027669966 147.23599680513144 87.809298545122147 273.30955881625414 52.931177198886871 38.109331049025059 23.207373261451721 120.96120288223028 25.816128194332123 13.143355645239353 13.501621648669243 26.300479233264923 21.938559584319592 15.670738607645033 50.481106400489807 38.104224897921085 15.635350637137888 58.788451351225376 88.162224486470222 295.74370536208153 72.835785210132599 21.374229840934277 11.579047061502932 17.724014602601528
leaf_count=542 30 69 103 53 687 1163 14907 348 124 646 75 76 68 558 56 67 59 71 92 82 140 140 81 204 363 904 207 55 48 76
internal_value=0.00275215 0.00196675 -0.00126068 0.00778431 -0.000801333 0.00556896 0.00272288 0.00674329 0.00598891 0.00825383 0.00587038 -0.00693429 -0.00138169 -0.00553679 0.00037189 -0.00138548 0.00957497 -0.00971585 0.00699361 -0.000338693 0.00284412 0.00693222 -0.0143212 -0.00547925 -0.0207754 0.00282569 0.00989121 2.1235e-05 0.0166269 -0.00642101
internal_weight=7065.68 6112.41 1163.12 953.274 1149.37 716.73 4949.29 583.558 561.286 414.05 326.241 58.373 1117.77 323.435 794.336 666.433 127.903 223.968 48.239 202.474 102.087 88.5853 175.729 74.4238 101.306 442.464 125.346 317.118 84.4148 40.9314
internal_count=22094 20260 4130 1834 4027 1292 16130 1223 1193 845 721 129 3958 1327 2631 2236 395 878 163 769 339 280 715 285 430 1358 399 959 255 144
cat_boundaries=0 1 2 3 4 5 6 7 8 9 10 11
cat_threshold=931 1026 289 640 139 1036 4 1 4 1 137
is_linear=0
shrinkage=0.03


Tree=114
num_leaves=31
num_cat=12
split_feature=11 1 3 16 0 0 8 10 1 1 17 9 1 17 16 17 17 17 0 20 17 1 17 2 3 5 17 10 5 0
split_gain=28.2603 16.5447 19.5703 23.8577 23.9648 13.3707 25.8193 24.9205 19.7272 19.4956 15.5298 16.2718 25.9498 24.7852 53.2937 15.6053 14.7405 40.8453 14.5722 14.3706 13.1097 12.6629 19.798 23.6135 12.609 16.6597 12.1907 11.9592 11.8988 11.3871
threshold=26.000000000000004 0 1 -37.899999999999991 59.500000000000007 33.500000000000007 2 3.5000000000000004 3 4 4.8565000000000014 5 6 4.9655000000000014 -36.949999999999996 4.9585000000000008 4.9595000000000011 4.9615000000000009 30.500000000000004 5.5000000000000009 1.2950000000000002 7 4.9595000000000011 8 9 10 1.0450000000000002 3.5000000000000004 11 27.500000000000004
decision_type=2 9 9 2 2 2 9 2 9 9 2 1 9 2 2 2 2 2 2 2 2 9 2 9 9 1 2 2 1 2
left_child=27 2 3 -2 28 6 7 8 -3 16 -11 12 13 14 -12 -14 20 -18 19 -10 -8 22 -13 -24 25 -17 -20 -1 -5 -25
right_child=1 5 -4 4 -6 -7 9 -9 18 10 11 21 15 -15 -16 24 17 -19 26 -21 -22 -23 23 29 -26 -27 -28 -29 -30 -31
leaf_value=0.012195020545524899 0.0065799255935233949 0.0086278470374758272 0.010430569165295047 -0.020010857188287472 0.00097461880868865999 0.00071199135273053871 0.0020261220164086023 -0.049830537477673249 -0.016524853156111335 0.0079799513816841347 0.027987144432857602 -0.031222013328556935 0.011856816386715645 0.041305799512626779 -0.015106180846972742 0.022062122171564644 0.043225829118104409 -0.012706798467656145 0.0085725534286152406 0.017535185687547618 -0.022693238210427898 0.0012431241179835558 0.018217986823051743 -0.0051497901952134518 -0.011412070401139276 -0.016751986752430469 -0.030506228273024318 -0.0093559568097671079 -0.060506286526660444 -0.046086130773153877
leaf_weight=344.88133212178946 102.30986679345369 57.94386100769043 418.63278108090162 15.444289088249207 29.623028375208378 3933.8193156458437 29.096035912632942 11.755529530346392 24.167475834488869 996.91254924237728 66.588798232376575 30.816114529967308 69.775573618710041 32.256115645170212 41.976087406277657 28.692092813551426 17.538544669747353 35.007437199354172 8.3982261419296247 20.50853043794632 56.000234670937061 449.85049791261554 27.573942273855209 15.521970555186273 89.213273972272873 15.041237935423849 44.094856552779675 24.612470127642155 11.847038105130196 10.236149944365023
leaf_count=755 219 148 887 56 60 13776 66 64 82 2207 155 167 261 52 180 66 32 120 14 48 235 1572 73 47 328 54 202 65 54 49
internal_value=0.00267148 0.00222478 0.00704272 -0.00193775 -0.0176264 0.00175434 0.00364271 -0.00743468 -0.00465127 0.0045774 0.00538801 0.00250089 0.00747651 0.017011 0.0112991 0.000346301 -0.00605516 0.00595179 -0.012231 -0.000818342 -0.0142135 -0.000819938 -0.0108321 -0.000985167 -0.00565066 0.00703224 -0.0241927 0.0107492 -0.037856 -0.021649
internal_weight=7060.14 6690.64 577.857 159.224 56.9144 6112.78 2178.97 166.868 155.113 2012.1 1874.45 877.542 343.543 140.821 108.565 202.722 137.642 52.546 97.1691 44.676 85.0963 533.999 84.1482 53.3321 132.947 43.7333 52.4931 369.494 27.2913 25.7581
internal_count=22094 21274 1276 389 170 19998 6222 558 494 5664 5211 3004 1096 387 335 709 453 152 346 130 301 1908 336 169 448 120 216 820 110 96
cat_boundaries=0 1 2 3 4 5 6 7 8 9 10 11 12
cat_threshold=288 194 128 1552 28 9 640 192 2 134 1 1
is_linear=0
shrinkage=0.03


Tree=115
num_leaves=31
num_cat=13
split_feature=18 9 1 3 10 3 17 10 2 7 7 13 10 4 0 2 2 16 16 17 0 0 15 7 16 17 0 1 17 10
split_gain=32.4698 19.803 23.8766 23.0804 18.0523 16.525 18.5476 16.8399 19.6832 17.0911 14.6787 15.6847 14.1369 17.1617 14.5647 19.6214 13.7569 28.4732 16.543 13.1222 12.3692 25.0238 19.3781 12.5921 12.0368 16.1365 17.128 16.7922 23.7098 28.447
threshold=5013.1000000000013 0 1 2 7.5000000000000009 3 4.9665000000000008 2.5000000000000004 4 5 6 7 3.5000000000000004 8 33.500000000000007 9 10 -42.349999999999994 -40.599999999999987 4.9605000000000006 44.500000000000007 38.500000000000007 93.956000000000017 11 -36.949999999999996 1.2555000000000003 33.500000000000007 12 1.2670000000000001 2.5000000000000004
decision_type=2 1 9 9 2 9 2 2 9 1 1 1 2 9 2 9 9 2 2 2 2 2 2 1 2 2 2 9 2 2
left_child=10 -2 4 16 5 7 12 8 -3 -10 11 -1 13 -7 -14 -16 17 -4 -19 -5 21 -9 -23 -22 25 26 -18 -27 -29 -30
right_child=1 2 3 19 -6 6 -8 20 9 -11 -12 -13 14 -15 15 -17 24 18 -20 -21 23 22 -24 -25 -26 27 -28 28 29 -31
leaf_value=0.0029749151465260004 0.0032140664964128993 -0.020953074657993169 0.021201257742801627 -0.0056891772069683063 -0.022255979323319058 0.0066804656326998387 -0.041944784436408804 0.017372012443633254 0.0020677374379948171 0.018512183001294778 -0.001248814953786545 0.014954453485387131 0.0081326035362006485 -0.017603964626398093 -0.047801903425434215 0 0.00034547614234923895 -0.023237138792749756 0.0071741569855100626 -0.019062189097341718 0.016926744814413839 -0.040658765434539154 0.019297686440281007 0.0532344378328461 -0.0059106231183400576 0.0048124107313987415 -0.026833098601207382 0.022372157243743366 -0.028988680170775216 0.0040388605059499191
leaf_weight=139.2703056037426 3972.4072818923742 25.471094876527786 76.358654297888279 391.47379231452942 22.601929884403944 202.84839228540659 9.4897070154547674 109.83638811856508 213.02706826478243 77.786213010549545 97.545175291597843 340.92470248788595 16.638046965003014 29.926795102655888 17.199785090982914 13.93319693207741 48.207985281944275 27.834897764027119 37.707629524171352 79.771881360560656 22.141453221440315 13.035943418741228 7.5390614792704573 14.501350380480288 333.27601114660501 529.84418393298984 36.409253671765327 18.913900509476662 52.600104950368404 42.022964894771576
leaf_count=262 12591 109 163 1428 128 592 57 268 560 288 217 647 49 151 91 50 117 142 148 347 58 57 28 40 1290 1683 123 26 241 133
internal_value=0.00251832 0.0019067 -0.000206547 -0.00223881 0.0040393 0.00486666 -0.000884315 0.00817255 0.00425666 0.00648143 0.00933219 0.0114876 0.000476841 0.00353923 -0.0143589 -0.0264624 -1.24121e-05 0.00875437 -0.00571107 -0.00779744 0.0160505 0.0116706 -0.0185574 0.0314829 -0.00118826 0.00097002 -0.0113314 0.00259407 -0.00749125 -0.0143004
internal_weight=7020.55 6442.8 2470.4 1674.42 795.976 773.374 290.036 483.339 316.284 290.813 577.74 480.195 280.546 232.775 47.771 31.133 1203.18 141.901 65.5425 471.246 167.054 130.411 20.575 36.6428 1061.27 727.998 84.6172 643.381 113.537 94.6231
internal_count=22084 20958 8367 5841 2526 2398 990 1408 957 848 1126 909 933 743 190 141 4066 453 290 1775 451 353 85 98 3613 2323 240 2083 400 374
cat_boundaries=0 1 2 3 4 5 6 7 8 9 10 11 12 13
cat_threshold=28 904 101 202 1 1 1 1 1 2 1 1 51
is_linear=0
shrinkage=0.03


Tree=116
num_leaves=31
num_cat=13
split_feature=18 9 8 1 1 10 7 9 17 15 1 6 6 17 17 17 17 2 17 17 17 17 2 8 17 17 17 10 4 10
split_gain=30.9045 18.6194 26.3443 32.2247 22.4541 17.1153 14.0133 15.358 14.2948 12.6947 11.5967 31.5278 10.3805 10.1361 10.7806 9.78162 9.47277 9.4601 17.4942 10.2284 9.28091 9.11309 8.95262 31.4605 13.2214 8.79799 15.1449 8.13888 7.88756 16.4125
threshold=5013.1000000000013 0 1 2 3 7.5000000000000009 4 5 0.64250000000000018 94.533000000000015 6 7 8 0.71550000000000014 0.71950000000000014 1.4080000000000001 1.7675000000000003 9 0.87850000000000017 0.89850000000000019 0.72250000000000003 4.9595000000000011 10 11 1.2650000000000003 4.9605000000000006 4.9510000000000014 1.5000000000000002 12 1.5000000000000002
decision_type=2 1 9 9 9 2 1 1 2 2 9 1 1 2 2 2 2 9 2 2 2 2 9 9 2 2 2 2 9 2
left_child=6 2 13 10 5 12 7 -1 -9 27 11 15 -3 -2 -15 -4 -17 18 -8 -19 -16 -7 23 24 -6 26 -5 -10 29 -28
right_child=1 4 3 25 22 21 17 8 9 -11 -12 -13 -14 14 20 16 -18 19 -20 -21 -22 -23 -24 -25 -26 -27 28 -29 -30 -31
leaf_value=0.01768625845836538 0.017380122769135278 0.025958098769243525 -0.0022501484877604483 0.011052091666145958 0.016244525762328557 -0.042360732895129316 0.0033619997210169632 -0.023389166013047344 0.016748298577439112 -0.0078852760392838089 0.0026986553723759858 0.021577638790786832 0.0041420203999547713 -0.026586122179254972 0.019350425129855266 -0.056485006715597447 -0.022291383784275077 -0.0014565720029631299 -0.039370784113684665 0.0260078021174294 0.0015042362383860856 -0.0037048923008611268 -0.0029814654414689694 0.0099106238345811025 -0.029458690190835683 0.0012072278408124686 0.006592779382974691 0.0053555052299569736 0.011026535889806042 0.045920259704907831
leaf_weight=192.40776830166578 36.785742171108723 20.121860206127167 13.217038653790949 487.92928549647331 6.7099174559116355 10.343107655644419 21.589066915214062 13.802775874733923 102.93859957158566 39.529217578470707 258.49274351447821 18.129312455654144 753.72807329893112 12.095898598432539 26.394314631819725 10.679295435547827 25.103121362626553 45.382618129253387 14.11669088155031 16.501436345279217 2954.0797186382115 12.010481286793945 1479.2141249924898 153.74554770439863 33.312484607100487 65.457474909722805 14.194005653262137 127.48239999264479 21.142473816871643 30.599593818187714
leaf_count=338 60 47 28 1005 10 71 46 40 181 94 701 42 2351 35 36 46 126 101 50 20 10035 57 5187 457 187 280 53 256 72 72
internal_value=0.00244412 0.00184937 0.00311639 0.00747361 -0.000200594 0.00391546 0.00911674 0.0112395 0.00601773 0.00776338 -0.000245625 -0.0104922 0.00471645 0.00173594 0.00154785 -0.0245756 -0.0327091 -0.00121083 -0.0135119 0.00584857 0.00166393 -0.0218337 -0.00217302 0.00386937 -0.0173708 0.0114757 0.0128906 0.0104632 0.0264129 0.0335676
internal_weight=7017.24 6443.49 3974.3 944.944 2469.19 796.204 573.751 476.161 283.753 269.95 325.622 67.1288 773.85 3029.36 2992.57 48.9995 35.7824 97.5898 35.7058 61.8841 2980.47 22.3536 1672.98 193.768 40.0224 619.323 553.865 230.421 65.9361 44.7936
internal_count=22084 20958 12591 2425 8367 2526 1126 909 571 531 943 242 2398 10166 10106 200 172 217 96 121 10071 128 5841 654 197 1482 1202 437 197 125
cat_boundaries=0 1 2 3 4 5 6 7 8 9 10 11 12 13
cat_threshold=28 458 1752 904 1 24 128 1 2 4 1 144 1
is_linear=0
shrinkage=0.03


Tree=117
num_leaves=31
num_cat=12
split_feature=18 9 8 0 3 2 15 9 7 8 4 0 0 2 0 0 15 10 0 8 10 0 0 6 0 20 10 7 0 10
split_gain=29.4713 17.5133 24.8587 19.6523 16.3 21.8117 25.4949 13.4224 13.075 13.0682 18.7039 18.772 16.1447 12.5189 20.0595 48.8447 17.1425 13.8396 13.6142 21.7387 24.6305 21.0211 23.3147 23.9655 40.9776 23.7088 21.7871 18.6883 26.3459 14.5019
threshold=5013.1000000000013 0 1 58.500000000000007 2 3 93.956000000000017 4 5 6 7 43.500000000000007 47.500000000000007 8 40.500000000000007 36.500000000000007 93.956000000000017 11.500000000000002 33.500000000000007 9 6.5000000000000009 48.500000000000007 44.500000000000007 10 39.500000000000007 4.5000000000000009 1.5000000000000002 11 52.500000000000007 2.5000000000000004
decision_type=2 1 9 2 9 9 2 1 1 9 9 2 2 9 2 2 2 2 2 9 2 2 2 1 2 2 2 1 2 2
left_child=7 2 3 -2 5 6 -3 8 -1 -7 -11 -12 -13 14 15 16 -6 18 -15 29 21 22 23 -21 26 -24 -25 -23 -29 -20
right_child=1 4 -4 -5 13 9 -8 -9 -10 10 11 12 -14 17 -16 -17 -18 -19 19 20 -22 27 25 24 -26 -27 -28 28 -30 -31
leaf_value=0.018312643226623567 0.0021205250623636384 0.018817525292296362 0.0072598607612929097 -0.011864420937294827 -0.041205469327261462 0.0050897631615286669 -0.015942336436671752 0.0046386404701648344 -0.00076257858785197129 0.00012590599616399433 -0.035213715816271814 0.022285481647351658 -0.015366481444298934 0.002855417603820892 -0.02228607889919736 0.026168930968363605 0.0055484070283904913 -0.036612712078128058 -0.0052667911964362274 -0.0036047742276846626 -0.040300826938360769 0.0035332714796042011 -0.038197688235182492 0.017314768231614652 0.04509558129961716 0.014252460045827392 -0.035165708622459046 0.048484875108768373 0.0014411121419927282 -0.018806857361991839
leaf_weight=189.94195213913918 2936.8101902902126 121.74979207664728 943.68683601170778 93.154180631041527 21.217713288962845 385.23274523764849 22.324348136782646 341.41705805808306 38.602342434227467 499.28422804921865 28.147152423858643 14.256088070571421 35.513786338269711 467.9777253344655 69.486244130879641 33.366867385804653 10.361443951725958 9.895773131400345 229.18038554489613 195.47373495995998 12.494470044970511 70.473823197185993 27.912078641355038 15.632451646029951 27.04865089058876 10.566735744476317 12.863168098032473 25.211063541471958 18.822017587721348 103.90874216705561
leaf_count=338 9884 278 2425 282 94 1161 147 702 86 1569 162 63 180 1391 317 86 53 75 860 709 78 189 138 47 56 31 66 76 81 460
internal_value=0.00237404 0.00179487 0.00302372 0.00168364 -0.000193621 0.00249723 0.0134033 0.00891346 0.0144468 0.000886215 -0.00196856 -0.0156634 -0.00449823 -0.00238435 -0.0110931 0.000852168 -0.0258013 -0.00144672 -0.00115547 -0.00366356 0.000977786 0.00229567 -0.00199981 0.00132539 0.0187051 -0.0237169 -0.00631059 0.013174 0.0284927 -0.00922713
internal_weight=7012.01 6442.05 3973.65 3029.96 2468.4 1106.51 144.074 569.961 228.544 962.434 577.201 77.917 49.7699 1361.89 134.432 64.946 31.5792 1227.46 1217.57 749.587 416.498 404.004 289.497 251.018 55.5443 38.4788 28.4956 114.507 44.0331 333.089
internal_count=22084 20958 12591 10166 8367 3560 425 1126 424 3135 1974 405 243 4807 550 233 147 4257 4182 2791 1471 1393 1047 878 169 169 113 346 157 1320
cat_boundaries=0 1 2 3 4 5 6 7 8 9 10 11 12
cat_threshold=28 458 193 1 24 1 281 1 1 403 1 1
is_linear=0
shrinkage=0.03


Tree=118
num_leaves=31
num_cat=10
split_feature=9 8 1 1 15 17 0 10 10 17 17 0 10 7 17 0 0 0 0 16 8 2 1 10 10 10 0 1 2 17
split_gain=24.8496 24.3436 34.3056 23.9351 20.5447 20.2687 21.8154 13.5185 11.9941 11.6984 13.0132 18.4413 12.9092 20.2343 16.2398 13.1428 22.6368 11.1567 10.8111 10.5874 10.5535 13.8804 18.564 10.2377 14.9382 24.2498 9.89957 31.9219 21.2075 20.6189
threshold=0 1 2 3 94.010500000000022 0.71550000000000014 58.500000000000007 7.5000000000000009 8.5000000000000018 1.4055000000000002 1.5430000000000004 33.500000000000007 2.5000000000000004 4 4.8655000000000017 42.500000000000007 39.500000000000007 31.500000000000004 42.500000000000007 -41.29999999999999 5 6 7 12.500000000000002 9.5000000000000018 6.5000000000000009 53.500000000000007 8 9 4.8585000000000012
decision_type=1 9 9 9 2 2 2 2 2 2 2 2 2 1 2 2 2 2 2 2 9 9 9 2 2 2 2 9 9 2
left_child=1 4 7 8 5 -1 26 -3 -2 19 11 -11 13 -12 -15 16 17 -16 -13 -4 23 -22 -23 24 25 -5 -7 29 -29 -28
right_child=3 2 9 20 -6 6 -8 -9 -10 10 12 18 -14 14 15 -17 -18 -19 -20 -21 21 22 -24 -25 -26 -27 27 28 -30 -31
leaf_value=0.016585279761648069 0.0047938490058443339 0.011913532114795872 0.016650174996085468 -0.0029592505687692748 0.013479475863815843 0.0013554562740771649 -0.013364037122285176 -0.016118255162872436 -0.023917695287622567 0.0041426074063152258 0.023200336918245988 -0.049006416929729749 0.013158170463326246 -0.042635016095730088 0.013568962041399185 -0.026398686605546184 0.050348555907718737 -0.024555299778558085 -0.015976625704131001 0.00051060594612643037 0.0128591214363329 0.0025237482741016508 -0.011242711674119957 -0.035504620456781572 0.024302281409466071 -0.031745394908723447 0.0065420713180807492 -0.01121146409323376 0.019375396464834899 -0.024480165999138128
leaf_weight=81.743821255862713 803.88474462926388 735.31359215080738 53.121429778635502 1211.765953861177 143.15025951713324 2660.216548550874 86.740405507385731 15.643306896090506 13.18133634701371 23.404483497142792 16.232642248272896 15.383905082941054 44.686560615897179 14.016794286668299 11.997417241334917 19.118546456098557 7.4918967932462683 15.849892988801001 22.334936186671257 118.32640108466148 82.585498258471489 408.13645935803652 101.61149684339762 8.8112641274929029 17.403841681778431 26.851956702768803 37.669539295136929 23.458289384841919 148.19485376030207 39.091390985995531
leaf_count=146 2380 1671 78 4368 263 9005 270 76 79 42 21 60 173 77 39 108 22 83 63 252 198 1153 327 69 65 165 132 96 419 184
internal_value=0.00230484 0.00370403 0.00752533 2.25551e-05 0.00236307 0.00185221 0.0014486 0.0111747 0.00427184 -0.000135746 -0.0052625 -0.0166583 0.000106213 -0.00675126 -0.0139188 -0.00640804 0.00436624 -0.00803315 -0.0296214 0.00553557 -0.00185832 0.00143227 -0.000387207 -0.00340082 -0.00319749 -0.00358824 0.00189181 0.00762061 0.0143389 -0.00816617
internal_weight=7007.42 4333.19 1112.92 2674.23 3220.27 3077.11 2995.37 750.957 817.066 361.965 190.517 61.1233 129.394 84.7072 68.4745 54.4578 35.3392 27.8473 37.7188 171.448 1857.17 592.333 509.748 1264.83 1256.02 1238.62 2908.63 248.414 171.653 76.7609
internal_count=22084 13280 2765 8804 10515 10252 10106 1747 2459 1018 688 165 523 350 329 252 144 122 123 330 6345 1678 1480 4667 4598 4533 9836 831 515 316
cat_boundaries=0 1 2 3 4 5 6 7 8 9 10
cat_threshold=28 458 1319 896 1 466 1 43 1170 1
is_linear=0
shrinkage=0.03


Tree=119
num_leaves=31
num_cat=10
split_feature=18 17 17 3 10 1 2 6 0 0 17 8 0 15 5 10 14 1 0 0 0 0 17 8 10 8 0 20 0 8
split_gain=26.8499 12.539 17.5131 12.5303 15.7202 15.2269 19.7656 25.9511 14.8739 14.8561 13.4286 19.3888 13.3877 13.5364 12.8832 27.2215 51.4067 26.2531 23.8957 20.6482 18.5188 17.5485 18.5617 18.0809 16.022 23.6125 23.4305 33.7382 26.6426 18.7264
threshold=5013.1000000000013 0.71550000000000014 0.71950000000000014 0 10.500000000000002 1 2 3 34.500000000000007 33.500000000000007 4.9655000000000014 4 31.500000000000004 93.956000000000017 5 1.5000000000000002 1.2500000000000002 6 57.500000000000007 26.500000000000004 25.500000000000004 55.500000000000007 4.964500000000001 7 1.5000000000000002 8 48.500000000000007 2.5000000000000004 53.500000000000007 9
decision_type=2 2 2 9 2 9 9 1 2 2 2 9 2 2 1 2 2 9 2 2 2 2 2 9 2 9 2 2 2 9
left_child=-1 -2 -3 4 5 10 7 8 -7 12 11 -4 13 -8 15 16 19 20 21 -5 -17 22 23 -19 25 26 -16 28 -28 -26
right_child=1 2 3 14 -6 6 9 -9 -10 -11 -12 -13 -14 -15 24 17 -18 18 -20 -21 -22 -23 -24 -25 29 -27 27 -29 -30 -31
leaf_value=0.0085174009937754036 0.011889877781926347 -0.024653791261918447 -0.0086489651022565155 0.018341796240098181 -0.027570486221810176 -0.045759510534361503 -0.0044732546881882879 0.0068951196276913302 0.0039565301311884314 -0.0050287236035821753 0.01643367710803198 0.0033753721271076753 -0.038119694760653217 -0.037740699552702948 -0.00059324480602450662 -0.021112174852251434 -0.013509038677635898 -0.016088469801241755 -0.037094235575573689 -0.00015404299650961618 0.0075558490525188173 0.025405583133534988 0.015276359648783933 -0.00064915982619908404 0.0031824045039433087 0.011826337426687155 0.052980368811649269 0.001216945040347156 0.011084824089859224 -0.0068933611343225789
leaf_weight=563.4608643501997 106.59262366592884 22.820773586630821 139.15467893332243 58.736825548112392 19.492036577314138 14.177123896777632 50.224745780229568 184.27464804053307 8.5329497233033162 282.01968089491129 55.145825311541557 623.85273362696171 24.302772969007492 14.116017609834669 458.54763965308666 20.629376240074635 293.08001942932606 70.71274409070611 16.206643246114254 704.13302189856768 848.7895978204906 22.908180125057697 54.989957183599472 465.40816809982061 1110.1384381726384 448.16825873404741 26.918687924742699 81.176465049386024 28.215286202728748 185.4420285448432
leaf_count=1126 190 64 417 103 128 64 141 511 32 1057 139 2055 114 91 1579 70 1187 324 77 2133 2491 76 154 1740 3881 1102 63 288 84 603
internal_value=0.00223687 0.00168668 0.00151427 0.00160978 -0.000875394 -0.000504777 -0.00419302 0.00314909 -0.0270125 -0.0084139 0.00212111 0.00110853 -0.0191323 -0.0118657 0.00232609 0.000856888 -0.0028312 0.00345581 -0.00123001 0.00126832 0.00679171 -0.000292653 -0.00129778 -0.00300591 0.00394017 0.00670847 0.00260373 0.0135638 0.0316532 0.00170884
internal_weight=7002.37 6438.91 6332.32 6309.49 1415.29 1395.8 577.648 206.985 22.7101 370.663 818.153 763.007 88.6435 64.3408 4894.2 2555.59 1055.95 1499.64 630.226 762.87 869.419 614.019 591.111 536.121 2338.61 1043.03 594.858 136.31 55.134 1295.58
internal_count=22084 20958 20768 20704 4749 4621 2010 607 96 1403 2611 2472 346 232 15955 8355 3423 4932 2371 2236 2561 2294 2218 2064 7600 3116 2014 435 147 4484
cat_boundaries=0 1 2 3 4 5 6 7 8 9 10
cat_threshold=8 938 4 4 3 4 1829 162 82 122
is_linear=0
shrinkage=0.03


Tree=120
num_leaves=31
num_cat=12
split_feature=13 17 10 8 1 9 3 15 0 17 5 3 6 17 17 0 0 10 1 9 15 1 0 12 1 0 17 10 20 0
split_gain=19.6506 15.5606 19.4012 32.2177 31.614 21.3743 21.8431 27.6137 32.6639 23.2683 21.6666 19.8884 19.4035 30.5638 29.8871 27.5004 18.7884 18.5583 18.4569 18.1923 18.7212 17.9502 21.4116 17.8368 17.5861 21.9834 17.3676 29.9239 18.1797 16.6386
threshold=0 4.9615000000000009 1.5000000000000002 1 2 3 4 93.137500000000017 38.500000000000007 4.4400000000000013 5 6 7 4.9605000000000006 4.9510000000000014 33.500000000000007 62.500000000000007 10.500000000000002 8 9 92.928000000000011 10 44.500000000000007 1.0000000180025095e-35 11 35.500000000000007 4.862000000000001 9.5000000000000018 5.5000000000000009 40.500000000000007
decision_type=1 2 2 9 9 1 9 2 2 2 1 9 1 2 2 2 2 2 9 1 2 9 2 2 9 2 2 2 2 2
left_child=-1 2 5 4 -4 6 7 -2 9 -9 21 -6 13 14 -13 19 26 24 -8 -14 -21 -7 29 -24 25 -17 -5 28 -28 -23
right_child=1 -3 3 16 11 10 18 8 -10 -11 -12 12 15 -15 -16 17 -18 -19 -20 20 -22 22 23 -25 -26 -27 27 -29 -30 -31
leaf_value=0.0097000520755833545 0.0091248968013997196 -0.0006458628228347041 -0.016198444254765049 -0.0020373842751994701 0.019161094496271951 -0.013547952178441878 0.004738093230430813 -0.035582615346325674 -0.03661829624647589 0.0078947240265761776 0.0050003508044284845 0.0085284429866920534 0.01423303088897946 -0.021373551253649446 0.035326033037242931 0.04066667040636128 -0.027865225856096243 -0.039225960181937657 0.012263797295355672 0.019643243024406655 -0.0052905691686734374 -0.002689454608059051 0.016909432792512395 -0.023166498352472985 -0.0037715553795042425 0.0042965235244235905 0.015047305265032869 0.068408160830900733 -0.037215316204959374 -0.032859881170440114
leaf_weight=316.19975558668375 98.017214462161064 1499.6560160107911 53.649605847895145 1432.0149816684425 82.882066264748573 115.35771627724171 637.2553948611021 13.813015609979628 34.980972975492477 54.206381194293499 562.76571700721979 113.24186228215694 224.51171000301838 20.290416434407234 56.266883946955204 16.663448601961136 24.535968080163002 11.279043685644863 622.7157056927681 35.285942450165749 115.57297382131219 161.47162952274084 81.104907497763634 11.251580409705637 414.71938402205706 142.39934279024601 32.626682728528976 8.1285643950104696 7.2160324230790129 18.267847001552582
leaf_count=751 234 5079 209 5433 206 466 1738 58 188 191 1616 247 467 91 130 28 68 80 1646 48 361 471 210 36 1384 354 123 15 45 85
internal_value=0.00239031 0.00204486 0.00282105 0.00111686 0.00458164 0.00479251 0.00705282 -0.00214394 -0.0131031 -0.000929656 0.00122655 0.0056124 0.00447525 0.0132809 0.0174569 0.00277735 -0.00186263 -0.00128446 0.00852783 0.00911484 0.000497759 -0.00421528 0.000223418 0.0119748 -0.000526701 0.00766697 -0.00144025 0.01629 0.00543728 -0.00578908
internal_weight=7018.35 6702.15 5202.49 2791.28 1286.76 2411.21 1460.99 201.018 103 68.0194 950.219 1233.11 1150.23 189.799 169.509 960.432 1504.52 585.061 1259.97 375.371 150.859 387.454 272.096 92.3565 573.782 159.063 1479.99 47.9713 39.8427 179.739
internal_count=22058 21307 16228 9289 3605 6939 4055 671 437 249 2884 3396 3190 468 377 2722 5684 1846 3384 876 409 1268 802 246 1766 382 5616 183 168 556
cat_boundaries=0 1 2 3 4 5 6 7 8 9 10 11 12
cat_threshold=4 59 72 25 4 1 2 4 1425 28 134 52
is_linear=0
shrinkage=0.03


Tree=121
num_leaves=31
num_cat=9
split_feature=13 17 10 3 0 6 17 17 0 0 1 10 0 1 0 17 17 0 0 1 4 16 15 0 0 2 14 1 10 17
split_gain=18.709 14.6538 18.2512 23.2403 21.0839 19.1939 25.403 29.7735 33.0244 24.3457 24.3598 22.3153 18.8831 17.2234 27.3105 16.8655 30.455 30.7245 16.0517 18.7554 33.5146 27.453 15.55 31.2409 18.5686 14.7792 14.5395 14.5177 14.4994 26.482
threshold=0 4.9615000000000009 1.5000000000000002 1 31.500000000000004 2 4.8595000000000015 4.9605000000000006 36.500000000000007 47.500000000000007 3 2.5000000000000004 21.500000000000004 4 54.500000000000007 4.862000000000001 1.5345000000000002 33.500000000000007 52.500000000000007 5 6 -37.899999999999991 93.956000000000017 33.500000000000007 41.500000000000007 7 -3.1999999999999997 8 5.5000000000000009 1.4595000000000002
decision_type=1 2 2 9 2 1 2 2 2 2 9 2 2 9 2 2 2 2 2 9 9 2 2 2 2 9 2 9 2 2
left_child=-1 2 -2 15 12 6 9 8 -8 10 -6 18 -5 14 -13 16 -4 -18 -7 20 21 -20 -12 -24 -25 -9 -21 -11 -15 -30
right_child=1 -3 3 4 5 11 7 25 -10 27 22 13 -14 28 -16 -17 17 -19 19 26 -22 -23 23 24 -26 -27 -28 -29 29 -31
leaf_value=0.0094812128390480057 0.0046506918024768378 -0.00062662312960991967 0.014342451564378531 -0.027733627529141595 0.012874001090273573 -0.0089318193914483621 -0.019226783821274174 0.016571576588862703 0.039321311717900147 0.022101752379274118 -0.023991985296369277 0.0077261037640782761 0.0053194053291073067 -0.00093257460626803516 -0.025801071718168818 0.023173931567975144 0.027620471518972799 -0.03236902159433773 -0.037520475214221888 -0.038893973273506355 0.059920356450967105 0.025998682792459513 0.054683090981085557 -0.03207804136869552 0.026658980771908682 -0.040243129498456667 -0.0014829027860094196 -0.0013431202244351594 -0.054891622061594009 -0.0072116449533711933
leaf_weight=313.83181132003665 2410.2463130652905 1499.3381854072213 92.363439053297043 15.775617405772207 32.264747858047485 569.45581422001123 10.26047772169113 7.1374526545405388 52.089301206171513 44.352487489581108 68.441096685826778 340.52383849769831 718.50169080868363 385.5308935418725 23.235634543001652 69.190779313445091 10.207127146422861 29.779309093952179 9.8193394094705564 10.147492825984953 13.510864384472368 15.888150781393053 7.4609870910644558 16.912337355315689 6.6333535909652701 9.3539719544351119 109.49725439399481 47.942044243216515 12.606461919844149 61.543132346123457
leaf_count=751 6939 5079 211 48 84 2175 47 22 133 86 266 1134 1982 1376 97 183 42 180 45 31 35 36 18 97 29 53 331 141 83 324
internal_value=0.0023207 0.00198471 0.00273813 0.00108496 0.000297108 -0.00140403 0.00549987 0.0201344 0.0296231 0.000329061 -0.00793394 -0.00275363 0.00460151 0.000626508 0.00542078 0.0106426 0.00485977 -0.0169503 -0.0065789 0.00183673 0.0174187 0.00156902 -0.0145525 0.00151865 -0.0153609 -0.0155214 -0.00434767 0.0121494 -0.00320928 -0.0154213
internal_weight=7013.84 6700.01 5200.67 2790.43 2588.88 1854.61 302.848 78.8412 62.3498 224.007 131.713 1551.76 734.277 823.44 363.759 201.541 132.35 39.9864 728.319 158.863 39.2184 25.7075 99.4478 31.0067 23.5457 16.4914 119.645 92.2945 459.68 74.1496
internal_count=22058 21307 16228 9289 8673 6643 976 255 180 721 494 5667 2030 3014 1231 616 433 222 2653 478 116 81 410 144 126 75 362 227 1783 407
cat_boundaries=0 1 2 3 4 5 6 7 8 9
cat_threshold=4 2 4 1536 141 514 1 1 21
is_linear=0
shrinkage=0.03


Tree=122
num_leaves=31
num_cat=7
split_feature=13 10 17 10 8 1 0 0 6 0 17 17 10 10 10 0 20 10 17 1 20 6 0 0 17 17 0 0 0 6
split_gain=17.8076 14.273 13.7989 17.1436 29.5596 29.7011 16.9527 31.7251 17.217 14.9409 14.5362 14.2163 22.4734 16.4581 14.5516 22.492 24.4836 22.3537 20.4507 19.9216 26.0047 19.9551 19.8214 21.4817 19.7061 27.7249 19.4399 17.6001 16.4802 16.4209
threshold=0 3.5000000000000004 4.9615000000000009 1.5000000000000002 1 2 57.500000000000007 55.500000000000007 3 54.500000000000007 0.72850000000000015 4.8595000000000015 9.5000000000000018 5.5000000000000009 2.5000000000000004 33.500000000000007 5.5000000000000009 5.5000000000000009 1.3060000000000003 4 2.5000000000000004 5 43.500000000000007 48.500000000000007 1.3490000000000004 1.2650000000000003 42.500000000000007 25.500000000000004 37.500000000000007 6
decision_type=1 2 2 2 9 9 2 2 1 2 2 2 2 2 2 2 2 2 2 9 2 1 2 2 2 2 2 2 2 1
left_child=1 -1 3 10 5 -5 7 9 -9 11 -2 14 13 -13 15 19 18 22 28 21 -21 -6 26 29 25 -18 -16 -22 -17 -24
right_child=2 -3 -4 4 6 -7 -8 8 -10 -11 -12 12 -14 -15 17 16 24 -19 -20 20 27 -23 23 -25 -26 -27 -28 -29 -30 -31
leaf_value=0.011062227041771292 0.01305910046626297 -0.013667853699269887 -0.00060795268534241946 -0.015759950910220515 -0.021164178012504586 0.0053733338373339132 -0.017159014055663727 0.048076863227445928 0.010740209639121097 -0.031684133329901977 0.0038733386399757183 0.0080480125685843361 0.052221657781286908 -0.037035967333209296 0.00046141066509788653 -0.026287403143810804 0.0012699010663084777 -0.013874231252183573 -0.02288873670754225 0.02208851919001233 -0.044682034782261335 0.017518253091353467 0.027782393770160549 -0.001457659170207121 0.010314450492483704 -0.047266190582918151 -0.041569283594433418 -0.0075592245070559977 0.003295661545914604 -0.01052797216931969
leaf_weight=289.06999057158828 166.85468325018883 22.460038006305695 1499.0296443328261 53.66613557562232 13.853879705071449 1233.0692560896277 62.027665920555592 15.067524716258049 43.212188847362995 15.070568352937697 2243.4975377544761 89.655485868453979 9.6429296210408193 7.8172581270337096 406.94053158164024 22.981596253812313 32.247690811753273 83.97591795027256 153.21410385519266 25.154282949864864 12.61254136264324 83.793408274650574 70.544646956026554 57.946509182453156 71.340864710509777 15.587099596858023 10.048873811960219 126.27112740278244 63.26891878247261 11.565392844378946
leaf_count=689 272 62 5079 209 53 3396 215 24 154 77 6667 369 28 49 1368 75 66 513 866 69 50 215 208 218 302 71 57 433 159 45
internal_value=0.00225301 0.00926585 0.00192635 0.00265737 0.00105515 0.00437373 -0.00179956 -0.00114804 0.0205104 -0.00206396 0.00451098 -0.00173328 0.00874799 0.00436731 -0.00262636 -0.00590194 -0.010781 0.000539203 -0.0163091 0.000774999 -0.00554423 0.0108712 0.00271955 0.0124807 0.000305865 -0.0145487 -0.000554002 -0.0109818 -0.00457337 0.0223436
internal_weight=7011.49 311.53 6699.96 5200.93 2790.58 1286.74 1503.84 1441.81 58.2797 1383.53 2410.35 1368.46 107.116 97.4727 1261.35 620.326 358.64 641.022 239.465 261.685 164.038 97.6473 557.046 140.057 119.176 47.8348 416.989 138.884 86.2505 82.11
internal_count=22058 751 21307 16228 9289 3605 5684 5469 178 5291 6939 5214 446 418 4768 2359 1539 2409 1100 820 552 268 1896 471 439 137 1425 483 234 253
cat_boundaries=0 1 2 3 4 5 6 7
cat_threshold=4 59 72 4 1728 4 1
is_linear=0
shrinkage=0.03


Tree=123
num_leaves=31
num_cat=12
split_feature=13 10 18 12 14 0 3 1 15 0 0 1 15 9 2 15 15 5 0 1 6 0 12 2 14 9 1 10 15 10
split_gain=16.9575 13.5098 9.34241 8.95965 8.24934 18.8299 9.579 16.4649 26.275 11.3897 18.5181 24.5368 16.4563 11.3134 26.2647 21.4463 13.5662 13.5529 19.8114 17.9711 10.7142 10.2579 10.0089 14.9343 16.1645 10.4815 15.7347 20.973 11.1498 9.57132
threshold=0 3.5000000000000004 5020.5000000000009 2.5000000000000004 -1.3999999999999997 22.500000000000004 1 2 92.928000000000011 33.500000000000007 45.500000000000007 3 93.01900000000002 4 5 93.01900000000002 93.01900000000002 6 42.500000000000007 7 8 41.500000000000007 1.0000000180025095e-35 9 -2.9499999999999997 10 11 1.5000000000000002 92.405000000000015 2.5000000000000004
decision_type=1 2 2 2 2 2 9 9 2 2 2 9 2 1 9 2 2 1 2 9 1 2 2 9 2 1 9 2 2 2
left_child=1 2 -1 4 6 -6 7 8 21 -8 11 12 -11 14 -13 -16 17 18 19 -15 -9 -2 25 -24 -25 28 -27 -28 -12 -22
right_child=3 -3 -4 -5 5 -7 9 20 -10 10 22 13 -14 16 15 -17 -18 -19 -20 -21 29 -23 23 24 -26 26 27 -29 -30 -31
leaf_value=0.015303964451869153 -0.013970812082002508 -0.013143139245770053 0.0042251419221356725 -0.016880516927887935 -0.036175102822056979 0.0011635209984723848 0.0050008667498029642 -0.0064056729319547289 0.011000849955211979 0.011956370949551496 -0.0063089916869795955 0.01628167847082692 -0.0069632254917643089 -0.0078348111404489846 -0.01198618034470671 -0.042984726188319076 0.0043873044089910241 -0.012324411855791265 -0.032577234076199918 0.012986218579611873 0.010689207589375048 -0.052727771005897359 -0.02546967301692318 -0.023449438125321489 0.0058735687272873805 0.0073253446499750704 0.002598497829326659 -0.031202272740123806 0.011666327806017493 0.025264362951875403
leaf_weight=170.38303438201547 19.786123938858513 22.656934298574924 116.17590772360563 22.729245521128178 12.089044772088526 3903.858007626608 1024.1029185205698 21.901778340339661 40.127008378505707 151.1381556019187 34.312618479132652 20.732951648533344 56.668225355446339 60.484322369098663 72.625866748392582 27.983863212168217 148.88789756596088 170.65968333929777 14.891541391611097 71.507417514920235 120.52271948009729 9.1160620152950269 21.096329018473625 19.683948680758476 116.23959814012051 103.93203796446323 38.708702638745308 28.518934406340122 303.00927061587572 62.259925603866577
leaf_count=435 56 62 254 57 51 14893 2167 63 69 312 71 40 141 173 214 130 349 543 57 172 263 38 73 51 265 187 83 100 579 110
internal_value=0.0021862 0.00905628 0.0108259 0.00186844 0.00193299 0.00104656 0.00318999 0.0084551 -0.00405964 0.00256424 0.000871622 -0.00221471 0.00647053 -0.00531077 -0.0132353 -0.0206721 -0.00300607 -0.006577 8.41863e-05 0.00381369 0.0126821 -0.0264383 0.00456549 -0.00203957 0.00159095 0.00661105 0.000238291 -0.010205 0.00954477 0.0156813
internal_weight=7006.79 309.216 286.559 6697.57 6674.84 3915.95 2758.9 273.714 69.0292 2485.18 1461.08 795.58 207.806 587.774 121.343 100.61 466.431 317.543 146.883 131.992 204.684 28.9022 665.501 157.02 135.924 508.482 171.16 67.2276 337.322 182.783
internal_count=22058 751 689 21307 21250 14944 6306 599 163 5707 3540 2131 453 1678 384 344 1294 945 402 345 436 94 1409 389 316 1020 370 183 650 373
cat_boundaries=0 1 2 3 4 5 6 7 8 9 10 11 12
cat_threshold=4 130 900 584 2 1 1 129 4 1 14 37
is_linear=0
shrinkage=0.03


Tree=124
num_leaves=31
num_cat=14
split_feature=13 21 17 21 8 1 9 5 9 1 17 17 0 21 6 7 0 20 17 17 21 20 5 0 1 8 4 0 8 17
split_gain=16.1532 12.7939 12.7541 16.0979 27.7638 28.0989 20.3246 20.6013 18.3741 17.052 24.0002 17.6999 16.7178 29.9312 24.3462 20.8877 16.3028 15.8719 18.6361 15.183 25.6033 17.1733 14.4933 31.9112 27.1627 25.1684 20.6677 17.3624 26.4719 16.572
threshold=0 1.4978661367769956 4.9615000000000009 0.89587973461402759 1 2 3 4 5 6 1.4080000000000001 4.0485000000000015 38.500000000000007 2.0126758453675748 7 8 62.500000000000007 4.5000000000000009 4.0485000000000015 4.862000000000001 2.3502401828962087 5.5000000000000009 9 38.500000000000007 10 11 12 48.500000000000007 13 4.956500000000001
decision_type=1 2 2 2 9 9 1 1 1 9 2 2 2 2 1 1 2 2 2 2 2 2 1 2 9 9 9 2 9 2
left_child=1 -1 3 6 5 -5 22 9 12 10 -8 -12 -7 14 -14 -16 19 18 -11 -6 21 -21 23 26 -25 -24 -2 28 -26 -29
right_child=2 -3 -4 4 16 8 7 -9 -10 17 11 -13 13 -15 15 -17 -18 -19 -20 20 -22 -23 25 24 27 -27 -28 29 -30 -31
leaf_value=0.010598542559411062 0.012784048546344372 -0.012643234349898991 -0.00062268231629143754 -0.015404914099686985 -0.0019676419856801334 0.012456998245895884 -0.0010784273470018904 0.0045189921612357542 0.00079062327817855306 -0.0020054225111552229 -0.070113449246643547 -0.016815262516170642 0.00082972649219354442 -0.034779643137367824 0.005131994972772432 0.039047391486616907 -0.02572019181652363 -0.0025181333512081117 0.037904129917037316 0.014068368164529877 0.062011614694927421 -0.037006091200271318 -0.011671276142531163 0.012457907298323186 0.0089909928358920307 0.0055547097448120537 0.034123434294312166 -0.0014361741246726567 -0.024275277527849626 0.038711579136110792
leaf_weight=283.98922529816628 343.74877291172743 22.847179815173149 1499.2778211422265 53.608046401292086 1429.1653330177069 399.6983577683568 142.50503531843424 562.18095168471336 518.99590731039643 19.166891656816006 5.8895276933908454 103.83636924624443 229.83979444205761 17.519904259592295 34.200750753283501 31.677441626787186 25.159158982336521 92.25023340433836 22.88201867043972 33.018628627061844 8.5152337774634344 7.1005462184548369 76.293079532682896 115.64532901346684 28.550997249782085 717.45780254155397 46.581846795976162 60.750878401100636 59.821531370282173 10.790543377399443
leaf_count=689 829 62 5079 209 5433 915 324 1616 1584 44 27 514 659 95 73 70 68 282 77 123 15 45 249 295 75 1979 117 192 292 27
internal_value=0.00212236 0.00885462 0.00181329 0.00251664 0.000963484 0.00418173 0.00431359 0.0008421 0.00515481 -0.00447593 -0.0088722 -0.0197646 0.00827222 0.00318452 0.00545486 0.0215201 -0.00180313 0.00411308 0.0196796 -0.00140441 0.0150552 0.00488476 0.00651724 0.00982837 0.00199836 0.00381691 0.0153465 -0.00595631 -0.0152234 0.00462299
internal_weight=7002.97 306.836 6696.13 5196.85 2788.5 1285.54 2408.35 948.711 1231.93 386.53 252.231 109.726 712.936 313.238 295.718 65.8782 1502.96 134.299 42.0489 1477.8 48.6344 40.1192 1459.64 665.89 275.559 793.751 390.331 159.914 88.3725 71.5414
internal_count=22058 751 21307 16228 9289 3605 6939 2884 3396 1268 865 541 1812 897 802 143 5684 403 121 5616 183 168 4055 1827 881 2228 946 586 367 219
cat_boundaries=0 1 2 3 4 5 6 7 8 9 10 11 12 13 14
cat_threshold=4 59 72 25 1 28 423 1 1 1 676 16 1 129
is_linear=0
shrinkage=0.03


Tree=125
num_leaves=31
num_cat=10
split_feature=17 8 17 10 10 10 3 2 17 5 10 10 1 5 17 10 20 8 1 10 10 14 14 9 17 20 3 17 17 17
split_gain=21.5002 16.0521 14.7269 14.6596 11.3121 10.686 10.1185 17.2887 16.164 28.8816 13.6121 16.2614 10.0924 15.1001 16.3401 12.2248 9.77375 9.49529 17.4871 27.8556 18.6208 27.8536 11.5494 13.7637 18.3634 11.36 9.96212 12.7429 21.8207 18.1581
threshold=1.2650000000000003 0 1.2555000000000003 17.500000000000004 5.5000000000000009 1.5000000000000002 1 2 1.0785000000000002 3 3.5000000000000004 1.5000000000000002 4 5 0.82800000000000018 4.5000000000000009 5.5000000000000009 6 7 6.5000000000000009 2.5000000000000004 1.2500000000000002 -0.14999999999999999 8 1.4290000000000003 2.5000000000000004 9 4.9415000000000004 4.9595000000000011 4.9605000000000006
decision_type=2 9 2 2 2 2 9 9 2 1 2 2 9 1 2 2 2 9 9 2 2 2 2 1 2 2 9 2 2 2
left_child=1 12 4 17 6 -4 -3 -8 -9 16 11 -11 13 -1 -15 -14 -10 -2 19 26 21 22 23 -20 -25 -22 27 -19 -29 -30
right_child=3 2 5 -5 -6 -7 7 8 9 10 -12 -13 15 14 -16 -17 -18 18 20 -21 25 -23 -24 24 -26 -27 -28 28 29 -31
leaf_value=0.00049642092115069665 0.00035465039415793261 0.01113651808266863 0.012553825509271891 -0.033235459235039289 -0.011614531114436527 0.039580054673414987 0.020925294953298961 0.0051252745823274978 -0.01841038541036711 0.0072452651264079092 0.024019087849951555 -0.032567530475981654 0.0036390382928658724 -0.0026371136307739265 -0.052141163895819555 -0.019400411475107307 -0.058151585126784075 0.0073407093509662976 -0.010476711682689042 -0.029937333122483586 -0.022563996645181449 -0.013454553290418879 0.024469171077864008 0.0079356205143635214 -0.009857962224080339 0.00901275967123495 0.010830994350324022 -0.04097987701204539 0.0413102891886497 -0.008991771932293436
leaf_weight=45.902477022260427 4046.642952427268 359.68159240856767 36.311967700719833 11.118224069476126 28.553823933005333 21.158054932951927 46.90859604254365 256.26338921114802 11.514634519815445 23.187813863158226 16.564780294895172 15.123718202114103 671.40681701526046 11.618232980370523 12.640513539314268 21.253831557929516 11.521827936172485 119.50651957094669 72.137695252895355 17.507792621850967 10.632070705294607 157.10494945943356 18.775548301637173 211.68324406445026 69.062900304794312 211.65301165729761 402.47488184273243 14.89156526327133 8.0991125702857953 30.240735933184624
leaf_count=92 14651 688 61 141 120 23 75 530 34 48 28 49 1315 26 45 54 47 326 193 98 52 781 28 403 164 673 1078 77 23 134
internal_value=0.00191799 0.00498513 0.0078516 0.00101473 0.00684466 0.0226073 0.00756172 0.0037863 0.00147924 -0.0104657 0.00133149 -0.00843685 0.00174791 -0.00837728 -0.0286635 0.00288344 -0.0385823 0.00108655 0.00326125 0.00708005 0.000189599 -0.00286653 0.0016035 0.000371818 0.00342389 0.00747946 0.00834004 0.00178593 -0.010284 0.00163608
internal_weight=6991.14 1589.61 826.79 5401.53 769.32 57.47 740.766 381.085 334.176 77.9128 54.8763 38.3115 762.822 70.1612 24.2587 692.661 23.0365 5390.41 1343.77 592.721 751.049 528.764 371.659 352.884 280.746 222.285 575.213 172.738 53.2314 38.3398
internal_count=22057 3235 1703 18822 1619 84 1499 811 736 206 125 97 1532 163 71 1369 81 18681 4030 1736 2294 1569 788 760 567 725 1638 560 234 157
cat_boundaries=0 1 2 3 4 5 6 7 8 9 10
cat_threshold=402 41 1 1 196 4 202 1382 2 132
is_linear=0
shrinkage=0.03


Tree=126
num_leaves=31
num_cat=4
split_feature=17 21 21 17 0 17 20 17 14 0 0 13 15 15 1 17 21 4 0 17 17 0 0 17 20 17 17 7 0 0
split_gain=20.5666 14.5429 13.3202 12.1612 30.1752 13.4737 10.5664 9.37201 15.6421 17.69 8.92901 8.25493 9.78875 18.8014 9.86651 39.3053 18.2219 15.4749 14.033 12.2715 10.177 13.9149 8.76762 16.074 22.5337 7.82472 7.74457 18.1303 25.2347 12.9034
threshold=0.7340000000000001 2.9174053685313028 0.89587973461402759 0.75350000000000017 42.500000000000007 0.79950000000000021 5.5000000000000009 0.65150000000000008 -3.1999999999999997 67.500000000000014 73.500000000000014 0 94.533000000000015 94.207000000000008 1 1.4725000000000004 1.2424533248940002 2 29.500000000000004 1.2950000000000002 1.4125000000000003 51.500000000000007 42.500000000000007 1.3060000000000003 3.5000000000000004 0.82600000000000018 1.2755000000000003 3 34.500000000000007 38.500000000000007
decision_type=2 2 2 2 2 2 2 2 2 2 2 1 2 2 9 2 2 9 2 2 2 2 2 2 2 2 2 1 2 2
left_child=2 3 -1 4 -2 -5 -6 -4 9 -9 11 12 13 14 17 16 18 -7 -16 -18 21 22 23 -20 -25 -13 27 -27 -29 -30
right_child=1 -3 7 5 6 10 -8 8 -10 -11 -12 25 -14 -15 15 -17 19 -19 20 -21 -22 -23 -24 24 -26 26 -28 28 29 -31
leaf_value=0.013254115121476685 0.0036060373971088708 -0.033117943528830733 -0.011836990634352612 0.013386925136940673 -0.055085234675986521 -0.003750916826219427 -0.015420803331255497 -0.015274301107357027 0.012990484959894424 0.021925367254149418 0.013996152396660031 -0.015034352111452797 -0.022692415729634589 0.020604160410296116 -0.020010946641201042 -0.042646042116358578 0.028566689148813322 -0.03039439362939534 0.014294268784508728 -0.0026748094648447979 0.029457001072270762 -0.023400330618274501 0.020242354783200141 -0.041456264477304702 0.014269012020793389 0.0057919701915493515 0.0013477502135384269 -0.026407088183708658 0.027621009855819324 -0.005251371439054753
leaf_weight=225.84678765013814 45.764534551650286 10.827688710764049 33.614517733454704 86.721020378172398 13.629359215497972 386.07386257499456 11.452149629592894 47.131240516901016 98.45059210062027 15.068062648177145 50.874275989830494 24.731875613331795 19.422779150307178 33.863478429615498 24.228130683302879 15.640919186174868 43.91203985363245 20.621686048805714 31.713576398789883 14.981407716870306 13.483734205365179 16.432408571243286 28.425507672131062 14.979631736874582 11.346142217516897 807.96759521961212 4751.9659965597093 39.234145119786263 16.303025025874376 30.811719574034214
leaf_count=419 88 141 84 149 50 1160 27 118 183 20 87 66 51 47 72 101 80 109 73 55 20 48 76 79 36 1653 16733 127 28 77
internal_value=0.00186244 0.00145004 0.00829823 0.00150811 -0.0108398 0.00164366 -0.0372269 0.00251735 0.00554502 -0.00619363 0.00148379 0.00138279 -0.00175069 -0.00112243 -0.00231354 0.00283892 0.00658176 -0.00499365 0.000687933 0.0205775 0.00503625 0.00178152 0.00662342 -1.83739e-05 -0.0173626 0.00175638 0.00183072 0.00439319 -0.00865206 0.00609427
internal_weight=6985.52 6565.41 420.111 6554.58 70.846 6483.73 25.0815 194.264 160.65 62.1993 6397.01 6346.14 675.125 655.703 621.839 215.143 199.503 406.696 140.609 58.8934 116.381 102.897 86.4649 58.0394 26.3258 5671.01 5646.28 894.316 86.3489 47.1147
internal_count=22057 21233 824 21092 165 20927 77 405 321 138 20778 20691 2007 1956 1909 640 539 1269 404 135 332 312 264 188 115 18684 18618 1885 232 105
cat_boundaries=0 1 2 3 4
cat_threshold=1 725 1 1
is_linear=0
shrinkage=0.03


Tree=127
num_leaves=31
num_cat=3
split_feature=17 10 10 17 0 17 20 17 14 0 1 17 0 10 17 9 0 17 5 10 10 0 0 15 17 17 16 20 20 17
split_gain=19.528 14.0356 12.737 11.3961 27.782 12.8533 9.42734 8.79913 14.8452 16.6562 8.36891 12.4065 6.77707 15.6576 12.5092 9.8222 14.5014 13.3781 18.7436 50.1803 14.0889 12.4854 10.4409 10.2602 9.5807 9.32182 8.79593 7.50182 6.7288 6.14972
threshold=0.7340000000000001 17.500000000000004 1.5000000000000002 0.75350000000000017 42.500000000000007 0.79150000000000009 5.5000000000000009 0.65150000000000008 -3.1999999999999997 67.500000000000014 0 4.9635000000000007 58.500000000000007 4.5000000000000009 1.6215000000000004 1 30.500000000000004 1.4400000000000002 2 1.5000000000000002 2.5000000000000004 55.500000000000007 36.500000000000007 92.928000000000011 1.4025000000000001 0.87950000000000006 -41.29999999999999 4.5000000000000009 3.5000000000000004 1.2650000000000003
decision_type=2 2 2 2 2 2 2 2 2 2 9 2 2 2 2 1 2 2 1 2 2 2 2 2 2 2 2 2 2 2
left_child=2 3 -1 4 -2 -5 -6 -4 9 -9 11 12 15 14 24 16 -7 20 19 -19 22 -18 23 25 26 -17 -14 -16 -20 -12
right_child=1 -3 7 5 6 10 -8 8 -10 -11 29 -13 13 -15 27 17 21 18 28 -21 -22 -23 -24 -25 -26 -27 -28 -29 -30 -31
leaf_value=0.012975635413045932 0.0035055099585787407 -0.033003262843466767 -0.011387002404463973 0.01424884690624152 -0.052030281964739453 0.0045903875593521016 -0.014838903008843472 -0.014682892501390699 0.012719437388273233 0.021546837371733768 0.0035223230780699489 -0.013629036376515698 -0.01039584724003623 0.039454696080954949 -0.03333389789882716 -0.0028296523217902943 -0.053712586038962562 0.025585580129208436 0.010480158319171828 -0.045123934475881082 0.013924081169252237 -0.0057935173292412417 -0.031831721330111293 0.0062845952608714161 0.024722867701649082 -0.037721789237387768 0.01122406400767245 0.0048247473472726272 0.031584077284342697 0.00074579029204397925
leaf_weight=223.80647210404277 45.668958052992821 10.543986037373541 33.894192792475224 71.40093207359314 13.996745787560942 27.073614120483398 11.546650439500807 47.556138396263123 97.548059973865747 14.877458423376082 836.85536682233214 28.967900052666664 21.261059835553169 16.034216150641441 9.4603944346308726 18.128089383244518 9.5011897869408148 22.931313633918762 21.043944239616394 14.754666827619074 43.97772004455328 10.356813818216322 12.778116248548029 45.869317777454853 36.040207460522652 11.246147260069845 79.919617254287004 8.7307730764150602 41.898342564702034 5094.0113436542451
leaf_count=419 88 141 84 122 50 57 27 118 183 20 1755 102 51 24 42 38 49 56 57 77 77 36 41 91 43 37 144 29 90 17909
internal_value=0.00180765 0.0014068 0.00809812 0.00146312 -0.0104587 0.00159471 -0.0354587 0.00244836 0.00540359 -0.00598099 0.00145309 0.00522884 0.00656539 0.0112684 0.00831762 0.0036674 -0.00791752 0.00609807 0.0145941 -0.00206509 5.39864e-05 -0.0290253 -0.00684974 -0.00253077 0.0114299 -0.0163728 0.00664568 -0.0149296 0.0246037 0.00113621
internal_weight=6981.68 6564 417.682 6553.45 71.2124 6482.24 25.5434 193.876 159.982 62.4336 6410.84 479.973 451.006 171.446 155.412 279.559 46.9316 232.628 100.628 37.686 131.999 19.858 88.0217 75.2436 137.221 29.3742 101.181 18.1912 62.9423 5930.87
internal_count=22057 21233 824 21092 165 20927 77 405 321 138 20805 1141 1039 333 309 706 142 564 280 133 284 85 207 166 238 75 195 71 147 19664
cat_boundaries=0 1 2 3
cat_threshold=288 8 1
is_linear=0
shrinkage=0.03


Tree=128
num_leaves=31
num_cat=8
split_feature=17 10 10 17 0 17 13 20 1 17 2 4 20 17 5 0 0 17 16 0 11 5 17 13 17 0 0 0 1 17
split_gain=18.5378 13.548 12.1753 10.6831 25.6215 12.2231 9.07453 8.45011 7.90863 11.7134 10.4764 15.5936 9.92392 9.72814 12.1658 7.68254 8.14301 7.43523 6.91112 12.1554 10.3484 7.77201 7.44493 6.35172 8.36193 18.7143 14.1424 19.4837 17.961 33.0285
threshold=0.7340000000000001 17.500000000000004 1.5000000000000002 0.75350000000000017 42.500000000000007 0.79150000000000009 0 5.5000000000000009 1 4.9635000000000007 2 3 5.5000000000000009 4.9510000000000014 4 58.500000000000007 41.500000000000007 4.9595000000000011 -39.899999999999991 37.500000000000007 26.000000000000004 5 0.71450000000000014 6 1.2650000000000003 46.500000000000007 41.500000000000007 43.500000000000007 7 1.3595000000000004
decision_type=2 2 2 2 2 2 1 2 9 2 9 9 2 2 1 2 2 2 2 2 2 1 2 1 2 2 2 2 9 2
left_child=2 3 -1 4 -2 -5 -4 -6 9 10 13 -12 17 15 -15 16 -7 -13 -8 20 -20 -21 -22 24 -10 26 28 -28 29 -26
right_child=1 -3 6 5 7 8 18 -9 23 -11 11 12 -14 14 -16 -17 -18 -19 19 21 22 -23 -24 -25 25 -27 27 -29 -30 -31
leaf_value=0.012701057955600852 0.0034075969305959108 -0.032891272718980701 -0.0084622545839306059 0.013939658110218052 -0.049261207768531295 0.022084574372613963 0.019940356616365652 -0.014284509435633912 0.0029601328949891113 -0.013269046944742643 0.0046874570771281822 -0.055882297747836776 0.00044041097914562024 0.03597047855931023 0.0038754602332501577 0.011890204922578727 -0.007348233577827136 -0.012065309520466321 0.011905382347280533 0.019037419760455428 -0.035139399004497078 -0.0016966371613849462 -0.0057468617110419959 0.0014386059491231973 -0.037318447496936032 -0.019440736758081861 0.027431074642887569 -0.0063732651282027751 0.00078887386829380398 0.0011076434170884128
leaf_weight=221.81813482567668 45.576068136841059 10.267013749107717 50.862953178584576 70.806437809020281 14.340195551514627 10.375193759799002 26.965335670858622 11.637408170849083 216.61056414991617 28.865472495555878 199.16242786869407 7.9142950847744959 11.771371468901632 27.375050768256187 17.745743468403816 125.12660036236048 43.577857404947281 6.6562158316373825 14.907816763967274 42.46493823826313 13.478360168635843 25.908355414867401 18.900708876550198 5314.6808897703886 38.570538863539696 62.362009063363075 32.366631075739861 28.823014982044697 195.6923361197114 41.675209775567055
leaf_count=419 88 141 113 122 50 20 48 27 441 102 438 43 33 58 54 227 142 24 39 66 42 57 40 17783 175 277 90 114 655 129
internal_value=0.00175464 0.001365 0.00790206 0.00141964 -0.0100952 0.0015474 0.00238121 -0.0338223 0.00140982 0.00508595 0.00638654 0.00180355 -0.0198225 0.0109799 0.0234505 0.00780979 -0.00160241 -0.0362887 0.00627243 0.00304547 -0.00860272 0.0111459 -0.0181449 0.00110216 -0.00177712 -0.00435335 -0.00154865 0.0114744 -0.0044505 -0.015428
internal_weight=6977.29 6561.98 415.307 6551.71 71.5537 6480.16 193.488 25.9776 6409.35 478.57 449.705 225.504 26.3419 224.2 45.1208 179.08 53.9531 14.5705 142.626 115.66 47.2869 68.3733 32.3791 5930.78 616.1 399.49 337.128 61.1896 275.938 80.2457
internal_count=22057 21233 824 21092 165 20927 405 77 20805 1141 1039 538 100 501 112 389 162 67 292 244 121 123 82 19664 1881 1440 1163 204 959 304
cat_boundaries=0 1 2 3 4 5 6 7 8
cat_threshold=1 288 2 1 4 4 1 17
is_linear=0
shrinkage=0.03


Tree=129
num_leaves=31
num_cat=8
split_feature=17 10 10 17 0 17 8 0 17 0 20 13 8 18 8 1 10 20 10 7 17 17 17 0 0 14 0 0 5 1
split_gain=17.5981 13.0787 11.6327 10.0174 23.6648 11.6386 8.80336 25.175 8.73633 8.0641 7.60565 7.44234 11.5885 14.4278 10.93 14.7207 25.0525 20.0896 19.7418 39.2172 26.5044 16.442 15.3036 15.2649 13.4128 16.2492 16.0644 25.8305 25.1912 10.2722
threshold=0.7340000000000001 17.500000000000004 1.5000000000000002 0.75350000000000017 42.500000000000007 0.79950000000000021 0 46.500000000000007 0.65150000000000008 73.500000000000014 5.5000000000000009 1 2 5049.8500000000013 3 4 6.5000000000000009 2.5000000000000004 2.5000000000000004 5 1.2670000000000001 1.4290000000000003 4.9605000000000006 32.500000000000007 29.500000000000004 1.2500000000000002 36.500000000000007 39.500000000000007 6 7
decision_type=2 2 2 2 2 2 9 2 2 2 2 1 9 2 9 9 2 2 2 1 2 2 2 2 2 2 2 2 1 9
left_child=2 3 -1 4 -2 -5 7 -4 -8 11 -6 12 -7 -14 -13 16 -16 22 19 21 -21 -19 -17 -23 -22 -26 -27 28 -28 -15
right_child=1 -3 6 5 10 9 8 -9 -10 -11 -12 14 13 29 15 17 -18 18 -20 20 24 23 -24 -25 25 26 27 -29 -30 -31
leaf_value=0.012430382762646361 0.0033122402371170588 -0.03278183682270247 -0.025434155584261549 0.012538133822120221 -0.046737576096630921 0.012298171668557997 -0.01241906831673795 0.01156294978193413 0.010342556008907869 0.013356191675652695 -0.013755858555257088 0.00084420244978537285 -0.017391269791081052 -0.0043000223850051785 0.0085810466419872621 -0.032079404256095019 -0.028326464091567378 0.007650695573174598 0.0097368852569147384 -0.059495432048292232 0.0079496799549440798 -0.03639520317694106 0.013379571416415161 -0.0007127440375695812 0.0079016029384434625 -0.033797471237334578 0.04188752596311069 -0.021736376514291451 -0.018443240642430889 0.0039074271403356283
leaf_weight=219.88073228299618 45.485794257372618 9.99666636623442 33.22062112390995 84.830067001283169 14.661380559206011 39.698170006275177 17.409830190241337 32.686447203159332 109.76711757481098 49.942246943712234 11.724590033292769 4254.8598113283515 55.575687982141972 372.6892944201827 587.02190389484167 26.740811727941036 16.901999272406101 308.36792596802115 224.2045184224844 9.918810307979582 32.937440678477287 14.446517564356325 8.6969242468476278 42.505236506462097 26.583179980516434 38.79124441742897 13.872366070747375 54.542398795485497 11.079218305647373 204.91497780382633
leaf_count=419 88 141 94 149 50 61 44 58 209 87 27 14595 137 1175 1616 116 96 586 682 40 113 44 40 87 52 211 46 304 56 634
internal_value=0.0017029 0.0013242 0.00771047 0.00137721 -0.00974795 0.00150123 0.00231633 -0.00612277 0.00667156 0.00135414 -0.0323027 0.00125898 -0.00172174 -0.00275793 0.00161317 0.00388708 0.00741586 0.00120229 0.00222882 -0.000810745 -0.0119562 0.00490998 -0.0208325 -0.00986455 -0.0092554 -0.0131906 -0.0179589 -0.0101596 0.0150125 -0.00138972
internal_weight=6973.95 6560.99 412.965 6550.99 71.8718 6479.12 193.084 65.9071 127.177 6394.29 26.386 6344.35 672.878 633.18 5671.47 1416.61 603.924 812.687 777.249 553.044 187.725 365.32 35.4377 56.9518 177.806 144.868 118.285 79.494 24.9516 577.604
internal_count=22057 21233 824 21092 165 20927 405 152 253 20778 77 20691 2007 1946 18684 4089 1712 2377 2221 1539 822 717 156 131 782 669 617 406 102 1809
cat_boundaries=0 1 2 3 4 5 6 7 8
cat_threshold=129 1 8 202 1382 1 4 693
is_linear=0
shrinkage=0.03


Tree=130
num_leaves=31
num_cat=14
split_feature=18 9 12 7 1 2 8 9 10 10 5 0 1 20 1 0 0 20 5 15 1 2 0 20 14 0 5 12 5 14
split_gain=21.8524 15.52 15.6748 12.0803 11.0624 13.8506 9.44405 17.4031 17.6289 17.0183 14.5656 15.8759 31.1755 25.0567 14.4047 15.2286 27.4203 20.5346 14.6527 13.533 13.2525 30.2072 13.1432 14.5673 11.7319 22.5781 15.5507 23.4433 12.3911 11.3725
threshold=5013.1000000000013 0 2.5000000000000004 1 2 3 4 5 1.5000000000000002 11.500000000000002 6 43.500000000000007 7 1.5000000000000002 8 33.500000000000007 31.500000000000004 5.5000000000000009 9 92.928000000000011 10 11 44.500000000000007 2.5000000000000004 1.2500000000000002 45.500000000000007 12 1.0000000180025095e-35 13 -0.64999999999999991
decision_type=2 1 2 1 9 9 9 1 2 2 1 2 9 2 9 2 2 2 1 2 9 9 2 2 2 2 1 2 1 2
left_child=1 3 4 -1 -3 -6 -2 8 24 10 -9 14 13 29 15 16 -12 -17 -19 -14 21 -10 23 -23 26 28 27 -8 -26 -13
right_child=6 2 -4 -5 5 -7 7 9 20 -11 11 12 19 -15 -16 17 -18 18 -20 -21 -22 22 -24 -25 25 -27 -28 -29 -30 -31
leaf_value=0.013482580417748205 -3.5084575055538403e-05 0.0082613543088092562 -0.028439994265730351 -0.0016243788375770454 0.0031232392213952449 -0.023018918608105506 0.0050029301484513459 -0.031087455849085597 0.064685914152399146 -0.039634181671695738 0.011000738854898381 0.00067698968179550159 -0.0046291511278059461 -0.0058897074798032953 0.00015027659025780742 0.0027697785236596743 -0.037274259136973659 0.015291154661141981 0.050002040310089022 -0.034903313789566827 0.0036662114394669502 0.039147002709541905 -0.0045680329262820299 0.013381337315084146 -0.0029732715703039933 0.015625254241522141 0.015438611067195705 -0.036555527334374456 -0.032131525722870875 0.033644460083029473
leaf_weight=279.00839906930923 5235.3709024246782 106.5988794490695 16.018940836191177 57.002981297671795 48.234455458819866 29.061043739318848 58.376407854259014 12.875019900500774 12.397462874650955 9.6094001047313196 57.749370947480202 14.739116087555884 19.760998621582985 92.294844388961792 299.27864853292704 31.448788285255432 12.85407333076 20.359523206949234 24.719355940818787 42.289331041276455 110.46227371692657 27.120748490095139 23.316789500415325 75.203488647937775 24.256272360682487 24.676233753561974 79.85872320830822 15.323408674448727 29.162968173623085 26.959793694317341
leaf_count=555 17424 205 55 128 101 84 106 58 24 79 130 29 43 292 958 105 52 43 39 234 337 52 80 192 106 104 130 50 152 84
internal_value=0.000996163 0.00681446 -5.53652e-05 0.0105959 0.002412 -0.00591902 0.000506889 0.00296164 0.00726228 -0.000201613 0.000374911 0.00101484 -0.00609342 0.00261135 0.00414386 0.0114531 0.00212907 0.0214968 0.0344601 -0.021822 0.0129634 0.0187508 0.0156377 0.0202713 0.00144398 -0.00799978 0.00626841 -0.00363493 -0.0189779 0.0220929
internal_weight=6916.39 535.925 199.913 336.011 183.894 77.2955 6380.46 1145.09 480.155 664.938 655.329 642.454 196.044 133.994 446.41 147.131 70.6034 76.5277 45.0789 62.0503 248.501 138.038 125.641 102.324 231.654 78.0955 153.559 73.6998 53.4192 41.6989
internal_count=22031 1128 445 683 390 185 20903 3479 1333 2146 2067 2009 682 405 1327 369 182 187 82 277 685 348 324 244 648 362 286 156 258 113
cat_boundaries=0 1 2 3 4 5 6 7 8 9 10 11 12 13 14
cat_threshold=28 1 769 2 203 12 2 1123 788 4 7 1 4 4
is_linear=0
shrinkage=0.03


Tree=131
num_leaves=31
num_cat=9
split_feature=17 17 14 9 19 1 12 1 17 17 20 8 10 7 20 5 6 10 20 16 6 20 17 9 17 16 20 17 16 10
split_gain=22.2011 17.4107 23.9285 21.9749 24.0524 14.6359 14.0833 16.0199 15.6078 28.1853 13.7179 13.5514 14.8262 16.2125 13.1508 13.0023 17.1696 12.7796 16.5867 12.4793 11.3015 11.2215 14.5084 10.6265 17.1619 20.6063 49.234 13.7328 23.5567 13.0194
threshold=1.2650000000000003 1.2555000000000003 -2.3499999999999996 0 1.0000000180025095e-35 1 1.0000000180025095e-35 2 0.73950000000000016 0.75450000000000006 5.5000000000000009 3 10.500000000000002 4 3.5000000000000004 5 6 1.5000000000000002 4.5000000000000009 -39.899999999999991 7 5.5000000000000009 0.88350000000000006 8 4.9675000000000002 -36.249999999999993 2.5000000000000004 4.9655000000000014 -36.249999999999993 1.5000000000000002
decision_type=2 2 2 1 2 9 2 9 2 2 2 9 2 1 2 1 1 2 2 2 1 2 2 1 2 2 2 2 2 2
left_child=1 3 -3 15 6 11 8 -8 -5 -10 -9 20 23 -14 -15 16 21 -17 19 -19 -2 -1 -23 27 25 -25 -27 -13 -29 -28
right_child=5 2 -4 4 -6 -7 7 10 9 -11 -12 12 13 14 -16 17 -18 18 -20 -21 -22 22 -24 24 -26 26 29 28 -30 -31
leaf_value=0.0044279106256068174 0.0080694955189627195 0.0047683814546189097 0.027188849245638982 0.01213265327636889 0.014114186189373063 -0.0019023174172290746 -0.0093734975564715856 -0.001333623780799525 -0.02920649180809733 0.0038226563367535346 0.022069317843652063 0.0022109307405446654 0.0015669308435939475 0.058817153681083749 0.0093227327003913441 -0.0016404008846185101 0.026027275839106467 -0.058120775131794686 -0.0085970267984301907 -0.017263329511432265 -0.0049283074189184041 -0.001467942867973453 -0.03799211088136098 -0.0012879053794780785 0.021969284116243288 0.025639167038881566 -0.010625378977457311 -0.033945929380905474 0 -0.033026023774990476
leaf_weight=76.500005170702934 397.53180698677897 122.67429032921791 66.136042289435863 197.19755133241415 207.34899282455444 2098.3824667334557 144.82421850413084 70.527475498616695 24.530764505267143 412.14727006107569 32.879658959805965 1679.0906526073813 25.946932476013899 11.320586986839773 8.7313507013022882 75.519301496446133 22.628153450787067 13.624211087822916 49.918954968452454 13.970350950956343 70.577998034656048 27.25372464209795 15.343071691691874 813.83535134792328 25.321203008294106 22.127783000469208 40.48027341812849 25.830235198140144 63.29631207883358 57.153701066970825
leaf_count=158 1339 224 86 330 516 7532 330 154 68 814 46 5544 130 36 40 171 34 63 127 36 281 57 53 3034 55 55 151 122 201 244
internal_value=0.00096736 0.00409964 0.0126479 0.00293064 0.00487441 4.39877e-05 0.00275299 -0.00329614 0.00512677 0.00195409 0.00555602 0.00130681 0.000498887 0.0173729 0.0375675 -0.0042635 0.00212136 -0.0104721 -0.0190247 -0.0376811 0.00597513 -0.00241358 -0.0147521 0.000214374 -0.00231361 -0.00300249 -0.014618 0.00159115 -0.00986253 -0.0237895
internal_weight=6912.65 1573.02 188.81 1384.21 1089.46 5339.63 882.107 248.231 633.876 436.678 103.407 3241.24 2773.13 45.9989 20.0519 294.758 141.725 153.033 77.5135 27.5946 468.11 119.097 42.5968 2727.14 958.918 933.597 119.762 1768.22 89.1265 97.634
internal_count=22031 3267 310 2957 2258 18764 1742 530 1212 882 200 11232 9612 206 76 699 302 397 226 99 1620 268 110 9406 3539 3484 450 5867 323 395
cat_boundaries=0 1 2 3 4 5 6 7 8 9
cat_threshold=2 307 369 304 1 1 1 1 22
is_linear=0
shrinkage=0.03


Tree=132
num_leaves=31
num_cat=9
split_feature=18 9 11 12 7 14 15 8 9 10 3 0 20 0 4 0 0 20 0 0 6 14 0 0 0 4 5 20 14 0
split_gain=20.0886 14.429 16.0834 14.5047 11.9652 11.3127 14.8337 8.31649 16.4754 16.5358 14.9803 13.6083 28.1935 18.4454 12.9273 14.4129 12.7786 12.0772 15.9933 12.1047 11.1935 16.7836 25.0577 21.4427 13.8741 10.987 10.93 17.7493 16.4468 22.6198
threshold=5013.1000000000013 0 16.500000000000004 2.5000000000000004 1 -1.7499999999999998 94.207000000000008 2 3 1.5000000000000002 4 43.500000000000007 1.5000000000000002 55.500000000000007 5 52.500000000000007 31.500000000000004 3.5000000000000004 34.500000000000007 32.500000000000007 6 1.2500000000000002 40.500000000000007 28.500000000000004 38.500000000000007 7 8 5.5000000000000009 -0.14999999999999999 36.500000000000007
decision_type=2 1 2 2 1 2 2 9 1 2 9 2 2 2 9 2 2 2 2 2 1 2 2 2 2 9 1 2 2 2
left_child=1 2 -1 -3 -4 -6 -7 -2 9 20 -11 17 14 -14 15 -13 -12 19 -19 -10 24 -22 23 -23 -9 -18 27 28 -20 -30
right_child=7 3 4 -5 5 6 -8 8 11 10 16 12 13 -15 -16 -17 25 18 26 -21 21 22 -24 -25 -26 -27 -28 -29 29 -31
leaf_value=0.020606139974782098 -3.7389864766344047e-05 0.0023329049543390004 0.0095230061173645283 -0.0270825063418349 0.0094555130055428861 -0.045151756857342587 0.00039447469456446515 0.00092645138978066251 0.0053318771999025013 0.016414079372009983 0.022749200112728074 0.022926246590731086 -0.021794650592609842 -0.00013933033837160451 0.030610395018185313 -0.016906902328767518 -0.0012455644322132827 -6.0306583945530034e-05 0.028461077861625602 -0.014900720687839902 0.0095866959348448084 0.017906145635393722 0.010210047147527003 -0.039573813802622981 -0.043215393067283336 -0.036154070773084607 0.0047334377847205976 0.035676925209782724 0.02661170229561417 -0.040527028159149062
leaf_weight=99.887167107313871 5233.0123527850956 183.46263985708356 186.74807165563107 16.337312705814838 19.387776777148247 11.889947339892389 13.610151261091231 15.43774498999119 46.323429368436337 183.42770771682262 15.341282449662684 14.284585744142531 91.969521872699261 57.970372680574656 20.390861921012402 18.83412267267704 39.828486137092113 208.42313530668616 15.313026636838911 61.816957168281078 138.99407785758376 7.3617196530103675 31.730063401162624 26.230459421873093 10.697867520153521 10.158717226237057 73.25128261744976 36.995917718857527 7.439333543181422 11.077672161161898
leaf_count=246 17424 390 335 55 32 43 27 44 139 466 33 44 401 160 65 59 127 587 17 275 246 23 133 146 56 59 229 81 24 65
internal_value=0.000938599 0.00654297 0.0102277 -6.63623e-05 0.00617368 -0.00768411 -0.0208186 0.000471035 0.00277662 0.00696502 0.012474 -0.000300348 -0.00676894 -0.0134479 0.0118804 0.000200706 -0.000919428 0.00254443 0.00523937 -0.00620917 0.00130476 0.00368392 -0.00882574 -0.0268723 -0.0171233 -0.00845781 0.0129215 0.021329 0.00549095 -0.0133944
internal_weight=6907.63 531.323 331.523 199.8 231.636 44.8879 25.5001 6376.31 1143.3 479.208 248.756 664.09 203.449 149.94 53.5096 33.1187 65.3285 460.641 352.5 108.14 230.452 204.316 65.3222 33.5922 26.1356 49.9872 144.077 70.826 33.83 18.517
internal_count=22031 1128 683 445 437 102 70 20903 3479 1333 685 2146 729 561 168 103 219 1417 1003 414 648 548 302 169 100 186 416 187 106 89
cat_boundaries=0 1 2 3 4 5 6 7 8 9
cat_threshold=28 1 203 12 78 1 4 1 1
is_linear=0
shrinkage=0.03


Tree=133
num_leaves=31
num_cat=10
split_feature=17 17 18 9 11 13 1 17 17 1 3 17 0 0 17 17 0 0 17 8 0 2 17 1 17 0 0 1 5 17
split_gain=19.9292 16.4068 23.0147 20.2917 23.8201 14.4502 14.9885 14.7143 26.7563 13.7784 15.6811 30.5646 25.8925 18.5321 16.8729 22.5813 20.6015 17.6262 41.9058 18.1458 14.9748 20.3047 16.4956 14.7542 23.549 18.2829 22.0218 30.4557 32.8922 14.7097
threshold=1.2650000000000003 1.2555000000000003 5087.6500000000005 0 16.500000000000004 1 2 0.73950000000000016 0.76900000000000013 3 4 4.9675000000000002 56.500000000000007 53.500000000000007 4.9635000000000007 4.9615000000000009 55.500000000000007 33.500000000000007 1.2670000000000001 5 42.500000000000007 6 1.3390000000000002 7 1.4080000000000001 37.500000000000007 36.500000000000007 8 9 1.4080000000000001
decision_type=2 2 2 1 2 1 9 2 2 9 9 2 2 2 2 2 2 2 2 9 2 9 2 9 2 2 2 9 1 2
left_child=1 3 -3 -1 -5 6 -6 -7 -9 -2 11 12 13 20 15 17 -17 18 -12 -20 -11 -22 -23 25 -25 26 27 28 -19 -24
right_child=9 2 -4 4 5 7 -8 8 -10 10 14 -13 -14 -15 -16 16 -18 23 19 -21 21 22 29 24 -26 -27 -28 -29 -30 -31
leaf_value=-0.0041522436791656889 0.0012089072850805908 0.004453463326181269 0.02650206971235616 0.014074134745340616 -0.0093472002733840497 0.01181546514075826 0.005097250507882181 -0.025299626185179655 0.0039320737003032472 -0.0017337283519319876 -0.042293360342960232 -0.039404793747019475 -0.035657862346491438 0.016626681116523493 0.0078435802637125112 -0.014447467846707222 0.025165715869067285 0.026962500507094977 -0.010112687841625169 0.009658139082148005 -0.04073237640195377 -0.0500837700753766 0.017405245980082289 0.0066290928504365429 -0.0250983832199204 0.00308558769265931 -0.036536213822538535 -0.02316349497645499 -0.017922519344938864 -0.010085035665868632
leaf_weight=294.8594970703125 3357.3399484846741 121.82383845001459 65.824532970786095 198.24101353436708 146.58033808320761 195.52565821260214 102.9860889390111 30.155371852219105 408.23062916845083 437.30057260766625 15.821517229080198 23.254536431282759 23.030865855515003 39.15306830406189 207.90649870038033 158.28441831097007 12.626790590584276 38.642264001071453 41.046792149543762 323.50320921838284 19.923829093575478 7.985515944659709 20.508771732449532 31.225742511451244 63.503279559314251 321.12042790278792 23.630870312452316 34.323889829218388 23.507608771324158 114.86379640549421
leaf_count=699 11732 224 86 504 334 331 201 81 807 1561 57 121 122 137 591 588 32 88 159 902 113 40 36 72 343 1136 119 175 93 547
internal_value=0.00091187 0.00388971 0.0122138 0.00275203 0.00463257 0.00256169 -0.00354511 0.0049708 0.00190915 3.87185e-05 -0.00193908 -0.00557525 -0.00446209 -0.00332893 1.28928e-05 -0.00148223 -0.0114903 0.000382232 0.00532334 0.00740917 -0.00463742 -0.0123899 -0.00840431 -0.00311926 -0.0132185 -0.000627961 -0.0106283 -0.0042199 0.0085603 -0.00588837
internal_weight=6902.73 1564.23 187.648 1376.58 1081.72 883.478 249.566 633.912 438.386 5338.5 1981.16 686.021 662.766 639.736 1295.14 1087.24 170.911 916.326 380.372 364.55 600.582 163.282 143.358 535.954 94.729 441.225 120.105 96.4738 62.1499 135.373
internal_count=22031 3267 310 2957 2258 1754 535 1219 888 18764 7032 2677 2556 2434 4355 3764 620 3144 1118 1061 2297 736 623 2026 415 1611 475 356 181 583
cat_boundaries=0 1 2 3 4 5 6 7 8 9 10
cat_threshold=2 1 369 315 163 128 1 644 516 1
is_linear=0
shrinkage=0.03


Tree=134
num_leaves=31
num_cat=6
split_feature=17 17 14 9 11 12 17 17 6 18 10 7 0 16 0 10 0 18 2 0 16 8 12 20 0 10 20 0 0 2
split_gain=18.8187 15.5117 21.8022 19.1592 22.8428 12.8039 13.9704 24.8154 12.5852 12.8573 20.4681 11.0918 17.8096 27.0864 10.7319 12.3018 14.2532 11.3782 10.279 10.2194 18.0909 9.84265 14.3351 18.3269 12.5453 17.6053 31.9406 11.6187 9.45135 8.25713
threshold=1.2650000000000003 1.2555000000000003 -2.3499999999999996 0 16.500000000000004 1.0000000180025095e-35 0.73950000000000016 0.76900000000000013 1 5049.8500000000013 2.5000000000000004 2 41.500000000000007 -34.099999999999994 37.500000000000007 3.5000000000000004 30.500000000000004 5049.8500000000013 3 43.500000000000007 -40.349999999999987 4 1.5000000000000002 5.5000000000000009 43.500000000000007 1.5000000000000002 5.5000000000000009 51.500000000000007 35.500000000000007 5
decision_type=2 2 2 1 2 2 2 2 1 2 2 1 2 2 2 2 2 2 9 2 2 9 2 2 2 2 2 2 2 9
left_child=1 3 -3 21 -5 6 -6 -8 9 -9 -11 19 13 -13 15 16 17 -7 -18 -10 -21 22 24 -24 25 -1 -27 -23 -28 -26
right_child=-2 2 -4 4 5 14 7 8 11 10 -12 12 -14 -15 -16 -17 18 -19 -20 20 -22 27 23 -25 29 26 28 -29 -30 -31
leaf_value=-8.1846089961797074e-05 3.5756582381980763e-05 0.0043316239346571838 0.025836919593831241 0.013818098342238877 0.011491604358140374 -0.0054242881704496988 -0.024219435074163038 0.0089655390217407375 0.01145697009464138 -0.050904968693311417 0.00081287089382143618 -0.060602164892424634 0.010941017408470293 0.0055470832164512974 -0.010125089090163943 0.021493450466402976 -0.0098830480715845458 -0.038874283701063342 0.01461942627144905 -0.028644958629850698 0.0053161032324330155 0.0094967386979450848 -0.061876449620994027 -0.0024200973760818948 -0.0037860220837995732 -0.0088966161246456146 -0.080782104580978481 -0.014915232514280294 -0.032759079373304731 0.017720752958241062
leaf_weight=57.147058881819248 5336.7624665629119 121.50076468288898 65.501058466732502 195.89456662535667 193.4753994718194 33.5811378210783 30.553516551852226 17.096563413739204 208.78955738246441 13.11652046442032 14.140900887548922 10.985726721584799 21.150789171457291 11.017148241400717 112.19181176275015 24.678193762898445 22.512101158499718 12.652115643024443 47.68842951208353 16.572985962033272 91.96200880408287 76.217513918876648 9.6000100895762444 9.2172596603631973 40.332216888666153 37.878598757088184 8.7183487713336927 22.623717047274113 7.2044786140322676 26.405833519995213
leaf_count=121 18764 224 86 504 330 72 81 30 370 46 33 49 36 19 261 42 51 41 75 54 164 143 40 22 91 103 42 59 26 52
internal_value=0.00088369 0.00378161 0.0118901 0.00267459 0.00450859 0.00248769 0.00478322 0.00179332 0.00376946 -0.0112708 -0.0240597 0.00563098 -0.00859224 -0.0274693 -0.00319908 0.00228951 -0.00176998 -0.0147071 0.00671635 0.00757678 8.11355e-05 -0.00402529 -0.00781856 -0.0330783 -0.00554931 -0.0117356 -0.0240352 0.00351417 -0.0595808 0.00469233
internal_weight=6897.17 1560.41 187.002 1373.4 1078.06 882.165 628.861 435.386 404.832 44.354 27.2574 360.478 43.1537 22.0029 253.304 141.112 116.434 46.2333 70.2005 317.325 108.535 295.345 196.504 18.8173 177.687 110.948 53.8014 98.8412 15.9228 66.7381
internal_count=22031 3267 310 2957 2258 1754 1212 882 801 109 79 692 104 68 542 281 239 113 126 588 218 699 497 62 435 292 171 202 68 143
cat_boundaries=0 1 2 3 4 5 6
cat_threshold=2 4 1 4 451 2
is_linear=0
shrinkage=0.03


Tree=135
num_leaves=31
num_cat=12
split_feature=18 3 1 17 16 9 18 6 17 17 2 18 17 9 22 7 21 2 17 17 1 21 16 17 9 21 17 17 2 6
split_gain=15.1217 16.505 28.4287 24.318 18.5117 18.9045 26.4969 32.5443 16.1708 13.6284 10.9196 17.8882 12.1322 10.83 13.8994 12.2639 10.354 10.0469 18.2423 9.63505 23.9533 28.6111 16.5812 16.5414 15.7554 16.0385 10.7709 47.4788 32.7208 15.2277
threshold=5013.1000000000013 0 1 1.2650000000000003 -36.249999999999993 2 5193.4000000000005 3 4.9635000000000007 0.72850000000000015 4 5193.4000000000005 4.8575000000000008 5 1.2424533248940002 6 0.89587973461402759 7 0.88700000000000012 4.9575000000000005 8 2.4414009612931857 -41.899999999999991 4.9150000000000009 9 0.89587973461402759 1.3305000000000002 1.2950000000000002 10 11
decision_type=2 9 9 2 2 1 2 1 2 2 9 2 2 1 2 1 2 9 2 2 9 2 2 2 1 2 2 2 9 1
left_child=13 2 3 9 5 6 -5 -8 -6 -2 -7 12 -12 15 17 -1 -13 -15 -19 23 24 22 -22 26 25 -21 27 29 -28 -4
right_child=1 -3 19 4 8 10 7 -9 -10 -11 11 16 -14 14 -16 -17 -18 18 -20 20 21 -23 -24 -25 -26 -27 28 -29 -30 -31
leaf_value=0.012304774886825427 -0.020189140069539629 0.0017012799270059282 0.017376540919259595 -0.013141601138151339 0 -0.024524587489042647 0.0096477337714982736 -0.031065818222451275 -0.043923713017819874 0.0087546435923458489 -0.0044836813073046121 -0.0048545670870330845 0.034533125628851899 0.0092345556448957932 -0.025837465695841971 -0.0026306034952228727 -0.041257820587237357 0.0034817042461692989 -0.028031544200475027 -0.043401028048742553 -0.031775859721957525 0.038572169490808689 -0.0068188430959285522 0.023197582688694394 0.0062354206177988479 -0.0023535793796572633 -0.003283598722048287 -0.037757766818076369 0.013713076799496529 -0.0015590353450637363
leaf_weight=268.98124844953418 16.762034043669701 4725.251577520743 46.727853648364544 138.31438272446394 10.8362750262022 86.471089288592339 144.4746860973537 20.010263152420521 24.923716187477112 109.24389791116118 34.597112871706486 12.055078715085985 8.9209659546613675 98.231160491704941 16.660419929772615 60.205812342464924 17.592491339892149 62.049304727464914 22.373885322362185 12.862193107604979 50.851265110075474 8.0218742974102479 46.046968549489975 35.332797601819038 191.69753700867295 25.809512905776501 201.50226771831512 30.278229683637619 205.6935203447938 206.97999364882708
leaf_count=554 47 15281 85 549 41 434 460 95 117 209 116 50 28 187 55 138 94 133 68 64 219 24 191 79 587 92 862 142 611 489
internal_value=0.00119616 0.000793508 -0.00174853 -0.00677896 -0.00986712 -0.00824593 -0.00335223 0.00466067 -0.0306667 0.00486763 -0.016273 -0.00868087 0.0035066 0.00607404 0.000278899 0.00928224 -0.0266227 0.00270556 -0.00485775 0.00124191 -0.00294783 -0.0140881 -0.0199662 0.00319686 0.00261464 -0.0128466 0.00216689 -0.0023097 0.00529611 0.00192217
internal_weight=6939.76 6411.26 1686.01 624.202 498.196 462.436 302.799 164.485 35.76 126.006 159.637 73.1656 43.5181 528.502 199.315 329.187 29.6476 182.654 84.4232 1061.8 335.289 104.92 96.8982 726.515 230.369 38.6717 691.182 283.986 407.196 253.708
internal_count=22101 20966 5685 2240 1984 1826 1104 555 158 256 722 288 144 1135 443 692 144 388 201 3445 1177 434 410 2268 743 156 2189 716 1473 574
cat_boundaries=0 1 2 3 4 5 6 7 8 9 10 11 12
cat_threshold=136 85 28 1 2 28 1 2 640 4 2 4
is_linear=0
shrinkage=0.03


Tree=136
num_leaves=31
num_cat=14
split_feature=0 3 1 9 8 6 0 1 12 8 9 17 17 0 15 15 5 0 0 17 17 17 9 20 18 8 6 1 0 9
split_gain=15.7904 17.8286 35.2801 19.5762 18.7134 27.1142 18.7016 16.0957 15.9559 13.3956 17.9698 18.115 13.2634 12.9986 13.1546 12.6625 12.6005 28.664 31.5843 13.0687 12.5419 21.6083 12.1437 15.9787 13.4362 12.4142 32.8496 19.4382 13.3953 11.846
threshold=56.500000000000007 0 1 2 3 4 29.500000000000004 5 1.0000000180025095e-35 6 7 4.9585000000000008 1.2650000000000003 46.500000000000007 92.928000000000011 93.01900000000002 8 36.500000000000007 34.500000000000007 4.862000000000001 0.72850000000000015 0.86950000000000016 9 2.5000000000000004 5020.5000000000009 10 11 12 31.500000000000004 13
decision_type=2 9 9 1 9 1 2 9 2 9 1 2 2 2 2 2 1 2 2 2 2 2 1 2 2 9 1 9 2 1
left_child=1 2 20 6 5 13 15 9 -7 -2 -11 -12 -6 -5 -15 -4 17 18 19 -14 -1 -22 25 -24 -25 26 28 -28 -3 -23
right_child=7 22 3 4 12 8 -8 -9 -10 10 11 -13 16 14 -16 -17 -18 -19 -20 -21 21 29 23 24 -26 -27 27 -29 -30 -31
leaf_value=0.01414965027109579 0.013369714772503366 0.031223265022229586 0.021601400587426399 0.0077676875927921371 0.0023873699081516909 -0.029308882352625701 -0.023899065860297802 -0.0026850520745310409 0.018511630152156316 0.010844295886398323 -0.00022713909667769797 -0.031418796358662869 -0.029614583565065255 0.0199674403015008 -0.017742121200089857 -0.017102977941415472 -0.0070256488561881558 -0.035723620461959114 0.032730015641723231 0.014126219111243401 -0.024531225586853143 0.0035904582240013213 0.009051701563765318 0.0076639673600303326 0.0012796284291987318 0.001318098748774566 0.0094021842152646386 -0.015072050544834082 0.0017340555065194984 -0.0022742288285705482
leaf_weight=65.696959059685469 238.6808943040669 22.707548037171364 15.586164876818659 218.80001658946276 65.925006035715342 35.691563155502081 105.67469151131809 155.80432791262865 7.4632914438843718 115.08786641806364 95.544721629470587 20.273650027811527 26.897600330412388 10.527351658791302 37.635908097028732 14.630952581763266 147.73273362964392 54.381955057382584 14.604128167033194 7.7906485348939887 29.689859330654144 783.14570458978415 317.03974695131183 333.06966137140989 2733.9491403214633 504.17046854272485 30.106302306056023 191.25088068842888 35.982260197401047 500.75354607030749
leaf_count=120 556 39 26 641 146 170 503 510 15 230 207 96 124 15 190 56 583 297 45 24 89 2627 963 684 8788 1666 91 708 120 1772
internal_value=0.00116088 0.000709698 -0.00151042 -0.00664311 -0.00422562 0.00104314 -0.0167202 0.00570815 -0.0209457 0.00837809 0.00286189 -0.00527993 -0.00925712 0.00465445 -0.00941325 0.00276741 -0.0126903 -0.0207188 -0.00406523 -0.0196922 0.00135566 0.000722801 0.00185082 0.00263059 0.00197416 -0.0015009 -0.00645552 -0.0119831 0.0132284 0.001311
internal_weight=6936.3 6310.9 2142.63 763.342 627.45 310.118 135.892 625.391 43.1549 469.587 230.906 115.818 317.332 266.963 48.1633 30.2171 251.407 103.674 49.2924 34.6882 1379.29 1313.59 4168.28 3384.06 3067.02 784.217 280.047 221.357 58.6898 1283.9
internal_count=22101 20502 7443 2835 2250 1031 585 1599 185 1089 533 303 1219 846 205 82 1073 490 193 148 4608 4488 13059 10435 9472 2624 958 799 159 4399
cat_boundaries=0 1 2 3 4 5 6 7 8 9 10 11 12 13 14
cat_threshold=137 1954 2 696 1 53 201 24 1 2 905 4 16 19
is_linear=0
shrinkage=0.03


Tree=137
num_leaves=31
num_cat=8
split_feature=0 3 1 4 1 17 0 17 6 0 17 10 17 17 17 17 0 0 17 1 17 5 2 17 14 0 17 17 17 0
split_gain=14.9607 16.7815 33.3159 16.1263 15.2548 13.8118 38.8702 16.6023 12.8245 14.1859 12.5704 14.4902 11.9409 20.0462 10.7676 19.2304 9.479 13.9602 12.3141 13.7007 12.2586 13.9602 15.1041 15.2737 10.8286 13.3055 15.4657 11.8573 10.5092 9.8321
threshold=56.500000000000007 0 1 2 3 4.9625000000000012 45.500000000000007 1.2755000000000003 4 29.500000000000004 0.86000000000000021 3.5000000000000004 0.72850000000000015 0.86950000000000016 1.3390000000000002 4.1365000000000007 33.500000000000007 35.500000000000007 4.9625000000000012 5 4.9625000000000012 6 7 1.2950000000000002 -1.7499999999999998 49.500000000000007 4.9575000000000005 4.1365000000000007 4.9675000000000002 38.500000000000007
decision_type=2 9 9 9 9 2 2 2 1 2 2 2 2 2 2 2 2 2 2 9 2 1 9 2 2 2 2 2 2 2
left_child=1 2 12 8 -2 7 -7 -5 10 -10 -4 14 -1 -14 -12 -16 20 -18 19 -19 21 22 -11 -24 -21 27 -27 -26 -20 -29
right_child=4 -3 3 5 -6 6 -8 -9 9 16 11 -13 13 -15 15 -17 17 18 28 24 -22 -23 23 -25 25 26 -28 29 -30 -31
leaf_value=0.013863319557740407 0.0081644148532981995 0.001795427085462523 0.016917617987183383 0.020884921774080269 -0.0026091875839513953 -0.043019537383273312 0.031861271691952138 -0.027450855907412471 0.0063444516809992831 0.0085147908936282889 -0.033662602342502637 -0.047815527465946639 -0.023436362635478894 0.0012714890617909927 0.021279132743442213 -0.018964329385065558 0.011383671286098322 -0.017468765410330718 -0.032705537830021399 -0.0072907951034122754 0.010259948237761109 -0.034180639414229115 0.0039902372381888165 -0.044530200323794483 0.028940456956899219 -0.034069688293506192 0.018028910704692685 -0.01480999283959997 0.0060286758018153986 0.010425422183816601
leaf_weight=65.054152153432369 468.25899025797844 4167.6066687367857 9.5316221714019758 6.8473933264613143 155.81789705902338 10.31312468647957 15.453180044889448 74.961457565426826 114.03809449821711 23.720458097755909 17.401357859373093 13.302367717027662 30.142134912312031 1284.2888764776289 15.540725260972975 33.436014756560326 50.290965158492327 41.381872199475765 24.746976282447577 106.33401305601001 15.548952117562292 31.578164491802454 9.5624881014227885 14.420407995581625 23.602155812084675 14.134143717586996 7.8545313850045195 17.829916197806597 8.2458332777023298 60.857089973986149
leaf_count=120 1089 13059 16 12 510 50 50 449 303 60 62 71 89 4399 33 165 150 182 120 282 42 145 19 80 49 85 32 98 22 258
internal_value=0.00112749 0.000688538 -0.0014668 -0.00646529 0.0055587 -0.017319 0.00172333 -0.023348 -0.0047702 -0.00309071 -0.0153418 -0.0192547 0.00131519 0.000700874 -0.0134226 -0.00611628 -0.00548872 -0.0032265 -0.00564843 -0.00353166 -0.0139201 -0.0187071 -0.00835119 -0.0251233 -0.000243516 0.00574356 -0.0153265 0.0103127 -0.0229451 0.00465764
internal_weight=6932.1 6308.03 2140.42 760.933 624.077 107.575 25.7663 81.8089 653.358 564.146 89.2121 79.6805 1379.49 1314.43 66.3781 48.9767 450.108 355.277 304.987 271.994 94.8305 79.2815 47.7034 23.9829 230.612 124.278 21.9887 102.289 32.9928 78.687
internal_count=22101 20502 7443 2835 1599 561 100 461 2274 1927 347 331 4608 4488 260 198 1624 1278 1128 986 346 304 159 99 804 522 117 405 142 356
cat_boundaries=0 1 2 3 4 5 6 7 8
cat_threshold=137 1954 1 53 4 20 4 4
is_linear=0
shrinkage=0.03


Tree=138
num_leaves=31
num_cat=14
split_feature=0 3 1 9 3 22 17 0 17 9 17 8 17 0 0 17 17 9 10 4 0 8 9 3 17 8 1 0 13 0
split_gain=14.1304 15.8238 30.888 15.3033 17.1897 18.9203 14.9069 20.5526 26.1684 19.0615 20.8788 19.5635 17.352 15.0463 13.8485 12.536 20.4117 15.6382 22.0712 17.1386 12.0347 11.7607 11.4333 12.4983 13.1785 11.7045 19.2415 15.5681 15.5085 12.1523
threshold=56.500000000000007 0 1 2 3 0.89587973461402759 1.2650000000000003 45.500000000000007 4.0980000000000016 4 1.4595000000000002 5 0.78500000000000003 29.500000000000004 25.500000000000004 0.72850000000000015 0.86950000000000016 6 7.5000000000000009 7 36.500000000000007 8 9 10 0.86950000000000016 11 12 44.500000000000007 13 40.500000000000007
decision_type=2 9 9 1 9 2 2 2 2 1 2 9 2 2 2 2 2 1 2 9 2 9 1 9 2 9 9 2 1 2
left_child=1 2 6 4 -2 -6 12 9 -9 11 13 14 -1 -11 -8 -4 -17 18 -18 -20 -15 -5 25 -24 -25 26 28 -28 -3 -30
right_child=3 22 15 21 5 -7 7 8 -10 10 -12 -13 -14 20 -16 16 17 -19 19 -21 -22 -23 23 24 -26 -27 27 -29 29 -31
leaf_value=-0.014252331615906628 0.0099921481931943088 0.0061329844580828279 0.013570265017925185 0.0023373241155338386 -0.021646872813599945 0.019001193299310253 0.022026275418452548 -0.052537355246353896 -0.013676689516436328 0.028876389811169807 -0.023730682847791722 0.0061017691621796577 0.007761820423032798 -0.035052558987394913 -0.012565928489986625 -0.022718621179095316 0.0044218535659405114 -0.0030366139618299803 -0.041789617839469315 0.0087510887307178965 0.0048079794414928037 0.011752553286745439 0.0081354068332726813 0.0081077721105951833 0.0012792805515645022 0.0012261289639272522 -0.0089898625691286621 -0.03205908070164909 -0.043489103651340386 0.0023258771340066388
leaf_weight=45.40099211037159 38.770584408193827 117.06597642228007 68.243940260261297 238.847565934062 59.16369404271245 12.316760938614605 11.169698432087896 19.838569387793541 74.076849594712257 12.625064536929129 97.481502495706081 141.27232983335853 110.15316678583622 10.859325990080835 130.51080940663815 33.414053272455931 811.73857361450791 527.89101415872574 16.644322641193867 9.2626218497753161 17.711001038551331 273.92284854501486 313.25886873155832 280.07904647663236 2790.9482397474349 504.33143804594874 106.93440056219697 35.180606789886951 10.964272215962412 9.6072023436427099
leaf_count=120 92 335 127 588 204 24 28 98 397 19 507 387 218 44 573 97 2694 1928 109 48 49 691 956 549 8930 1666 377 173 45 28
internal_value=0.0010934 0.000667032 -0.00142732 0.00540384 -0.00459172 -0.0127965 -0.00671002 -0.00926631 -0.0219646 -0.00642619 -0.0150812 -0.00158121 0.00131233 0.00166935 -0.00915807 0.00101632 0.000408106 0.000977826 0.0035058 -0.0236401 -0.0103074 0.00750256 0.00174137 0.00249789 0.00189709 -0.00151042 -0.00632497 -0.0137719 0.00175974 -0.0220399
internal_weight=6929.69 6306.66 2138.29 623.021 110.251 71.4805 671.099 515.545 93.9154 421.63 138.677 282.953 155.554 41.1954 141.681 1467.19 1398.95 1365.54 837.646 25.9069 28.5703 512.77 4168.37 3384.29 3071.03 784.084 279.752 142.115 137.637 20.5715
internal_count=22101 20502 7443 1599 320 228 2440 2102 495 1607 619 988 338 112 601 5003 4876 4779 2851 157 93 1279 13059 10435 9479 2624 958 550 408 73
cat_boundaries=0 1 2 3 4 5 6 7 8 9 10 11 12 13 14
cat_threshold=137 85 4 140 28 82 19 1 818 2 2 905 401 2
is_linear=0
shrinkage=0.03


Tree=139
num_leaves=31
num_cat=14
split_feature=18 3 1 17 8 9 17 17 2 6 17 17 5 17 8 1 10 9 17 17 16 2 17 17 17 16 10 6 9 2
split_gain=13.054 12.9953 22.941 20.7964 22.3111 34.254 18.9003 25.1108 23.4232 15.1422 26.5269 12.4062 11.5546 10.9081 10.7404 15.9369 13.7702 31.2759 20.0074 17.7112 25.1902 13.8764 12.3626 36.9852 21.2767 11.0912 27.2677 15.9435 11.0407 10.8064
threshold=5013.1000000000013 0 1 1.2650000000000003 2 3 4.9635000000000007 4.8585000000000012 4 5 4.1365000000000007 0.72850000000000015 6 1.4595000000000002 7 8 2.5000000000000004 9 0.87850000000000017 4.9575000000000005 -36.249999999999993 10 4.9615000000000009 4.9655000000000014 4.9595000000000011 -41.899999999999991 1.5000000000000002 11 12 13
decision_type=2 9 9 2 9 1 2 2 9 1 2 2 1 2 9 9 2 1 2 2 2 9 2 2 2 2 2 1 1 9
left_child=-1 2 3 11 6 9 7 -5 -9 -6 -11 -2 -10 -7 15 -4 17 18 -16 -20 21 -21 24 -24 25 27 -27 -19 -18 -17
right_child=1 -3 14 4 5 13 -8 8 12 10 -12 -13 -14 -15 16 29 28 22 19 20 -22 -23 23 -25 -26 26 -28 -29 -30 -31
leaf_value=0.0056256359172251243 -0.019016205432612374 0.0014943577625669538 0.015532994180259335 -0.020851782238754953 0.0071823466778266941 -0.00044062029109507124 -0.042731044378404498 0.037716592525722667 0.0048422813037229577 0.018157103181492957 -0.041307383803294025 0.0084085805127983391 -0.037781732308259312 -0.023433932775094885 -0.035061906902350483 0.012104864429769923 0.0083983935896729481 0.0029190694431231938 0.011672752866975932 -0.045401588254144247 0.016069477918915425 -0.0089224118528542298 -0.044412413916608801 0.0074359254479766032 0.010094404410563555 -0.018792367930099398 0.011761090258310521 -0.029494146762541376 -0.0034217867936080816 -0.00650701231730771
leaf_weight=521.8265552520752 17.048618637025356 4726.170950839296 96.011216022074223 120.87174670770764 174.55286872759461 24.372773721814156 24.067280814051628 14.030170783400536 15.349853157997131 11.371398538351061 16.189908336848021 108.5617449246347 8.9186241999268532 81.708306044340134 10.9173626601696 41.474666759371758 203.32737680897117 18.03596106171608 166.78894078731537 13.401466108858585 28.505235970020294 31.994126506149769 30.935241058468819 20.413419999182224 48.743978284299374 63.088902190327644 44.814557921141386 53.947258301079273 102.64584720879793 86.301987759768963
leaf_count=1135 47 15281 196 615 524 62 117 36 68 23 86 209 54 399 33 94 665 46 471 62 75 123 146 59 156 299 169 199 376 276
internal_value=0.0010626 0.000690269 -0.00157167 -0.0061256 -0.00901103 -0.00357549 -0.0170073 -0.0141424 0.00695377 0.00372177 -0.0166878 0.00465029 -0.0107896 -0.0166195 0.00110587 0.00679497 -0.000473516 -0.00340057 0.00426465 0.00625184 -0.00594147 -0.0198337 -0.0100908 -0.0237676 -0.00743806 -0.0122085 -0.00607596 -0.0213384 0.00458601 -0.000405892
internal_weight=6926.39 6404.56 1678.39 617.043 491.433 308.195 183.238 159.17 38.2986 202.114 27.5613 125.61 24.2685 106.081 1061.35 223.788 837.56 531.586 251.607 240.69 73.9008 45.3956 279.979 51.3487 228.631 179.887 107.903 71.9832 305.973 127.777
internal_count=22101 20966 5685 2240 1984 1094 890 773 158 633 109 256 122 461 3445 566 2879 1838 764 731 260 185 1074 205 869 713 468 245 1041 370
cat_boundaries=0 1 2 3 4 5 6 7 8 9 10 11 12 13 14
cat_threshold=136 85 66 28 4 1 4 417 1800 17 4 4 11 4
is_linear=0
shrinkage=0.03


Tree=140
num_leaves=31
num_cat=7
split_feature=18 8 17 0 10 1 0 8 17 20 9 10 20 9 0 0 20 0 10 6 15 6 17 17 0 17 0 20 17 0
split_gain=16.7874 10.8643 11.0733 13.4653 13.8591 13.4105 18.9429 16.253 23.9407 18.0267 16.2098 27.5058 14.5874 12.5646 23.4442 27.2013 23.0357 20.8084 22.1477 19.6524 21.413 21.1606 20.4123 19.4597 18.867 20.4815 16.8922 16.5679 16.5158 26.4845
threshold=5013.1000000000013 0 4.9655000000000014 42.500000000000007 1.5000000000000002 1 25.500000000000004 2 4.2070000000000007 3.5000000000000004 3 1.5000000000000002 2.5000000000000004 4 39.500000000000007 37.500000000000007 2.5000000000000004 58.500000000000007 2.5000000000000004 5 93.956000000000017 6 4.9625000000000012 4.862000000000001 35.500000000000007 4.862000000000001 65.500000000000014 2.5000000000000004 4.8565000000000014 54.500000000000007
decision_type=2 9 2 2 2 9 2 9 2 2 1 2 2 1 2 2 2 2 2 1 2 1 2 2 2 2 2 2 2 2
left_child=-1 2 5 4 -4 13 12 -8 9 -9 11 -11 -7 14 15 16 -2 19 26 -16 22 23 27 28 25 -18 -19 -21 29 -22
right_child=1 -3 3 -5 -6 6 7 8 -10 10 -12 -13 -14 -15 17 -17 24 18 -20 20 21 -23 -24 -25 -26 -27 -28 -29 -30 -31
leaf_value=0.0064510782389742205 0.034119339951276043 0.0023327498369861204 -0.04073565995753832 -0.038618460183419641 0.0014612660718191499 0.015586067416754921 0.00020403083859834664 -0.022689171330380568 0.025697284750484464 0.03181227946339258 -0.0090957504258395092 -0.016696908610540455 -0.022601640566594965 -0.0011718241342880238 0.03312027791777316 0.026367394318901609 0.0017385392551141276 -0.024072822410493654 0.047861143058432296 -0.036527321232367391 -0.036351071967511236 -0.036352953436247538 0.034249240898588627 -0.038486203729452918 -0.01413975850922259 0.017079793420022717 0.023200865632210788 -0.0093431508887890698 0.022289418571103933 0.042489333411879424
leaf_weight=535.66080739349127 24.694629900157452 2767.2084362432361 8.2217286527156812 13.803149566054342 43.536153927445412 10.442667581140993 1749.7666619755328 70.79158353805542 18.331723481416702 25.975381292402744 174.20963077247143 17.465044319629669 59.271116409450769 567.68662466481328 12.405311662703753 68.597116328775883 250.01929488405585 11.98051691055298 14.94057475030422 22.691154001280665 11.691705435514452 9.2247131839394552 8.6977334469556791 6.4490006640553466 44.274917013943195 114.32213725522161 15.438239753246306 185.50776950642467 63.403526581823826 5.5642283782362929
leaf_count=1152 64 7916 45 89 155 28 6315 368 24 65 668 76 230 1953 34 203 786 53 25 122 81 63 23 37 194 282 21 717 280 22
internal_value=0.00134905 0.00092124 -0.000160147 -0.0123688 -0.00524948 6.34941e-05 -0.00144663 -0.000930137 -0.0071796 -0.00953648 -0.00523627 0.00995949 -0.0168243 0.00229318 0.0045453 0.00881468 0.00602355 -0.00114688 0.0185954 -0.00372913 -0.00520821 0.00653777 -0.0104395 0.0111507 0.00431032 0.00656388 0.00242338 -0.0123364 0.0151993 -0.0106576
internal_weight=6932.27 6396.61 3629.4 65.561 51.7579 3563.84 2126.25 2056.54 306.773 288.442 217.65 43.4404 69.7138 1437.59 869.903 501.908 433.311 367.994 42.3593 325.635 313.23 96.3332 216.897 87.1085 408.616 364.341 27.4188 208.199 80.6595 17.2559
internal_count=22091 20939 13023 289 200 12734 7774 7516 1201 1177 809 141 258 4960 3007 1529 1326 1478 99 1379 1345 483 862 420 1262 1068 74 839 383 103
cat_boundaries=0 1 2 3 4 5 6 7
cat_threshold=200 952 72 8 11 2 1
is_linear=0
shrinkage=0.03


Tree=141
num_leaves=31
num_cat=12
split_feature=18 8 17 10 10 20 20 17 9 10 17 8 13 9 17 3 17 9 10 9 10 10 10 2 17 5 13 17 6 17
split_gain=15.897 10.2361 10.4982 12.3404 10.1552 25.309 15.6974 12.0527 10.2277 18.0549 10.2025 9.91635 14.9574 14.2835 17.049 9.06861 11.369 12.3249 15.0802 10.8115 18.5426 18.2605 17.5421 13.6179 13.582 13.2464 19.4807 26.952 17.0786 16.8923
threshold=5013.1000000000013 0 4.9655000000000014 1.5000000000000002 3.5000000000000004 5.5000000000000009 4.5000000000000009 4.9690000000000003 1 4.5000000000000009 1.2595000000000003 2 3 4 0.88150000000000006 5 4.9625000000000012 6 10.500000000000002 7 5.5000000000000009 1.5000000000000002 10.500000000000002 8 4.956500000000001 9 10 4.8585000000000012 11 4.9615000000000009
decision_type=2 9 2 2 2 2 2 2 1 2 2 9 1 1 2 9 2 1 2 1 2 2 2 9 2 1 1 2 1 2
left_child=11 2 15 -4 6 10 -3 -8 -7 -10 -6 -1 13 -13 -15 16 17 18 -2 20 21 -17 -21 -22 -25 26 -23 -28 -29 -27
right_child=1 4 3 -5 5 8 7 -9 9 -11 -12 12 -14 14 -16 19 -18 -19 -20 22 23 25 -24 24 -26 29 27 28 -30 -31
leaf_value=0.014748052490630366 -0.00080539343694275385 0.0057711115401537791 -0.039799333969185648 -0.005852228553770219 -0.03769886336994234 0.010140366336226373 0.0010987567628986639 -0.029090053969147139 0.013394880134374055 -0.016744273434741594 -0.0071461080028606275 0.0061924632183779308 0.0075308207787181079 -0.0052862386795630044 -0.03908458330857454 0.0072831709541118636 0.0082869996137184682 -0.0064197382127836695 0.032651671100378525 -0.00016610018998637022 0.030982458663738222 -0.037194786168300784 -0.038491383429597542 -0.020328520473397463 0.019386563217011047 -0.00018352314008249719 0.0049084295837597191 -0.029482464375679248 0.0054005392222741611 0.02299780316413538
leaf_weight=94.255919441580772 743.12807331979275 1056.6263691559434 11.76897571980953 53.367014210671186 10.241163596510885 137.78777016326785 1246.409618306905 11.911762394011019 30.980540603399277 41.91214095056057 231.24328932911158 55.471414983272552 318.61284257099032 45.951638303697109 19.064442031085491 386.58368797972798 91.181239739060402 471.94672281295061 12.224467571824787 1342.9972232095897 37.360974326729774 18.181644685566425 10.737305190414189 12.300924923270939 20.453351881355047 217.47835422307253 103.11670020222664 45.960116185247898 17.180671274662018 32.380346387624741
leaf_count=173 2849 2943 68 221 32 382 3337 61 79 165 917 102 718 100 59 1228 272 1851 54 4575 130 85 76 74 58 747 402 204 51 78
internal_value=0.00130863 0.000893057 -0.000156802 -0.0120835 0.0022631 -0.00183645 0.00307496 0.000808305 0.0057524 -0.00342371 -0.00846931 0.00628503 0.00403104 -0.00486307 -0.0132525 6.02708e-05 -0.0019053 -0.00268111 -0.000252369 0.00121921 0.00376801 0.00254006 -0.000471635 0.0186142 0.00436371 -0.00167576 -0.00777608 -0.00452044 -0.0199498 0.00281665
internal_weight=6928.82 6395.46 3628.35 65.136 2767.11 452.165 2314.95 1258.32 210.68 72.8927 241.484 533.356 439.1 120.487 65.0161 3563.21 1318.48 1227.3 755.353 2244.73 890.997 820.882 1353.73 70.1153 32.7543 434.298 184.439 166.257 63.1408 249.859
internal_count=22091 20939 13023 289 7916 1575 6341 3398 626 244 949 1152 979 261 159 12734 5026 4754 2903 7708 3057 2795 4651 262 132 1567 742 657 255 825
cat_boundaries=0 1 2 3 4 5 6 7 8 9 10 11 12
cat_threshold=200 22 8 1 24 37 14 9 2 1 1 1
is_linear=0
shrinkage=0.03


Tree=142
num_leaves=31
num_cat=8
split_feature=18 8 17 0 10 8 13 9 17 10 20 20 6 0 4 0 0 9 20 10 0 10 17 16 0 0 0 0 9 10
split_gain=15.1202 9.64878 9.94055 13.1271 12.963 9.54155 14.1043 13.4044 15.5692 9.53 23.8854 15.0644 24.7899 14.3901 12.2999 31.5298 38.3689 22.9462 17.4262 16.9869 34.3462 12.2101 24.0153 14.3837 11.8405 18.2971 13.8828 9.96883 9.63798 17.025
threshold=5013.1000000000013 0 4.9655000000000014 42.500000000000007 1.5000000000000002 1 2 3 0.88150000000000006 3.5000000000000004 5.5000000000000009 3.5000000000000004 4 31.500000000000004 5 53.500000000000007 45.500000000000007 6 5.5000000000000009 2.5000000000000004 36.500000000000007 1.5000000000000002 1.2595000000000003 -40.599999999999987 55.500000000000007 39.500000000000007 33.500000000000007 56.500000000000007 7 4.5000000000000009
decision_type=2 9 2 2 2 9 1 1 2 2 2 2 1 2 9 2 2 1 2 2 2 2 2 2 2 2 2 2 1 2
left_child=5 2 -2 4 -4 -1 7 -7 -9 11 -11 12 13 -3 -13 16 17 19 -17 20 -16 23 -23 24 25 26 -14 -24 -12 -30
right_child=1 9 3 -5 -6 6 -8 8 -10 10 28 14 21 -15 15 18 -18 -19 -20 -21 -22 22 27 -25 -26 -27 -28 -29 29 -31
leaf_value=0.014475314122845077 5.7589120914050894e-05 0.01944147103067442 -0.039877744986597907 -0.03815396451349435 0.0015949662105930208 0.0060557812835436231 0.0073437717690968251 -0.005110089598092827 -0.037177117270109666 -0.0082266621822693047 0.0098455557358652444 0.0024635163378177024 0.00094071381622488198 -0.017728371673390399 -0.03983178465053714 0.039187402766736872 -0.041612989879731041 -0.013323208997951058 -0.0016970765599483471 0.043430468599539612 0.023988013478405026 -0.012087086167912731 0.018731565054722444 0.01270241680530175 -0.024781530459601697 0.011831176755537505 -0.028810528865656871 -0.0032848284681254807 0.012975079325531736 -0.01630052991252641
leaf_weight=93.354978285729885 3563.0512675307691 11.356018818914889 7.9119859486818305 13.398027680814264 43.471295539289713 55.253042668104172 316.95428290590644 46.110544018447399 19.440508298575878 241.16946244239807 137.95603065192699 1537.3408502861857 35.308916635811329 50.332344319671392 11.272273302078245 18.954047992825508 30.631851546466351 76.426762670278549 18.204770904034376 12.613996699452398 22.681752249598503 28.685497514903545 218.57770156115294 111.30867397785187 17.361146382987499 70.523677617311478 23.207747608423233 19.941969528794289 31.025937974452972 41.766468983143568
leaf_count=173 12734 24 45 89 155 102 718 100 59 949 382 3951 100 190 51 48 170 308 66 26 59 69 583 257 60 218 102 59 79 165
internal_value=0.00127085 0.000866275 -0.000153057 -0.0117909 -0.00479777 0.00613516 0.00392655 -0.00468831 -0.0127639 0.00219655 -0.00177589 0.00298294 0.00713794 -0.0108169 0.00157048 -0.00560733 -0.0116178 -0.00409545 0.0191261 0.0113942 0.00265787 0.00925538 0.0137536 0.00457627 -0.001586 0.00152828 -0.0108365 0.0168777 0.00559221 -0.0033246
internal_weight=6925.59 6394.48 3627.83 64.7813 51.3833 531.113 437.758 120.804 65.5511 2766.65 451.918 2314.73 586.604 61.6884 1728.13 190.785 153.627 122.995 37.1588 46.568 33.954 524.915 267.205 257.71 146.401 129.04 58.5167 238.52 210.748 72.7924
internal_count=22091 20939 13023 289 200 1152 979 261 159 7916 1575 6341 1662 214 4679 728 614 444 114 136 110 1448 711 737 480 420 202 642 626 244
cat_boundaries=0 1 2 3 4 5 6 7 8
cat_threshold=200 8 1 24 4 1 24 22
is_linear=0
shrinkage=0.03


Tree=143
num_leaves=31
num_cat=11
split_feature=18 17 17 10 1 10 2 3 17 10 10 17 17 6 3 10 17 13 3 17 10 5 5 10 3 16 17 1 17 17
split_gain=14.3819 9.23237 21.1109 9.50286 7.07675 27.4312 9.71482 13.5163 14.6577 20.0351 13.0409 14.8796 10.9553 11.0414 11.7646 17.1631 10.8076 18.7227 12.8773 12.3168 10.8158 9.75818 9.48677 17.7696 25.7991 17.4418 20.4451 17.6999 24.1751 22.8493
threshold=5013.1000000000013 0.71550000000000014 0.71950000000000014 2.5000000000000004 0 7.5000000000000009 1 2 1.2670000000000001 2.5000000000000004 1.5000000000000002 4.8595000000000015 4.6815000000000007 3 4 1.5000000000000002 1.4080000000000001 5 6 1.2755000000000003 1.5000000000000002 7 8 1.5000000000000002 9 -41.899999999999991 1.2690000000000003 10 4.9595000000000011 4.9635000000000007
decision_type=2 2 2 2 9 2 9 9 2 2 2 2 2 1 9 2 2 1 9 2 2 1 1 2 9 2 2 9 2 2
left_child=-1 3 -3 -2 5 6 -4 8 -8 10 11 -10 16 14 15 -14 18 20 -9 -20 -18 -16 23 -6 -25 26 -26 28 -27 -29
right_child=1 2 4 -5 22 -7 7 12 9 -11 -12 -13 13 -15 21 -17 17 -19 19 -21 -22 -23 -24 24 25 27 -28 29 -30 -31
leaf_value=0.0059885066055917176 0.014099365975403552 -0.028668409072018442 0.0075017841656634093 -0.0097215903577223192 0.0047017291520409857 -0.025388602843779737 0.018703572887201227 0.0063468397831129399 -0.032054987426453366 0.0063058592003892092 -0.042732127127318303 0.0063638918529886996 0.034672302509774038 0.0089160446363588178 -0.0066463118703202154 -0.011666065111947736 0.0072795669856725838 -0.043354846935120678 -0.034020659801171499 -0.00074684755558563558 -0.018885388186888216 -0.041719752265970453 -0.00085582772245471723 -0.0078229525649664254 -0.021178533715929791 0.014264129712198788 -0.00017046056102148542 -0.015924886158375621 -0.0016571540658760076 0.012433331808159153
leaf_weight=528.9173252992332 83.465928271412849 21.854626771062613 391.71940536797047 18.159885354340076 1018.1719616316259 29.868111444637179 14.678310185670851 151.83164285123348 17.972619712352753 29.740973420441151 21.060690134763718 17.954936757683754 13.962047770619394 311.66250591725111 18.535692110657692 14.523546256124972 33.088272348046303 13.260234728455542 15.98375730961561 27.043928310275078 24.679088823497295 11.827601037919523 2808.1807588078082 321.50316137075424 46.186882860958576 256.36895754933357 423.19274743273854 67.538859203457832 128.50220403075218 40.924220487475395
leaf_count=1152 154 64 989 45 3079 180 23 361 93 100 115 62 36 1123 76 62 113 79 53 83 110 63 9319 1292 153 921 1331 286 467 107
internal_value=0.00123387 0.000839973 0.000694493 0.00980785 0.000797774 0.00290322 0.00368188 0.00164899 -0.00805398 -0.0135609 -0.0239744 -0.0128074 0.00327593 0.00666244 -0.00521657 0.00813683 -0.00130945 -0.0113261 0.00233024 -0.0107374 -0.00385997 -0.0154331 0.0003132 0.00174168 -0.000602997 0.00186744 -0.00224811 0.00582675 0.00871505 -0.00475758
internal_weight=6922.36 6393.44 6291.82 101.626 6269.96 1159.39 1129.53 737.806 101.408 86.7292 56.9882 35.9276 636.398 370.511 58.8489 28.4856 265.887 71.0276 194.859 43.0277 57.7674 30.3633 5110.57 2302.39 1284.22 962.714 469.38 493.334 384.871 108.463
internal_count=22091 20939 20740 199 20676 3721 3541 2552 393 370 270 155 2159 1360 237 98 799 302 497 136 223 139 16955 7636 4557 3265 1484 1781 1388 393
cat_boundaries=0 1 2 3 4 5 6 7 8 9 10 11
cat_threshold=396 4 132 4 67 2 72 4 1 161 1043
is_linear=0
shrinkage=0.03


Tree=144
num_leaves=31
num_cat=9
split_feature=18 17 17 10 0 15 17 7 12 15 12 17 11 5 5 5 3 0 7 10 17 10 7 16 9 0 17 0 0 9
split_gain=13.612 8.761 19.5495 9.0358 7.02508 10.8218 8.9442 6.36311 12.3961 7.15025 7.08053 15.3995 9.08373 10.0228 6.34667 6.32046 17.3487 20.9621 46.9475 22.9478 15.826 13.3813 11.7047 12.759 11.573 11.2432 11.1455 11.118 9.78547 14.4469
threshold=5013.1000000000013 0.71550000000000014 0.71950000000000014 2.5000000000000004 36.500000000000007 94.533000000000015 0.68450000000000022 0 1.0000000180025095e-35 94.041000000000011 1.5000000000000002 0.65150000000000008 26.000000000000004 1 2 3 4 38.500000000000007 5 1.5000000000000002 4.8585000000000012 1.5000000000000002 6 -46.649999999999999 7 58.500000000000007 0.72850000000000015 53.500000000000007 54.500000000000007 8
decision_type=2 2 2 2 2 2 2 1 2 2 2 2 2 1 1 1 9 2 1 2 2 2 1 2 1 2 2 2 2 1
left_child=4 3 -3 -2 7 6 14 10 9 -9 11 -1 13 -12 -6 -4 17 18 24 22 -20 -22 23 -19 -17 -21 -18 -24 -28 -30
right_child=1 2 15 -5 5 -7 -8 8 -10 -11 12 -13 -14 -15 -16 16 26 19 20 25 21 -23 27 -25 -26 -27 28 -29 29 -31
leaf_value=-0.017408676174410435 0.013815548970105786 -0.027349538912793753 -0.00012519622914171005 -0.0093704479701127649 -0.0094698898690341992 -0.0055638513597445344 0.015578312761341905 -0.00072869357177444429 0.012457835859874892 -0.029537845253360274 0.014476566790583114 0.011716454627050081 -0.022541666241006258 -0.016992033257725185 0.0093169166272663653 -0.00055705843847069392 0.020521111601312595 0.011801452912251454 -0.039736081963612092 -0.023827038253310069 -0.038680490694703355 0.0033611472658685478 0.002262546165922928 -0.017604459481588515 0.015932861078907665 0.0042016830698934603 0.0031234070663289227 0.038470854647461798 -0.018833484234331847 0.00022714376635693447
leaf_weight=18.507011633366346 82.639887321740389 22.220335878431797 3314.3096190392971 18.277109362185001 24.68866465613246 37.941987279802561 160.6212419308722 13.071811199188231 18.339098203927279 19.790851145982742 26.047290500253439 130.6606944128871 17.14015020430088 13.832007799297569 46.155120253562927 65.127251341938972 31.291539095342159 19.413459151983261 23.474085561931133 95.40772981569171 9.1374661251902562 25.538898758590221 25.073345042765141 40.996303029358387 104.1303384527564 14.652037367224692 2256.4394427463412 11.008387267589567 33.789402797818184 199.80288996547461
leaf_count=53 154 64 10887 45 68 92 300 27 37 62 65 254 44 48 102 187 44 35 154 472 53 105 110 161 239 37 7396 35 141 620
internal_value=0.00119699 0.000814432 0.000673187 0.00958151 0.00583263 0.00922171 0.0116597 0.00227146 -0.00716193 -0.0182064 0.00463091 0.0080736 -0.00432133 0.00347154 0.00272341 0.000773416 0.00178218 -0.00370746 0.00248007 -0.0107116 -0.0207359 -0.00771023 0 -0.00810102 0.0104814 -0.020068 0.00273221 0.0134683 0.00251761 -0.00332023
internal_weight=6919.53 6392.73 6291.81 100.917 526.796 269.407 231.465 257.389 51.2018 32.8627 206.187 149.168 57.0194 39.8793 70.8438 6269.59 2955.28 433.959 227.408 206.551 58.1505 34.6764 96.4915 60.4098 169.258 110.06 2521.32 36.0817 2490.03 233.592
internal_count=22091 20939 20740 199 1152 562 470 590 126 89 464 307 157 113 170 20676 9789 1588 738 850 312 158 341 196 426 509 8201 145 8157 761
cat_boundaries=0 1 2 3 4 5 6 7 8 9
cat_threshold=1 4 1 4 160 1 1 6 4
is_linear=0
shrinkage=0.03


Tree=145
num_leaves=31
num_cat=15
split_feature=13 9 1 10 1 17 5 8 3 4 17 17 5 3 15 10 10 17 4 17 17 17 1 8 10 10 17 9 17 8
split_gain=18.3388 13.1061 19.4932 37.182 18.5062 14.1628 14.4669 29.9074 24.2533 36.9714 23.1173 21.5049 20.5002 18.9962 18.971 17.4172 16.6541 15.8077 14.8542 14.089 13.1764 12.363 12.0805 13.8549 12.0116 23.0953 22.8334 21.9406 25.6395 21.1824
threshold=0 1 2 7.5000000000000009 3 0.71550000000000014 4 5 6 7 4.9605000000000006 4.8575000000000008 8 9 93.956000000000017 2.5000000000000004 3.5000000000000004 4.9665000000000008 10 1.2670000000000001 4.9605000000000006 4.9675000000000002 11 12 1.5000000000000002 2.5000000000000004 4.9615000000000009 13 4.8565000000000014 14
decision_type=1 1 9 2 9 2 1 9 9 9 2 2 1 9 2 2 2 2 9 2 2 2 9 9 2 2 2 1 2 9
left_child=-1 4 -3 -4 24 -6 7 15 10 14 11 12 -8 16 21 -7 19 -11 -13 -9 -18 -10 23 -15 26 29 -2 28 -27 -26
right_child=1 2 3 -5 5 6 8 13 9 17 -12 18 -14 22 -16 -17 20 -19 -20 -21 -22 -23 -24 -25 25 27 -28 -29 -30 -31
leaf_value=0.0085590756396868792 0.010728120719884557 0.0011818002083244517 -0.0032332823802580794 -0.041053410106168829 0.012593444608213836 -0.0024833576092016048 0.0025266977841773394 0.0047606005482273474 -0.00014495378299116094 -0.020096162186383486 -0.011614446937905549 0.042098600698033825 0.046394758354971408 0.014895283882547981 -0.010615415341521038 -0.021344337271875197 -0.011166940459732606 0.016917230138937697 0.0043711767645903061 -0.029211612218949492 0.03474689148705979 0.030738049219682595 -0.0011664234767268125 0.0050704249799587526 -0.011856073639858047 -0.00029259243117413041 -0.0034275877205684458 -0.0037551513974231066 0.017869493374963741 0.0028811215169393264
leaf_weight=291.51273189112544 501.05619683861732 1696.3127840533853 943.19297510385513 23.910044766962528 83.249759666621685 187.07007409632206 126.32058423757553 15.35527930408716 730.79770732298493 146.55102378875017 47.937225509434938 29.673580296337605 10.297766633331774 192.26868602633476 175.57985461875796 57.756875731050968 11.114733934402468 11.013231724500654 14.029814749956129 37.101039588451385 11.079503927379845 11.75312754511833 160.53374872729182 479.85746770352125 143.89806914329529 108.34334701299667 128.51619222015142 124.77575589343905 195.67770474031568 199.5677233338356
leaf_count=752 1294 5474 3156 164 146 585 385 29 2018 721 186 70 19 524 838 242 51 33 53 193 27 21 550 1593 488 321 428 426 571 612
internal_value=0.00119546 0.00086987 -0.000755181 -0.00413284 0.00196575 0.000429931 1.76787e-05 0.00246821 -0.00214527 -0.00402068 0.00656612 0.0117836 0.00588676 0.00495928 -0.00174958 -0.00667927 -0.00881301 -0.0174809 0.0300933 -0.0192199 0.011672 0.000343897 0.00628839 0.00806423 0.00472269 0.00224312 0.00783363 0.006888 0.0110267 -0.00354731
internal_weight=6896.1 6604.59 2663.42 967.103 3941.18 2539.34 2456.09 1152.14 1303.95 1075.69 228.259 180.322 136.618 907.31 918.131 244.827 74.6506 157.564 43.7034 52.4563 22.1942 742.551 832.66 672.126 1401.83 772.263 629.572 428.797 304.021 343.466
internal_count=21970 21218 8794 3320 12424 8284 8138 3794 4344 3631 713 527 404 2967 2877 827 300 754 123 222 78 2039 2667 2117 4140 2418 1722 1318 892 1100
cat_boundaries=0 1 2 3 4 5 6 7 8 9 10 11 12 13 14 15
cat_threshold=4 25 1363 676 1 130 162 1 4 160 1 67 49 9 153
is_linear=0
shrinkage=0.03


Tree=146
num_leaves=31
num_cat=8
split_feature=13 9 1 21 0 1 8 21 17 3 21 17 17 0 15 0 8 12 16 0 3 0 17 14 0 0 15 17 21 0
split_gain=17.4043 12.3376 18.3621 35.9343 25.6477 17.3476 15.7486 16.1333 15.5622 17.1732 27.013 24.8305 20.9301 20.5441 15.8111 15.2219 19.4178 21.237 13.608 16.3038 18.6623 29.0552 19.4689 22.9601 17.2182 16.776 15.1518 13.4487 13.7616 17.1576
threshold=0 1 2 2.1383330595080281 43.500000000000007 3 4 2.4414009612931857 0.80600000000000016 5 1.4978661367769956 4.964500000000001 4.9625000000000012 46.500000000000007 93.01900000000002 49.500000000000007 6 1.0000000180025095e-35 -41.899999999999991 25.500000000000004 7 46.500000000000007 1.2650000000000003 1.2500000000000002 36.500000000000007 34.500000000000007 93.89700000000002 0.71550000000000014 2.249904835165133 30.500000000000004
decision_type=1 1 9 2 2 9 9 2 2 9 2 2 2 2 2 2 9 2 2 2 9 2 2 2 2 2 2 2 2 2
left_child=-1 5 4 18 6 -2 -3 -8 -6 10 14 12 13 -11 -10 -15 -17 -18 19 -4 21 22 -21 -24 25 -22 -23 -7 -29 -30
right_child=1 2 3 -5 8 27 7 -9 9 11 -12 -13 -14 15 -16 16 17 -19 -20 20 24 26 23 -25 -26 -27 -28 28 29 -31
leaf_value=0.0083589178984918786 0.0045754323828042535 0.0057229485614448145 -0.040175135524550667 -0.040713039051473915 -0.016978909445729953 0.012326295611724838 -0.0034728092667497537 0.02339242416209826 0.019861133540669342 0.029536532023656158 -0.020706678100898469 -0.018413433194945279 0.046756705991615896 -0.012117244545104175 0.001628357529040212 0.022996019381355787 -0.018011519762678646 0.030440578421650214 0.00035482753649204171 0.017129046282437655 -0.01316679689824991 0.020932396518799155 -0.018433594018326435 0.0029098237310934815 -0.025206231778466762 0.021511748037778652 -0.0080555929426289318 -0.0003694263727713598 -0.022817838480729082 0.018972206733521371
leaf_weight=289.57058152556419 1402.6144102066755 228.61617956310511 12.775153659284113 23.395263127982616 23.232151240110397 82.515840031206608 952.64186515659094 20.42803205922246 58.717766001820564 56.018516078591347 38.325833465903997 18.420878145843744 20.25156893581152 27.284535832703114 158.92317677289248 52.72557719796896 29.88347540050745 11.055013820528982 485.47659181803465 25.94770510494709 47.972125731408596 63.037402212619781 121.29969572275877 72.032855205237865 75.806608401238918 16.857776269316673 21.607174798846245 2383.1048452630639 10.177962742745875 61.441853389143944
leaf_count=752 4140 467 51 164 59 146 3258 86 120 132 192 84 49 100 640 152 113 22 1682 47 155 131 448 216 299 35 92 7834 51 253
internal_value=0.00116037 0.000844087 -0.000732755 -0.0040131 0.00114641 0.00190756 -0.0012118 -0.00287386 0.00690151 0.00808761 0.00237332 0.0140893 0.0178622 0.0145141 0.00656805 0.00751293 0.0132701 -0.00386929 -0.00313758 -0.0068507 -0.0058775 -0.00136618 -0.00718281 -0.0104684 -0.0144722 -0.00408386 0.0134965 0.000419258 1.90014e-05 0.012968
internal_weight=6892.16 6602.59 2662.73 966.208 1696.52 3939.85 1201.69 973.07 494.838 471.606 255.967 215.64 197.219 176.967 217.641 120.949 93.6641 40.9385 942.813 457.336 444.561 303.925 219.28 193.333 140.637 64.8299 84.6446 2537.24 2454.72 71.6198
internal_count=21970 21218 8794 3320 5474 12424 3811 3344 1663 1604 952 652 568 519 760 387 287 135 3156 1474 1423 934 711 664 489 190 223 8284 8138 304
cat_boundaries=0 1 2 3 4 5 6 7 8
cat_threshold=4 25 1363 676 289 15 72 44
is_linear=0
shrinkage=0.03


Tree=147
num_leaves=31
num_cat=13
split_feature=13 9 1 21 0 1 2 8 20 8 21 17 20 21 17 17 0 0 8 13 21 21 8 8 20 3 21 17 6 17
split_gain=16.5088 11.5843 17.3364 34.7342 24.1738 16.3157 26.1143 19.901 37.4023 14.8633 15.0629 14.5911 18.6336 25.9099 23.4301 18.8448 18.9888 14.5126 18.5493 20.0274 13.544 21.385 25.7657 17.5493 20.5903 19.5712 16.8862 15.8188 15.6937 15.636
threshold=0 1 2 2.1383330595080281 43.500000000000007 3 4 5 6.5000000000000009 6 2.4414009612931857 0.80600000000000016 4.5000000000000009 1.4978661367769956 4.964500000000001 4.9625000000000012 46.500000000000007 49.500000000000007 7 8 1.8688348091416842 0.89587973461402759 9 10 3.5000000000000004 11 1.2424533248940002 4.0980000000000016 12 4.9625000000000012
decision_type=1 1 9 2 2 9 9 9 2 9 2 2 2 2 2 2 2 2 9 1 2 2 9 9 2 9 2 2 1 2
left_child=-1 5 4 -4 9 6 7 8 -2 -3 -11 -6 13 -13 15 16 -14 -18 -19 -20 21 22 -8 25 -25 -23 27 -26 -29 -28
right_child=1 2 3 -5 11 -7 20 -9 -10 10 -12 12 14 -15 -16 -17 17 18 19 -21 -22 23 -24 24 26 -27 29 28 -30 -31
leaf_value=0.0081622313862960722 -0.034541213151643949 0.0055702637214317006 -0.003045950705400308 -0.04038673520320657 -0.016294339302592387 0.00040670544118035033 -0.00046916779015053055 0.0012064667756532196 0.041600844975554122 -0.0033706744990505411 0.022455907939796876 0.0063702417222162803 0.028565830862474655 -0.020380415464265188 -0.017998713066631259 0.044489127043642218 -0.0117552271814953 0.022519465405225054 -0.017487072658166385 0.029613565003953173 0.016758279876850104 0.013001881455944882 0.013455869533676399 -0.026163623374550936 0.0056001907090640311 -0.000823492199789381 0.011795676422245887 0.0090623549900862629 -0.028727937890886505 -0.025725187105274709
leaf_weight=287.68337934836745 44.146962344646454 228.12070978432894 942.1193636059761 22.885277952998877 23.482247084379196 2536.8072293605655 179.9266517162323 104.70629481971264 6.5632859691977492 952.07440775632858 20.642395284026861 217.69315176457167 56.185217544436455 38.193813692778349 18.284361537545919 20.644145309925079 27.284139350056648 52.811816960573196 29.859670843929052 11.026068620383738 95.843245048075914 149.97938564419746 380.19298416376114 37.030722469091415 32.816558621823788 221.06367470324039 82.50896804779768 12.490106582641602 44.814525693655014 11.23679682612419
leaf_count=752 220 467 3156 164 59 8284 498 304 13 3258 86 760 132 193 84 49 100 151 113 22 306 365 991 148 71 703 237 38 201 45
internal_value=0.00112741 0.000820263 -0.00070826 -0.0038983 0.00111709 0.00185054 0.0044369 -0.00711587 -0.0205252 -0.00117469 -0.0027886 0.00669929 0.00785284 0.0023593 0.01434 0.0173519 0.0141495 0.0074116 0.0130314 -0.00375447 0.00591412 0.00500798 0.00920992 0.00102597 -0.00553059 0.00495345 -0.00164747 -0.0109272 -0.0204375 0.00724367
internal_weight=6889.12 6601.43 2661.31 965.005 1696.3 3940.13 1403.32 155.417 50.7102 1200.84 972.717 495.465 471.982 255.887 216.095 197.811 177.167 120.982 93.6976 40.8857 1247.9 1152.06 560.12 591.941 220.898 371.043 183.867 90.1212 57.3046 93.7458
internal_count=21970 21218 8794 3320 5474 12424 4140 537 233 3811 3344 1663 1604 953 651 567 518 386 286 135 3603 3297 1489 1808 740 1068 592 310 239 282
cat_boundaries=0 1 2 3 4 5 6 7 8 9 10 11 12 13
cat_threshold=4 25 1363 676 1 80 289 72 2 19 611 69 4
is_linear=0
shrinkage=0.03


Tree=148
num_leaves=31
num_cat=11
split_feature=13 9 1 10 0 1 2 7 0 0 5 17 3 10 17 17 0 0 16 0 3 0 17 14 0 2 0 10 17 5
split_gain=15.6524 10.8908 16.3608 33.5844 22.7721 15.3926 24.5946 14.0289 21.367 17.7435 22.6312 13.6795 15.185 24.1929 21.9681 17.1669 17.8553 13.5883 12.8395 15.4617 17.6152 27.3842 18.3548 21.7114 16.261 17.5621 15.7899 15.078 13.5613 13.4096
threshold=0 1 2 7.5000000000000009 43.500000000000007 3 4 5 37.500000000000007 40.500000000000007 6 0.80600000000000016 7 3.5000000000000004 4.964500000000001 4.9625000000000012 46.500000000000007 49.500000000000007 -41.899999999999991 25.500000000000004 8 46.500000000000007 1.2650000000000003 1.2500000000000002 36.500000000000007 9 34.500000000000007 3.5000000000000004 4.1720000000000015 10
decision_type=1 1 9 2 2 9 9 1 2 2 1 2 9 2 2 2 2 2 2 2 9 2 2 2 2 9 2 2 2 1
left_child=-1 5 4 18 7 6 -2 8 -3 -9 -11 -6 13 -13 15 16 -14 -18 19 -4 21 22 -21 -24 26 27 -22 -26 -23 -20
right_child=1 2 3 -5 11 -7 -8 9 -10 10 -12 12 14 -15 -16 -17 17 -19 29 20 24 28 23 -25 25 -27 -28 -29 -30 -31
leaf_value=0.0079690077921402425 -0.0069200954660775041 0.0029557273570242292 -0.039114576064256328 -0.040073689056310452 -0.01564533939885894 0.00039453029269628077 0.0057406444514571586 -0.010323856560105515 -0.0085836822485270501 -0.014103619052207077 0.026782842525509248 0.0061688334754720102 0.027634440741503979 -0.019831701632796319 -0.017592595013865196 0.04240583715266491 -0.01140414268867644 0.012566919934758164 -0.0052820615520746362 0.016724067301651199 -0.012703789943296984 0.020794804684521637 -0.017854223165740625 0.0029140104839426159 -0.024793890413036448 -0.051724572839190373 0.020928026358176581 0.011326318920222246 -0.0057092922713352142 0.0047836173129568527
leaf_weight=285.84966207668185 154.9749459400773 732.80373113974929 12.701951682567595 22.380545776337385 23.723035261034966 2536.9493900481611 1248.2566906809807 237.94567870348692 179.71069758012891 21.03530166298151 28.510473623871803 218.05433486402035 56.337502367794514 37.659753855317831 18.149627830833197 21.007752895355225 27.283465594053268 94.120881956070662 209.32762271910906 25.923257000744343 47.889076516032219 60.409725658595562 120.86895927041769 72.030156895518303 45.816685050725937 16.564235657453537 16.884173437952995 13.255061872303484 24.10046225041151 275.98674409836531
leaf_count=752 537 1853 51 164 59 8284 3603 1128 613 109 108 760 132 192 84 49 100 287 782 47 155 116 448 216 180 87 35 32 107 900
internal_value=0.00109621 0.000798008 -0.00068437 -0.00378527 0.00108828 0.00179687 0.00430914 -0.00113868 0.000679176 -0.00691733 0.00937009 0.00649959 0.00762058 0.00223433 0.0132398 0.0167438 0.0136717 0.00715021 -0.00295573 -0.00656753 -0.00562052 -0.00123881 -0.00689013 -0.0100862 -0.0139748 -0.0244156 -0.00387213 -0.0166328 0.0132031 0.000435677
internal_weight=6886.51 6600.66 2660.48 964.139 1696.34 3940.18 1403.23 1200.01 912.514 287.491 49.5458 496.336 472.613 255.714 216.899 198.75 177.742 121.404 941.758 456.444 443.742 303.333 218.822 192.899 140.409 75.636 64.7732 59.0717 84.5102 485.314
internal_count=21970 21218 8794 3320 5474 12424 4140 3811 2466 1345 217 1663 1604 952 652 568 519 387 3156 1474 1423 934 711 664 489 299 190 212 223 1682
cat_boundaries=0 1 2 3 4 5 6 7 8 9 10 11
cat_threshold=4 25 1363 676 1 1 1 15 44 2 1
is_linear=0
shrinkage=0.03


Tree=149
num_leaves=31
num_cat=8
split_feature=13 17 7 21 17 0 0 16 0 0 9 8 21 0 5 0 21 9 20 0 9 17 0 0 21 0 0 9 0 0
split_gain=14.8481 10.7646 16.8729 31.2724 16.1586 14.3779 57.1545 25.4237 31.0643 13.593 13.4195 18.1666 12.4384 12.3759 20.2131 13.8875 16.6434 28.464 24.2548 21.5404 19.142 33.6654 19.7693 41.5298 17.1655 17.1466 14.2372 17.2615 13.8147 20.9596
threshold=0 4.9605000000000006 1 2.249904835165133 4.9635000000000007 50.500000000000007 52.500000000000007 -41.899999999999991 30.500000000000004 58.500000000000007 2 3 0.89587973461402759 25.500000000000004 4 35.500000000000007 1.4978661367769956 5 1.5000000000000002 58.500000000000007 6 4.9655000000000014 51.500000000000007 54.500000000000007 2.1383330595080281 39.500000000000007 46.500000000000007 7 54.500000000000007 53.500000000000007
decision_type=1 2 1 2 2 2 2 2 2 2 1 9 2 2 1 2 2 1 2 2 1 2 2 2 2 2 2 1 2 2
left_child=-1 10 13 5 -5 7 -7 -4 12 -8 11 -2 -9 14 -3 -15 18 24 26 -19 28 22 -22 -24 -18 -23 -17 -28 29 -20
right_child=1 2 3 4 -6 6 9 8 -10 -11 -12 -13 -14 15 -16 16 17 19 20 -21 21 25 23 -25 -26 -27 27 -29 -30 -31
leaf_value=0.0077792365083928922 -0.012491314455312196 -0.047358487811911626 -0.033792523316936905 0.0054010446037464814 0.056582390819563733 0.046145796440637953 -0.030831036681732059 0.03085766782545965 -0.015719126088005794 0.016389745407275013 0.0022941989656908215 -0.0001001250873398799 -0.0035986800515401883 0.0041346576564834552 -0.00054253286217442666 0.024653094047684003 -0.0033587803244933189 0.009739698764807226 -0.0020223076980171611 0.053299598282940161 -0.031335509413423994 -0.02831493793475031 0.022751179304504997 -0.040802870113614727 -0.038519844586837007 0.011721880036090395 0.014610063036830412 -0.013703081837246566 -0.019250928981282188 0.035232492606756219
leaf_weight=284.06799970194697 111.35867177695036 12.81268672645092 46.802354089915752 14.802531957626345 8.9540271647274476 18.044417902827263 24.945943571627144 20.562542639672756 129.57029269635677 6.865909904241561 3868.3713282123208 880.71536431461573 17.050337493419647 569.11057940497994 23.614293940365314 34.921768203377724 70.867093235254288 141.58284892514348 274.68042819947004 10.96861547231674 91.42520697414875 11.983310803771017 20.800335854291916 16.48291788995266 15.146409787237642 46.965422257781029 28.180851131677628 29.149550579488277 38.676558881998062 14.197705686092375
leaf_count=752 468 57 271 70 22 51 138 55 628 21 11827 2863 65 1632 70 85 248 433 941 15 406 45 64 86 111 132 80 130 168 36
internal_value=0.00106353 0.000773897 -0.0012506 -0.00788784 0.0249737 -0.0108664 0.00358845 -0.0142484 -0.00874221 -0.020526 0.00149893 -0.00160588 0.0151905 6.28261e-05 -0.0171761 0.000509874 -0.00192512 0.0047818 -0.00456437 0.0121296 -0.00710441 -0.0144599 -0.0238269 -0.00529979 -0.0086216 0.00349808 0.00958116 0.000321186 -0.00236464 -0.000169379
internal_weight=6883.68 6599.61 1739.16 287.598 23.7566 263.842 49.8563 213.986 167.183 31.8119 4860.45 992.074 37.6129 1451.57 36.427 1415.14 846.029 238.565 607.464 152.551 515.212 187.657 128.708 37.2833 86.0135 58.9487 92.2522 57.3304 327.555 288.878
internal_count=21970 21218 6060 1321 92 1229 210 1019 748 159 15158 3331 120 4739 127 4612 2980 807 2173 448 1878 733 556 150 359 177 295 210 1145 977
cat_boundaries=0 1 2 3 4 5 6 7 8
cat_threshold=4 1 2 130 1 6 22 18
is_linear=0
shrinkage=0.03


Tree=150
num_leaves=31
num_cat=6
split_feature=17 10 9 10 0 1 0 17 20 17 6 0 1 17 10 0 10 0 10 20 9 17 17 1 16 17 17 0 0 0
split_gain=12.3573 17.5984 20.3358 33.6223 13.7278 14.7545 11.8238 11.3562 27.7022 26.7679 21.7028 18.162 17.7254 23.2935 22.6527 17.6846 18.8556 15.2165 11.8316 16.5324 39.0331 20.9013 19.3977 16.714 19.7078 18.1938 13.9378 32.7968 22.1802 15.0264
threshold=4.0980000000000016 4.5000000000000009 0 5.5000000000000009 31.500000000000004 1 43.500000000000007 4.2070000000000007 4.5000000000000009 4.6275000000000004 2 38.500000000000007 3 4.1720000000000015 1.5000000000000002 54.500000000000007 3.5000000000000004 29.500000000000004 1.5000000000000002 4.5000000000000009 4 4.8585000000000012 4.9150000000000009 5 -41.899999999999991 4.9605000000000006 4.8565000000000014 38.500000000000007 44.500000000000007 32.500000000000007
decision_type=2 2 1 2 2 9 2 2 2 2 1 2 9 2 2 2 2 2 2 2 1 2 2 9 2 2 2 2 2 2
left_child=1 -1 4 -4 -3 6 -6 8 15 -9 12 -12 13 14 -10 16 17 -2 19 23 21 26 -23 24 25 -11 29 -28 -29 -21
right_child=7 2 3 -5 5 -7 -8 9 10 18 11 -13 -14 -15 -16 -17 -18 -19 -20 20 -22 22 -24 -25 -26 -27 27 28 -30 -31
leaf_value=0.0023473941829693073 0.018251903132810558 0.012120475607580845 -0.0039464658309319861 -0.052536954095318139 -0.0080641011088728714 -0.013886266342154025 0.030062269160295703 0.03353528552421501 0.037915828812614273 0.01322992198750181 -0.0054251016621768532 0.042783613781589326 -0.013713514694111773 -0.035961275735670858 -0.0096572299987223234 0.028022215419430001 0.023859836898824347 -0.02944624682892728 0.00084845539066119829 0.034946993002312791 -0.015071345261215943 -0.036074396841450786 -0.00073675924640449959 -0.0023152473726836837 0.015657705851181033 -0.031404760641586885 -0.0070736339399528302 0.08087096318338298 0.020315662362585245 -0.011463562746531599
leaf_weight=3128.4817391932011 6.3487846404314032 51.49751590192318 29.791858077049255 22.613102898001671 13.228730209171774 65.356423407793045 15.938121892511843 20.819415092468262 24.448701769113541 15.092304974794386 11.167756713926794 18.352226726710796 62.330750875174999 7.8015497624874106 14.040861137211321 6.6330665647983542 7.2625726684927931 82.268560498952866 2085.0309978537261 8.521342299878599 251.41718875616789 15.136220246553419 172.25775291025639 526.98000627011061 109.84484053403139 17.680161625146866 14.140509404242037 11.157059796154501 11.035298652946947 22.964085154235363
leaf_count=7455 15 132 83 145 53 260 27 22 56 42 39 43 276 59 61 27 33 475 8091 23 1179 80 561 2143 375 79 68 22 43 119
internal_value=0.000485674 0.00179711 -0.00686061 -0.0210262 -0.000286723 -0.007114 0.00946493 -0.000752028 -0.00704152 -0.000289743 0.001708 0.0244877 -0.00447203 0.00893887 0.0205035 -0.0188514 -0.0221512 -0.0259785 -0.000507618 -0.00291387 -0.00700233 0.00147045 -0.00362478 0.000175635 0.00893216 -0.0107807 0.0157947 0.028432 0.0511202 0.00107307
internal_weight=6849.64 3326.91 198.426 52.405 146.021 94.5233 29.1669 3522.73 240.655 3282.08 138.142 29.52 108.622 46.2911 38.4896 102.513 95.8799 88.6173 3261.26 1176.23 506.629 255.212 187.394 669.597 142.617 32.7725 67.8183 36.3329 22.1924 31.4854
internal_count=22086 8155 700 228 472 340 80 13931 1084 12847 534 82 452 176 117 550 523 490 12825 4734 2095 916 641 2639 496 121 275 133 65 142
cat_boundaries=0 1 2 3 4 5 6
cat_threshold=11 212 1 1542 24 872
is_linear=0
shrinkage=0.03


Tree=151
num_leaves=31
num_cat=11
split_feature=17 10 9 10 0 1 17 0 1 17 3 12 10 3 9 17 17 1 17 5 17 0 1 17 0 9 5 0 10 0
split_gain=11.652 16.6695 19.2163 32.4135 13.0496 12.1509 10.7986 26.606 26.2269 25.3624 11.7944 13.0923 11.1789 15.5199 37.4608 19.5499 18.5936 15.5512 18.886 42.7557 16.2506 15.7287 13.4884 21.0383 22.615 22.3885 24.3451 16.2289 27.855 15.7073
threshold=4.0980000000000016 4.5000000000000009 0 5.5000000000000009 33.500000000000007 1 4.2070000000000007 55.500000000000007 2 4.6275000000000004 3 1.0000000180025095e-35 1.5000000000000002 4 5 4.8585000000000012 4.9150000000000009 6 4.9655000000000014 7 4.9575000000000005 34.500000000000007 8 4.9595000000000011 31.500000000000004 9 10 34.500000000000007 4.5000000000000009 40.500000000000007
decision_type=2 2 1 2 2 9 2 2 9 2 9 2 2 9 1 2 2 9 2 1 2 2 9 2 2 1 1 2 2 2
left_child=1 -1 4 -4 -3 -6 7 8 10 -8 11 -2 13 17 15 -15 -17 18 19 21 -21 -11 23 25 -25 -14 -27 28 -28 -26
right_child=6 2 3 -5 5 -7 9 -9 -10 12 -12 -13 22 14 -16 16 -18 -19 -20 20 -22 -23 -24 24 29 26 27 -29 -30 -31
leaf_value=0.0022783326485076912 0.013366380802738711 0.0098244827715789421 -0.003826464004176766 -0.0517304740377907 -0.019488598430486125 0.002479816069127532 0.032750179074490252 0.029051788043805447 -0.019735926413012313 -0.01065312896161417 -0.010942620169035669 -0.020587918833247384 0.010794660749631493 0.015216640942990871 -0.014796444235397617 -0.035564937814734077 -0.00071482569587605663 -0.0022034632824869623 0.030395294479953466 0.00072810351800664487 -0.03432110507898363 0.026413727730717887 -0.00042024802921105856 -0.0069180664545471574 0.024724858729479705 -0.028778554185747679 -0.0084165072637729325 -0.01421856510820544 0.045277141808293113 0.0078762065419465625
leaf_weight=3126.6452252082527 66.81780119985342 63.789484143257141 29.807273149490356 22.283264882862568 32.452534705400467 49.656384438276291 20.683415770530701 17.082530580461025 103.71177789568901 12.587231159210203 40.127026215195656 11.911519065499304 66.251035749912262 68.265236027538776 250.36834026128054 14.89751213788986 172.22066170722246 525.87309788167477 29.944483250379562 21.963233925402164 25.471203498542309 53.145937711000443 1654.587639188394 49.435852389782667 93.118757411837578 42.293034471571445 20.298522420227528 36.011154059320688 14.987696647644041 108.75258181989193
leaf_count=7455 220 175 83 145 149 148 22 46 549 46 204 65 312 275 1182 80 561 2140 60 103 119 168 6476 164 221 242 88 191 33 364
internal_value=0.00046905 0.001743 -0.00669275 -0.0205069 -0.000303999 -0.00824855 -0.00073308 -0.00687988 -0.00966299 -0.000283016 0.000709863 0.00725162 -0.000494487 -0.0028356 -0.0067331 0.00142278 -0.00352297 0.000204556 0.00863449 0.00359059 -0.018062 0.0192648 0.00082272 0.00548136 0.0112148 -0.0022109 -0.00990388 -2.80868e-05 0.0143684 0.0156714
internal_weight=6845.44 3324.63 197.989 52.0905 145.898 82.1089 3520.81 239.651 222.568 3281.16 118.856 78.7293 3260.47 1174.74 505.752 255.383 187.118 668.985 143.112 113.168 47.4344 65.7332 2085.74 431.149 251.307 179.841 113.59 71.2974 35.2862 201.871
internal_count=22086 8155 700 228 472 297 13931 1084 1038 12847 489 285 12825 4734 2098 916 641 2636 496 436 222 214 8091 1615 749 866 554 312 121 585
cat_boundaries=0 1 2 3 4 5 6 7 8 9 10 11
cat_threshold=11 3 525 96 15 24 872 1 208 10 4
is_linear=0
shrinkage=0.03


Tree=152
num_leaves=31
num_cat=5
split_feature=17 17 10 0 10 10 17 0 17 9 0 4 0 3 0 12 20 0 0 3 0 0 0 5 0 0 20 17 17 0
split_gain=11.0329 37.2714 21.7922 17.3457 9.22906 14.6806 14.3283 11.762 8.99168 13.0213 25.9934 14.2459 11.2109 10.5785 9.76855 10.1709 12.0533 11.1507 11.8763 9.03961 14.2805 12.7076 12.6406 11.901 10.4224 15.9708 11.0143 14.4043 14.1451 8.89666
threshold=1.3960000000000001 1.3490000000000004 4.5000000000000009 33.500000000000007 7.5000000000000009 6.5000000000000009 1.2395000000000003 27.500000000000004 1.2690000000000003 0 27.500000000000004 1 34.500000000000007 2 49.500000000000007 1.0000000180025095e-35 4.5000000000000009 35.500000000000007 31.500000000000004 3 43.500000000000007 38.500000000000007 50.500000000000007 4 39.500000000000007 37.500000000000007 5.5000000000000009 1.3305000000000002 1.2835000000000003 59.500000000000007
decision_type=2 2 2 2 2 2 2 2 2 1 2 9 2 9 2 2 2 2 2 9 2 2 2 1 2 2 2 2 2 2
left_child=1 2 8 4 5 6 -4 -8 -1 10 -10 19 -13 -11 15 17 -17 18 -15 21 24 -12 -22 -23 25 26 -21 28 -28 -2
right_child=29 -3 3 -5 -6 -7 7 -9 9 13 11 12 -14 14 -16 16 -18 -19 -20 20 22 23 -24 -25 -26 -27 27 -29 -30 -31
leaf_value=0.0028444065299929409 -0.00064793597248493447 0.014859886753178059 0.018376856029660545 -0.02156412212220574 -0.025182407523341718 0.03557182618390043 -0.04764239346439364 -0.0018599411505558616 -0.027937754751907091 -0.00083579964482037442 0.019380607053538459 0.010217960563184353 -0.020994977601625196 -0.034000759609798988 0.0098397598853827862 -0.01821551297747703 0.022028858484335171 -0.042088049084599212 0.00096087592308560267 0.0025845292954711423 0.030303097976066437 -0.028851627202460987 -0.0018573791687710669 0.011150587157616689 -0.028097876566951088 0.02118974614100293 -0.029849797094003379 -0.04804102930960686 0.010569155796367849 0.010279659708143197
leaf_weight=1623.1447397693992 4228.7253602817655 188.28805376589298 16.14461811631918 67.043306771665812 10.200301460921763 11.505512863397596 7.9493027031421688 13.971230804920195 24.206458739936352 128.59777498245239 88.22854832559824 14.942504510283468 32.576636232435703 15.999370962381361 11.982452563941477 19.349696047604084 10.081313796341421 23.496399782598019 18.777613207697868 64.259008049964905 26.023046940565109 10.514021083712578 18.690432347357273 17.928517490625381 12.977155178785322 25.622394740581512 13.658876150846483 10.189866498112677 17.749985679984093 68.009209610521793
leaf_count=3431 15872 301 26 292 60 28 40 50 80 414 176 39 133 63 39 88 31 123 58 162 55 40 50 45 53 54 44 45 37 157
internal_value=0.000452461 0.00201837 0.000990148 -0.0110987 0.000606441 0.0060135 -0.00291194 -0.0187398 0.00167973 -0.00143557 0.00200308 0.00412661 -0.0111162 -0.00691914 -0.0139406 -0.0188189 -0.00430068 -0.02608 -0.0150888 0.00650757 0.00191338 0.0126737 0.0168188 -0.00358073 -0.00255558 0 -0.0051628 -0.0171798 -0.00695171 -0.000474039
internal_weight=6840.83 2544.1 2355.81 126.814 59.771 49.5707 38.0652 21.9205 2229 605.852 377.567 353.361 47.5191 228.285 99.6868 87.7044 29.431 58.2734 34.777 305.842 189.171 116.671 44.7135 28.4425 144.457 131.48 105.858 41.5987 31.4089 4296.73
internal_count=22086 6057 5756 496 204 144 116 90 5260 1829 1013 933 172 816 402 363 119 244 121 761 500 261 105 85 395 342 288 126 81 16029
cat_boundaries=0 1 2 3 4 5
cat_threshold=24 1 70 10 1
is_linear=0
shrinkage=0.03


Tree=153
num_leaves=31
num_cat=5
split_feature=17 10 9 10 0 10 17 20 17 6 0 0 10 0 17 0 0 10 10 20 9 17 2 0 0 17 17 0 17 6
split_gain=10.4271 15.0256 18.2112 31.0765 11.9897 14.8339 10.323 25.4272 24.0382 20.1301 16.5514 16.1428 18.1317 14.6767 12.3325 14.6512 15.5171 14.6075 10.5629 14.825 35.3147 18.2907 19.7455 26.2348 34.1638 17.8302 14.2186 20.8454 15.5028 17.0465
threshold=4.0980000000000016 4.5000000000000009 0 5.5000000000000009 31.500000000000004 8.5000000000000018 4.2070000000000007 4.5000000000000009 4.6275000000000004 1 38.500000000000007 54.500000000000007 3.5000000000000004 29.500000000000004 4.1720000000000015 49.500000000000007 41.500000000000007 1.5000000000000002 1.5000000000000002 4.5000000000000009 2 4.8585000000000012 3 40.500000000000007 42.500000000000007 4.9150000000000009 4.9635000000000007 55.500000000000007 4.9615000000000009 4
decision_type=2 2 1 2 2 2 2 2 2 1 2 2 2 2 2 2 2 2 2 2 1 2 9 2 2 2 2 2 2 1
left_child=1 -1 4 -4 -3 -6 7 11 -8 14 -11 12 13 -2 15 16 17 -9 19 26 21 22 -21 -24 -25 -23 27 28 29 -10
right_child=6 2 3 -5 5 -7 8 9 18 10 -12 -13 -14 -15 -16 -17 -18 -19 -20 20 -22 25 23 24 -26 -27 -28 -29 -30 -31
leaf_value=0.0021540375338719268 0.018124389409723066 0.01144910976535941 -0.0036003017946699542 -0.050799112009002716 -0.010371683809038253 0.030591327845475687 0.032009445687070599 0.010707574868611966 0.0052429503863275747 -0.0052630324182501662 0.040646115335881 0.026020545237248359 0.023554894416788694 -0.028754102788586547 -0.025288196626145877 0.024307446640140479 -0.041023228041351119 -0.02038238003238365 0.00081579721536508747 0.037297178290749342 -0.014383231418344864 -0.035057788991269052 -0.025585315930619731 0.073599812118324615 0.00027659495756061827 -0.0006745185870504158 0.0099256662662107736 -0.026336341449033719 -0.0094165033567162292 -0.01165927163844753
leaf_weight=3120.5530739948153 6.3496991395950309 51.251054540276527 29.664324253797531 21.881897665560246 85.73081973195076 8.6438547596335393 20.54413865506649 39.120567858219147 334.45012014359236 11.133987031877043 18.664542198181152 6.7906674817204467 7.2918282747268668 80.302495539188385 20.453366383910179 18.33246810734272 9.5751657336950284 20.721292413771152 2085.4368795398623 23.004703409969807 248.05947580933571 14.65654733031988 17.447162680327892 7.899495072662833 20.356291204690933 172.15300557017326 112.12314809858799 29.366358540952206 129.55912974476814 63.798460870981216
leaf_count=7455 15 132 83 145 312 28 22 112 1368 39 43 27 33 475 143 51 53 93 8091 69 1179 80 93 18 95 561 341 156 456 318
internal_value=0.000439032 0.00164577 -0.00638013 -0.019901 -0.000184941 -0.00655968 -0.000698304 -0.00672034 -0.000258728 0.00162585 0.023432 -0.0181742 -0.021425 -0.0252674 -0.00436783 0.000497548 -0.00577322 -2.38619e-05 -0.00046408 -0.00274221 -0.0066302 0.00139558 0.0146817 0.00317599 0.0210687 -0.0034055 0.000179173 -0.00177821 -0.000401425 0.00252548
internal_weight=6835.32 3317.73 197.172 51.5462 145.626 94.3747 3517.59 238.736 3278.85 138.001 29.7985 100.735 93.944 86.6522 108.203 87.7495 69.417 59.8419 3258.31 1172.87 503.577 255.517 68.7077 45.7029 28.2558 186.81 669.297 557.174 527.808 398.249
internal_count=22086 8155 700 228 472 340 13931 1084 12847 534 82 550 523 490 452 309 258 205 12825 4734 2095 916 275 206 113 641 2639 2298 2142 1686
cat_boundaries=0 1 2 3 4 5
cat_threshold=11 1 24 4 1
is_linear=0
shrinkage=0.03


Tree=154
num_leaves=31
num_cat=7
split_feature=11 12 10 0 15 5 0 0 9 0 20 0 10 20 20 0 0 5 14 4 6 3 0 5 0 0 0 0 16 10
split_gain=9.12482 10.8109 10.3688 9.63532 9.33644 11.5728 11.8924 15.4107 11.7462 28.8025 23.1784 15.5935 40.0573 19.0261 19.0043 19.715 15.5024 13.7236 11.6584 11.5457 20.3185 13.5196 22.4488 16.0595 10.7274 9.67775 19.3505 9.15741 8.99017 8.73786
threshold=16.500000000000004 2.5000000000000004 3.5000000000000004 73.500000000000014 93.89700000000002 0 27.500000000000004 41.500000000000007 1 55.500000000000007 6.5000000000000009 30.500000000000004 1.5000000000000002 3.5000000000000004 5.5000000000000009 50.500000000000007 31.500000000000004 2 -1.3999999999999997 3 4 5 36.500000000000007 6 47.500000000000007 43.500000000000007 46.500000000000007 53.500000000000007 -41.29999999999999 2.5000000000000004
decision_type=2 2 2 2 2 1 2 2 1 2 2 2 2 2 2 2 2 1 2 9 1 9 2 1 2 2 2 2 2 2
left_child=2 3 -1 4 19 6 -6 -8 9 10 11 12 -7 -14 15 16 -13 -15 -16 -2 25 22 23 -22 -9 -21 -27 -20 -28 -10
right_child=1 -3 -4 -5 5 8 7 24 29 -11 -12 14 13 17 18 -17 -18 -19 27 20 21 -23 -24 -25 -26 26 28 -29 -30 -31
leaf_value=0.0071302725652979482 0.0016716562856809519 -0.025555982256408222 -0.013571255859964366 0.010796973973697378 0.015141419488411152 -0.04223771355881277 -0.036216490006078579 0.018797887485473376 -0.0014884776085683585 -0.032879213672361983 -0.0397067543176476 0.028801273725960006 -0.029622383683177149 -0.011996987749000154 0.022634533179169563 -0.021591308302763536 0.0045227785535147096 0.021461193938617559 -0.018406641759276927 -0.034234333124341286 0.042745290394504504 -0.0037373377271739264 -0.0068338842492276387 0.0035069082687848464 -0.022018130303358797 0.026914438777577192 -0.0055138560421310601 0.017033601698072717 -0.043650168497866508 0.0025045461301850796
leaf_weight=279.45592589303851 3359.5376628227532 14.54534864425659 23.432411581277847 76.894232988357544 10.012692399322985 28.876074150204659 26.084281899034977 10.981064364314081 1276.2923783138394 31.47214737161994 15.09527827426791 26.456611689180136 14.421181119978426 16.91565765067935 7.9822142869234076 23.435051415115595 224.6912219747901 30.935073662549257 70.541943926364183 24.920743331313133 22.931682750582695 311.34936446323991 33.109963603317738 16.176909066736698 12.012074049562214 9.3272780478000659 11.72678913921118 7.0680691525340071 10.910641908645628 803.69208560325205
leaf_count=736 8940 39 66 129 28 143 144 39 5120 163 94 63 64 66 11 124 885 85 326 127 32 1109 137 49 67 24 47 26 61 3142
internal_value=0.000425099 0.000188415 0.00551488 0.000246754 0.000120092 -0.0012509 -0.0143701 -0.0204705 -0.000948475 -0.00503631 -0.00325246 -0.00201801 -0.0130975 0.000413024 0.000780367 0.00463586 0.00710273 0.00957051 -0.0115442 0.00107228 -0.00349199 -0.00100019 0.009896 0.0266415 -0.00239832 -0.0202098 -0.00910963 -0.0151227 -0.0241376 5.27504e-05
internal_weight=6831.28 6528.4 302.888 6513.85 6436.96 2636.97 59.0901 49.0774 2577.87 497.891 466.418 451.323 91.148 62.2719 360.175 274.583 251.148 47.8507 85.5922 3799.99 440.453 383.568 72.2186 39.1086 22.9931 56.8855 31.9647 77.61 22.6374 2079.98
internal_count=22086 21284 802 21245 21116 10590 278 250 10312 2050 1887 1793 358 215 1435 1072 948 151 363 10526 1586 1327 218 81 106 259 132 352 108 8262
cat_boundaries=0 1 2 3 4 5 6 7
cat_threshold=2 4 4 1 4 4 1
is_linear=0
shrinkage=0.03


Tree=155
num_leaves=31
num_cat=5
split_feature=17 17 0 10 10 17 10 3 12 8 17 0 9 3 0 17 14 10 17 17 17 0 0 4 0 0 0 0 0 0
split_gain=9.72332 10.6266 9.50232 9.74205 8.87643 10.9497 7.80833 7.74447 8.67584 7.64314 18.2325 14.0212 12.1832 15.9093 25.3368 17.8694 17.5983 13.3468 12.2529 14.242 10.1876 9.47924 11.7653 11.5546 12.1683 10.2344 7.57425 11.3582 7.30742 18.7288
threshold=0.71550000000000014 0.71950000000000014 73.500000000000014 1.5000000000000002 3.5000000000000004 0.65150000000000008 1.5000000000000002 0 2.5000000000000004 1 4.2070000000000007 67.500000000000014 2 3 43.500000000000007 1.4810000000000003 -0.14999999999999999 3.5000000000000004 1.4190000000000003 4.1365000000000007 0.87650000000000006 47.500000000000007 44.500000000000007 4 32.500000000000007 39.500000000000007 35.500000000000007 58.500000000000007 50.500000000000007 42.500000000000007
decision_type=2 2 2 2 2 2 2 9 2 9 2 2 1 9 2 2 2 2 2 2 2 2 2 9 2 2 2 2 2 2
left_child=4 -2 7 -4 5 6 -1 8 9 10 12 20 13 14 18 -15 -16 21 -3 -20 26 22 23 24 -14 -26 -11 -28 29 -22
right_child=1 2 3 -5 -6 -7 -8 -9 -10 11 -12 -13 17 15 16 -17 -18 -19 19 -21 28 -23 -24 -25 25 -27 27 -29 -30 -31
leaf_value=0.0057927449167518887 -0.019703715826347182 0.0086579602505318827 0.020238848659503195 -0.0026714033584726909 -0.010246359198260545 0.011556954281213023 -0.017033397686415711 0.0010362212635251348 -0.030392753483380591 0.021055462828131789 0.024066964745497126 -0.032804638025816867 -0.0020805487849144006 0.00029758929249294248 0.0090266482788565524 -0.026926283691454937 0.050503622078761946 -0.038620391643690001 -0.049293846172178135 0.0010304087536806995 0.00050214768906359328 0 -0.043207987088017298 0.011993087466858853 -0.035370266021927874 -0.0065864700114687067 -0.016517586497328381 0.018721079336491631 0.0034389739515009151 -0.0075136417874907269
leaf_weight=32.254128511995077 23.667923841625452 24.34735706448555 42.986549817025661 26.900958761572838 26.390780001878738 182.92550029605627 22.91343892365694 4185.9890745952725 8.9942713491618616 35.095011204481125 18.403239578008652 11.71126378700137 34.683698635548353 61.372316066175699 20.620989046990871 33.287513546645641 16.933558776974678 15.616931281983851 9.5123891681432724 10.441221207380295 1114.7543255388737 60.086253188550472 11.721178106963633 15.785563632845877 32.180690474808216 17.470893502235413 16.461219199001789 16.250763915479183 351.00727040693164 342.74735892191529
leaf_count=76 63 45 66 59 64 380 62 13206 32 51 24 36 95 139 38 182 39 80 45 42 3873 182 67 62 148 66 44 26 1276 1492
internal_value=0.000545008 0.000317073 0.000390338 0.0113862 0.00618407 0.00802139 -0.00364731 0.000270841 -0.00113293 -0.00101935 -0.004827 -0.000219493 -0.00643458 -0.000389659 0.00872152 -0.00837829 0.027893 -0.0114726 -0.00552478 -0.022937 -1.39426e-05 -0.00963511 -0.0147945 -0.0113984 -0.0158213 -0.025336 0.011392 0.000900664 -0.000443856 -0.00138118
internal_weight=6823.51 6559.03 6535.36 69.8875 264.484 238.093 55.1676 6465.47 2279.49 2270.49 382.464 1888.03 364.061 176.515 81.8555 94.6598 37.5545 187.545 44.301 19.9536 1876.32 171.928 111.842 100.121 84.3353 49.6516 67.807 32.712 1808.51 1457.5
internal_count=22060 21478 21415 125 582 518 138 21290 8084 8052 1254 6798 1230 530 209 321 77 700 132 87 6762 620 438 371 309 214 121 70 6641 5365
cat_boundaries=0 1 2 3 4 5
cat_threshold=37 385 12 32 1
is_linear=0
shrinkage=0.03


Tree=156
num_leaves=31
num_cat=6
split_feature=17 17 0 10 10 17 3 1 2 10 5 20 0 0 17 0 0 2 17 0 0 0 0 10 6 17 16 14 0 0
split_gain=9.20113 9.8893 9.00998 9.33547 8.38118 10.4238 7.29194 16.452 17.4147 31.7454 10.348 17.1948 30.9914 22.4896 24.4273 14.261 16.9247 16.5397 13.8248 12.3782 15.3414 36.4115 15.9302 18.341 17.2589 10.6696 25.8566 9.24701 8.93144 8.77743
threshold=0.71550000000000014 0.71950000000000014 73.500000000000014 1.5000000000000002 3.5000000000000004 0.65150000000000008 0 1 2 4.5000000000000009 3 2.5000000000000004 38.500000000000007 48.500000000000007 4.855500000000001 29.500000000000004 34.500000000000007 4 4.9585000000000008 38.500000000000007 42.500000000000007 47.500000000000007 55.500000000000007 1.5000000000000002 5 1.2950000000000002 -36.949999999999996 -1.7499999999999998 55.500000000000007 25.500000000000004
decision_type=2 2 2 2 2 2 9 9 9 2 1 2 2 2 2 2 2 9 2 2 2 2 2 2 1 2 2 2 2 2
left_child=4 -2 6 -4 5 -1 7 8 9 -3 11 13 18 -10 -15 -12 -17 -18 25 -19 -21 -22 23 -23 27 -13 -27 -24 -16 -9
right_child=1 2 3 -5 -6 -7 -8 29 10 -11 15 12 -14 14 28 16 17 19 -20 20 21 22 24 -25 -26 26 -28 -29 -30 -31
leaf_value=-0.0035268391252851095 -0.018896848033639439 -0.022805695750205787 0.019880660589863316 -0.0025874362761062705 -0.0098717236675618034 0.011307922327565809 0.0010051089784501605 -0.014345575780587858 -0.021643644474932139 0.03396953526009866 0.0211640597414662 0.013491100496285732 -0.023121060752049234 -0.0045104312718936635 0.057957003314196169 -0.01479939262332894 0.02890754586023794 -0.020655665204847292 0.024915504523315271 0.028338743480999538 -0.043302869930584076 -0.0052198098239699155 0.00056523597916645428 0.037728422124293434 0.019420778475005021 -0.042235387800170339 0.017129529485689941 -0.028345471695631466 0.023975146981787786 -0.002138657793617544
leaf_weight=55.301018431782722 23.938197143375874 46.663128018379211 42.458079054951668 26.943315736949444 26.57153307646513 181.37145728990436 4186.4022924341261 54.744683489203453 12.99136173725128 10.809098787605761 66.614841092377901 20.169090356677771 55.599211513996124 18.128730542957783 13.256653368473055 32.027267053723335 30.594259925186634 15.357453882694243 24.548487596213818 26.098859071731567 13.459695693105457 13.116218857467173 21.579638309776776 27.17375822737813 24.437625207006931 14.495643071830273 11.893660053610802 18.071269523352392 16.004957683384418 1689.8811501320451
leaf_count=138 63 198 66 59 64 380 13206 197 60 27 129 40 247 43 25 115 71 63 58 70 72 48 45 61 44 64 50 76 43 6238
internal_value=0.000528845 0.000307549 0.000378659 0.0111237 0.00602778 0.00782893 0.000262662 -0.00110019 0.00346845 -0.0120351 0.00542321 -5.6541e-05 -0.00635025 0.0130893 0.0226996 0.00898554 0.00530839 0.00872163 0.00673495 0.00481017 0.00756055 0.00291302 0.00893706 0.0236942 -0.000315934 -0.00281953 -0.0154027 -0.0125738 0.0396174 -0.00250983
internal_weight=6820.7 6557.46 6533.52 69.4014 263.244 236.672 6464.12 2277.72 533.091 57.4722 475.619 187.088 126.706 60.3817 47.3903 288.531 221.916 189.889 71.1069 159.295 143.937 117.838 104.379 40.29 64.0885 46.5584 26.3893 39.6509 29.2616 1744.63
internal_count=22060 21478 21415 125 582 518 21290 8084 1649 225 1424 630 459 171 111 794 665 550 212 479 416 346 274 109 165 154 114 121 68 6435
cat_boundaries=0 1 2 3 4 5 6
cat_threshold=37 481 1 1 4 1
is_linear=0
shrinkage=0.03


Tree=157
num_leaves=31
num_cat=10
split_feature=17 17 22 21 17 21 8 21 3 9 3 17 17 21 17 17 7 20 2 9 15 2 17 9 20 17 3 17 17 17
split_gain=8.70362 9.20841 8.16667 7.91284 9.92551 7.2523 7.21953 18.0365 16.4994 14.1056 17.6563 26.2046 23.5581 12.3247 27.0459 11.6609 20.3571 12.0347 15.7591 11.6503 16.8659 11.5562 25.2597 16.8978 23.7253 19.6588 14.4956 17.8746 15.4387 15.3915
threshold=0.71550000000000014 0.71950000000000014 1.4978661367769956 1.4978661367769956 0.65150000000000008 0.89587973461402759 0 0.89587973461402759 1 2 3 4.8595000000000015 4.8585000000000012 2.3502401828962087 4.8595000000000015 4.855500000000001 4 5.5000000000000009 5 6 93.01900000000002 7 1.2470000000000001 8 2.5000000000000004 1.3060000000000003 9 1.4055000000000002 1.4055000000000002 1.3685000000000003
decision_type=2 2 2 2 2 2 9 2 9 1 9 2 2 2 2 2 1 2 9 1 2 9 2 1 2 2 9 2 2 2
left_child=3 -2 6 4 5 -1 7 8 9 -3 12 -12 15 21 -15 16 -11 -17 -19 20 -10 23 -23 26 -25 -26 27 -9 29 -28
right_child=1 2 -4 -5 -6 -7 -8 13 19 10 11 -13 -14 14 -16 17 -18 18 -20 -21 -22 22 -24 24 25 -27 28 -29 -30 -31
leaf_value=0.005735116801827333 -0.018133494017056859 0.0035024503305273683 -0.02347328454232123 -0.0095134214178685152 0.011062494182338317 -0.016178139610303104 0.0013374963723033599 -0.0028462151799981176 0.0083228016006048119 0.0009691713039952514 -0.019242777550135991 0.032979099991012159 -0.037884106258498522 -0.0066980384251704526 0.050950670476486146 0.033388394526772051 -0.030256035788906895 0.030339234393243191 -0.020224323553391856 0.006867313443661322 -0.015372938950650327 -0.02563842665831258 0.0011091210853154899 0.0037805677814900423 -0.00030314683718228136 -0.019346857615825726 -0.0029394087304330254 -0.03850380014993552 0.0048180088917517856 -0.026619996288097914
leaf_weight=32.197266880422831 24.197685103863478 315.99282818287611 12.801755014806984 26.746171563863754 179.85886606946588 23.250039309263229 3509.607799353078 28.792379513382912 51.446948766708374 246.20492451265454 111.68297154456377 9.243794918060301 14.674933403730391 18.413890242576599 11.960529863834383 18.767391100525856 20.23294011503458 9.4297666102647781 13.164182543754578 566.81304601952434 56.569498106837273 33.372511193156242 626.15868924558163 78.054115936160088 63.894217729568481 210.75973411649466 195.74629794806242 22.777829848229885 257.33407955616713 28.259271584451199
leaf_count=76 63 1018 43 64 380 62 10728 92 120 639 444 30 88 112 32 84 100 30 78 1712 295 118 2144 300 165 1035 569 178 1147 114
internal_value=0.000513111 0.0002983 0.000367314 0.00587393 0.00763898 -0.00341208 0.000414948 -0.000662073 0.00176846 -0.00127375 -0.00468635 -0.0140419 -0.000849131 -0.0028807 0.0159965 0.000890993 -0.00140124 0.015697 0.000787289 0.00513875 -0.00371804 -0.00325474 -0.000243448 -0.00549362 -0.0104832 -0.0149293 -0.00195097 -0.0156659 -0.000183698 -0.00595075
internal_weight=6818.41 6556.35 6532.16 262.052 235.306 55.4473 6519.35 3009.75 1434.22 759.394 443.401 120.927 322.474 1575.52 30.3744 307.799 266.438 41.3613 22.5939 674.829 108.016 1545.15 659.531 885.618 352.708 274.654 532.91 51.5702 481.34 224.006
internal_count=22060 21478 21415 582 518 138 21372 10644 4638 2511 1493 474 1019 6006 144 931 739 192 108 2127 415 5862 2262 3600 1500 1200 2100 270 1830 683
cat_boundaries=0 1 2 3 4 5 6 7 8 9 10
cat_threshold=193 69 9 65 1 4 2 2 14 1
is_linear=0
shrinkage=0.03


Tree=158
num_leaves=31
num_cat=11
split_feature=0 17 10 2 17 10 17 3 1 2 10 8 13 0 1 0 10 10 14 8 17 17 1 0 17 9 0 0 0 5
split_gain=8.2812 7.67003 9.90023 12.1907 11.1134 9.95725 8.71674 6.99965 14.8903 19.0333 24.2126 13.4702 17.8459 12.0042 12.3507 16.8823 10.0854 16.5732 28.9086 10.5341 28.2125 21.4535 18.751 32.4119 17.0781 16.0987 18.0089 13.4009 19.235 13.0227
threshold=75.500000000000014 0.71550000000000014 3.5000000000000004 0 0.65150000000000008 1.5000000000000002 0.71950000000000014 1 2 3 4.5000000000000009 4 5 38.500000000000007 6 48.500000000000007 10.500000000000002 11.500000000000002 1.2500000000000002 7 4.9665000000000008 4.9655000000000014 8 53.500000000000007 4.9675000000000002 9 48.500000000000007 43.500000000000007 39.500000000000007 10
decision_type=2 2 2 9 2 2 2 9 9 9 2 9 1 2 9 2 2 2 2 9 2 2 9 2 2 1 2 2 2 1
left_child=1 2 4 -4 5 -1 -3 8 9 10 -8 13 -13 -11 15 -15 19 -18 -19 20 25 22 23 -21 -23 26 27 28 -10 -26
right_child=-2 6 3 -5 -6 -7 7 -9 16 11 -12 12 -14 14 -16 -17 17 18 -20 21 -22 24 -24 -25 29 -27 -28 -29 -30 -31
leaf_value=0.0062399414484815259 0.010383483298934092 -0.018415804412918142 -0.033672160650774365 0.0084710959720215046 0.011290425160603921 -0.020543870914090406 -0.020097248050844011 0.00098232573809864019 0.00090776185425167936 0.014635168047164955 0.02688671918005308 -0.025092881825459917 0.0018680231730051583 -0.0280635166509073 0.0077996025285916749 0.0064625694299434086 0.04623061264247362 0.039846624233112103 -0.036091895545154837 -0.038919203387763696 -0.039098907415813559 0.022222903839544159 -0.0040250725404587483 0.023985883663564959 0.0082677268097307265 -0.0040239127436840147 0.030215319197201124 -0.022544901432788179 0.032573986158460501 -0.025825793986687669
leaf_weight=30.609994377940893 75.347696419805288 22.480116073042154 12.159032002091408 12.217404045164585 170.13418586179614 20.857381239533424 56.645064070820808 4189.9218919612467 60.274965588003397 157.28344734013081 11.812392398715017 25.299049951136112 169.02714892104268 24.321618564426899 137.11167474091053 26.377296891063452 9.9132805615663546 8.1026421636343002 9.9178146310150623 37.516304984688759 13.444795668125151 48.927038289606571 1262.9629680514336 9.0339340120553953 29.155071422457695 95.986195378005505 37.281256288290024 12.97624699026346 24.214980036020279 15.247493311762808
leaf_count=72 143 59 37 23 359 58 237 13209 185 420 32 85 507 120 406 96 23 29 88 184 75 120 4695 25 96 382 100 61 64 70
internal_value=0.000498042 0.000386953 0.00558625 -0.0124792 0.00759173 -0.00457493 0.000189508 0.000254872 -0.00107855 0.00291069 -0.011919 0.00485409 -0.00155754 0.00827796 0.00337367 -0.00840879 -0.00253688 0.0152747 -0.00175019 -0.0028571 0.00283963 -0.00384378 -0.00486333 -0.0219224 0.0100079 0.00543527 0.0116297 0.0056581 0.0100466 -0.00340403
internal_weight=6816.56 6741.21 245.978 24.3764 221.602 51.4674 6495.23 6472.75 2282.83 607.878 68.4575 539.42 194.326 345.094 187.811 50.6989 1674.95 27.9337 18.0205 1647.02 244.178 1402.84 1309.51 46.5502 93.3296 230.734 134.747 97.4662 84.4899 44.4026
internal_count=22060 21917 549 60 489 130 21368 21309 8100 1903 269 1634 592 1042 622 216 6197 140 117 6057 867 5190 4904 209 286 792 410 310 249 166
cat_boundaries=0 1 2 3 4 5 6 7 8 9 10 11
cat_threshold=2 37 1505 1 74 1 1025 48 4 13 4
is_linear=0
shrinkage=0.03


Tree=159
num_leaves=31
num_cat=11
split_feature=17 1 17 1 6 17 5 20 17 17 5 10 15 20 5 1 17 10 6 10 17 3 8 7 10 17 17 10 20 20
split_gain=7.89099 8.89044 8.14125 12.2187 13.8098 17.9003 9.88236 9.76524 9.76197 27.0845 12.8101 21.0936 20.4918 16.7538 12.6972 8.52195 9.16235 13.5781 12.4637 14.142 7.76623 9.30733 14.399 15.5002 11.0427 9.04977 14.6027 9.81836 7.55353 7.35583
threshold=0.86950000000000016 0 4.8575000000000008 1 2 4.862000000000001 3 6.5000000000000009 4.9595000000000011 4.956500000000001 4 1.5000000000000002 93.773500000000013 5.5000000000000009 5 6 4.8655000000000017 2.5000000000000004 7 3.5000000000000004 0.85650000000000015 8 9 10 4.5000000000000009 0.7380000000000001 0.77200000000000013 1.5000000000000002 4.5000000000000009 1.5000000000000002
decision_type=2 9 2 9 1 2 1 2 2 2 1 2 2 2 1 9 2 2 1 2 2 9 9 1 2 2 2 2 2 2
left_child=1 -1 -2 4 5 -4 29 -7 9 14 11 -10 -12 -14 -6 16 17 28 -18 -20 21 22 23 -3 25 -23 -27 -28 -8 -5
right_child=2 20 3 6 8 7 15 -9 10 -11 12 -13 13 -15 -16 -17 18 -19 19 -21 -22 24 -24 -25 -26 26 27 -29 -30 -31
leaf_value=0.013378320627212776 -0.00088070054122678615 0.0075940097181810612 0.01244024410102568 0.016033161037103987 0.01849319204281509 -0.0061337416644805512 0.014720120828063286 -0.03815939707992367 0.011115398505173261 0.046733620454004796 0.020125882586324459 -0.041654235245185842 -0.041782007125180834 0.017201938073653996 -0.037784921742007552 0.0018672766092105073 0.0075112013833156565 -0.0073949155443243045 -0.031074976271723904 0.013286444120022323 0.013553447897603174 0.0093888839274716609 -0.010725719268155073 -0.025855406469224129 -0.021089019993407947 -0.015710403800328222 -0.0047861069895878136 0.015677161456713825 0.040281727980117636 -0.015856103296225926
leaf_weight=64.25443584471941 3277.9823652692139 112.81254983693361 48.264778546988964 7.531508579850196 7.1376654729247093 416.66289472021163 23.072765037417412 8.6950384080409986 13.239015743136408 16.796566490083933 43.630344703793526 13.740177314728497 10.617660980671646 7.1153287515044203 7.0352542996406573 1905.6016435958445 203.595528755337 13.663750536739824 16.767664812505249 10.303283736109732 50.612943582236767 210.28746802732348 110.36839502677321 13.891191340982912 14.427968211472033 40.057478487491608 38.759084023535252 45.697305962443352 19.979792788624763 41.868808515369892
leaf_count=113 10420 234 186 25 22 1603 76 54 43 30 113 72 60 21 42 6781 626 65 76 25 81 425 282 41 40 105 89 74 54 182
internal_value=0.000483195 0.00349751 0.000136924 0.00131447 -0.00249105 -0.0048346 0.00232289 -0.00680427 0.00657447 0.0210457 0.00144942 -0.0157033 0.00905294 -0.0179828 -0.00930135 0.00263345 0.00737936 0.0184485 0.00495765 -0.0140937 0.00224872 0.00130392 -0.00322204 0.00360159 0.00435261 0.00559389 -0.000793669 0.00625604 0.0267181 -0.0109111
internal_weight=6814.47 701.169 6113.3 2835.32 592.935 473.623 2242.38 425.358 119.312 30.9695 88.3425 26.9792 61.3633 17.733 14.1729 2192.98 287.383 56.7163 230.666 27.0709 636.914 586.301 237.072 126.704 349.229 334.801 124.514 84.4564 43.0526 49.4003
internal_count=22060 1484 20576 10156 2246 1843 7910 1657 403 94 309 115 194 81 64 7703 922 195 727 101 1371 1290 557 275 733 693 268 163 130 207
cat_boundaries=0 1 2 3 4 5 6 7 8 9 10 11
cat_threshold=192 520 1 2 1 1 1316 1 68 361 1
is_linear=0
shrinkage=0.03


Tree=160
num_leaves=31
num_cat=7
split_feature=7 17 0 16 4 10 0 20 5 0 17 17 20 10 17 0 17 0 0 2 16 17 6 17 2 6 10 10 0 0
split_gain=8.11496 20.2867 19.7318 16.8286 17.5094 17.3822 16.0089 15.896 18.8306 15.945 25.4938 15.8297 14.2565 14.0169 13.4274 16.3319 13.365 13.2553 19.9019 12.0849 15.1083 21.9176 16.2652 10.5174 16.7067 15.4956 13.592 12.513 29.541 20.1937
threshold=0 4.8575000000000008 56.500000000000007 -41.899999999999991 1 9.5000000000000018 36.500000000000007 1.5000000000000002 2 50.500000000000007 4.9625000000000012 4.8585000000000012 3.5000000000000004 6.5000000000000009 4.8585000000000012 43.500000000000007 4.9605000000000006 41.500000000000007 37.500000000000007 3 -34.699999999999996 1.4025000000000001 4 4.8595000000000015 5 6 3.5000000000000004 1.5000000000000002 25.500000000000004 28.500000000000004
decision_type=1 2 2 2 9 2 2 2 1 2 2 2 2 2 2 2 2 2 2 9 2 2 1 2 9 1 2 2 2 2
left_child=-1 13 3 4 5 16 -6 9 -9 14 -11 -4 -8 19 -5 17 -3 18 -16 -2 21 -21 -23 24 -10 26 -26 29 -29 -25
right_child=1 2 11 7 6 -7 12 8 23 10 -12 -13 -14 -15 15 -17 -18 -19 -20 20 -22 22 -24 27 25 -27 -28 28 -30 -31
leaf_value=0.0014439441438882643 -0.00091490870015845614 -0.0059090119876074772 0.026487646527572281 0.035746887890539376 0.040082286805697566 0.019775198494253771 -0.03801142878768745 -0.026792344783003175 -0.01277696360543128 0.013805152249738379 0.065870731498631693 -0.02344821998755036 0.020994661630431288 -0.028051070417259443 0.014277200309123637 -0.019212251489032255 -0.032518644444988164 0.038363299107445833 -0.037976636057586076 -0.026200329046426499 0.01023850466238586 -0.0022068456457933891 -0.02651310033685958 0.02279971055131251 0.0065481304848602857 0.035045889213070329 -0.037784760613092612 -0.040503596331828144 0.0088081933445228987 -0.0049264436799465747
leaf_weight=4962.3489063959569 473.62799457088113 30.384533315896988 6.4547317102551451 11.868755027651785 10.985755160450937 10.703004028648136 7.0712421387433988 19.321022875607014 84.862570080906153 29.223987072706223 11.987946465611456 42.701474212110043 7.4321687594056129 22.152416285127401 28.394622191786766 23.265588894486427 39.515204980969429 12.107653096318243 8.4139147438108903 65.270234700292349 33.211444400250912 159.59753782302141 29.322471618652344 27.048433624207973 37.990326881408691 14.284942194819449 7.3368821889162055 11.099344186484812 433.51668086647987 182.32590821385384
leaf_count=13838 2196 114 19 41 32 40 42 110 421 118 15 228 31 155 106 128 232 35 51 241 55 782 181 77 148 37 44 59 1653 792
internal_value=0.000807631 -0.00086902 0.00175953 0.00263301 -0.00868094 -0.0155476 0.0128917 0.00390979 0.00238014 0.0138624 0.0291457 -0.0167897 -0.00763204 -0.00455876 0.00630726 0.00138228 -0.0210196 0.0112579 0.00218089 -0.00386739 -0.00872054 -0.0112125 -0.00600735 0.00309307 -0.00421935 0.00791384 -0.000629147 0.00471346 0.0075616 -0.00132109
internal_weight=6843.83 1881.48 1098.3 1049.14 106.092 80.6027 25.4892 943.049 817.786 125.262 41.2119 49.1562 14.5034 783.182 84.0505 72.1818 69.8997 48.9162 36.8085 761.03 287.402 254.19 188.92 798.465 144.475 59.6122 45.3272 653.99 444.616 209.374
internal_count=22021 8183 4573 4326 491 386 105 3835 3341 494 133 247 73 3610 361 320 346 192 157 3455 1259 1204 963 3231 650 229 192 2581 1712 869
cat_boundaries=0 1 2 3 4 5 6 7
cat_threshold=1 1 2 2 1 2 1
is_linear=0
shrinkage=0.03


Tree=161
num_leaves=31
num_cat=8
split_feature=7 17 0 15 17 10 9 17 3 0 3 17 0 10 15 3 0 0 5 20 15 4 5 0 0 0 0 17 0 10
split_gain=7.64543 19.1016 18.6845 19.3528 18.2955 17.3775 33.6276 18.1315 16.7685 16.2975 15.7399 15.0122 14.7574 13.4052 13.142 10.9459 15.1473 10.8769 11.671 10.6023 16.0397 10.4572 12.464 10.0929 17.3733 12.372 13.6039 19.1142 11.4872 14.3782
threshold=0 4.8575000000000008 56.500000000000007 93.89700000000002 4.9605000000000006 1.5000000000000002 1 4.8595000000000015 2 46.500000000000007 3 4.8585000000000012 25.500000000000004 6.5000000000000009 94.340000000000018 4 28.500000000000004 31.500000000000004 5 2.5000000000000004 94.340000000000018 6 7 46.500000000000007 48.500000000000007 41.500000000000007 37.500000000000007 4.9665000000000008 33.500000000000007 2.5000000000000004
decision_type=1 2 2 2 2 2 1 2 9 2 9 2 2 2 2 9 2 2 1 2 2 9 1 2 2 2 2 2 2 2
left_child=-1 13 3 -3 5 6 8 10 -5 -10 -7 -4 -9 -2 17 -16 -17 -6 -19 20 -8 -13 -23 25 -25 26 28 -28 29 -18
right_child=1 2 11 4 14 7 19 12 9 -11 -12 21 -14 -15 15 16 23 18 -20 -21 -22 22 -24 24 -26 -27 27 -29 -30 -31
leaf_value=0.0014006683699511534 -0.0037553651124795162 0.020623585130724681 0.025434121648417865 0.011221768645760475 -0.037968312550312806 0.013447936014980792 0.026409909885641875 -0.022969152104628826 -0.0012622925235793816 -0.037587632760039819 -0.011441114923477049 -0.037229874997607292 0.010713348900482061 -0.027542608668878098 0.0091488207439441912 0.019154113614360715 -0.025821513500468761 0.0034177995768646992 -0.026873205996744112 -0.038110258703950711 -0.038370792860320004 0.010715017819773822 -0.037917224651682006 0.041808094753140297 -0.011094579878553491 -0.038649273743307323 -0.013307696875976995 0.03603840249225107 -0.037992181195054694 0.018238820510229806
leaf_weight=4962.2036633025855 760.32847449928522 50.676085986196995 6.5235000848770133 99.501291215419769 16.717161308974028 23.259927917271852 6.7184329926967603 11.907492205500601 79.959213957190514 12.851103790104387 69.098220065236092 22.117000970989466 407.32581754773855 21.890385188162327 53.230666674673557 18.064627461135387 15.721827141940595 26.300720360130072 19.947831392288208 31.394717931747437 6.8104100003838539 12.717531114816666 7.3887389376759538 8.2993120849132556 16.472647458314896 16.202326111495495 17.64716961234808 11.598786383867266 18.640346579253674 11.359828576445578
leaf_count=13838 3455 105 19 348 105 98 24 55 335 80 349 129 1513 155 220 57 79 123 115 195 40 53 46 28 87 94 89 34 113 40
internal_value=0.000783112 -0.000844722 0.00170463 0.00255087 0.00162915 0.0039781 -0.00272313 0.00709138 0.00314241 -0.0057415 -0.00491567 -0.0164245 0.00974426 -0.00442832 -0.00538776 -0.00138006 -0.00583552 -0.0172366 -0.00961232 -0.0233601 -0.00602279 -0.0230074 -0.0071073 -0.010271 0.00660554 -0.0148916 -0.00967237 0.00621658 -0.0198925 -0.00723024
internal_weight=6842.88 1880.67 1098.45 1049.71 999.03 748.827 237.235 511.591 192.312 92.8103 92.3581 48.7468 419.233 782.219 250.203 187.238 134.007 62.9657 46.2486 44.9236 13.5288 42.2233 20.1063 115.942 24.772 91.1703 74.968 29.246 45.722 27.0817
internal_count=22021 8183 4573 4326 4221 3037 1022 2015 763 415 447 247 1568 3610 1184 841 621 343 238 259 64 228 99 564 115 449 355 123 232 119
cat_boundaries=0 1 2 3 4 5 6 7 8
cat_threshold=1 21 11 33 33 4 1 4
is_linear=0
shrinkage=0.03


Tree=162
num_leaves=31
num_cat=7
split_feature=17 17 1 0 10 1 1 9 6 0 0 17 0 10 17 0 0 10 17 15 14 20 0 8 0 1 17 0 17 0
split_gain=7.27767 12.2986 15.5905 31.0092 24.0745 14.446 12.1661 22.8594 18.2549 17.1858 14.5018 12.9213 12.5688 12.0191 11.2517 10.9592 11.3987 10.6961 20.909 18.6752 15.8565 14.5274 12.6817 10.6455 16.7277 16.0511 16.3742 19.5605 18.4915 10.9924
threshold=4.964500000000001 4.9615000000000009 0 54.500000000000007 5.5000000000000009 1 2 3 4 42.500000000000007 41.500000000000007 4.9655000000000014 58.500000000000007 1.5000000000000002 4.9665000000000008 36.500000000000007 32.500000000000007 6.5000000000000009 4.862000000000001 93.837000000000018 1.2500000000000002 5.5000000000000009 50.500000000000007 5 58.500000000000007 6 4.8595000000000015 44.500000000000007 0.7380000000000001 57.500000000000007
decision_type=2 2 9 2 2 9 9 1 1 2 2 2 2 2 2 2 2 2 2 2 2 2 2 9 2 9 2 2 2 2
left_child=1 17 -3 5 -5 -4 -2 9 10 13 11 -9 -12 -8 -15 16 -13 23 19 21 -20 -19 -22 24 29 26 28 -28 -25 -1
right_child=6 2 3 4 -6 -7 7 8 -10 -11 12 15 -14 14 -16 -17 -18 18 20 -21 22 -23 -24 25 -26 -27 27 -29 -30 -31
leaf_value=0.002446473160462996 0.007802742560381372 0.0093254245570875312 -3.1761220030005788e-05 -0.040126448845337802 0.0083670065731361112 -0.0091052069542559757 0.010323727071691671 0.022274071876887975 -0.032425628089543683 0.020030016961122412 -0.026146984368789653 -0.0037443600375160462 0.017302108081722875 -0.033486697708881491 0.0047386422251939021 0.013084427583906749 -0.042577680968813897 -0.022430827389057981 0.036954538705538879 -0.036825664477746989 0.0024147702386216018 0.010904925923445854 -0.037528889439801053 0.014915938794552209 0.013145520538337053 -0.0013632426369432631 0.025890283775365681 -0.016639516881227737 0.00091435269456142476 -0.021683206327205669
leaf_weight=1872.7537492848933 316.75075462460518 78.395493470132351 572.25588050112128 35.241668567061424 12.293326131999491 209.94552286341786 30.515600241720676 22.844111487269402 25.35771444439888 62.0033218562603 34.267816554754972 23.484170701354742 7.0975761711597434 15.776901841163637 12.042894870042799 19.418968107551336 9.6102019324898702 24.079220324754715 10.891118623316286 29.305396255105734 74.306474316865206 22.702538631856441 7.8082092627882949 93.650703765451908 135.39061319082975 2096.1772311851382 51.785325035452843 11.816861234605311 906.16475773602724 17.024533990770578
leaf_count=5271 953 224 1902 193 40 851 74 54 122 150 166 84 20 62 30 60 49 159 26 219 315 68 53 169 256 7214 162 59 2945 71
internal_value=0.000760234 0.000462083 -0.00276498 -0.00397637 -0.027531 -0.00258859 0.00397802 -0.000891616 -0.00877153 0.00834778 -0.00433454 0.00346828 -0.0185958 -0.00260214 -0.0168742 -0.00468229 -0.0152058 0.00101007 -0.00640992 -0.0180683 0.00310464 -0.0062007 -0.00138797 0.00125275 0.00294392 0.000157963 0.00314393 0.0179277 0.00223021 0.00222637
internal_weight=6841.16 6261.99 908.132 829.736 47.535 782.201 579.17 262.419 142.081 120.339 116.723 75.3575 41.3654 58.3354 27.8198 52.5133 33.0944 5353.86 169.093 76.0872 93.0058 46.7818 82.1147 5184.76 2025.17 3159.59 1063.42 63.6022 999.815 1889.78
internal_count=22021 20197 3210 2986 233 2753 1824 871 555 316 433 247 186 166 92 193 133 16987 840 446 394 227 368 16147 5598 10549 3335 221 3114 5342
cat_boundaries=0 1 2 3 4 5 6 7
cat_threshold=96 151 706 24 1 57 1928
is_linear=0
shrinkage=0.03


Tree=163
num_leaves=31
num_cat=19
split_feature=17 10 8 3 8 13 17 8 10 2 4 10 17 6 20 9 5 10 17 10 5 5 6 3 9 13 17 3 9 5
split_gain=7.07186 12.2719 12.2271 12.7547 12.2036 15.6874 9.98368 11.0935 17.1237 12.094 17.3876 9.89542 9.77349 9.39332 15.7659 11.7609 17.8362 10.2224 13.5315 15.7756 10.6793 9.37471 9.00894 23.9487 20.0653 18.3422 14.9023 12.2108 13.0821 20.8993
threshold=1.2755000000000003 17.500000000000004 0 1 2 3 4.964500000000001 4 1.5000000000000002 5 6 14.500000000000002 1.2690000000000003 7 4.5000000000000009 8 9 3.5000000000000004 4.9625000000000012 4.5000000000000009 10 11 12 13 14 15 1.3200000000000003 16 17 18
decision_type=2 2 9 9 9 1 2 9 2 9 9 2 2 1 2 1 1 2 2 2 1 1 1 9 1 1 2 9 1 1
left_child=2 6 -1 12 5 -5 7 8 -2 10 -10 22 -4 14 -11 17 -17 20 -19 -20 -15 -8 23 26 -25 -26 -9 28 -24 -30
right_child=1 -3 3 4 -6 -7 21 11 9 13 -12 -13 -14 15 -16 16 -18 18 19 -21 -22 -23 27 24 25 -27 -28 -29 29 -31
leaf_value=0.0084118375359200047 -0.015360219797409376 -0.034183897590888766 -0.00091299770682905625 -0.030772708528930253 0.0085208246834180251 0.0014830391210460506 -0.023404287212876056 -0.019764136488732018 -0.042009590988886923 0.016940927088940693 0.012438837113147881 0.023585119732854966 0.017551526840289797 0.0046201353272281014 -0.025358694311387115 0.0042560103733843089 -0.031249712750278671 -0.026052120522432168 -0.023483855930434769 0.017620146256969251 0.025689352593953493 0.0044868837043328755 0.0039942568799023227 0.0057785887529398765 -0.043439619083641134 -0.0059603948985024529 0.011439187749681046 -0.0019738268986069741 -0.0083435608265460502 0.0031674860828878435
leaf_weight=249.23716427385807 107.60155937820673 9.2375890258699638 1036.8933760225773 15.980992533266544 320.40815966576338 86.014340531080961 10.927775524556637 14.336853377521036 14.294190682470798 11.104840964078901 8.1648186445236206 16.138975039124489 26.349713519215584 46.174838721752167 26.643437087535858 33.180892765522003 20.42699196189642 14.97013648599386 11.213318586349486 32.245511367917061 41.466347903013229 567.08192597702146 846.02240146696568 166.17978695034981 12.45569072663784 193.80224953591824 277.89200934022665 2044.9193250983953 252.1632494032383 324.09652341902256
leaf_count=509 447 135 2359 46 656 180 47 52 72 34 27 64 48 149 119 113 94 73 46 90 105 1749 2966 577 68 784 804 7458 1006 1144
internal_value=0.00073783 0.00017462 0.00239254 0.00131474 0.00566251 -0.00324853 0.000238191 -0.00023641 -0.00515943 -0.00111858 -0.0221149 0.000211058 -0.000446772 0.000863377 -0.0128238 0.00347102 -0.00779839 0.00764072 -0.00150962 0.00691599 0.0146409 0.00395043 0.000118976 0.00331871 -0.00178414 -0.00787652 0.00956465 -0.00049363 0.00163482 -0.00183315
internal_weight=6837.62 5102.74 1734.88 1485.65 422.403 101.995 5093.5 4515.49 367.487 259.885 22.459 4148.01 1063.24 237.426 37.7483 199.678 53.6079 146.07 58.429 43.4588 87.6412 578.01 4131.87 664.667 372.438 206.258 292.229 3467.2 1422.28 576.26
internal_count=22021 18223 3798 3289 882 226 18088 16292 1369 922 99 14923 2407 823 153 670 207 463 209 136 254 1796 14859 2285 1429 852 856 12574 5116 2150
cat_boundaries=0 1 2 3 4 5 6 7 8 9 10 11 12 13 14 15 16 17 18 19
cat_threshold=41 78 272 1 2 1 1 4 22 4 4 2 4 96 17 1 166 13 1
is_linear=0
shrinkage=0.03


Tree=164
num_leaves=31
num_cat=7
split_feature=7 17 0 15 17 6 0 10 1 10 10 10 20 0 10 20 5 0 17 20 1 0 5 0 16 0 5 0 17 10
split_gain=7.15839 17.7754 17.3628 18.2634 16.9976 25.6211 19.5249 21.1818 17.8522 19.614 16.8576 36.9769 15.4939 16.5166 14.4873 15.1674 15.7844 14.4479 14.2684 14.24 16.263 21.8681 26.9996 23.3538 17.9571 17.4525 24.7975 19.5271 16.4688 13.6211
threshold=0 4.8575000000000008 56.500000000000007 93.89700000000002 4.9605000000000006 1 34.500000000000007 3.5000000000000004 2 8.5000000000000018 3.5000000000000004 2.5000000000000004 2.5000000000000004 47.500000000000007 2.5000000000000004 1.5000000000000002 3 34.500000000000007 4.8585000000000012 2.5000000000000004 4 35.500000000000007 5 30.500000000000004 -36.949999999999996 45.500000000000007 6 44.500000000000007 4.8645000000000005 1.5000000000000002
decision_type=1 2 2 2 2 1 2 2 9 2 2 2 2 2 2 2 1 2 2 2 9 2 1 2 2 2 1 2 2 2
left_child=-1 -2 3 -3 5 6 7 -5 10 14 11 -6 13 -8 15 17 -17 -10 -4 -7 25 22 23 24 -22 27 28 -21 -27 -23
right_child=1 2 18 4 8 19 12 -9 9 -11 -12 -13 -14 -15 -16 16 -18 -19 -20 20 21 29 -24 -25 -26 26 -28 -29 -30 -31
leaf_value=0.0013147158033117369 -0.004322991121219014 0.019994214692346024 0.024574978013363939 -0.021127452747248431 -0.0018322219654000049 0.009469946429042515 -0.039175119797046222 0.027942231764081445 0.049378889076565798 0.022910404310595853 -0.02247839309738214 0.048061424059822687 0.029775342917498768 0.027817163048735747 -0.026394955652426395 0.001009441750770283 -0.024477216502815615 -0.0031931724895213026 -0.022526457971737666 0.005801300958900339 0.0084085120836564879 -0.031885564114622747 -0.017712901054929668 0.026651451519350302 -0.040458042961877091 -0.01877320102619319 -0.038216962354349716 0.048510811901747074 0.030769855622791633 -0.0093932949139672491
leaf_weight=4956.5889477524906 780.04573760554194 50.519096214324236 6.5792390555143347 21.022857792675495 40.631609983742237 149.23552647605538 6.5271616056561452 12.547688663005827 7.3452857583761242 14.176498170942066 13.457706015557049 19.74109873175621 71.432077270001173 6.4941363036632538 54.041368879377842 40.382788375020027 47.031325720250607 12.493182100355623 41.570628292858601 197.20414241403341 20.948630467057228 34.632522664964199 39.585019271820784 44.779495507478714 9.8407094702124613 11.308544069528581 19.3221270814538 10.061652138829229 12.658528223633764 82.754356864839792
leaf_count=13838 3610 105 19 93 176 563 37 36 17 60 74 43 212 23 296 202 259 57 228 785 66 202 191 127 52 58 118 27 44 403
internal_value=0.000716815 -0.000859296 0.00159811 0.00240885 0.00151523 0.00377236 0.0165998 -0.00266903 -0.00526511 -0.0101543 0.00676997 0.0144852 0.0242888 -0.00557793 -0.0137205 -0.00728768 -0.0126811 0.0162714 -0.0159907 0.00137114 -0.00112594 -0.00667971 0.00229904 0.012831 -0.00719323 0.00411931 -0.0129952 0.00791148 0.0072881 -0.0160762
internal_weight=6834.96 1878.37 1098.33 1050.18 999.656 750.355 118.024 33.5705 249.301 175.47 73.8304 60.3727 84.4534 13.0213 161.294 107.253 87.4141 19.8385 48.1499 632.331 483.096 232.541 115.154 75.5688 30.7893 250.555 43.2892 207.266 23.9671 117.387
internal_count=22021 8183 4573 4326 4221 3037 401 129 1184 891 293 219 272 60 831 535 461 74 247 2636 2073 1041 436 245 118 1032 220 812 102 605
cat_boundaries=0 1 2 3 4 5 6 7
cat_threshold=1 4 492 4 1573 1 4
is_linear=0
shrinkage=0.03


Tree=165
num_leaves=31
num_cat=8
split_feature=0 0 1 17 17 17 1 17 17 2 5 17 16 17 15 10 17 17 10 17 0 13 17 15 1 5 17 10 9 20
split_gain=11.5113 14.9024 16.2267 20.2112 24.5615 35.5927 12.2158 15.2781 22.1158 12.1967 21.2737 22.2042 15.8714 15.6096 15.2756 13.4894 12.53 11.5726 21.4811 16.3441 11.3912 22.1487 20.4166 20.2891 31.6751 22.4723 23.5881 16.622 13.2884 11.0461
threshold=37.500000000000007 35.500000000000007 0 4.9675000000000002 4.1365000000000007 1.4595000000000002 1 0.85650000000000015 1.0450000000000002 2 3 4.9625000000000012 -42.349999999999994 1.4125000000000003 93.956000000000017 4.5000000000000009 0.88250000000000017 4.9615000000000009 3.5000000000000004 1.4080000000000001 34.500000000000007 4 1.2555000000000003 93.773500000000013 5 6 4.9575000000000005 2.5000000000000004 7 1.5000000000000002
decision_type=2 2 9 2 2 2 9 2 2 9 1 2 2 2 2 2 2 2 2 2 2 1 2 2 9 1 2 2 1 2
left_child=1 6 9 4 5 -4 7 -1 -9 12 13 17 15 16 -14 -3 -11 18 19 -12 -8 22 -22 28 27 26 -26 -25 -23 -6
right_child=-2 2 3 -5 29 -7 20 8 -10 10 11 -13 14 -15 -16 -17 -18 -19 -20 -21 21 23 -24 24 25 -27 -28 -29 -30 -31
leaf_value=0.016190284956186247 0.0022627131673355763 -0.04026296227473785 -0.011881022086528196 0.033445097372207647 0.00073432842963532148 0.042105242637020597 0.00070251482903964813 -0.044312335297953739 -0.0044228460129806984 0.016925568502324791 0.011891421781257924 -0.033682063338045846 0.0076966296527461687 0.021512668704256048 -0.026210683860918786 0.0028118263263914988 -0.021877861336386174 0.028157992455235235 -0.045648533750077977 -0.015677653660476108 0.0034131219609508162 0.0011976845327564356 -0.048302452567514163 0.033963190237315415 -0.027729705222071289 -0.038827218240353546 0.02091094666455302 -0.0093044428569810534 0.022491175650188072 -0.031306028736915945
leaf_weight=30.653766445815563 3420.8305586148053 21.712195329368118 73.930550590157509 8.0089843384921533 11.030550245195625 12.797049999237059 2265.7439103238285 12.860835842788218 379.48600172623992 13.454390518367292 52.627716310322285 20.401382163167 45.899335518479347 67.739422723650932 16.048165984451771 9.1491440609097463 16.5568642988801 11.919754460453985 9.4906448200345022 30.442738562822342 16.36238440126181 48.33164394646883 11.60826390981674 29.260857250541449 16.199313402175903 23.089348904788494 19.851427607238293 10.794609867036341 98.735521968454123 69.571781609207392
leaf_count=54 11569 91 252 16 52 28 6572 45 1287 23 104 88 121 217 80 33 55 26 54 150 31 129 63 78 89 128 50 49 204 380
internal_value=0.00102917 -0.000191773 -0.00503386 -0.0120379 -0.0149704 -0.00384123 0.000609389 -0.00405278 -0.005749 -0.000724121 0.00305164 -0.00513438 -0.00988529 0.013535 -0.00106716 -0.0274283 -0.00438377 0.000438152 -0.00312569 0.00174544 0.00139758 0.00717792 -0.0180384 0.0100603 -0.000396087 -0.0135059 -0.000878873 0.0178011 0.017129 -0.0268886
internal_weight=6874.59 3453.76 490.781 175.339 167.33 86.7276 2962.98 423.001 392.347 315.442 222.633 124.882 92.8088 97.7507 61.9475 30.8613 30.0113 104.481 92.5611 83.0705 2539.98 274.233 27.9706 246.263 99.1956 59.1401 36.0507 40.0555 147.067 80.6023
internal_count=22118 10549 1770 728 712 280 8779 1386 1332 1042 717 422 325 295 201 124 78 334 308 254 7393 821 94 727 394 267 139 127 333 432
cat_boundaries=0 1 2 3 4 5 6 7 8
cat_threshold=1617 200 4 1 1 257 1 24
is_linear=0
shrinkage=0.03


Tree=166
num_leaves=31
num_cat=10
split_feature=0 0 8 2 2 1 17 20 16 13 12 1 17 17 0 0 0 13 3 17 16 17 17 21 15 20 6 3 20 21
split_gain=10.81 14.0811 17.8891 19.5957 18.0872 28.9281 32.5496 22.6205 16.8936 16.7396 15.6416 11.5107 14.4711 20.2679 15.311 11.4976 10.8167 20.9672 19.8272 27.625 21.7926 21.6736 19.6571 14.3747 24.849 12.0579 10.0479 22.5149 15.7828 15.2416
threshold=37.500000000000007 35.500000000000007 0 1 2 3 4.9675000000000002 1.5000000000000002 -37.899999999999991 4 1.0000000180025095e-35 5 0.85650000000000015 1.0450000000000002 23.500000000000004 36.500000000000007 34.500000000000007 6 7 1.3200000000000003 -36.249999999999993 1.3060000000000003 1.2555000000000003 1.2424533248940002 93.89700000000002 3.5000000000000004 8 9 4.5000000000000009 1.2424533248940002
decision_type=2 2 9 9 9 9 2 2 2 1 2 9 2 2 2 2 2 1 9 2 2 2 2 2 2 2 1 9 2 2
left_child=1 11 3 -3 10 -6 7 15 -5 -9 -4 12 -1 -14 -15 -7 -13 22 21 -20 -21 -19 -18 -23 -25 -26 27 29 -28 -16
right_child=-2 2 4 8 5 6 -8 9 -10 -11 -12 16 13 14 26 -17 17 18 19 20 -22 23 -24 24 25 -27 28 -29 -30 -31
leaf_value=0.015884852729010003 0.0021941680371273553 -0.0058535995938646564 -0.027809655466884485 0.03098010126346866 0.0044762629458585555 -0.014345507585967112 0.046354776442277458 0.0027109703637089519 0.0016209863957149121 -0.03251448250033611 0.0053136770723261903 0.00068144032223553053 -0.042105922161379233 -0.044259000851344862 -0.0016551154909127288 0.035432210204735734 0.0033173704433704814 -0.0075840926826439966 0.024421093695231422 -0.030588091376863611 0.017951299415047216 0.02526425693524759 -0.047703763460274357 0.028758473175219335 0.006323362093089961 -0.040010319863170288 -0.02544664819707922 -0.013215757315296763 0.0062476001220216531 0.014747367341916201
leaf_weight=30.31301561743021 3421.8525319583714 88.420591462403536 65.171728432178497 32.956716731190681 136.08823009580374 7.9431098215281972 6.7759884223341933 14.273707881569862 38.336422879248857 75.201456263661385 15.753891758620737 2265.7438058778644 13.129714354872702 8.3483608961105329 142.9161080494523 8.490733303129673 16.332964733242992 31.076132699847221 19.13822166249156 33.482531607151031 10.910580292344092 112.62520229071379 11.405652947723864 18.815463237464428 9.0337718501687068 11.03903569281101 40.390112094581127 87.114254761487246 21.475026041269302 78.924986269325018
leaf_count=54 11569 293 298 68 458 36 9 47 106 378 51 6572 45 36 473 26 31 81 34 174 32 265 63 43 32 66 173 312 65 228
internal_value=0.000999238 -0.000184544 -0.00489876 0.00334626 -0.00873824 -0.00497564 -0.015439 -0.0209172 0.0152592 -0.0268648 -0.0213259 0.000593458 -0.0039344 -0.00557741 -0.00429384 0.01125 0.00135838 0.00699532 0.00979114 -0.00480438 -0.0185775 0.0143627 -0.0176499 0.0198332 0.00400273 -0.0190811 -0.00337432 -0.00115208 -0.014404 0.00399111
internal_weight=6873.48 3451.63 489.413 159.714 329.699 248.773 112.685 105.909 71.2931 89.4752 80.9256 2962.21 422.612 392.299 379.169 16.4338 2539.6 273.86 246.121 63.5313 44.3931 182.59 27.7386 151.513 38.8883 20.0728 370.82 308.955 61.8651 221.841
internal_count=22118 10549 1770 467 1303 954 496 487 174 425 349 8779 1386 1332 1287 62 7393 821 727 240 206 487 94 406 141 98 1251 1013 238 701
cat_boundaries=0 1 2 3 4 5 6 7 8 9 10
cat_threshold=898 2 4 1617 1 200 1 76 1 141
is_linear=0
shrinkage=0.03


Tree=167
num_leaves=31
num_cat=10
split_feature=0 0 8 1 12 20 17 0 10 10 9 13 20 5 18 17 16 1 17 17 5 9 14 7 0 10 12 8 11 0
split_gain=10.1754 13.258 16.8895 12.3733 22.8496 24.5144 21.4165 12.6714 11.0794 16.3978 12.1772 19.3282 18.3079 17.2631 15.4014 13.8658 11.4367 10.875 13.7183 18.597 10.7584 28.0137 24.7383 17.4458 15.8607 10.6349 10.3665 18.4634 16.1963 11.5546
threshold=37.500000000000007 35.500000000000007 0 1 1.0000000180025095e-35 1.5000000000000002 4.9665000000000008 36.500000000000007 3.5000000000000004 5.5000000000000009 2 3 4.5000000000000009 4 5049.8500000000013 4.0980000000000016 -37.899999999999991 5 0.85650000000000015 1.0450000000000002 6 7 1.0000000180025095e-35 8 33.500000000000007 1.5000000000000002 1.5000000000000002 9 3.5000000000000004 34.500000000000007
decision_type=2 2 9 9 2 2 2 2 2 2 1 1 2 1 2 2 2 9 2 2 1 1 2 1 2 2 2 9 2 2
left_child=1 17 8 4 5 7 -7 -4 10 -10 11 -3 16 14 -14 -15 -12 18 -1 -20 21 22 25 24 -22 -21 29 -28 -29 -19
right_child=-2 2 3 -5 -6 6 -8 -9 9 -11 12 -13 13 15 -16 -17 -18 26 19 20 23 -23 -24 -25 -26 -27 27 28 -30 -31
leaf_value=0.015582776914184249 0.0021277207139025465 0.023776523930009365 -0.01601505017139165 -0.0035486931392611849 0.01079387359466806 -0.034219208427610982 0.023651789366822461 0.035330792443627052 -0.051677173560841179 0.006047961151936768 0.043682189534612913 -0.023203748050890156 0.017278309991728431 -0.0041675656744327612 -0.027238864691752383 0.034449819164708163 0.010469363874373814 0.00095175510277191282 -0.040068032797572768 0.01330264151039166 -0.00037599938490461769 -0.0090495575087339887 0.027067449524736605 -0.025275724072368756 -0.029171951908439169 -0.024914601225153817 0.0048754406040560994 0.003106655157805257 -0.041244168006108466 0.0075849502871665987
leaf_weight=29.980646632611752 3422.8412585780025 10.972543321549892 8.5723890326917171 206.63171849772334 21.336656309664249 77.46756062656641 6.0852200761437407 8.4588580280542374 7.6456206217408207 10.117056600749491 20.641757234930992 26.985548157244921 10.039070352911947 14.733542036265133 22.129084646701813 18.838030591607094 17.630649149417877 2195.1363120041788 13.38464195281267 11.356352835893633 133.58426995575428 100.89196887984872 52.873701669275761 45.579156823456287 19.701051786541939 15.050775304436682 43.793039761483669 10.293147984892128 25.177992898970842 265.05726660788059
leaf_count=54 11569 27 40 738 68 417 15 25 39 32 37 115 17 38 87 39 36 6368 45 24 361 364 149 260 78 51 100 33 95 797
internal_value=0.000968765 -0.000180177 -0.00476054 -0.00850204 -0.0159605 -0.023256 -0.0299453 0.00936899 0.00324588 -0.018781 0.00626266 -0.00753712 0.0109976 0.00238888 -0.0132424 0.0174507 0.0285276 0.000574054 -0.00382814 -0.00541987 -0.00417821 0.00111697 0.013524 -0.00898891 -0.00411317 -0.00837796 0.00131748 -0.00934338 -0.0221035 0.0016679
internal_weight=6872.99 3450.15 488.285 328.552 121.921 100.584 83.5528 17.0312 159.733 17.7627 141.97 37.9581 104.012 65.7397 32.1682 33.5716 38.2724 2961.86 422.403 392.422 379.037 180.173 79.2808 198.864 153.285 26.4071 2539.46 79.2642 35.4711 2460.19
internal_count=22118 10549 1770 1303 565 497 432 65 467 71 396 142 254 181 104 77 73 8779 1386 1332 1287 588 224 699 439 75 7393 228 128 7165
cat_boundaries=0 1 2 3 4 5 6 7 8 9 10
cat_threshold=898 138 10 1 4 200 1 3 1 554
is_linear=0
shrinkage=0.03


Tree=168
num_leaves=31
num_cat=14
split_feature=9 8 3 3 10 1 20 17 1 17 5 3 14 10 17 17 5 1 5 15 17 17 20 20 16 12 3 17 8 1
split_gain=7.31364 17.089 28.2684 23.4788 24.176 14.4425 16.8552 14.1965 17.8652 15.8829 13.7734 13.4756 17.1918 14.4414 36.7417 14.3799 13.8781 12.8632 24.1436 21.4197 23.0748 16.5168 12.8222 12.6981 12.3342 10.9708 10.9129 18.5217 17.2272 15.7916
threshold=0 1 2 3 1.5000000000000002 4 5.5000000000000009 1.2610000000000003 5 0.88450000000000017 6 7 -3.1999999999999997 1.5000000000000002 0.77950000000000008 0.71850000000000014 8 9 10 93.956000000000017 1.3200000000000003 4.8655000000000017 5.5000000000000009 6.5000000000000009 -37.899999999999991 1.0000000180025095e-35 11 1.3200000000000003 12 13
decision_type=1 9 9 9 2 9 2 2 9 2 1 9 2 2 2 2 1 9 1 2 2 2 2 2 2 2 9 2 9 9
left_child=11 3 17 -2 5 6 -5 9 23 -4 25 -1 13 -13 15 -15 24 19 -19 20 -3 -21 -11 -9 -14 -6 27 -10 29 -28
right_child=1 2 7 4 10 -7 -8 8 26 22 -12 12 16 14 -16 -17 -18 18 -20 21 -22 -23 -24 -25 -26 -27 28 -29 -30 -31
leaf_value=-0.0068086139331427408 -0.0054133546600356412 0.001508876320650175 -0.0030348826348713608 0.024482666074910776 0.0083672903830055885 0.0048807969570331547 0.0069344753454653541 -0.0098712944643567311 -0.011347001956510349 0 -0.007724384313956229 -8.8860084056163803e-05 -0.0025085231111150515 -0.018873858527237081 0.016482573820621529 -0.06437863214427253 0.0034044192068132138 -0.0045518644050737342 0.007971984361338837 0.0061973512592941723 0.03285527590835121 -0.038233048409210865 0.013563300503112549 -0.047740607298640006 -0.033736375373114316 -0.0077573673119682909 -0.0082872977349030576 0.0037461415513758796 -0.0059489470347884972 0.010005013103431305
leaf_weight=135.34776944667101 203.44282834976912 33.530090875923634 292.8293089568615 116.95284806936979 163.64238404482603 249.87972675636411 86.239099033176899 274.9378940872848 88.313892498612404 118.08254550397396 131.34700435400009 56.749826107174158 38.659430362284184 11.529100596904756 13.332341954112051 14.502036377787588 2506.5463955625892 254.62317716702819 303.23080446571112 30.023751862347126 58.087803911417723 9.9159049838781339 134.35021578520536 8.1645247712731344 16.191067323088646 49.17461296543479 54.666342377662659 423.47648496925831 872.9265972841531 121.99880760163069
leaf_count=498 655 73 681 205 402 592 189 1136 277 281 406 120 124 31 19 56 7939 917 967 127 121 58 239 55 86 155 227 1588 3474 420
internal_value=0.000939266 0.000125683 -0.000981745 0.00351204 0.00583262 0.0104583 0.016257 -0.00252675 -0.00379498 0.00171141 -7.99049e-05 0.0021186 0.00259845 -0.00983437 -0.0237725 -0.0444889 0.00307666 0.00432867 0.00221089 0.0124898 0.0214301 -0.00482649 0.00722815 -0.0106156 -0.0118257 0.00462546 -0.00247195 0.00111239 -0.00421648 0.00418661
internal_weight=6872.69 4079.84 3079.16 1000.68 797.236 453.072 203.192 2389.75 1844.48 545.262 344.164 2792.86 2657.51 96.1133 39.3635 26.0311 2561.4 689.412 557.854 131.558 91.6179 39.9397 252.433 283.102 54.8505 212.817 1561.38 511.79 1049.59 176.665
internal_count=22118 13245 10641 2604 1949 986 394 8378 7177 1201 963 8873 8375 226 106 87 8149 2263 1884 379 194 185 520 1191 210 557 5986 1865 4121 647
cat_boundaries=0 1 2 3 4 5 6 7 8 9 10 11 12 13 14
cat_threshold=18 417 6 7 876 1392 4 2 2 888 4 8 16 129
is_linear=0
shrinkage=0.03


Tree=169
num_leaves=31
num_cat=5
split_feature=0 0 17 5 9 0 20 17 15 17 0 20 17 10 12 15 16 17 12 16 0 20 15 0 9 17 3 17 10 5
split_gain=9.65062 12.502 12.8475 17.2762 16.7082 18.3114 32.6237 12.9553 17.4664 11.6965 10.6818 10.0215 9.62926 9.23875 8.64571 8.84663 8.33835 8.66316 8.05164 10.3738 16.7558 9.84292 14.5282 7.27987 21.2775 18.332 17.5716 22.6126 19.859 19.7793
threshold=37.500000000000007 35.500000000000007 1.2690000000000003 0 1 36.500000000000007 5.5000000000000009 1.5345000000000002 93.89700000000002 4.9655000000000014 36.500000000000007 2.5000000000000004 4.8585000000000012 3.5000000000000004 1.5000000000000002 93.596500000000006 -29.949999999999999 1.1525000000000001 1.5000000000000002 -41.29999999999999 32.500000000000007 5.5000000000000009 94.127000000000024 34.500000000000007 2 1.4025000000000001 3 4.9595000000000011 2.5000000000000004 4
decision_type=2 2 2 1 1 2 2 2 2 2 2 2 2 2 2 2 2 2 2 2 2 2 2 2 1 2 9 2 2 1
left_child=1 18 11 4 5 13 -7 -6 -9 -5 -10 -3 -12 -4 15 16 17 -13 23 20 -20 22 -21 -1 -25 -26 27 -27 -28 -29
right_child=-2 2 3 9 7 6 -8 8 10 -11 12 14 -14 -15 -16 -17 -18 -19 19 21 -22 -23 -24 24 25 26 28 29 -30 -31
leaf_value=0.00028618805941241563 0.0020391637340076672 0.02594413542191075 0.029587631916750047 -0.015993631218483073 -0.033179853233318568 -0.04245633523606758 0.025128340242189913 0.013250529982128603 -0.029478316638960972 0.0082464396636937661 -0.034868930422315272 -0.033436810886815875 0.006524515655047863 -0.0025011665599021684 0.022311082117244009 0.012062718822195832 0.011168491869060937 -0.0061542974166455856 -0.052463573873971124 -0.030635087759222857 0.0032425969953410001 0.0071765287991354789 0.010561261039495709 0.013254763849943263 -0.019784582698775987 -0.040805669351104017 0.020439313928151497 -0.023705885950500556 -0.015413823249698002 0.033016113576632894
leaf_weight=2571.5938428975642 3422.999803494662 16.006797954440117 36.030052281916142 175.80487634986639 16.359658755362034 12.936475910246372 12.541120111942291 32.402621731162071 23.913256473839283 19.714554257690907 6.3542334362864521 15.487957980483769 23.105559207499027 10.163942687213419 13.949109368026255 24.772230472415686 14.008854754269121 33.268451631069183 10.771030012518169 20.31921661645174 8.594212416559456 39.003144558519125 12.169752433896063 139.62394743040204 41.38321191817522 16.734098166227341 61.015615060925484 10.65714143961668 17.822717566043139 11.253988862037659
leaf_count=7592 11569 23 96 778 73 74 33 92 140 57 48 48 87 39 27 48 23 84 46 70 22 92 27 379 132 104 168 46 77 24
internal_value=0.00091071 -0.000208795 -0.00466416 -0.00741536 -0.000514467 0.00983838 -0.00910291 -0.00799187 -0.00405051 -0.0135312 -0.0146152 0.00395735 -0.00238998 0.0224723 0.000437865 -0.00303488 -0.00905105 -0.014933 0.000522847 -0.00826186 -0.0276976 -0.002924 -0.0151266 0.000802265 0.00523681 -0.00247323 0.00340042 -0.0116333 0.0109053 0.005309
internal_weight=6870.76 3447.76 486.82 369.326 173.807 71.6716 25.4776 102.135 85.7757 195.519 53.373 117.493 29.4598 46.194 101.487 87.5375 62.7653 48.7564 2960.94 90.8574 19.3652 71.4921 32.489 2870.08 298.491 158.867 117.484 38.6452 78.8383 21.9111
internal_count=22118 10549 1770 1517 682 242 107 440 367 835 275 253 135 135 230 203 155 132 8779 257 68 189 97 8522 930 551 419 174 245 70
cat_boundaries=0 1 2 3 4 5
cat_threshold=1 18 5 166 4
is_linear=0
shrinkage=0.03


Tree=170
num_leaves=31
num_cat=14
split_feature=8 17 17 5 21 1 1 2 5 17 12 17 20 16 20 20 1 3 5 4 17 4 17 5 3 21 21 17 1 17
split_gain=14.0763 17.335 21.4006 19.4305 40.4294 29.6013 26.3038 21.9699 29.7759 18.7334 17.8659 14.1718 16.118 13.2594 14.2416 22.6682 12.9273 18.4819 15.7876 15.6653 12.3264 11.8637 10.7054 10.8432 10.649 20.11 17.1534 13.392 10.571 13.352
threshold=0 4.9690000000000003 4.964500000000001 1 1.4978661367769956 2 3 4 5 4.0980000000000016 1.0000000180025095e-35 4.1720000000000015 5.5000000000000009 -39.04999999999999 3.5000000000000004 4.5000000000000009 6 7 8 9 0.88350000000000006 10 4.9655000000000014 11 12 0.89587973461402759 1.4978661367769956 4.0980000000000016 13 4.9655000000000014
decision_type=9 2 2 1 2 9 9 9 1 2 2 2 2 2 2 2 9 9 1 9 2 9 2 1 9 2 2 2 9 2
left_child=1 2 3 4 6 7 9 8 10 20 21 -9 -13 -8 -15 -16 -4 19 -19 22 -1 24 23 -18 26 27 -5 -26 -2 -30
right_child=28 -3 16 5 -6 -7 13 11 -10 -11 -12 12 -14 14 15 -17 17 18 -20 -21 -22 -23 -24 -25 25 -27 -28 -29 29 -31
leaf_value=-0.0026252926586044748 0.0026697477215363538 -0.037726459999164901 0.0084046045437187345 -0.010061501340557565 -0.030576456952555557 0.0035535309885110799 -0.025086151723828255 0.0082499607794217396 0.030211728636664825 -0.0065924716332336963 -0.050107076019451934 -0.030572875074420667 0.0078987878323578606 0.021542880496184778 -0.03887246260363305 -0.0040878060935820911 0.019450539447866597 -0.0065597992107014414 -0.042975125255634142 0.021063201127129623 0.017429979845227657 -0.039697958721736669 -0.011347284527978809 -0.0076815022935300802 -0.031162035288930103 -0.04010559465242735 0.037625777676200921 0.010773344315596395 0.00025518005271341038 -0.0140279035287751
leaf_weight=42.886833295226097 2376.3656092956662 12.023695632815359 243.1698108650744 23.101847387850285 64.28544220328331 493.77288091182709 63.99042746797204 73.472705252468586 10.711107045412062 120.99609775841236 17.113717779517174 22.587506152689457 17.020919002592564 12.914692919701336 21.616615146398544 76.728856354951859 30.186590269207954 29.203379012644291 17.094709694385529 35.518647223711014 75.890700928866863 17.396664932370186 53.749906316399574 23.305544316768646 10.652625232934954 27.840215414762497 9.4777227342128736 18.695181421935558 2721.4790677595884 60.10560499317944
leaf_count=93 7229 73 644 85 290 1468 300 198 22 481 93 118 52 25 77 222 72 101 83 83 185 100 169 76 38 142 25 68 9131 295
internal_value=0.000429868 -0.00196061 -0.00170829 -0.00374008 -0.00844786 -0.000693582 -0.00500647 -0.00894033 -0.0174678 0.00163019 -0.0216223 0.00042926 -0.0139866 -0.0134267 -0.00788312 -0.0117958 0.00402462 -0.00193652 -0.0165638 0.00356856 0.0101673 -0.0170029 -0.0018795 0.00758135 -0.012532 -0.0186236 0.00290359 -0.00440056 0.00120378 -5.26799e-05
internal_weight=6823.36 1665.41 1653.38 1221.15 479.31 741.843 415.024 248.07 134.989 239.774 124.278 113.081 39.6084 175.251 111.26 98.3455 432.229 189.059 46.2981 142.761 118.778 107.164 107.242 53.4921 89.7676 57.188 32.5796 29.3478 5157.95 2781.58
internal_count=22038 5383 5310 4082 1673 2409 1383 941 573 759 551 368 170 624 324 299 1228 584 184 400 278 458 317 148 358 248 110 106 16655 9426
cat_boundaries=0 1 2 3 4 5 6 7 8 9 10 11 12 13 14
cat_threshold=130 1 642 574 2 4 566 68 4 1 1 1 32 453
is_linear=0
shrinkage=0.03


Tree=171
num_leaves=31
num_cat=12
split_feature=8 1 5 3 10 2 1 6 13 0 0 0 0 2 16 0 0 0 4 0 10 14 2 1 0 12 15 0 0 20
split_gain=13.2471 14.7509 24.9157 25.2568 19.3068 17.5369 16.2424 23.7181 12.7127 12.2492 20.3269 18.1878 28.7822 11.9048 10.684 19.5029 10.5962 10.3378 24.3215 19.772 10.3305 10.771 10.2082 49.4363 16.2913 21.6475 20.9673 12.985 12.7664 20.4787
threshold=0 1 2 3 1.5000000000000002 4 5 6 7 35.500000000000007 49.500000000000007 46.500000000000007 38.500000000000007 8 -39.04999999999999 42.500000000000007 31.500000000000004 40.500000000000007 9 29.500000000000004 2.5000000000000004 -1.7499999999999998 10 11 36.500000000000007 1.0000000180025095e-35 93.956000000000017 58.500000000000007 30.500000000000004 3.5000000000000004
decision_type=9 9 1 9 2 9 9 1 1 2 2 2 2 9 2 2 2 2 9 2 2 2 9 9 2 2 2 2 2 2
left_child=1 13 6 4 14 9 7 8 -3 16 11 12 -11 -1 15 -4 -6 18 19 -8 21 -19 23 24 26 -26 28 -25 -2 -30
right_child=22 2 3 -5 5 -7 17 -9 -10 10 -12 -13 -14 -15 -16 -17 -18 20 -20 -21 -22 -23 -24 27 25 -27 -28 -29 29 -31
leaf_value=0.011971420392640392 0.020085121939981476 -0.038226230226789233 0.0018926758866587455 -0.022804541269805016 -0.0034836188410081047 -0.026466856572324865 0.01547312905615085 -0.041739810170332778 -0.0017188454117587995 0.029893490732253444 -0.020971028852072839 0.036675455451811063 -0.022912607346792565 -4.1556953967426619e-05 0.0076452061339924542 -0.044781092645350927 -0.047903479871861082 0.017536939908667525 -0.035546583111880935 -0.0040405983947658479 0.019363248909286396 -0.0024757873892168607 0.0016221154260258898 -0.017731003255243075 0.01158204898765278 -0.019323627376570073 -0.03959620392412859 0.00068927441466533638 0.014420724543048319 -0.030062019026514203
leaf_weight=84.023289870470762 19.780827760696411 9.24668999761343 30.385860316455364 95.979533743113279 9.5616078749299067 53.927782390266657 64.790508601814508 17.816386483609676 108.65904431417584 15.792102396488188 27.908006429672241 16.491800531744957 22.248638778924942 628.09752139076591 104.63707448169589 10.8083658516407 10.045035667717455 34.144533768296242 17.108965247869492 166.61707516759634 53.554954770952463 81.893506176769733 4627.9270557779819 173.30829831212759 220.11129332333803 22.322672445327044 14.526575371623037 42.582162324339151 17.01459015160799 20.219329468905926
leaf_count=236 37 51 101 409 32 215 128 99 387 36 113 37 92 1940 274 62 50 53 80 535 144 309 14779 736 705 81 99 105 42 71
internal_value=0.000417314 -0.0019031 -0.0043323 -0.0101048 -0.00512487 -0.0126313 -0.000257925 -0.00890163 -0.00463731 -0.00527161 -0.00015556 0.0104611 -0.000891309 0.00135411 0.00253508 -0.0103595 -0.026521 0.0026907 -0.00113145 0.00141431 0.00846517 0.00339721 0.00116783 -0.00277179 0.00484556 0.00871717 -0.00754988 -0.013462 0.000617591 -0.00967044
internal_weight=6821.53 1663.74 951.617 397.786 301.806 155.975 553.832 135.722 117.906 102.047 82.4405 54.5325 38.0407 712.121 145.831 41.1942 19.6066 418.11 248.517 231.408 169.593 116.038 5157.79 529.866 313.975 242.434 71.5413 215.89 57.0147 37.2339
internal_count=22038 5383 3207 1421 1012 575 1786 537 438 360 278 165 128 2176 437 163 82 1249 743 663 506 362 16655 1876 1035 786 249 841 150 113
cat_boundaries=0 1 2 3 4 5 6 7 8 9 10 11 12
cat_threshold=130 564 4 197 2 130 1 1 1 1 1 79
is_linear=0
shrinkage=0.03


Tree=172
num_leaves=31
num_cat=9
split_feature=8 5 10 15 5 3 12 3 20 6 7 0 0 15 10 14 0 10 6 10 15 15 0 0 10 0 7 14 0 20
split_gain=12.5134 11.1922 17.3307 17.8718 8.99327 24.0082 14.393 13.3846 12.4455 14.6462 17.4947 12.1327 18.4751 15.3497 12.4958 27.2216 11.608 13.0309 10.9759 24.6811 10.7512 10.4168 14.6489 20.2027 10.2963 12.5378 13.8606 17.2261 10.8101 10.0339
threshold=0 1 3.5000000000000004 93.406500000000008 2 3 1.0000000180025095e-35 4 4.5000000000000009 5 6 28.500000000000004 29.500000000000004 93.284500000000023 6.5000000000000009 1.2500000000000002 42.500000000000007 3.5000000000000004 7 3.5000000000000004 92.928000000000011 94.340000000000018 31.500000000000004 40.500000000000007 5.5000000000000009 24.500000000000004 8 1.0000000180025095e-35 35.500000000000007 4.5000000000000009
decision_type=9 1 2 2 1 9 2 9 2 1 1 2 2 2 2 2 2 2 1 2 2 2 2 2 2 2 1 2 2 2
left_child=1 2 -1 -4 7 18 8 21 9 24 16 14 -13 -14 15 -9 17 -11 19 -6 -10 -2 -23 -24 25 -7 -27 -28 -26 -17
right_child=4 -3 3 -5 5 6 -8 11 20 10 -12 12 13 -15 -16 29 -18 -19 -20 -21 -22 22 23 -25 28 26 27 -29 -30 -31
leaf_value=-0.0027671546238219767 -0.0013137321857816249 0.0001634056104619292 -0.039963825278829829 -0.0095779941896762047 0.0058927192770380533 0.020177178102068215 0.0065500510750457546 -0.00064928553161648791 0.0034869434232269701 -0.04396547489357068 0.0014018181629926088 0.019670251452250837 -0.0016191259314516778 0.0056967815116240909 0.023849566050049464 -0.038894424881783039 -0.0048910494712240439 -0.0011002481146245053 0.0041967948349949128 0.031715891372549328 -0.010355440834312684 0.0088682183437918515 -0.03368368412019411 -0.0053697660003859905 -0.0020702165436545968 0.0039474576496536786 0.016891199945209358 -0.0088183236934671651 0.025673387982356417 -0.0051414625568012165
leaf_weight=567.53366206213832 1248.643837172538 989.02142410352826 22.139503873884678 83.187605023384094 137.9878428094089 28.183023974299431 210.89494143798947 136.41944049671292 64.470671415328979 24.82966535538435 61.203054964542389 58.899954527616501 468.61792212724686 573.06081794202328 12.541303932666777 27.501485258340836 22.558587055653334 8.7812298312783224 1084.9722304157913 44.030280824750662 227.45191457122564 27.509919263422489 35.989535380154848 62.036663461476564 20.704718362540007 297.56400813907385 26.344310112297535 203.71570547670126 31.553144311532378 11.471142269670962
leaf_count=1837 3888 3138 112 296 399 60 528 357 149 106 285 129 1240 2154 35 118 73 27 3346 101 1012 87 205 280 92 748 53 1023 119 41
internal_value=0.000403513 -0.00185325 -0.00484907 -0.0160253 0.00113264 0.00242887 -0.000572775 -7.67377e-05 -0.00205839 4.26159e-05 -0.00965081 0.00211042 0.0033314 0.00240287 -0.0049097 -0.00699562 -0.0217283 -0.0328919 0.00530359 0.0121698 -0.00728795 -0.00212959 -0.0103827 -0.0158193 0.00191991 0.000716039 -0.000321419 -0.00585522 0.014641 -0.029075
internal_weight=6819.82 1661.88 672.861 105.327 5157.94 2495.25 1228.25 2662.69 1017.36 725.437 117.373 1288.51 1100.58 1041.68 187.933 175.392 56.1695 33.6109 1266.99 182.018 291.923 1374.18 125.536 98.0262 608.065 555.807 527.624 230.06 52.2579 38.9726
internal_count=22038 5383 2245 408 16655 8121 4275 8534 3747 2586 491 4074 3523 3394 551 516 206 133 3846 500 1161 4460 572 485 2095 1884 1824 1076 211 159
cat_boundaries=0 1 2 3 4 5 6 7 8 9
cat_threshold=130 1 4 70 69 1 1 4 1
is_linear=0
shrinkage=0.03


Tree=173
num_leaves=31
num_cat=13
split_feature=17 13 17 9 3 1 1 17 1 2 9 3 6 5 17 21 21 0 17 17 17 3 21 0 6 16 0 0 0 0
split_gain=11.5371 6.79646 13.9621 12.6893 18.1121 9.94666 9.84207 11.2809 14.7362 9.65196 11.0256 21.142 16.4223 15.3826 19.3822 15.82 14.9833 12.9537 10.3638 9.47211 15.0714 9.38623 12.9003 13.6931 11.2709 10.3928 11.9598 10.3115 30.3327 17.663
threshold=4.9690000000000003 0 0.71550000000000014 1 2 3 4 0.75350000000000017 5 6 7 8 9 10 4.9635000000000007 0.89587973461402759 1.7005986908310777 52.500000000000007 1.2555000000000003 0.87950000000000006 1.3305000000000002 11 1.2424533248940002 33.500000000000007 12 -37.899999999999991 40.500000000000007 41.500000000000007 43.500000000000007 38.500000000000007
decision_type=2 1 2 1 9 9 9 2 9 9 1 9 1 1 2 2 2 2 2 2 2 9 2 2 1 2 2 2 2 2
left_child=1 3 5 4 19 -3 9 8 -8 10 13 12 -12 14 15 -4 -15 -18 -17 -1 -21 24 27 -24 -5 26 -25 29 -29 -23
right_child=-2 2 6 21 -6 -7 7 -9 -10 -11 11 -13 -14 16 -16 18 17 -19 -20 20 -22 22 23 25 -26 -27 -28 28 -30 -31
leaf_value=0.0068783117598296755 -0.026358476729176822 -0.0028809694946767984 0.0086366990056682379 -0.019538955428091781 0.010272051416705608 0.012322677612199039 0.0038744844243895895 0.00019385076996608522 -0.020192086943507406 -0.00046218908103386945 0.031940973969988781 -0.010352259510136116 0.0034315666075952558 0.011200621895775637 0.025427485486103515 0.0048469373497922984 0.014219592414941348 0.055018320884607945 -0.02318829147039074 -0.048042417872376092 -0.0046040119011587178 -0.010597036573248871 0.013500267483668065 -0.022952003390219005 0.0051044597998431253 -0.034154829160425865 0.0078003958431468214 0.032935530495843565 -0.0083241573527868713 -0.040906486149328687
leaf_weight=14.905888229608534 14.376483179628847 52.66779150813818 45.501235894858837 18.779098883271217 132.97871589660645 142.51157718524337 39.480970788747072 4828.2055535744876 45.059577286243439 343.35202891752124 22.479859448969364 86.85501778498292 95.343347422778606 181.39327217638493 23.917302913963795 16.489497855305672 14.459590893238785 14.1433834657073 40.548530891537666 12.052252069115641 18.087233074009418 197.96477769315243 53.22932293266058 16.323461264371872 143.24047639966011 10.54597222805023 36.869202435016632 18.425506964325905 118.73103152215481 18.987907566130161
leaf_count=27 77 144 128 61 315 306 82 16523 132 934 41 309 270 457 56 34 45 19 183 48 60 593 121 80 358 31 113 45 361 85
internal_value=0.000391295 0.000448648 0.000797868 -0.00212741 0.00479667 0.00868884 0.000531535 2.90167e-06 -0.010854 0.00342528 0.00596037 0.000209702 0.00822167 0.00917003 0.00114875 -0.0045043 0.0144197 0.0346194 -0.0150366 -0.0102337 -0.0221749 -0.00409077 -0.00622217 0.00226169 0.00209039 -0.0070833 -0.00160579 -0.00920851 -0.00273955 -0.0132812
internal_weight=6817.91 6803.53 5992.41 811.121 178.024 195.179 5797.23 4912.75 84.5405 884.483 541.131 204.678 117.823 336.453 126.457 102.539 209.996 28.603 57.038 45.0454 30.1395 633.097 471.077 116.968 162.02 63.7386 53.1927 354.109 137.157 216.953
internal_count=22038 21961 19663 2298 450 450 19213 16737 214 2476 1542 620 311 922 401 345 521 64 217 135 108 1848 1429 345 419 224 193 1084 406 678
cat_boundaries=0 1 2 3 4 5 6 7 8 9 10 11 12 13
cat_threshold=1 16 64 770 356 1552 2 13 226 4 1 162 4
is_linear=0
shrinkage=0.03


Tree=174
num_leaves=31
num_cat=11
split_feature=17 13 17 14 1 9 1 7 3 15 10 17 10 5 17 3 14 10 17 20 20 17 17 1 1 17 17 1 17 17
split_gain=10.9571 6.37433 13.2885 12.0184 25.562 16.6131 14.1685 19.638 13.6589 12.8345 13.2401 11.6142 15.1068 15.177 13.2377 11.9925 11.5293 15.3057 14.4592 10.8247 13.6591 9.93186 9.88559 9.52952 9.25236 10.697 9.64889 9.17159 10.4999 10.0527
threshold=4.9690000000000003 0 0.71550000000000014 -1.3999999999999997 1 2 3 4 5 93.01900000000002 2.5000000000000004 1.4490000000000003 2.5000000000000004 6 1.2395000000000003 7 -1.7499999999999998 1.5000000000000002 1.2950000000000002 5.5000000000000009 3.5000000000000004 1.2670000000000001 1.2555000000000003 8 9 0.83900000000000008 0.86950000000000016 10 0.75350000000000017 0.7380000000000001
decision_type=2 1 2 2 9 1 9 1 9 2 2 2 2 1 2 9 2 2 2 2 2 2 2 9 9 2 2 9 2 2
left_child=1 3 23 5 -5 8 16 11 9 10 -1 12 15 -14 -15 21 17 18 22 20 -6 -8 -7 -3 -4 27 -27 -26 29 -29
right_child=-2 2 24 4 19 6 7 -9 -10 -11 -12 -13 13 14 -16 -17 -18 -19 -20 -21 -22 -23 -24 -25 25 26 -28 28 -30 -31
leaf_value=-0.02330446448822996 -0.02580625508197865 -0.0028031609085968075 0.0033204406327444176 0.0028529809896213902 -0.042105048490948455 -0.0071655830204351099 -0.0025168761502992673 -0.033116835608143047 0.015307515909468545 0.016182023635068179 0.011602122174867686 0.026904557271571271 -0.0067434511539791603 -0.0049642689804314053 0.026215858458290959 0.0057736833389199901 0.011604359821151346 -0.027298690189615744 -0.025498014065469331 -0.048049917267062391 -0.0011032240453486249 -0.016475345481696355 0.021438202943236076 0.012084334454029916 0.0011218288093743161 0.013952390341036467 0.00011194627669989211 -0.016804801553662783 -0.0035530436689327834 -0.049820023634505273
leaf_weight=30.332188472151756 14.247713118791578 52.784376733005047 884.26047485694289 63.045346975326538 12.723182678222658 27.406296901404858 128.02854941785336 15.572400413453577 86.003291964530945 21.197287932038307 14.207175508141516 15.024406552314757 31.398449927568436 16.038075305521488 49.487115569412708 84.574181199073792 16.294588834047318 52.411633752286434 22.018782697618008 18.594871021807194 17.391205921769142 72.003627836704254 17.807657614350319 141.18226657062769 65.01582483574748 45.680645320564508 4724.0872257351875 31.868171811103821 35.235378008335829 11.482153106480835
leaf_count=109 77 144 2476 224 85 62 278 70 168 35 35 27 92 34 107 197 28 198 89 90 62 277 31 306 140 78 16304 86 87 42
internal_value=0.000379344 0.000435004 0.000773341 -0.00205896 -0.0111915 -0.000594876 -0.00303652 -0.000169234 0.00788139 -0.00253939 -0.0121017 0.00112079 9.07939e-05 0.0103217 0.0185425 -0.00338523 -0.0110958 -0.0151462 -0.00560167 -0.0248856 -0.0186076 -0.00720221 0.00405635 0.00849641 0.000514297 1.84456e-06 0.000245417 -0.00806201 -0.0140472 -0.0257131
internal_weight=6817.4 6803.16 5991.6 811.56 111.755 699.806 548.066 412.127 151.74 65.7367 44.5394 396.554 381.53 96.9236 65.5252 284.606 135.939 119.644 67.2327 48.7093 30.1144 200.032 45.214 193.967 5797.63 4913.37 4769.77 143.602 78.5857 43.3503
internal_count=22038 21961 19663 2298 461 1837 1490 1082 347 179 144 1012 985 233 141 752 408 380 182 237 147 555 93 450 19213 16737 16382 355 215 128
cat_boundaries=0 1 2 3 4 5 6 7 8 9 10 11
cat_threshold=1 1684 16 180 1 70 1 77 770 356 664
is_linear=0
shrinkage=0.03


Tree=175
num_leaves=31
num_cat=17
split_feature=13 9 17 0 17 1 8 2 8 1 1 17 0 3 6 17 8 0 2 17 0 1 9 0 3 21 0 9 1 15
split_gain=10.7148 14.9384 14.0742 25.6571 14.2513 13.9916 14.5807 18.8997 12.8547 16.2603 16.0429 34.2325 14.1892 11.828 11.7021 20.4773 11.4879 12.6739 20.5092 10.6928 10.2911 10.2112 21.333 16.6511 19.4888 26.2696 28.1318 24.5521 18.9485 18.823
threshold=0 1 1.4190000000000003 43.500000000000007 4.0485000000000015 2 3 4 5 6 7 1.2690000000000003 36.500000000000007 8 9 0.88350000000000006 10 55.500000000000007 11 1.3305000000000002 35.500000000000007 12 13 41.500000000000007 14 0.89587973461402759 27.500000000000004 15 16 92.681000000000012
decision_type=1 1 2 2 2 9 9 9 9 9 9 2 2 9 1 2 9 2 9 2 2 9 1 2 9 2 2 1 9 2
left_child=1 8 5 20 -5 6 7 -3 10 14 11 -1 -13 -11 15 -10 -15 18 -18 -12 -4 22 -2 24 -23 -26 -27 -28 -25 -30
right_child=21 2 3 4 -6 -7 -8 -9 9 13 19 12 -14 16 -16 -17 17 -19 -20 -21 -22 23 -24 28 25 26 27 -29 29 -31
leaf_value=0.022689231640795466 0.0046142792216614459 0.0044561747882498537 0.0028496098282737689 -0.04742682677901864 0.00084069881887140761 -0.0032636016838520545 -0.025084139567516085 -0.027120198437133425 -0.0020135321708437647 0.01362562671882704 0.011772642569275467 -0.0039063999806305816 -0.035916191586187009 0.0060444650053452639 0.00745156926023213 -0.044700995511692133 -0.011849801910341141 0.011800237607391925 -0.068272269519969342 0.037090400800236928 0.027826631773869043 0.0031923727722898607 -0.00089449321664784615 -0.010394625625517545 0.0038702271406416138 -0.040382798473275187 -3.1039917583040778e-05 -0.018167481029673558 -0.026496320274046404 -0.00023341330677433372
leaf_weight=35.440416924655437 1628.5932365562767 55.272848770022392 30.323346644639969 10.59860320389271 11.088463410735129 228.27967059612274 72.19437700510025 24.49589117616415 18.121116444468498 45.61749642342329 38.055262513458729 36.42314251512289 19.073132678866386 43.343079276382923 11.838018856942652 23.262104719877243 20.416569247841835 9.2988144531846029 8.1341700404882449 25.426478169858456 29.605310507118702 1639.272377550602 1030.0477926209569 230.6170837059617 257.80841652676463 23.733241818845272 200.42543073743582 94.034118384122849 25.142661556601524 920.80554580315948
leaf_count=55 4764 105 105 57 54 641 272 70 37 92 95 122 93 93 29 114 74 18 41 47 80 5082 3332 931 832 112 731 428 72 3550
internal_value=0.00066532 -0.00260468 -0.00602649 0.00511895 -0.0227197 -0.00858582 -0.0153309 -0.00464338 0.0022257 -0.003162 0.00833378 -0.000246595 -0.0150064 0.00283285 -0.0156668 -0.026131 -0.00403471 -0.0144814 -0.0282116 0.0190125 0.0152643 0.00109622 0.00248356 5.23257e-07 0.00153326 -0.0031832 -0.00900693 -0.00645503 -0.00288268 -0.000927557
internal_weight=6846.79 796.308 461.859 81.6157 21.6871 380.243 151.963 79.7687 334.45 180.031 154.418 90.9367 55.4963 126.81 53.2212 41.3832 81.1926 37.8496 28.5507 63.4817 59.9287 6050.48 2658.64 3391.84 2215.27 576.001 318.193 294.46 1176.57 945.948
internal_count=22128 2294 1384 296 111 1088 447 175 910 498 412 270 215 318 180 151 226 133 115 142 185 19834 8096 11738 7185 2103 1271 1159 4553 3622
cat_boundaries=0 1 2 3 4 5 6 7 8 9 10 11 12 13 14 15 16 17
cat_threshold=1 18 53 395 2 72 720 115 138 1 35 2 365 21 78 21 1040
is_linear=0
shrinkage=0.03


Tree=176
num_leaves=31
num_cat=12
split_feature=3 8 0 9 15 16 17 0 2 9 4 17 0 0 8 1 0 0 6 17 3 17 1 17 3 0 0 17 0 0
split_gain=7.73776 23.7388 13.071 19.7789 16.386 15.4141 13.1379 12.7103 11.7302 14.9048 20.6092 12.5723 16.7605 11.4073 10.2506 16.4285 16.5223 20.9791 15.5209 21.8721 13.2763 13.7277 13.1504 18.3506 23.497 15.1231 23.424 15.5408 14.7477 14.2153
threshold=0 1 43.500000000000007 2 93.01900000000002 -37.899999999999991 4.9665000000000008 31.500000000000004 3 4 5 4.8655000000000017 36.500000000000007 29.500000000000004 6 7 39.500000000000007 37.500000000000007 8 1.2950000000000002 9 4.964500000000001 10 4.9615000000000009 11 30.500000000000004 31.500000000000004 4.9625000000000012 39.500000000000007 47.500000000000007
decision_type=9 9 2 1 2 2 2 2 9 1 9 2 2 2 9 9 2 2 1 2 9 2 9 2 9 2 2 2 2 2
left_child=1 7 8 4 -4 -6 -5 -1 -3 10 11 12 -10 -11 22 16 17 18 19 -16 -18 -22 23 28 -25 -26 -27 29 -2 -28
right_child=14 2 3 6 5 -7 -8 -9 9 13 -12 -13 -14 -15 15 -17 20 -19 -20 -21 21 -23 -24 24 25 26 27 -29 -30 -31
leaf_value=-0.042437332350313522 0.0049871209193879428 0.023370440920697875 0.0087899023636918427 0.0055461701745628212 -0.052084647745952922 -0.010499525843392367 0.030589170371098977 -0.01135291944200258 0.016997739259634076 -0.055656232777802177 -0.02591993507148551 0.041201357919158112 -0.026087871516833713 -0.016198792264539141 0.0099012417795099252 0.00056631984062371758 -0.016013536734447772 0.026435012727955554 0.016553586936425894 -0.026114648834029804 -0.0061108858678672658 0.025644440252308429 0.0036675338938220825 0.0024574744556919523 -0.04463508935224017 0.032821123502400289 0.0042138683920579052 -0.034392935954457977 -0.0049939034373049128 -0.037524079737547268
leaf_weight=13.247982028871773 399.26229648664594 10.494164038449526 19.012043099850416 250.75158854946494 12.633390843868254 22.529923990368843 20.3793885409832 114.16610726900399 26.893487296998501 7.4648378565907469 17.382949944585562 10.366868652403353 11.500596001744269 58.644443981349468 24.856120873242617 3184.7970212325454 145.98748091608286 26.197420038282871 23.549196485430002 38.335601463913918 69.703026596456766 14.755779787898062 1931.9818759635091 93.03710338845849 18.301777012646198 8.3595642745494825 28.29635613411665 34.571167528629303 199.61905470117927 9.7696379721164686
leaf_count=66 1150 36 40 812 62 105 48 491 70 41 102 24 54 303 54 10183 523 65 63 171 225 31 5885 306 90 17 101 180 768 62
internal_value=0.000643825 -0.00259684 0.000608894 0.00394857 -0.0114013 -0.0256305 0.00718524 -0.0135747 -0.00693568 -0.00937895 0.00172192 0.0120227 0.00397966 -0.0180505 0.000955652 -0.000112132 -0.00624946 0.00294604 -0.0041358 -0.0119073 -0.0110394 -0.000450409 0.00233548 -0.000918612 -0.00899204 -0.0181615 -0.0143345 -0.0198404 0.00165496 -0.00648982
internal_weight=6846.85 595.468 468.054 325.306 54.1754 35.1633 271.131 127.414 142.747 132.253 66.1439 48.761 38.3941 66.1093 6251.38 3528.18 343.385 112.938 86.7409 63.1917 230.446 84.4588 2723.2 791.217 192.336 99.2985 80.9967 72.6372 598.881 38.066
internal_count=22128 2254 1697 1067 207 167 860 557 630 594 250 148 124 344 19874 11315 1132 353 288 225 779 256 8559 2674 756 450 360 343 1918 163
cat_boundaries=0 1 2 3 4 5 6 7 8 9 10 11 12
cat_threshold=1 136 4 1 20 1 440 48 1 98 1672 136
is_linear=0
shrinkage=0.03


Tree=177
num_leaves=31
num_cat=17
split_feature=13 17 9 20 17 1 2 1 12 2 15 15 17 1 9 3 17 1 5 4 7 17 5 2 15 2 2 10 16 16
split_gain=10.0465 14.6526 14.3981 27.1814 11.0383 18.8131 14.9218 14.5124 10.0862 10.0374 20.1047 10.4019 9.92023 9.33055 20.1036 15.595 18.1393 24.6321 15.1824 15.7621 14.5803 12.8297 11.8689 11.5375 9.85214 12.3398 9.43953 9.25727 8.80527 8.77868
threshold=0 0.65150000000000008 1 1.5000000000000002 1.4190000000000003 2 3 4 1.5000000000000002 5 92.681000000000012 93.01900000000002 0.88250000000000017 6 7 8 0.88150000000000006 9 10 11 12 1.2610000000000003 13 14 93.596500000000006 15 16 1.5000000000000002 -37.899999999999991 -36.949999999999996
decision_type=1 2 1 2 2 9 9 9 2 9 2 2 2 9 1 9 2 9 1 9 1 2 1 9 2 9 9 2 2 2
left_child=1 -1 -3 -4 7 -6 -7 8 9 10 -5 -11 -10 14 -2 18 27 26 19 28 21 -19 23 -22 -20 -26 -18 -17 -16 -28
right_child=13 2 3 4 5 6 -8 -9 12 11 -12 -13 -14 -15 15 16 17 20 24 -21 22 -23 -24 -25 25 -27 29 -29 -30 -31
leaf_value=-0.030430291061027563 0.0044354509383358748 0.0028426377174914546 -0.038355568193443323 0.003320874907882021 0.017185777046895046 -0.032861654287851205 0.006043371102898985 -0.0008208777177358056 -0.01936924359360433 -0.02076243313413588 -0.050408483031783538 0.002344256858345144 0.014865110362520355 -4.7046601288538933e-06 0.0097117743647363933 0.014394624259479641 0.0016901033968948005 -0.013442373908986451 0.020695067165217591 -0.040056662077822873 -0.03683698890294345 0.0018176489259057425 -0.019763705990189305 0.00096763438368727866 -0.021713233934229002 0.012266513862461517 -0.03521744499196585 -0.0021198110288758172 -0.014368954808623845 -0.011905434821788468
leaf_weight=16.518189653754234 1628.7116492781788 325.75918128341436 21.442814528942108 8.9459127634763735 44.097055643796921 16.520866230130196 18.756945662200451 215.24872860312462 12.843230716884138 51.194893322885036 19.987329848110676 26.278525166213512 18.394195035099983 3390.7250598967075 40.285627484321594 75.731637466698885 12.289535284042358 55.904810272157192 70.45772410929203 9.3639211282134038 7.957457110285759 432.31614704802632 69.009990464895964 72.677558597177267 13.047363318502903 35.526100523769855 40.742200255393982 50.642730139195919 20.520272042602301 23.518487878143787
leaf_count=48 4764 888 95 16 136 85 57 581 33 172 94 56 33 11738 110 146 44 148 134 59 57 1220 370 319 56 131 203 120 93 122
internal_value=0.000623938 -0.0025431 -0.00194446 -0.00533314 -0.00380296 0.00628109 -0.00945902 -0.00608076 -0.0132559 -0.0186157 -0.0337383 -0.0128932 0.000677071 0.00104119 0.00236725 -0.000911608 -0.00267569 -0.00456354 0.00665107 -0.00402973 -0.00240617 6.17281e-05 -0.0106331 -0.00276696 0.0135291 0.00305169 -0.019603 0.00775654 0.0015257 -0.026764
internal_weight=6845.42 795.988 779.47 453.71 432.268 79.3749 35.2778 352.893 137.644 106.407 28.9332 77.4734 31.2374 6049.43 2658.7 1029.99 840.791 714.416 189.201 70.1698 637.866 488.221 149.645 80.635 119.031 48.5735 76.5502 126.374 60.8059 64.2607
internal_count=22128 2294 2246 1358 1263 278 142 985 404 338 110 228 66 19834 8096 3332 2749 2483 583 262 2114 1368 746 376 321 187 369 266 203 325
cat_boundaries=0 1 2 3 4 5 6 7 8 9 10 11 12 13 14 15 16 17
cat_threshold=1 18 19 2 53 4 365 21 164 72 1 1 1 1 1 4 1
is_linear=0
shrinkage=0.03


Tree=178
num_leaves=31
num_cat=9
split_feature=13 17 9 20 8 8 3 6 17 15 17 17 0 17 18 9 17 20 17 10 6 0 0 17 20 0 0 3 10 0
split_gain=9.41526 13.4797 13.5204 25.5593 14.9471 12.5674 14.9962 18.2771 15.0127 12.7267 10.6112 11.0381 12.0777 10.0863 8.6645 10.1387 12.7785 8.36076 9.77612 17.6682 15.6269 15.5273 11.2837 7.93663 7.86407 8.87222 22.5576 7.67119 9.10653 8.56793
threshold=0 0.65150000000000008 1 1.5000000000000002 2 3 4 5 1.4595000000000002 92.405000000000015 1.3390000000000002 1.3200000000000003 37.500000000000007 0.85250000000000015 5013.1000000000013 6 0.88150000000000006 4.5000000000000009 1.3305000000000002 1.5000000000000002 7 38.500000000000007 30.500000000000004 1.2650000000000003 4.5000000000000009 32.500000000000007 33.500000000000007 8 3.5000000000000004 44.500000000000007
decision_type=1 2 1 2 9 9 9 1 2 2 2 2 2 2 2 1 2 2 2 2 1 2 2 2 2 2 2 9 2 2
left_child=1 -1 5 -4 10 6 8 -8 13 -9 11 23 -13 -3 15 16 -2 18 20 -20 21 22 -7 -5 25 -25 -27 28 -6 -29
right_child=14 2 3 4 27 17 7 9 -10 -11 -12 12 -14 -15 -16 -17 -18 -19 19 -21 -22 -23 -24 24 -26 26 -28 29 -30 -31
leaf_value=-0.028940615030850672 0.0031817233182538868 0.015670224321814422 -0.037163513776792383 -0.005074498482706153 -0.00028444741676080247 -0.02408188505173494 0.016027437582711433 0.0075165895585539528 0.031460299166098271 -0.026286115421218 -0.040266674672149991 -0.01595276223205034 0.029861411456785895 -0.012141360978565391 0.00073160060909072556 0.0080796480179592834 -0.025062454248158304 0.015244159287775073 0.042258507245832952 -0.0056724006793540376 0.019619950348993557 -0.040518260372093731 0.010779446388681193 -0.031843261138218587 -0.03460211729896967 0.033021087072866578 -0.021371751352561079 0.018834220855441144 -0.024967465889998482 -0.0045594824470814232
leaf_weight=16.847347870469093 48.864878032356501 19.431311339139938 21.469482731074095 71.329840622842312 186.87782385200262 13.352177210152147 15.496386528015137 12.113342300057409 17.26831591129303 53.716176740825176 10.376084454357622 8.5976025089621562 12.543292827904223 29.257083714008331 5705.3057678081095 273.02568649128079 20.262215569615364 84.403293877840042 13.135847374796869 14.268258437514303 18.165154412388802 13.216740570962427 21.878225922584534 14.157216347754 21.363886818289757 10.216191731393339 20.341107293963432 41.07278086990118 14.419751107692717 21.096434146165848
leaf_count=48 112 29 95 176 474 45 39 20 58 207 55 38 38 80 19001 659 62 179 30 48 37 61 55 59 99 20 95 98 53 58
internal_value=0.00060618 -0.00245875 -0.00187896 -0.00516186 -0.00367708 0.0027604 -0.00360782 -0.011669 0.00652194 -0.0200186 -0.0103193 -0.00896681 0.011101 -0.000971028 0.00101034 0.00564794 -0.00443705 0.00794482 0.00219488 0.0172638 -0.00397603 -0.0129073 -0.00237871 -0.012082 -0.019582 -0.0122774 -0.0030404 0.000928862 -0.00198066 0.00935132
internal_weight=6843.87 796.411 779.564 453.861 432.392 325.702 147.283 81.3259 65.9567 65.8295 168.925 158.549 21.1409 48.6884 6047.46 342.153 69.1271 178.42 94.0164 27.4041 66.6123 48.4471 35.2304 137.408 66.0784 44.7145 30.5573 263.467 201.298 62.1692
internal_count=22128 2294 2246 1358 1263 888 433 266 167 227 580 525 76 109 19834 833 174 455 276 78 198 161 100 449 273 174 115 683 527 156
cat_boundaries=0 1 2 3 4 5 6 7 8 9
cat_threshold=1 18 576 403 139 4 2 1 104
is_linear=0
shrinkage=0.03


Tree=179
num_leaves=31
num_cat=8
split_feature=13 17 1 0 1 18 6 15 0 0 0 21 8 17 0 17 8 17 16 17 6 21 0 0 0 17 4 21 0 0
split_gain=8.86915 12.4089 8.73848 15.2104 17.611 18.1335 18.0461 17.4032 19.2261 12.7372 20.2915 14.152 22.4128 14.0414 13.6432 12.9079 12.1731 16.0924 12.2922 12.1717 34.5202 36.598 20.4279 15.8131 17.1672 12.7415 22.7299 24.3978 21.1281 20.1547
threshold=0 0.65150000000000008 1 41.500000000000007 2 5049.8500000000013 3 92.681000000000012 54.500000000000007 40.500000000000007 30.500000000000004 1.7005986908310777 4 4.9675000000000002 48.500000000000007 4.9675000000000002 5 1.3880000000000001 -29.949999999999999 4.9605000000000006 6 0.89587973461402759 54.500000000000007 52.500000000000007 42.500000000000007 4.956500000000001 7 1.8688348091416842 53.500000000000007 43.500000000000007
decision_type=1 2 9 2 9 2 1 2 2 2 2 2 9 2 2 2 9 2 2 2 1 2 2 2 2 2 9 2 2 2
left_child=1 -1 9 -4 5 -5 -7 8 -6 10 16 15 -13 -11 -15 -12 -2 18 -18 25 -21 23 -23 24 -22 26 -9 28 29 -28
right_child=2 -3 3 4 7 6 -8 19 -10 13 11 12 -14 14 -16 -17 17 -19 -20 20 21 22 -24 -25 -26 -27 27 -29 -30 -31
leaf_value=-0.027557296690769655 0.00056961969236240043 -0.0018246625683616896 0.0014321642785089174 0.0086714953229528862 -0.047866567112606589 0.0047772350932258735 -0.01859417373276474 0.004245849435136383 0.0043284427155733055 0.0040155314221359401 -0.0004178803716134976 0.0074973191893660113 -0.021185686518687286 0.036360881605173243 0.0006197973513263975 -0.024789966280739172 -0.0036559175485447507 0.015772857824606266 0.021091341028936287 -0.030302490998767015 0.014302621278779485 0.0099444542541646443 -0.017800342737625097 0.001240601515361801 -0.033257685991375942 0.012270372575712698 -0.038026794177528023 0.02893392429995633 -0.040108613338540586 -0.0020934665011931382
leaf_weight=17.162320554256439 313.66607985273004 779.27407770603895 2214.6774317733943 37.079896759241819 14.521094642579557 36.413099609315395 156.66536168009043 367.69782147184014 11.029412709176539 1109.0989877022803 796.75738903135061 33.518886722624302 66.977944027632475 24.029184937477112 16.270225252956152 19.960573852062225 94.016110923141241 159.37785419821739 22.238964065909386 41.92620512470603 7.7806746363639823 167.34152415394783 27.700152680277824 26.580958396196365 49.023090742528439 96.429346766322851 16.863925755023956 12.892118912190197 23.045581065118313 83.12485496327281
leaf_count=48 939 2246 7185 78 50 131 722 1234 22 3444 2523 101 323 46 61 79 233 312 35 217 25 564 123 115 242 319 112 55 143 401
internal_value=0.000588285 -0.00238633 0.000980613 -3.10689e-05 -0.0027891 -0.0100395 -0.0141708 -0.000905283 -0.0252895 0.00226489 0.000456458 -0.00233204 -0.0129519 0.00465205 0.0220425 -0.00102017 0.00480137 0.00924814 0.00106637 -0.000232278 -0.00495593 -0.0011189 0.00598161 -0.0177506 -0.0266767 0.00228496 0.000365037 -0.0101064 -0.0142418 -0.00821583
internal_weight=6843.14 796.436 6046.7 3390.79 1176.12 230.158 193.078 945.957 25.5505 2655.91 1506.51 917.215 100.497 1149.4 40.2994 816.718 589.299 275.633 116.255 920.406 320.353 278.426 195.042 83.3847 56.8038 600.054 503.624 135.926 123.034 99.9888
internal_count=22128 2294 19834 11738 4553 931 853 3622 72 8096 4545 3026 424 3551 107 2602 1519 580 268 3550 1286 1069 687 382 267 2264 1945 711 656 513
cat_boundaries=0 1 2 3 4 5 6 7 8
cat_threshold=1 365 1040 4 8 88 4 1
is_linear=0
shrinkage=0.03


Tree=180
num_leaves=31
num_cat=9
split_feature=13 12 20 11 0 0 0 16 1 1 10 0 7 0 0 0 5 20 20 14 0 9 0 16 0 20 2 3 16 8
split_gain=9.78196 9.57458 8.66294 7.69398 8.65206 7.56178 9.13191 7.10525 16.4549 12.4917 18.552 16.5566 16.2694 16.0237 11.4022 16.6378 20.2689 22.1259 18.1259 12.9383 12.06 11.0848 15.91 14.7282 10.576 35.9138 18.5179 20.8947 39.5656 17.5461
threshold=0 2.5000000000000004 5.5000000000000009 4.5000000000000009 35.500000000000007 82.500000000000014 76.500000000000014 -39.899999999999991 1 2 11.500000000000002 57.500000000000007 3 29.500000000000004 49.500000000000007 40.500000000000007 4 1.5000000000000002 4.5000000000000009 1.2500000000000002 44.500000000000007 5 52.500000000000007 -36.249999999999993 46.500000000000007 6.5000000000000009 6 7 -34.699999999999996 8
decision_type=1 2 2 2 2 2 2 2 9 9 2 2 1 2 2 2 1 2 2 2 2 1 2 2 2 2 9 9 2 9
left_child=3 5 -3 4 -1 6 7 -2 14 24 11 13 -13 -11 15 -9 18 -18 20 -19 -17 23 -23 -16 25 26 27 -10 -29 -28
right_child=1 2 -4 -5 -6 -7 -8 8 9 10 -12 12 -14 -15 21 16 17 19 -20 -21 -22 22 -24 -25 -26 -27 29 28 -30 -31
leaf_value=-0.0093236279875845811 0.0011847334317385044 -0.035388138716153282 -0.00045375687542964933 0.011065727377950137 0.0069982524807440357 -0.023286961939471225 0.015854915495116428 0.0019716496284579578 0.0062613806128821899 -0.024556288130620732 0.038322520505713026 -0.051258445539479051 0.0015754030726822374 -0.0040078324705190944 -0.016715797356902901 0.033660145908745075 0.033281889283396308 -0.02607109218916449 0.046489581885594697 0.013237250291407448 0.00090226744361926101 0.0026101794953073444 -0.036412176339377773 0.019163406815451325 0.0037551580102309357 -0.046943133345261338 -0.013954909645873113 -0.025506042335782231 0.01606237438241892 -0.0015036505103491733
leaf_weight=46.862255606800318 4190.5016435068101 12.665679804980757 13.147834599018095 141.60170836374164 77.182322341948748 11.912134766578673 34.730645947158337 183.43851882964373 355.64686783403158 36.594893053174019 8.3445672951638681 14.047280110418797 8.1556898504495621 511.20336231589317 15.73955551534891 17.307746887207031 13.560400813817976 21.171927958726883 26.293812938034534 11.480657458305357 24.624478749930859 16.949405997991562 20.617236282676458 29.105876125395298 387.80451603233814 15.726451978087423 139.82633209228516 56.605593279004097 32.199027471244335 348.06262980774045
leaf_count=151 12916 39 27 372 211 33 54 694 959 183 33 58 43 2227 81 55 38 103 52 35 88 68 106 62 1196 79 749 253 48 1022
internal_value=0.00064467 0.000415505 -0.0177809 0.00628801 0.000805372 0.000488149 0.000532405 0.000449639 -0.000891564 -0.00202481 -0.00567402 -0.00642951 -0.0317967 -0.00539025 0.00473266 0.00759293 0.0165677 0.00115211 0.0269486 -0.0121605 0.0145425 -0.00499253 -0.0148292 0.00531279 -0.000411982 -0.00212427 -0.0013601 0.00306499 -0.00934776 -0.00539717
internal_weight=6823.11 6557.46 25.8135 265.646 124.045 6531.65 6519.74 6485.01 2294.51 1914.22 578.346 570.001 22.203 547.798 380.29 297.878 114.439 46.213 68.226 32.6526 41.9322 82.4121 37.5666 44.8454 1335.87 948.067 932.34 444.451 88.8046 487.889
internal_count=22035 21301 66 734 362 21235 21202 21148 8232 6850 2544 2511 101 2410 1382 1065 371 176 195 138 143 317 174 143 4306 3110 3031 1260 301 1771
cat_boundaries=0 1 2 3 4 5 6 7 8 9
cat_threshold=4 1164 801 1 4 24 4 72 200
is_linear=0
shrinkage=0.03


Tree=181
num_leaves=31
num_cat=13
split_feature=19 8 7 1 18 17 2 8 17 17 12 20 1 10 10 16 17 7 1 9 17 6 20 17 17 16 1 7 2 20
split_gain=6.16892 6.04278 10.4472 6.07462 9.21082 13.2112 8.0119 5.90002 17.7348 13.4788 13.1471 13.0652 10.8202 18.2694 29.6568 9.21617 22.4925 23.6249 15.353 20.1631 28.8928 15.3679 12.3302 12.5933 12.2613 12.0066 12.6293 11.8789 11.8343 11.4745
threshold=1.0000000180025095e-35 0 1 2 5049.8500000000013 0.8650000000000001 3 4 4.9655000000000014 4.9690000000000003 1.5000000000000002 4.5000000000000009 5 3.5000000000000004 2.5000000000000004 -36.949999999999996 4.2070000000000007 6 7 8 4.964500000000001 9 2.5000000000000004 4.8565000000000014 0.88250000000000017 -42.349999999999994 10 11 12 5.5000000000000009
decision_type=2 9 1 9 2 2 9 9 2 2 2 2 9 2 2 2 2 1 9 1 2 1 2 2 2 2 9 1 9 2
left_child=7 3 -3 -2 -5 -6 -7 -1 10 -10 12 -12 13 14 -9 16 17 -14 22 20 21 27 -17 -24 -23 26 29 -20 -26 -19
right_child=1 2 -4 4 5 6 -8 8 9 -11 11 -13 15 -15 -16 18 -18 25 19 -21 -22 24 23 -25 28 -27 -28 -29 -30 -31
leaf_value=0.0014545225833985345 0.0092856650365934941 0.0066938955289249646 0.032675537749907752 0.0024032363998835594 0.014216150464454878 -0.012331381360504155 -0.045456603848613698 0.0063930346331710257 0.008567029417438041 -0.021821025062984833 -0.034486173422083176 -0.0022177752978372977 0.0010531031344940076 -0.023179893895098194 0.054450662739954699 0.012971167179527451 0.026385474368092254 -0.0014412226550205005 -0.016083395777422439 -0.0023136746013803465 -0.044874247378015576 0.0093123410069272123 -0.0086335182888655406 0.0046742266857345387 -0.038896973932081351 -0.023645513139503284 -0.014124838868783128 -0.060875281685271565 -0.0074079072303577043 0.039154023044861805
leaf_weight=2842.7896672151983 38.53495179861784 132.05026328191161 15.591568790376185 76.97961388155818 9.6532992199063283 16.278443366289139 11.459310457110407 56.282820656895638 257.66571947932243 13.697524964809416 20.710006952285767 25.194649904966354 1520.0450797453523 12.206769824028013 14.521934501826761 83.539845876395702 29.683589026331902 16.037864908576015 16.086179502308369 1027.9234183877707 22.462758366018534 37.002907760441303 100.61306423693895 175.4175629876554 11.661980196833611 52.747041057795286 32.060355730354786 8.1654072254896182 133.74576104804873 10.039524354040621
leaf_count=8432 97 342 26 238 21 49 44 204 677 77 76 56 4548 65 32 234 36 73 100 4166 104 63 337 710 83 242 150 42 689 22
internal_value=0.000625114 0.00482764 0.00887736 0.000295002 -0.00321779 -0.0157041 -0.0262383 0.000430871 -0.000362604 0.00701462 -0.000952471 -0.0168843 -0.000733436 0.00935826 0.0163548 -0.0010157 0.000549381 7.57257e-05 -0.00263146 -0.0041772 -0.0120743 -0.00905869 0.00280197 -0.000166947 -0.00604626 -0.0132843 -0.0038079 -0.0314759 -0.009979 0.010248
internal_weight=6820.85 300.547 147.642 152.906 114.371 37.3911 27.7378 6520.3 3677.51 271.363 3406.15 45.9047 3360.24 83.0115 70.8048 3277.23 1660.61 1630.93 1616.62 1257.05 229.125 206.662 359.57 276.031 182.411 110.885 58.1377 24.2516 145.408 26.0774
internal_count=22035 817 368 449 352 114 93 21218 12786 754 12032 132 11900 301 236 11599 5071 5035 6528 5247 1081 977 1281 1047 835 487 245 142 772 95
cat_boundaries=0 1 2 3 4 5 6 7 8 9 10 11 12 13
cat_threshold=434 1 162 2 313 8 1 1188 8 4 22 2 1
is_linear=0
shrinkage=0.03


Tree=182
num_leaves=31
num_cat=10
split_feature=19 0 0 8 17 12 0 0 2 0 9 0 17 20 10 9 3 5 20 5 6 0 0 0 3 0 7 10 17 0
split_gain=5.86388 8.08863 8.37588 5.8999 17.3743 14.8167 15.3172 14.1845 11.8999 17.2685 14.9387 13.694 14.2007 18.5962 13.6045 10.9808 15.5152 12.8139 16.7987 12.1022 22.0066 28.0964 17.1498 21.8802 10.8908 10.4208 39.2915 25.6724 27.1549 10.141
threshold=1.0000000180025095e-35 82.500000000000014 76.500000000000014 0 4.9655000000000014 1.5000000000000002 32.500000000000007 37.500000000000007 1 35.500000000000007 2 37.500000000000007 1.4080000000000001 3.5000000000000004 3.5000000000000004 3 4 5 5.5000000000000009 6 7 47.500000000000007 41.500000000000007 36.500000000000007 8 29.500000000000004 9 1.5000000000000002 4.8585000000000012 40.500000000000007
decision_type=2 2 2 9 2 2 2 2 9 2 1 2 2 2 2 1 9 1 2 1 1 2 2 2 9 2 1 2 2 2
left_child=1 2 3 8 5 25 -7 -8 9 -1 24 -12 -13 -14 -15 17 19 18 -6 22 -21 -22 23 -17 29 26 -5 28 -28 -11
right_child=-2 -3 -4 4 15 6 7 -9 -10 10 11 12 13 14 -16 16 -18 -19 -20 20 21 -23 -24 -25 -26 -27 27 -29 -30 -31
leaf_value=0.00092419222254996815 0.0047108672165484334 -0.023814148292264206 0.015171518177387489 0.0080130544962644049 -0.021652518594664931 -0.042088046284215551 0.010604308758019173 -0.02489339632949648 0.0028188238363729095 0.0017471997094132775 -0.038630834830619049 0.0038306235336340974 0.0039922848274679063 -0.045332648194537493 -0.0072153048327922038 -0.0052374994255248841 0.010980780766412502 0.022882025486423756 0.018102475707448107 0.012313143032155621 -0.045963078072451563 0.021193867312037578 -0.02777633632325029 0.041592625935780392 0.0097748451153444431 -0.0013690729874574099 -0.010846481507417608 -0.026200053734912871 0.035592448871606945 -0.027206957067986936
leaf_weight=635.23465566709638 299.51086784154177 12.270239889621733 34.572276145219803 376.33161156624556 16.428762994706631 15.056464649736879 20.728374168276787 19.520263060927391 1835.721118753776 24.129004508256912 21.731581188738346 32.255012899637222 18.01084215939045 25.726690530776978 12.873307175934313 21.958013482391834 75.480392821133137 68.697095327079296 22.581819772720337 14.989958517253399 25.633170306682587 7.03613357245922 11.706050112843512 14.961892724037169 46.808514520525932 2976.4371439814568 39.518319226801395 57.426484316587448 15.760192081332205 19.456754293292761
leaf_count=1662 817 34 55 816 61 53 38 63 5708 73 103 66 60 139 53 67 203 139 48 37 118 22 49 25 145 10772 167 322 39 81
internal_value=0.000606167 0.000417051 0.000463572 0.000384311 -0.000375202 -0.000948511 -0.0163424 -0.00655647 0.00146158 -0.00149682 -0.00916001 -0.0158373 -0.0119726 -0.0210206 -0.0327493 0.0068209 0.0015232 0.01381 0.00127095 -0.00620126 -0.0175825 -0.0313871 0.00363268 0.0137206 0.000661979 -0.000701512 0.0033548 -0.0121662 0.00237969 -0.00906659
internal_weight=6818.55 6519.04 6506.77 6472.2 3800.25 3520.78 55.3051 40.2486 2671.95 836.226 200.992 110.597 88.8659 56.6108 38.6 279.473 171.766 107.708 39.0106 96.2852 47.6593 32.6693 48.626 36.9199 90.3943 3465.47 489.037 112.705 55.2785 43.5858
internal_count=22035 21218 21184 21129 13039 12270 154 101 8090 2382 720 421 318 252 192 769 521 248 109 318 177 140 141 92 299 12116 1344 528 206 154
cat_boundaries=0 1 2 3 4 5 6 7 8 9 10
cat_threshold=57 4 18 8 96 1 1 4 69 1
is_linear=0
shrinkage=0.03


Tree=183
num_leaves=31
num_cat=20
split_feature=11 8 1 17 12 8 3 1 9 1 9 8 8 2 8 17 6 2 21 15 5 17 15 1 17 8 21 2 5 5
split_gain=6.85557 9.07566 7.77039 6.93708 6.13699 25.2353 6.20581 14.9717 23.7781 21.7426 14.2372 31.8468 16.5148 11.9368 13.2781 12.7125 11.7458 16.7963 14.4852 19.3634 11.4834 10.2268 9.9388 9.73403 26.3704 15.6426 15.488 15.9247 16.7189 14.5849
threshold=13.500000000000002 0 1 1.2595000000000003 1.5000000000000002 2 3 4 5 6 7 8 9 10 11 4.1365000000000007 12 13 1.2424533248940002 93.956000000000017 14 4.9665000000000008 92.559000000000012 15 0.86000000000000021 16 1.4978661367769956 17 18 19
decision_type=2 9 9 2 2 9 9 9 1 9 1 9 9 9 9 2 1 9 2 2 1 2 2 9 2 9 2 9 1 1
left_child=1 2 -1 -4 6 -6 23 10 -9 16 12 -12 22 15 20 -11 17 -10 19 -19 -15 -18 -8 24 -2 26 27 -26 -29 -27
right_child=4 -3 3 -5 5 -7 7 8 9 13 11 -13 -14 14 -16 -17 21 18 -20 -21 -22 -23 -24 -25 25 29 -28 28 -30 -31
leaf_value=0.0084408009784522047 -0.027835615947406481 0.0094605013283569385 -0.0037301399651404484 -0.029604793911122196 0.0083339558126354334 -0.019262760589002691 -0.022590375268770856 0.0041437446901515561 -0.026076379772264516 -0.074947839577434366 -0.0099147077232450368 0.0063966063545607982 0.0098116953194572545 -0.010057935860022299 0.0036843967107488434 -0.018851281848589811 -0.00077038557149892821 -0.0055683968474891299 -0.02802581033746961 0.041521263614206168 -0.034454173208165788 0.021816570458240685 0.001766176122720022 0.00051422004002710166 -0.01739970352261945 -0.045258518262620971 0.016456466741885837 0.039704794135746839 0.0012215537149837601 -0.0048398315649081257
leaf_weight=38.568647995591164 37.260374322533607 162.79912820830941 70.401001762598753 10.743134349584578 50.20053318887949 52.929680362343788 16.045158818364143 550.89635716751218 40.154363293200731 6.0023287460207948 171.66654836758971 254.37168567255139 493.06544134020805 38.173348970711231 35.195922780781984 9.7324699573218805 514.74368404969573 23.445825524628162 11.978898726403711 11.645469248294829 32.677864566445351 18.596189767122269 227.68442357331514 3185.610185759142 39.986511312425137 8.1064082682132721 64.021591447293758 10.666464567184448 184.99915239959955 443.33515743166208
leaf_count=99 106 413 224 37 92 160 42 1790 184 31 711 794 1576 167 96 48 1682 68 54 32 180 49 686 10020 141 47 176 15 582 1733
internal_value=0.000588959 0.00516442 -0.00133411 -0.00643315 0.000390569 -0.00686411 0.000507497 0.00168933 -0.000533136 -0.00401688 0.00414691 -0.000246346 0.00666022 -0.0151356 -0.0126937 -0.040778 -0.0016227 -0.0118482 0.000255528 0.0100472 -0.0187432 1.54818e-05 0.000136242 -0.000225874 -0.00318883 -0.00200109 0.00327436 -0.000160782 0.00335395 -0.00546118
internal_weight=6815.7 282.512 119.713 81.1441 6533.19 103.13 6430.06 2456.08 1293.24 742.346 1162.83 426.038 736.795 121.782 106.047 15.7348 620.564 87.2246 47.0702 35.0913 70.8512 533.34 243.73 3973.99 788.376 751.115 299.674 235.652 195.666 451.442
internal_count=22035 773 360 261 21262 252 21010 8190 4381 2591 3809 1505 2304 522 443 79 2069 338 154 100 347 1731 728 12820 2800 2694 914 738 597 1780
cat_boundaries=0 1 2 3 4 5 6 7 8 9 10 11 12 13 14 15 16 17 18 19 20
cat_threshold=178 114 11 228 554 6 385 25 66 905 4 210 4 2 1 34 137 4 2 2
is_linear=0
shrinkage=0.03


Tree=184
num_leaves=31
num_cat=8
split_feature=13 22 18 0 20 0 0 16 17 1 20 17 6 17 6 1 5 17 16 10 1 0 0 10 9 17 17 20 17 0
split_gain=8.2485 8.53051 7.58162 16.658 7.51785 6.32908 8.40183 5.93003 18.6984 24.8746 12.9004 22.2089 15.66 18.0292 13.4193 20.2175 40.654 15.2208 14.6572 15.2662 19.604 20.112 18.2248 13.3 12.9006 22.1337 12.4555 12.0121 21.6586 12.0264
threshold=0 1.2424533248940002 5049.8500000000013 29.500000000000004 5.5000000000000009 82.500000000000014 76.500000000000014 -39.899999999999991 4.9655000000000014 1 6.5000000000000009 0.89850000000000019 2 4.8410000000000011 3 4 5 0.80600000000000016 -37.899999999999991 3.5000000000000004 6 57.500000000000007 55.500000000000007 3.5000000000000004 7 4.9625000000000012 4.9690000000000003 4.5000000000000009 4.8575000000000008 42.500000000000007
decision_type=1 2 2 2 2 2 2 2 2 9 2 2 1 2 1 9 1 2 2 2 9 2 2 2 1 2 2 2 2 2
left_child=2 5 -1 -4 -3 6 7 -2 9 -9 14 -12 -13 -14 15 16 -11 -17 -16 20 24 27 -21 -19 25 -20 -10 -22 29 -29
right_child=1 4 3 -5 -6 -7 -8 8 26 10 11 12 13 -15 18 17 -18 23 19 22 21 -23 -24 -25 -26 -27 -28 28 -30 -31
leaf_value=0.0101639988311192 0.0010656520013813424 -0.032805930184968031 -0.028363231791868795 0.0046264464454439033 -0.00043697732218045914 -0.020955972386316486 0.015302549781457862 0.0013533504863474312 0.0080276356170498209 -0.025737908788157744 -0.053953465373154104 0.037993717813046037 0.035233432371027142 -0.034567876388988783 -0.027896126462611776 0.0068957658740723066 0.049172946572327382 -0.034297157033542504 0.001583339288703019 -0.015949300742196155 -0.00083921632017307517 -0.046323315021289085 0.021777387728721613 -0.0046572375801792985 0.0073468178083253809 -0.04230305965183568 -0.02139063079980032 0.0049320354242994892 -0.034647176749805129 -0.022151542002497953
leaf_weight=151.01778027042747 4191.0126095209271 12.988429188728334 16.019947871565819 94.577906258404255 13.129449419677256 12.322253271937369 34.115818977355957 1057.2651569917798 258.3995545655489 12.701528526842594 13.10831158608198 5.5965576767921448 4.1838385462760987 14.547674514353274 21.106152951717377 13.745795078575609 13.144659891724586 57.393953412771225 42.261500760912895 114.01420066133142 236.05288003385067 10.604379899799822 12.668168619275091 18.222938410937786 261.70381924510002 13.541677147150038 13.491390727460383 45.081221409142017 29.793978154659271 21.746897578239441
leaf_count=477 12916 39 51 206 27 33 54 3574 677 53 47 21 4 134 61 25 24 332 145 567 1080 57 39 80 779 66 77 150 153 87
internal_value=0.000572059 0.000363012 0.00579549 -0.000146268 -0.0167122 0.000432044 0.000473275 0.000394521 -0.000832222 -0.00182831 -0.00528983 -0.0226075 -0.00544338 -0.0187136 -0.00463966 -0.0142222 0.00886866 -0.0197233 -0.00326901 -0.00260168 -0.000767172 -0.00565085 -0.0121388 -0.0272094 0.00453861 -0.00769329 0.00654953 -0.00450164 -0.013408 -0.00385648
internal_weight=6815.56 6553.94 261.616 110.598 26.1179 6527.83 6515.5 6481.39 2290.38 2018.49 961.22 37.4364 24.3281 18.7315 923.784 115.209 25.8462 89.3627 808.575 787.469 660.786 343.279 126.682 75.6169 317.507 55.8032 271.891 332.675 96.6221 66.8281
internal_count=22035 21301 734 257 66 21235 21202 21148 8232 7478 3904 206 159 138 3698 514 77 437 3184 3123 2517 1527 606 412 990 211 754 1470 390 237
cat_boundaries=0 1 2 3 4 5 6 7 8
cat_threshold=4 1197 4 4 272 4 768 8
is_linear=0
shrinkage=0.03


Tree=185
num_leaves=31
num_cat=6
split_feature=0 17 0 0 0 4 10 17 17 17 17 17 10 17 15 17 0 17 5 10 0 17 17 0 8 3 0 2 12 5
split_gain=11.101 17.871 19.191 11.9777 12.7843 22.0841 16.7927 18.8828 11.4754 12.7672 28.251 12.525 13.1693 12.142 18.1814 10.4542 10.303 10.0692 13.3023 24.6185 23.7157 16.431 11.5245 11.2941 10.922 12.4094 11.161 9.44024 9.37074 14.925
threshold=35.500000000000007 0.90650000000000019 70.500000000000014 56.500000000000007 55.500000000000007 0 1.5000000000000002 4.8585000000000012 1.3305000000000002 4.8585000000000012 4.9510000000000014 4.9575000000000005 3.5000000000000004 4.964500000000001 94.340000000000018 4.9665000000000008 59.500000000000007 1.2555000000000003 1 2.5000000000000004 39.500000000000007 1.0785000000000002 1.2650000000000003 42.500000000000007 2 3 54.500000000000007 4 1.0000000180025095e-35 5
decision_type=2 2 2 2 2 9 2 2 2 2 2 2 2 2 2 2 2 2 1 2 2 2 2 2 9 9 2 9 2 1
left_child=15 -2 3 4 17 6 -6 -8 16 -10 -11 -12 13 14 -13 -1 -5 18 19 23 -20 -22 28 -3 25 27 -27 -24 29 -19
right_child=1 2 -4 8 5 -7 7 -9 9 10 11 12 -14 -15 -16 -17 -18 22 20 -21 21 -23 24 -25 -26 26 -28 -29 -30 -31
leaf_value=0.0017314138470700343 0.0039347034447924844 -0.00082859136702832575 -0.035182914233492783 0.00035504016419065894 -0.028734834607622176 -0.040315321945597851 0.021794956692543797 -0.017693943465882114 0.012734142585944347 -0.037189371995808289 0.03688135097620595 -0.027786622868596258 0.013229136223172006 0.0096555860852814337 0.015020870809153779 -0.0091414624963010553 -0.027416391735355507 0.022355666924756969 0.0021793363054059128 0.020560230202441122 -0.008983708530056745 -0.049277932075199045 0.016025827815810439 -0.034754321027127631 -0.0026525684477755776 0.004730494445384939 0.035572744983288267 -0.01312740414181327 0.025881834482027119 -0.01680303878086958
leaf_weight=2883.4625195302069 559.36234629154205 18.948322385549545 15.397842656821011 34.621744729578495 18.613788954913616 21.154337305575609 25.725931279361248 18.700847811996937 134.56604527682066 16.273060649633408 9.8954899013042432 32.422632373869419 53.006290294229984 26.021266728639603 12.136143535375593 81.671093221753836 18.149773150682449 16.384390369057655 26.701682388782501 28.168977685272694 14.808068394660948 24.668542873114347 11.740502007305622 16.76029758900404 2266.4805201981217 277.47698767855763 10.921609394252298 62.03672543913126 24.054141908884048 18.567787386476994
leaf_count=8395 1194 43 47 83 86 128 66 83 355 107 16 160 145 84 49 307 57 21 65 58 36 105 44 56 8781 1096 31 295 32 46
internal_value=5.34101e-05 -0.00101657 -0.00186861 -0.00170823 -0.00233065 -0.013849 -0.00487046 0.00510286 0.00364022 0.00603145 0 0.00456287 0.00192317 -0.00653198 -0.0160528 0.00143062 -0.00917347 -0.00198493 -0.0101386 -0.000320968 -0.0195549 -0.0342999 -0.0015889 -0.0168884 -0.00188438 0.002907 0.00572246 -0.00742681 0.0115046 0.00147905
internal_weight=6778.9 3813.77 3254.4 3239.01 2901.91 84.1949 63.0406 44.4268 337.092 284.321 149.755 133.482 123.586 70.58 44.5588 2965.13 52.7715 2817.72 130.056 63.8776 66.1783 39.4766 2687.66 35.7086 2628.66 362.176 288.399 73.7772 59.0063 34.9522
internal_count=22071 13369 12175 12128 11072 363 235 149 1056 916 561 454 438 293 209 8702 140 10709 363 157 206 141 10346 99 10247 1466 1127 339 99 67
cat_boundaries=0 1 2 3 4 5 6
cat_threshold=1 1 272 132 1 1
is_linear=0
shrinkage=0.03


Tree=186
num_leaves=31
num_cat=6
split_feature=17 17 1 13 17 18 10 0 0 15 10 10 17 10 1 17 15 17 12 17 3 17 10 0 0 5 0 0 9 0
split_gain=10.5169 20.5241 8.67852 15.1396 14.7809 17.7339 16.3214 14.7474 14.7806 14.185 14.1439 14.0965 14.0838 13.8762 15.8656 13.3418 12.8874 11.3602 14.1877 22.0158 13.6713 20.3859 11.844 11.6235 13.1182 12.0812 11.533 14.5867 11.0115 10.516
threshold=1.4025000000000001 1.3490000000000004 0 1 1.2885000000000002 4977.6000000000013 2.5000000000000004 27.500000000000004 28.500000000000004 94.127000000000024 1.5000000000000002 4.5000000000000009 1.2690000000000003 2.5000000000000004 2 1.2595000000000003 92.559000000000012 0.7380000000000001 1.0000000180025095e-35 1.2555000000000003 3 1.2690000000000003 2.5000000000000004 43.500000000000007 34.500000000000007 4 37.500000000000007 40.500000000000007 5 38.500000000000007
decision_type=2 2 9 1 2 2 2 2 2 2 2 2 2 2 9 2 2 2 2 2 9 2 2 2 2 1 2 2 1 2
left_child=1 2 7 4 5 -4 -6 9 -9 10 15 13 -12 14 16 -1 -7 -10 20 29 -19 23 -21 24 -22 -25 -23 -28 -16 -20
right_child=-2 -3 3 -5 6 11 -8 8 17 -11 12 -13 -14 -15 28 -17 -18 18 19 22 21 26 -24 25 -26 -27 27 -29 -30 -31
leaf_value=0.01789806077808578 -0.00084980895538964616 0.011188406677878515 -0.027062619563385973 0.0012722379363222984 -0.025371138547941628 -0.045247216177924286 0.0065930326914070171 0.021140586990304574 0.013328368218823517 0.019054387830160877 -0.043603817225268703 -0.02844611675206243 -0.00061699969610393157 0.013313823185249356 0.01002205278964525 -0.022112295550685602 -0.01000636699297981 0.0054508535996786187 0.0064611064467185488 0.023391248941458543 -0.0082508547874552886 -0.036819188207858893 -0.0062154907117684304 0.0024875507155459769 0.013327124935421536 -0.036401970075186356 0.020799380148151535 -0.028843136433241417 -0.0048505230321759726 -0.015963065154557046
leaf_weight=16.326203085482124 4282.0581049043685 185.91711234301329 24.613948091864586 1217.8981544785202 57.085875757038593 11.80581374466419 18.976601041853428 48.169158969074488 94.458419200032949 13.203666336834429 20.56087934598327 15.415096335113047 10.486914306879042 63.078326247632504 77.366825394332409 13.700629353523253 45.64766613394022 126.09968366473913 44.707052182406187 77.887238748371601 46.274714983999729 27.431846119463444 14.183492146432398 13.332330711185932 55.64094952493906 15.137730434536934 9.2728714346885699 12.158087722957132 83.799806952476501 32.256061486899853
leaf_count=27 16033 321 67 2988 277 38 84 79 183 24 76 66 30 115 130 41 123 302 100 172 107 107 49 28 97 49 21 50 194 93
internal_value=5.15849e-05 0.00160109 0.000826705 -0.000383123 -0.00546749 -0.00264229 -0.0173589 0.00361162 0.00518749 -0.00894211 -0.0150649 -0.000600706 -0.0292292 0.000921957 -0.0026442 -0.000271068 -0.0147953 0.00382783 0.00192736 0.00890089 -0.00192485 -0.00704176 0.018796 -0.00121112 0.00350177 -0.0181403 -0.0239429 -0.00722735 0.00244142 -0.00290669
internal_weight=6774.95 2492.89 2306.98 1615.69 397.79 321.727 76.0625 691.288 617.01 74.2783 61.0746 297.114 31.0478 281.698 218.62 30.0268 57.4535 568.84 474.382 169.034 305.348 179.249 92.0707 130.386 101.916 28.4701 48.8628 21.431 161.167 76.9631
internal_count=22071 6038 5717 4082 1094 733 361 1635 1437 198 174 666 106 600 485 68 161 1358 1175 414 761 459 221 281 204 77 178 71 324 193
cat_boundaries=0 1 2 3 4 5 6
cat_threshold=1728 1 34 12 1 10
is_linear=0
shrinkage=0.03


Tree=187
num_leaves=31
num_cat=16
split_feature=17 17 8 1 13 8 12 15 9 5 10 17 5 17 6 10 9 17 5 17 5 2 1 17 10 8 17 10 9 2
split_gain=9.91597 19.4262 10.4328 11.3779 16.834 15.1232 13.8866 17.4318 13.7215 13.4637 12.68 15.7286 14.3044 11.616 11.7977 10.2563 9.82642 9.71485 8.87454 9.81837 8.80272 12.6399 12.4313 18.6965 10.1836 10.5835 16.1452 9.02716 16.35 13.2338
threshold=1.4025000000000001 1.3490000000000004 0 1 2 3 1.5000000000000002 92.559000000000012 4 5 2.5000000000000004 0.7380000000000001 6 0.79150000000000009 7 2.5000000000000004 8 1.2670000000000001 9 1.2885000000000002 10 11 12 1.2755000000000003 2.5000000000000004 13 1.2470000000000001 1.5000000000000002 14 15
decision_type=2 2 9 9 1 9 2 2 1 1 2 2 1 2 1 2 1 2 1 2 1 9 9 2 2 9 2 2 1 9
left_child=1 2 -1 8 5 -5 10 -8 15 -9 11 -7 -12 -10 17 -4 -6 -15 19 -13 27 -22 -23 24 25 -24 -27 29 -29 -18
right_child=-2 -3 3 4 16 6 7 9 13 -11 12 18 -14 14 -16 -17 20 -19 -20 -21 21 22 23 -25 -26 26 -28 28 -30 -31
leaf_value=0.0073336780944748521 -0.00082453649227766954 0.010908752256229009 0.0166317590052594 0.0032702826551980675 0.0037976788896015691 0.0080400086351997638 0.0051014063578116945 -0.020706654976322167 0.010338292064659518 -0.063936507136383505 -0.017020033018491532 0.0010961181584817302 0.013965452772602109 0.016549836355196208 -0.0033349573940682884 -0.0066030570059627414 -0.0081524648985941209 -0.0089367702820367864 -0.024168010792280762 -0.023056798142454538 0.018844610789102711 0.0071685033805805728 0.004200876444541559 -0.028575374924865452 0.011567528209953003 -0.042228820206723819 -0.0046083463313999198 -0.0028936879912368715 -0.023286210777972438 0.0077489157651741674
leaf_weight=190.95197378844023 4280.9269378427416 184.97972626984119 106.66923129931092 95.949367560446262 466.5818276964128 27.540598683059216 10.211732327938078 14.629080377519132 100.86601457372308 12.19692626595497 19.948863260447979 37.70347785949707 40.193507939577103 53.069658067077398 340.86717547848821 20.099111501127481 97.839901424944401 17.783864058554173 69.739810720086098 24.966525986790657 35.024307530373335 106.91303345188498 43.734511882066727 27.089980632066727 39.053039520978928 16.422552589327097 27.753063946962357 123.90360303223133 46.651833206415176 90.606200583279133
leaf_count=408 16033 321 206 175 1114 48 18 44 197 57 82 86 112 94 903 60 268 60 272 119 63 257 89 101 79 62 61 322 171 189
internal_value=5.05735e-05 0.00155632 0.000804016 0.000176947 -0.00127116 -0.00699215 -0.0105501 -0.0279664 0.00348941 -0.0406378 -0.00807334 -0.0124909 0.00362676 0.00119351 -0.00101254 0.0119778 0.000516307 0.010107 -0.0167867 -0.00849955 -0.0018466 0.00194778 -0.000314801 -0.00562884 -0.00113352 -0.00681663 -0.0152755 -0.00503444 -0.0100337 -0.000491004
internal_weight=6770.87 2489.94 2304.96 2114.01 1474.65 353.08 257.131 37.0377 639.355 26.826 220.093 159.95 60.1424 512.587 411.721 126.768 1121.57 70.8535 132.41 62.67 654.992 295.99 260.966 154.053 126.963 87.9101 44.1756 359.002 170.555 188.446
internal_count=22071 6038 5717 5309 3789 1013 838 119 1520 101 719 525 194 1254 1057 266 2776 154 477 205 1662 712 649 392 291 212 123 950 493 457
cat_boundaries=0 1 2 3 4 5 6 7 8 9 10 11 12 13 14 15 16
cat_threshold=40 1728 1 19 16 1 1 4 12 1 4 1 34 770 17 2
is_linear=0
shrinkage=0.03


Tree=188
num_leaves=31
num_cat=6
split_feature=0 17 0 2 1 20 17 17 10 17 0 0 16 10 20 0 0 16 17 9 17 16 17 0 1 9 17 18 0 4
split_gain=10.4668 16.0845 17.6307 11.6225 32.6762 16.7101 15.3203 14.3001 11.9935 20.7597 20.7866 21.019 20.6917 18.9955 16.6821 14.3263 13.2918 12.7641 12.1412 10.8592 18.4183 21.8071 9.76518 9.59139 17.1947 15.4359 13.5098 11.3212 10.8446 21.8892
threshold=35.500000000000007 0.90650000000000019 70.500000000000014 0 1 2.5000000000000004 1.2555000000000003 4.0485000000000015 2.5000000000000004 4.964500000000001 37.500000000000007 52.500000000000007 -36.949999999999996 3.5000000000000004 4.5000000000000009 43.500000000000007 39.500000000000007 -42.349999999999994 1.2950000000000002 2 4.8565000000000014 -41.29999999999999 4.9665000000000008 56.500000000000007 3 4 4.9615000000000009 5193.4000000000005 55.500000000000007 5
decision_type=2 2 2 9 9 2 2 2 2 2 2 2 2 2 2 2 2 2 2 1 2 2 2 2 9 1 2 2 2 9
left_child=22 -2 3 4 7 -6 -7 -3 9 10 18 19 14 -14 -10 17 -15 -16 -8 -12 21 -21 -1 28 -25 27 -27 -26 -5 -30
right_child=1 2 -4 23 5 6 8 -9 12 -11 11 -13 13 16 15 -17 -18 -19 -20 20 -22 -23 -24 24 25 26 -28 -29 29 -31
leaf_value=0.001677766314767115 0.0037194294892126914 0.021173840334169514 -0.033401518343991896 -0.0011597357934475959 -0.028014281824240202 -0.032862674138217127 0.0048476959797197818 -0.0021410394091633165 -0.02976877879193399 -0.046701806736838838 0.0060869573319313969 -0.04401772875425744 0.036851947377973149 0.022411981730995956 0.0014384737698384148 0.022942054252977157 -0.024061067013880763 -0.04126266537224374 -0.034149422035728828 -0.018358582132244641 -0.038957306192880285 0.033736100507855797 -0.0088483203145936929 0.0074415106092067564 0.0181491390885569 -0.044188569683551483 -0.001882865759350986 -0.019178305680435017 -0.0033825899146755715 -0.039871991086381911
leaf_weight=2879.5607238337398 556.41611613705754 50.657458059489727 15.721010595560072 2358.3590257223696 41.302657425403595 20.572322372347116 8.8567345440387708 43.945671126246452 22.501567546278238 13.258912816643713 93.961869701743126 10.198107048869131 22.571190483868122 10.319876544177534 21.22467835247517 17.603295356035233 11.697674512863157 8.7822240591049177 34.786841154098511 19.342848442494869 15.559690050780771 11.409703426063063 81.39034690707922 251.47348213195801 23.319365255534649 19.628921799361709 10.606946855783461 10.480150565505026 60.518348909914494 19.590965908020735
leaf_count=8395 1194 108 47 9004 202 76 19 170 110 66 311 56 61 36 69 49 56 49 172 68 91 24 307 725 54 111 40 56 223 122
internal_value=4.91572e-05 -0.000991325 -0.00179928 -0.00164363 -0.00595956 -0.00972717 -0.00779036 0.00933522 -0.00616987 -0.0104756 -0.00796297 -0.00264716 0.00159096 0.0175691 -0.00853846 0.00147391 -0.00214014 -0.0110549 -0.026174 0.000368374 -0.0102586 0.000918867 0.00138712 -0.000892376 0.00402613 -0.00907557 -0.0221875 0.00499167 -0.00153014 -0.0123822
internal_weight=6765.62 3804.67 3248.25 3232.53 478.553 383.95 342.648 94.6031 322.075 207.375 194.116 150.472 114.701 44.5887 70.1118 47.6102 22.0176 30.0069 43.6436 140.274 46.3122 30.7526 2960.95 2753.98 315.509 64.0354 30.2359 33.7995 2438.47 80.1093
internal_count=22071 13369 12175 12128 1793 1515 1313 278 1237 807 741 550 430 153 277 167 92 118 191 494 183 92 8702 10335 986 261 151 110 9349 345
cat_boundaries=0 1 2 3 4 5 6
cat_threshold=4 148 22 115 6 1
is_linear=0
shrinkage=0.03


Tree=189
num_leaves=31
num_cat=7
split_feature=0 17 0 2 1 10 16 10 17 3 0 17 17 5 17 0 0 0 17 0 5 17 16 3 5 0 0 0 17 0
split_gain=9.84975 15.1571 16.2393 10.9802 30.8261 15.9478 20.6655 17.4601 16.6268 14.7476 21.671 18.1339 14.1883 15.1831 13.428 12.4993 11.9666 17.1624 10.5303 10.3199 15.0736 9.47781 12.13 13.8203 27.0035 10.6457 10.4071 10.3006 9.20809 9.05118
threshold=35.500000000000007 0.90650000000000019 70.500000000000014 0 1 2.5000000000000004 -41.29999999999999 3.5000000000000004 4.8645000000000005 2 42.500000000000007 4.9605000000000006 4.8575000000000008 3 4.0485000000000015 39.500000000000007 40.500000000000007 45.500000000000007 1.2510000000000001 43.500000000000007 4 4.8565000000000014 -41.29999999999999 5 6 44.500000000000007 48.500000000000007 38.500000000000007 4.9665000000000008 56.500000000000007
decision_type=2 2 2 9 9 2 2 2 2 9 2 2 2 1 2 2 2 2 2 2 1 2 2 9 1 2 2 2 2 2
left_child=28 -2 3 4 14 8 9 -8 12 10 11 -7 18 -14 -3 -9 -10 19 -6 20 -18 22 23 24 27 -25 -27 -20 -1 -5
right_child=1 2 -4 29 5 6 7 15 16 -11 -12 -13 13 -15 -16 -17 17 -19 21 -21 -22 -23 -24 25 -26 26 -28 -29 -30 -31
leaf_value=0.0016273946374040385 0.0036164570493680435 0.020509858657449174 -0.031789784134119481 -0.0014852550702903187 -0.041531834285473586 -0.035194393511683186 0.030582001630504393 0.018515587787547354 -0.040080107346754393 -0.022607601394660753 0.022041339282285344 0.013209013351054117 0.02937654326568578 -0.017322712643884644 -0.0020787424820508131 -0.024819883898206538 0.012577059748703765 -0.040766919125721106 0.0022028116242318479 0.023191276924535622 -0.046144517308743756 -0.035748743464809767 0.010037267517788152 -0.033786789654195487 0.027726139727225305 0.010892482848494782 -0.031214583028819708 -0.041499353518915566 -0.0086080472002109821 0.0039149205029976259
leaf_weight=2879.6312447860837 555.11427744477987 50.730594329535961 16.022834535688162 2437.1834212206304 10.65363562107086 17.476544514298443 26.343866609036922 11.001254081726076 32.135012127459049 33.987287528812885 24.993429228663445 11.356766648590563 15.915815517306328 10.125571765005589 43.90834816545248 12.844811998307703 8.0054581463336945 14.930246181786059 8.6017734259367007 10.044935181736944 7.4691832661628732 12.181285008788107 26.176900826394558 36.422182150185108 19.975376054644585 12.293495684862139 9.044617757201193 10.656322054564951 81.158660616725683 315.17474128305912
leaf_count=8395 1194 108 47 9349 37 83 70 41 168 165 64 38 50 50 170 66 26 86 25 30 40 90 75 145 47 34 36 49 307 986
internal_value=4.7831e-05 -0.000962297 -0.00174643 -0.00159547 -0.00579674 -0.0094676 -0.00153446 0.0137794 -0.0143151 -0.0103269 0.00134262 -0.016046 -0.00919895 0.0111071 0.00905152 -0.00470818 -0.0263711 -0.0153341 -0.0128464 -0.000236517 -0.0156879 -0.0105374 -0.00799272 -0.0128949 0.00262298 -0.020401 -0.00687791 -0.0219139 0.00134553 -0.000865667
internal_weight=6761.56 3800.77 3245.66 3229.63 477.275 382.636 138.004 50.1899 244.632 87.814 53.8267 28.8333 172.047 26.0414 94.6389 23.8461 72.5848 40.4498 146.006 25.5196 15.4746 135.352 123.171 96.9938 39.2335 57.7603 21.3381 19.2581 2960.79 2752.36
internal_count=22071 13369 12175 12128 1793 1515 527 177 988 350 185 121 638 100 278 107 350 182 538 96 66 501 411 336 121 215 70 74 8702 10335
cat_boundaries=0 1 2 3 4 5 6 7
cat_threshold=4 148 98 4 4 140 4
is_linear=0
shrinkage=0.03


Tree=190
num_leaves=31
num_cat=12
split_feature=0 21 5 1 3 8 17 9 21 17 17 9 2 17 17 9 0 17 0 0 0 4 2 6 0 0 21 0 13 17
split_gain=7.1908 20.8032 13.9574 22.4178 33.4007 22.9298 20.4399 28.5257 25.5141 17.0583 16.1919 36.3058 23.405 16.6057 16.059 16.9437 24.4222 15.5952 21.6929 14.4582 14.3559 11.9962 12.5952 14.104 19.6688 11.9064 22.7171 18.028 11.7649 13.9842
threshold=37.500000000000007 2.602003343538398 0 1 2 3 4.0485000000000015 4 1.7005986908310777 1.4290000000000003 1.4290000000000003 5 6 4.9655000000000014 4.964500000000001 7 34.500000000000007 4.8585000000000012 25.500000000000004 34.500000000000007 30.500000000000004 8 9 10 29.500000000000004 32.500000000000007 1.2424533248940002 28.500000000000004 11 4.9595000000000011
decision_type=2 2 1 9 9 9 2 1 2 2 2 1 9 2 2 1 2 2 2 2 2 9 9 1 2 2 2 2 1 2
left_child=1 2 -1 4 6 21 7 8 -4 -9 -7 12 13 -12 15 16 -8 18 -13 25 -14 22 -5 -24 -25 26 -6 -28 -21 -30
right_child=-2 -3 3 5 19 10 14 9 -10 -11 11 17 20 -15 -16 -17 -18 -19 -20 28 -22 -23 23 24 -26 -27 27 -29 29 -31
leaf_value=0.0019949834297045207 0.0016495941177280384 -0.031311950754233424 -0.032185273292869125 0.012906975728389614 0.014139891925713206 0.0004866417984799632 0.0011943251537966048 -0.0009942003815670143 0.021717272307266396 0.032555924262004474 0.0062108478293934604 0.018854223432625411 0.015706919046870212 0.036764149338700439 0.0087477883091728898 -0.031692478703206843 -0.041061666203717734 -0.012127171178916162 -0.04121434467212029 0.020784643400975886 -0.015450307892531084 -0.015683756729098355 0.005526890575452045 0.0061118954449264611 -0.036997636913706042 0.027078749408436336 0.0056291218931700769 -0.050500114639324002 -0.036567478616954897 0.010282813821290791
leaf_weight=1538.9185641147196 3395.8495819233358 19.255203787237406 52.541172377765179 180.40289491787553 58.051461927592754 577.83033777028322 53.188639059662819 115.37943044677377 9.1581453830003721 15.346682250499724 57.30395432561636 6.1868585124611846 17.01762617379427 22.330775082111359 15.492935314774511 80.696802765130997 15.866053983569143 147.21776834875345 37.492561884224415 7.5295919179916382 58.8293851390481 22.138613633811474 208.14131681621075 19.855769939720631 17.994821265339851 29.098652385175228 10.061066515743734 10.233231127262114 17.611951977014545 8.2966860830783826
leaf_count=4643 11615 150 195 441 153 1382 200 301 26 17 210 20 58 33 45 435 90 580 248 18 275 85 532 51 73 69 24 49 96 28
internal_value=0.000670919 -0.000297307 -0.000120395 -0.00186166 -0.00723624 0.000140169 -0.0120599 -0.00572463 -0.0207552 0.00273437 -0.00255543 -0.0077113 0.00327671 0.0148514 -0.0201405 -0.0231531 -0.00744048 -0.016007 -0.0326139 0.00497756 -0.00840865 0.00563498 0.00688443 0.00245205 -0.0143476 0.0107052 0.00455887 -0.0226353 -0.0118301 -0.0214675
internal_weight=6825.32 3429.47 3410.21 1871.3 498.553 1372.74 357.67 192.425 61.6993 130.726 924.209 346.379 155.482 79.6347 165.244 149.751 69.0547 190.897 43.6794 140.883 75.847 448.533 426.395 245.992 37.8506 107.444 78.3458 20.2943 33.4382 25.9086
internal_count=22142 10527 10377 5734 1746 3988 1309 539 221 318 2806 1424 576 243 770 725 290 848 268 437 333 1182 1097 656 124 295 226 73 142 124
cat_boundaries=0 1 2 3 4 5 6 7 8 9 10 11 12
cat_threshold=1 90 101 424 17 12 4 17 1 2 1 1
is_linear=0
shrinkage=0.03


Tree=191
num_leaves=31
num_cat=12
split_feature=0 10 5 1 8 17 9 2 17 17 0 0 17 17 7 4 2 6 0 1 16 0 16 0 0 17 6 6 10 10
split_gain=6.78593 19.9227 13.185 21.2831 21.5991 15.3212 34.4531 21.9968 15.5471 15.1797 20.9303 13.567 13.4067 24.4625 12.7802 11.3199 11.8459 13.2937 18.6074 11.3047 15.0652 14.8393 11.3004 12.2665 19.7411 10.9125 24.7466 19.6207 14.7227 10.6275
threshold=37.500000000000007 12.500000000000002 0 1 2 1.4290000000000003 3 4 4.9655000000000014 4.8585000000000012 25.500000000000004 30.500000000000004 4.0485000000000015 1.4290000000000003 5 6 7 8 29.500000000000004 9 -41.29999999999999 40.500000000000007 -42.349999999999994 29.500000000000004 25.500000000000004 1.3060000000000003 10 11 2.5000000000000004 6.5000000000000009
decision_type=2 2 1 9 9 2 1 9 2 2 2 2 2 2 1 9 9 1 2 9 2 2 2 2 2 2 1 1 2 2
left_child=1 2 -1 12 15 -6 7 8 29 10 -8 -9 13 25 -12 16 -5 22 -19 20 21 -2 23 24 -18 26 -4 -27 -28 -7
right_child=19 -3 3 4 5 6 9 11 -10 -11 14 -13 -14 -15 -16 -17 17 18 -20 -21 -22 -23 -24 -25 -26 27 28 -29 -30 -31
leaf_value=0.0019348802230098263 0.0077622336155185106 -0.030900936524056784 0.0032788191780355105 0.012522967595042336 0.0004721048419813117 0.00064249039701036752 0.018270806965077577 0.015158402907441819 0.035524961398849468 -0.011816828415692857 -0.033113132104075078 -0.015091357700181197 -0.012368338543541794 0.021940219948945336 -0.083718505620842529 -0.015289936314261562 0.007038644598344428 0.0059312513080406002 -0.036044590584953393 0.0018738269017909836 0.0011429389575652589 -0.037154411868861793 0.012422181704642432 0.0072861664862242138 -0.032627660895013927 -0.027428729627643526 -0.047668750311053387 0.0097697332314472165 -0.003839643259797001 0.037354317797546104
leaf_weight=1539.1203871741891 8.8330696970224363 18.932223539799452 138.07129689306021 180.36048959940672 577.75827106460929 49.21243354678154 6.1959357261657706 17.106649495661259 22.418519496917725 146.56426369398832 31.41665206104517 58.430294126272202 236.86534084752202 32.178202219307423 5.3566887676715842 22.031784236431122 21.681410521268845 19.849826894700527 17.920275397598743 3317.8071948103607 45.142920773476362 24.825869768857956 103.0178436934948 60.102876350283623 23.17715572938323 44.090641729533672 15.065436482429506 17.740299232304096 12.979864440858362 8.2298108190298063
leaf_count=4643 33 150 325 441 1382 190 20 58 33 580 223 275 1044 58 25 85 57 51 73 11300 144 138 230 158 87 174 59 48 38 20
internal_value=0.000649423 -0.000291925 -0.000120049 -0.00181497 0.000135673 -0.00248328 -0.0075129 0.00318029 0.0143671 -0.0156362 -0.032167 -0.00819013 -0.00706101 -0.00248518 -0.0407731 0.00547032 0.00668245 0.00238041 -0.0139478 0.00159974 -0.00898806 -0.0252901 0.0053654 -0.00153738 -0.0134161 -0.00595446 -0.0019258 -0.0167089 -0.0275762 0.00601014
internal_weight=6822.48 3425.87 3406.94 1867.82 1370.83 922.69 344.931 155.398 79.8608 189.534 42.9693 75.5369 496.991 260.126 36.7733 448.142 426.11 245.749 37.7701 3396.61 78.8019 33.6589 207.979 104.961 44.8586 227.948 166.117 61.8309 28.0453 57.4422
internal_count=22142 10527 10377 5734 3988 2806 1424 576 243 848 268 333 1746 702 248 1182 1097 656 124 11615 315 171 532 302 144 644 422 222 97 210
cat_boundaries=0 1 2 3 4 5 6 7 8 9 10 11 12
cat_threshold=1 90 424 12 4 2 1 2 1 1024 1 1
is_linear=0
shrinkage=0.03


Tree=192
num_leaves=31
num_cat=11
split_feature=8 0 1 10 17 17 0 0 10 0 2 6 17 17 0 0 5 5 6 17 0 0 1 0 10 3 5 0 12 4
split_gain=6.62908 18.2009 12.2353 16.5097 18.2409 14.5352 15.3137 15.0918 28.4114 32.511 19.6471 15.6017 18.1473 14.0784 23.5034 11.9981 15.138 11.7893 14.7294 17.1124 18.1543 11.6527 10.5445 17.0306 15.372 12.4395 10.4303 13.3787 12.9939 11.1798
threshold=0 46.500000000000007 1 1.5000000000000002 1.4400000000000002 4.964500000000001 29.500000000000004 31.500000000000004 1.5000000000000002 29.500000000000004 2 3 4.9595000000000011 4.9605000000000006 32.500000000000007 38.500000000000007 4 5 6 4.9585000000000008 43.500000000000007 42.500000000000007 7 49.500000000000007 1.5000000000000002 8 9 54.500000000000007 1.0000000180025095e-35 10
decision_type=9 2 9 2 2 2 2 2 2 2 9 1 2 2 2 2 1 1 1 2 2 2 9 2 2 9 1 2 2 9
left_child=1 2 5 -4 15 7 -7 8 9 -1 -11 -10 -13 17 -15 16 -5 18 19 20 21 -9 25 24 -24 -3 28 -28 29 -27
right_child=-2 22 3 4 -6 6 -8 13 11 10 -12 12 -14 14 -16 -17 -18 -19 -20 -21 -22 -23 23 -25 -26 26 27 -29 -30 -31
leaf_value=0.0018061820639586406 0.0013705200162619437 0.0091538467401001862 -0.00073003181040042235 -0.00011348529340759485 -0.024819189691674903 -0.028435136890803812 0.0061459444962610492 -0.0031227200487294539 0.01205715164705883 -0.010905429423385385 -0.048551041380237171 0.0048036738030836842 -0.041979396159734388 -0.041622690555630518 -0.0081689067834569695 0.015597107938666515 -0.027641708087639449 -0.0065657854512898711 0.018851335112627345 0.017603730461902615 -0.02893749660153036 0.027030368687450436 -0.0096615689462355055 -0.008480618442699624 0.018473595733372587 -0.016197621473102778 0.015268584461211324 -0.0058632246953751882 0.011508330079333435 0.0076754012340628751
leaf_weight=108.7538601718843 4184.96775364317 325.8826286830008 168.74173782393336 47.732606127858162 76.987219475209713 11.865193814039229 297.63642521947622 166.50861272215843 202.60096823051572 29.509340554475784 21.964588135480881 23.794484242796898 10.704071313142775 20.993105947971344 188.82903166487813 19.681185446679592 28.958312302827835 304.79133560881019 39.73742464184761 37.972064204514027 23.692428272217512 12.284978009760378 26.227252945303917 144.40059522166848 51.385578535497189 78.120084315538406 67.507561031728983 44.526906929910183 30.374031864106655 22.545405603945255
leaf_count=254 14227 885 454 106 361 46 847 468 480 91 94 59 54 107 800 40 89 902 96 131 90 26 92 519 136 245 182 130 61 70
internal_value=0.000630104 -0.000547962 -0.00218416 -0.00721924 -0.0139304 -0.000980081 0.00480178 -0.00249218 0.00227634 -0.00746939 -0.0270905 0.00887535 -0.00970466 -0.00487973 -0.0115485 -0.00518409 -0.0105696 -0.00248108 0.00195224 -0.000834661 -0.00431419 -0.00102017 0.00325508 -0.00227774 0.00892724 0.00536508 0.000111199 0.00684548 -0.00561586 -0.0108189
internal_weight=6819.68 2634.71 1843.74 342.101 173.359 1501.64 309.502 1192.14 397.327 160.228 51.4739 237.1 34.4986 794.809 209.822 96.3721 76.6909 584.987 280.196 240.458 202.486 178.794 790.97 222.013 77.6128 568.957 243.074 112.034 131.04 100.665
internal_count=22142 7915 5595 1050 596 4545 893 3652 1032 439 185 593 113 2620 907 235 195 1713 811 715 584 494 2320 747 228 1573 688 312 376 315
cat_boundaries=0 1 2 3 4 5 6 7 8 9 10 11
cat_threshold=531 1559 2 1 4 1 1 115 141 4 1
is_linear=0
shrinkage=0.03


Tree=193
num_leaves=31
num_cat=13
split_feature=8 0 0 3 2 0 8 5 2 0 21 20 15 3 0 6 0 7 21 0 3 14 15 4 0 3 21 16 5 20
split_gain=6.23284 17.1562 9.8533 9.01721 22.5481 11.019 10.7557 11.302 8.84971 16.795 14.4305 12.7703 10.26 7.87878 15.21 11.8289 9.11758 8.89925 7.86261 7.84071 26.5516 32.7984 15.049 11.7022 18.5295 15.946 15.256 9.2302 10.8762 9.32954
threshold=0 46.500000000000007 45.500000000000007 1 2 31.500000000000004 3 4 5 41.500000000000007 1.7005986908310777 5.5000000000000009 94.010500000000022 6 55.500000000000007 7 59.500000000000007 8 0.89587973461402759 42.500000000000007 9 -2.3499999999999996 94.340000000000018 10 28.500000000000004 11 1.4978661367769956 -36.249999999999993 12 2.5000000000000004
decision_type=9 2 2 9 9 2 9 1 9 2 2 2 2 9 2 1 2 1 2 2 9 2 2 9 2 9 2 2 1 2
left_child=1 2 8 4 -2 18 7 -7 9 10 12 -11 -1 14 -3 -16 17 -17 -6 23 21 -21 -22 -10 -25 -26 27 28 29 -27
right_child=3 13 -4 -5 5 6 -8 -9 19 11 -12 -13 -14 -15 15 16 -18 -19 -20 20 22 -23 -24 24 25 26 -28 -29 -30 -31
leaf_value=-0.0027191641053399039 -0.02510587044543065 0.0042603340704132353 -0.014602391276234927 0.0017544088733405716 -0.0041562241377956317 0.0014983919994952827 0.0034865144012478705 -0.025368671985354745 -0.00087911528027276341 -0.014672245462349253 0.023575983338585332 -0.056764198390876791 -0.027265922563159135 0.0057110641041245719 -0.037607825361082051 -0.0081078178904179787 0.0034548188178208819 -0.038167919654369553 -0.045069957428740814 -0.035016892694349509 -0.0037353438381870115 0.019266371247266018 -0.039121079738835433 -0.047775451179394315 -0.017595399706515694 0.0053227627061851633 -0.025144197664869902 0.025187299384356494 0.012887772030237731 -0.028221513964945866
leaf_weight=71.900491505861282 37.953901868313551 223.74594746902585 55.176648013293743 3832.8825271409005 9.0465150773525256 27.855749763548374 241.89648261852562 27.992613509297371 1312.2690624333918 19.475020408630371 15.042682364583014 9.9323526062071341 19.514784835278988 448.47503298893571 11.675298284739256 46.022903420031071 50.06003987044096 11.048513650894163 8.1812908276915532 10.974643170833586 45.280798427760601 102.50735382735729 14.223899580538271 10.488679889589546 58.163212522864342 14.207222782075405 15.973689533770083 18.833695873618126 33.819878309965134 15.274849526584148
leaf_count=202 185 657 207 12751 29 85 1014 118 3710 73 43 49 106 1312 49 137 111 54 45 34 137 277 83 49 251 52 89 39 117 77
internal_value=0.000611449 -0.000531074 -0.00212019 0.00132923 -0.00320038 -0.000645713 0.000697698 -0.0101259 -0.0017325 -0.00909262 -0.003506 -0.0291347 -0.00801611 0.00316079 -0.000327128 -0.00901565 -0.0058395 -0.0140362 -0.0239068 -0.00112486 0.00491195 0.0128342 -0.0105292 -0.00183323 -0.00931831 -0.00668906 0.00140591 0.0068011 0.00125239 -0.011992
internal_weight=6819.9 2634.09 1843.06 4185.81 352.927 314.973 297.745 55.8484 1787.88 135.865 106.458 29.4074 91.4153 791.028 342.553 118.807 107.131 57.0714 17.2278 1652.02 172.987 113.482 59.5047 1479.03 166.761 156.273 98.1093 82.1356 63.302 29.4821
internal_count=22142 7915 5595 14227 1476 1291 1217 203 5388 473 351 122 308 2320 1008 351 302 191 74 4915 531 311 220 4384 674 625 374 285 246 129
cat_boundaries=0 1 2 3 4 5 6 7 8 9 10 11 12 13
cat_threshold=531 1 4 416 1 1 98 4 1 76 1 96 1
is_linear=0
shrinkage=0.03


Tree=194
num_leaves=31
num_cat=7
split_feature=0 10 5 1 3 17 17 15 7 17 0 17 17 0 10 0 17 17 6 17 0 1 16 0 0 3 17 0 15 12
split_gain=5.97999 19.0626 12.3416 20.1842 24.4956 17.9627 19.2462 16.1841 17.797 15.5488 21.9183 13.3987 12.7351 11.8452 13.5839 15.284 11.3076 21.9277 12.0727 11.2277 20.9195 10.4052 14.4555 14.2207 10.3132 8.48583 14.2428 25.7605 14.3299 11.446
threshold=37.500000000000007 12.500000000000002 0 1 2 4.0485000000000015 4.964500000000001 93.956000000000017 3 4.8565000000000014 27.500000000000004 1.4290000000000003 4.9595000000000011 31.500000000000004 3.5000000000000004 34.500000000000007 4.9615000000000009 4.9605000000000006 4 4.9615000000000009 30.500000000000004 5 -41.29999999999999 40.500000000000007 30.500000000000004 6 4.9625000000000012 35.500000000000007 93.89700000000002 1.0000000180025095e-35
decision_type=2 2 1 9 9 2 2 2 1 2 2 2 2 2 2 2 2 2 1 2 2 9 2 2 2 9 2 2 2 2
left_child=1 2 -1 25 5 11 13 8 16 10 -9 -5 -11 19 -15 -16 17 18 -6 20 -7 22 23 -2 -10 29 -27 28 -28 -4
right_child=21 -3 3 4 7 6 -8 9 24 12 -12 -13 -14 14 15 -17 -18 -19 -20 -21 -22 -23 -24 -25 -26 26 27 -29 -30 -31
leaf_value=0.001861757870921354 0.007512684240485578 -0.030509752939398997 0.0067886772333213483 -0.0075523364183741554 0.0045043927190963704 -0.034713774324896585 0.011171672790054524 0.048224081634591354 0.0076560165062581646 -0.031817344316035619 -0.014603815497529303 0.015846222695878751 0.0077492702733623093 -0.035734253520385936 0.014906018414712483 -0.038759896317954637 -0.01621293140047117 0.033309130403194206 -0.01787799219529063 0.00063747006904193992 0.0060282178264591899 0.0017467897394997623 0.0012022300974328477 -0.036484291000752303 0.047539808975921381 0.00088986048580340187 -0.0012628381635473296 -0.042795438338754502 -0.030679641122840773 -0.0070506103845006324
leaf_weight=1539.2431915402412 8.8549703620374185 18.587220817804337 312.65980914980173 194.35493741557002 127.08406254649162 35.076918072998524 18.628440417349339 7.7772257328033474 11.137973420321943 32.642182186245918 13.48765756934881 24.676325723528862 9.2398475855588895 62.957602612674236 11.584072947502138 7.94215153902769 26.896510809659958 21.008924096822739 26.035913065075874 33.260004565119743 16.53161559253931 3319.5746130477637 45.286116186529398 24.522011190652847 12.762527603656052 633.64405580237508 125.28102251142263 18.050716236233711 16.860379986464977 64.670161057263613
leaf_count=4643 33 150 855 559 321 193 52 14 33 199 74 51 36 366 44 50 88 34 86 103 58 11300 144 138 35 1722 400 89 79 193
internal_value=0.000592335 -0.00029215 -0.000125352 -0.00176766 -0.00578026 -0.010482 -0.0176012 0.00095121 0.00476202 -0.0124109 0.00835204 -0.00489651 -0.0230192 -0.0208266 -0.0289508 -0.00685562 0.00182999 0.00464188 0.000669817 -0.0128706 -0.0216186 0.00148389 -0.00868014 -0.0247346 0.0291877 0.000648506 -0.00111265 -0.00911737 -0.00479238 0.00429382
internal_weight=6820.32 3422.08 3403.49 1864.25 693.085 405.012 185.981 288.073 224.926 63.1469 21.2649 219.031 41.882 167.352 82.4838 19.5262 201.025 174.129 153.12 84.8685 51.6085 3398.24 78.6631 33.377 23.9005 1171.17 793.836 160.192 142.141 377.33
internal_count=22142 10527 10377 5734 2396 1476 866 920 597 323 88 610 235 814 460 94 529 441 407 354 251 11615 315 171 68 3338 2290 568 479 1048
cat_boundaries=0 1 2 3 4 5 6 7
cat_threshold=1 1797 101 1 1 1024 14
is_linear=0
shrinkage=0.03


Tree=195
num_leaves=31
num_cat=12
split_feature=8 1 6 17 17 5 3 0 1 21 0 5 2 0 21 0 9 17 17 0 0 20 1 0 2 21 21 1 0 17
split_gain=11.5302 9.30332 16.4242 18.4102 11.7768 8.79312 15.1431 16.9223 14.4444 19.5907 15.0708 17.4594 16.0712 15.4271 14.9947 17.508 19.1237 14.5683 21.8965 12.8602 12.2082 11.283 18.3008 18.2094 14.2215 11.3646 14.3484 19.5133 23.3945 22.5231
threshold=0 1 2 4.9635000000000007 0.88150000000000006 3 4 25.500000000000004 5 2.4414009612931857 33.500000000000007 6 7 29.500000000000004 1.4978661367769956 28.500000000000004 8 4.8575000000000008 1.4025000000000001 27.500000000000004 28.500000000000004 6.5000000000000009 9 32.500000000000007 10 2.4414009612931857 1.2424533248940002 11 28.500000000000004 1.2470000000000001
decision_type=9 9 1 2 2 1 9 2 9 2 2 1 9 2 2 2 1 2 2 2 2 2 9 2 9 2 2 9 2 2
left_child=1 2 3 -1 -4 -2 7 -7 10 14 13 12 -12 -9 19 -16 -17 18 -14 -10 -21 25 24 -24 -23 26 27 -8 29 -29
right_child=5 -3 4 -5 -6 6 21 8 9 -11 11 -13 17 -15 15 16 -18 -19 -20 20 -22 22 23 -25 -26 -27 -28 28 -30 -31
leaf_value=-0.010720741253247949 9.2489500617414468e-05 -0.00073376697978154437 0.0014539096206245502 0.012886178299461228 -0.043195196652651792 -0.016428616041311933 0.0081497198834896076 0.0010943175885234256 0.025580176559225679 0.040058352285960934 -0.023812002902860709 0.044735167278397145 0.011523141571191895 0.039227588097936208 0.032545158874496868 -0.02751129373450641 0.0012219800981578511 0.019175971523707726 -0.030937292539880402 -0.022727419144201833 0.0051599437069792782 0.027852201670686503 0.0040447929784456008 -0.033150547065957499 -0.015465438325494789 -0.020814700360717781 0.0060978056940418765 -0.027604848788131024 -0.0045348057155149939 0.013649304003563392
leaf_weight=112.32392025738955 2549.9812942445278 1624.5303845331073 7.2819096222519901 40.239470772445202 18.340056486427784 29.355624958872795 189.91731539368629 13.283952757716177 27.045910932123661 13.421818070113657 14.030331678688526 11.5655002258718 33.472759265452623 35.466496184468269 8.5651302412152273 28.485081136226654 51.430837072432041 66.712018668651581 16.091697573661804 14.417496770620344 486.36681557446718 18.522173717617989 17.03225726634264 37.667180873453617 10.587478742003443 20.221741288900375 468.69715661555529 13.142927929759024 684.50725368410349 115.58620650321245
leaf_count=438 8303 5055 14 105 98 103 513 38 60 47 61 22 76 71 23 154 194 227 96 53 1582 51 49 219 46 138 1471 43 2347 280
internal_value=0.000577253 -0.00147322 -0.00779793 -0.00447027 -0.0304327 0.00132109 0.00261685 0.00581797 0.00669051 0.00424787 0.0137919 0.00952656 0.00634668 0.0289216 0.00352567 -0.00788349 -0.0122893 0.0100288 -0.00223628 0.00544503 0.0043467 0.000846359 -0.00984785 -0.0182055 0.00893612 0.00145535 0.00176475 -0.000257172 -0.00229687 0.00939591
internal_weight=6778.29 1802.72 178.185 152.563 25.622 4975.57 2425.59 849.711 820.356 629.733 190.623 141.872 130.307 48.7504 616.311 88.481 79.9159 116.276 49.5645 527.83 500.784 1575.88 83.8091 54.6994 29.1097 1492.07 1471.85 1003.15 813.236 128.729
internal_count=21977 5710 655 543 112 16267 7964 2807 2704 2113 591 482 460 109 2066 371 348 399 172 1695 1635 5157 365 268 97 4792 4654 3183 2670 323
cat_boundaries=0 1 2 3 4 5 6 7 8 9 10 11 12
cat_threshold=642 1156 1 4 7 1225 1 4 18 513 2 354
is_linear=0
shrinkage=0.03


Tree=196
num_leaves=31
num_cat=14
split_feature=15 3 6 9 10 10 15 17 10 13 17 20 2 8 2 14 13 17 20 10 4 17 3 8 13 12 2 10 9 10
split_gain=11.818 12.8531 22.68 12.1545 30.9382 15.5607 21.6755 17.6262 20.9252 20.652 16.2287 12.8026 13.1533 12.1428 11.9485 19.8051 10.7988 18.4209 24.5312 21.3076 19.6012 10.1771 9.9 13.506 12.2199 11.8331 10.6196 9.83763 9.71921 17.7154
threshold=93.956000000000017 0 1 2 2.5000000000000004 1.5000000000000002 93.89700000000002 1.4595000000000002 4.5000000000000009 3 4.964500000000001 2.5000000000000004 4 5 6 -2.3499999999999996 7 1.4400000000000002 5.5000000000000009 1.5000000000000002 8 0.71550000000000014 9 10 11 2.5000000000000004 12 2.5000000000000004 13 7.5000000000000009
decision_type=2 9 1 1 2 2 2 2 2 1 2 2 9 9 9 2 1 2 2 2 9 2 9 9 1 2 9 2 1 2
left_child=1 16 -3 4 13 6 -5 8 14 10 11 -9 -13 -4 15 -7 17 20 -19 -20 -1 -18 25 26 -25 28 -24 -16 -2 -30
right_child=22 2 3 5 -6 7 -8 9 -10 -11 -12 12 -14 -15 27 -17 21 18 19 -21 -22 -23 23 24 -26 -27 -28 -29 29 -31
leaf_value=-0.0013527656646478679 0.0089230146725425719 0.025826188823173987 -0.0037632090806937924 0.0086360717761186437 0.01304268214640243 -0.0027097327622043936 -0.023652288492889771 -0.027863492473320383 0.0070703146045497578 0.043615173283056113 -0.042781082155718714 0.012680598777074344 -0.011637553258371449 0.0061475104918116436 0.00068708415357837313 -0.045492005216707959 0.0076057531789348286 -0.039927363739025827 -0.031787415709166711 0.014130842663817245 -0.029111596390961697 -0.00070894806282023506 -0.00029677198585969193 -0.020815374090600705 -9.4673153162938759e-05 -0.023580789652778433 0.022127024612888433 -0.031286444732797555 0.0032271622065135849 -0.037437206660824757
leaf_weight=435.6156859472394 386.41659512370825 36.661525182425976 302.21918991208076 148.10893593728542 238.68963212519884 13.87846192717552 21.284113831818104 12.564159624278544 26.85809762775898 9.1794329136610013 8.4100886434316617 58.591059386730194 30.184270914644003 162.72756640985608 24.608387298882008 33.911344222724438 137.98535923287272 29.781381394714117 14.694943599402903 23.443677246570587 24.089267067611217 3248.4229240920395 31.565944541245699 26.401265792548656 776.23634330928326 12.648858547210692 46.694085098803043 13.115199513733385 433.9222416318953 9.7525526843965036
leaf_count=1130 1495 68 900 400 631 30 88 54 75 21 42 183 108 430 62 158 332 180 70 87 120 9440 79 69 3517 47 82 46 1949 84
internal_value=0.00055893 -0.000171971 0.00261556 0.00186372 0.00420547 -0.00228887 0.0045498 -0.00740885 -0.015924 0.00061824 -0.00298714 0.000324679 0.0043747 -0.000236241 -0.023181 -0.033162 -0.00098954 -0.00498422 -0.0195632 -0.00352003 -0.00281991 -0.00036905 0.00270412 0.000439826 -0.000772859 0.00500246 0.0115778 -0.010403 0.00550467 0.00226722
internal_weight=6778.66 5055.02 1140.99 1104.33 703.636 400.694 169.393 231.301 112.371 118.929 109.75 101.339 88.7753 464.947 85.5134 47.7898 3914.03 527.625 67.92 38.1386 459.705 3386.41 1723.64 880.898 802.638 842.74 78.26 37.7236 830.091 443.675
internal_count=21977 14655 3296 3228 1961 1267 488 779 371 408 387 345 291 1330 296 188 11359 1587 337 157 1250 9772 7322 3747 3586 3575 161 108 3528 2033
cat_boundaries=0 1 2 3 4 5 6 7 8 9 10 11 12 13 14
cat_threshold=105 2 28 2 2 227 2 1 1 41 10 1 4 17
is_linear=0
shrinkage=0.03


Tree=197
num_leaves=31
num_cat=7
split_feature=12 17 1 20 10 1 0 18 0 0 2 10 17 0 17 3 4 9 17 16 10 0 0 17 12 5 16 17 17 17
split_gain=5.87839 18.8923 18.0483 12.096 8.93104 8.50769 19.7774 14.1179 8.47256 6.77333 6.29254 11.1026 9.6825 9.29404 9.19722 6.98131 9.64947 9.36366 10.2696 14.1991 11.9221 12.1711 9.94361 8.84063 10.0861 9.72941 12.3657 10.1462 14.4843 7.54413
threshold=1.0000000180025095e-35 1.4810000000000003 0 5.5000000000000009 1.5000000000000002 1 34.500000000000007 5020.5000000000009 48.500000000000007 41.500000000000007 2 1.5000000000000002 0.7380000000000001 51.500000000000007 1.4490000000000003 3 4 5 1.3960000000000001 -39.899999999999991 2.5000000000000004 28.500000000000004 24.500000000000004 1.3200000000000003 1.5000000000000002 6 -39.04999999999999 1.2555000000000003 1.0450000000000002 0.7380000000000001
decision_type=2 2 9 2 2 9 2 2 2 2 9 2 2 2 2 9 9 1 2 2 2 2 2 2 2 1 2 2 2 2
left_child=-1 5 3 -3 -5 6 -2 -8 9 -9 11 12 -7 -13 15 23 17 22 19 20 21 -19 -17 25 -25 26 27 28 -12 -21
right_child=1 2 -4 4 -6 10 7 8 -10 -11 14 13 -14 -15 -16 16 -18 18 -20 29 -22 -23 -24 24 -26 -27 -28 -29 -30 -31
leaf_value=0.00092045864120719279 -0.047730569792414176 -0.019716931948068804 -0.029280124642147191 -0.011578795156300885 0.022825946043295364 0.0049632864261353639 0.010823745555589228 -0.02517936220328509 -0.041315516182306278 0.0057422331833159434 -0.010045787574912765 0.0097482875897207978 -0.029522313346762696 -0.02259825185005878 0.026744182765442645 0.021611279589676687 -0.017375129530784968 -0.031458554476166981 -0.031402910076655459 -0.0037445589282533468 0.017374627475347102 0.0012238817003431281 0.0015107875332910337 0.0087853140343051427 0.038871148543618027 0.0085026227044600958 0.0051982131791703948 -0.0041605880719608329 -0.062681529445809292 -0.025850716377209756
leaf_weight=5730.5971888676286 10.957784220576285 18.290928803384304 31.352619625627995 10.075119428336622 19.903431214392185 9.9647444970905763 29.876249730587006 11.324988983571531 9.4886029884219152 14.104919306933878 11.307527333498003 35.163620583713055 25.957202520221472 10.216197796165941 12.501869589090346 23.862510815262794 30.801792468875647 12.099840205162762 12.944137200713156 25.862571656703949 33.861254520714283 63.415686950087547 301.11742324382067 58.744905725121498 12.155600510537623 94.441562905907631 51.052245274186134 27.446595445275307 8.2266946323215944 30.949041116982698
leaf_count=18932 51 112 190 40 63 22 65 45 40 38 36 92 97 40 20 41 125 41 53 75 80 175 763 157 19 221 117 91 37 99
internal_value=0.000542412 -0.00152287 -0.0155612 -0.00040828 0.0111635 -0.000363392 -0.00938357 -0.00423468 -0.0171984 -0.00795561 0.000499738 -0.00744066 -0.0198855 0.00236659 0.00130664 0.000901209 -0.00108155 -9.82436e-05 -0.00543496 -0.00370349 0.00259425 -0.00400782 0.00291255 0.00479742 0.0140331 0.00162334 -0.00497526 -0.0160817 -0.0325721 -0.0158642
internal_weight=6778.06 1047.47 79.6221 48.2695 29.9786 967.846 75.7525 64.7948 34.9185 25.4299 892.093 81.3018 35.9219 45.3798 810.791 798.289 534.914 504.112 179.133 166.188 109.377 75.5155 324.98 263.375 70.9005 192.475 98.0331 46.9808 19.5342 56.8116
internal_count=21977 3045 405 215 103 2640 239 188 123 83 2401 251 119 132 2150 2130 1452 1327 523 470 296 216 804 678 176 502 281 164 73 174
cat_boundaries=0 1 2 3 4 5 6 7
cat_threshold=1043 20 1 164 1 26 4
is_linear=0
shrinkage=0.03


Tree=198
num_leaves=31
num_cat=15
split_feature=15 3 5 9 21 21 15 8 21 0 0 8 0 9 8 7 8 13 0 0 9 0 2 12 0 3 6 21 0 5
split_gain=11.0709 11.9099 21.361 11.392 28.9485 14.7428 20.5315 15.9531 15.6565 11.8352 12.3591 11.4825 12.745 10.2529 16.5449 16.9662 10.8033 23.903 12.928 12.4302 13.1424 14.2431 13.0681 11.9038 11.3736 10.522 9.96909 9.82328 9.80187 9.54313
threshold=93.956000000000017 0 1 2 1.2424533248940002 0.89587973461402759 93.89700000000002 3 1.7005986908310777 52.500000000000007 33.500000000000007 4 35.500000000000007 5 6 7 8 9 55.500000000000007 29.500000000000004 10 31.500000000000004 11 1.5000000000000002 27.500000000000004 12 13 1.2424533248940002 39.500000000000007 14
decision_type=2 9 1 1 2 2 2 9 2 2 2 9 2 1 9 1 9 1 2 2 1 2 9 2 2 9 1 2 2 1
left_child=1 13 -3 4 11 6 -5 8 9 10 -7 -4 -13 14 -1 29 17 18 23 24 22 -22 -21 -15 -19 26 -23 -9 -24 -16
right_child=-2 2 3 5 -6 7 -8 27 -10 -11 -12 12 -14 16 15 -17 -18 19 -20 20 21 25 28 -25 -26 -27 -28 -29 -30 -31
leaf_value=0.0043311274711456847 0.0025996182579248405 0.025035832867631214 -0.0036946521936525468 0.0083765978248290986 0.01257483119362063 -0.034335206491535153 -0.02315723076639491 0.010041887648817673 0.0034081772272650758 -0.053461387730049464 -0.0092020460461163748 0.015106234347032893 -0.0016664304280205342 -0.029154776535293116 0.021266516011883035 -0.024535907100732408 0.00059066535097909245 -0.0029034249902692003 0.010416406207067757 0.028224539314628191 -0.032001945660683123 -0.0052918371649912721 0.007174667722694093 0.0037866498233897435 0.020847298571606623 -0.015188528103589009 0.011846757002582579 -0.0075644613409889721 -0.015431787513703167 -0.0054943895778101328
leaf_weight=165.06248647347093 1725.3669442236423 36.629491753876209 302.00213276222348 147.98530441150069 239.07082957774401 27.149973802268505 21.116926111280918 57.749755345284939 29.061323501169682 9.5406820625066739 51.479452468454838 77.52818325906992 85.249290972948074 59.671286288648844 12.105660490691662 42.643053013831377 2612.1780528035015 33.24292753636837 11.395907521247862 18.686085298657417 19.832072526216507 121.48689888045192 58.377845592796803 11.612648002803324 39.291836485266685 59.035361088812351 40.658810347318649 56.055568382143974 24.379893839359283 582.28286181390285
leaf_count=456 7322 68 900 400 631 97 88 162 89 44 186 175 255 284 30 201 7264 74 28 35 80 419 150 22 68 270 103 201 88 1787
internal_value=0.000524768 -0.000183202 0.00250052 0.00177054 0.00403651 -0.00225241 0.00440967 -0.0072388 -0.0143663 -0.0218837 -0.017951 -0.00026387 0.00594317 -0.000970425 -0.00397363 -0.00616413 -0.000184521 -0.00419004 -0.0189964 -0.00132998 -0.0037263 -0.00737312 0.0051282 -0.0237486 0.00993195 -0.00547097 -0.00091473 0.0012359 0.000468159 -0.00494083
internal_weight=6777.93 5052.56 1140.62 1103.99 703.85 400.139 169.102 231.037 117.231 88.1701 78.6294 464.78 162.777 3911.94 802.094 637.032 3109.85 497.672 82.6798 414.992 342.457 241.013 101.444 71.2839 72.5348 221.181 162.146 113.805 82.7577 594.389
internal_count=21977 14655 3296 3228 1961 1267 488 779 416 327 283 1330 430 11359 2474 2018 8885 1621 334 1287 1145 872 273 306 142 792 522 363 238 1817
cat_boundaries=0 1 2 3 4 5 6 7 8 9 10 11 12 13 14 15
cat_threshold=105 2 28 99 227 4 400 1 144 1 16 1 96 1 2
is_linear=0
shrinkage=0.03


Tree=199
num_leaves=31
num_cat=12
split_feature=15 3 6 1 9 10 10 15 17 10 0 13 17 17 6 7 17 0 0 0 1 15 9 10 15 9 1 4 12 0
split_gain=10.4144 11.2015 20.1248 20.972 14.6667 30.1649 22.365 28.0688 20.881 18.8193 13.6873 15.7076 13.2473 13.6587 14.3312 13.7523 12.5739 12.0373 11.6633 25.6302 16.5519 17.5053 9.74421 18.6481 10.6232 9.63143 35.0338 21.6996 18.2241 21.009
threshold=93.956000000000017 0 1 2 3 2.5000000000000004 1.5000000000000002 93.89700000000002 1.2650000000000003 3.5000000000000004 33.500000000000007 4 4.9635000000000007 4.9625000000000012 5 6 1.0545000000000002 32.500000000000007 37.500000000000007 35.500000000000007 7 93.137500000000017 8 2.5000000000000004 93.596500000000006 9 10 11 1.0000000180025095e-35 58.500000000000007
decision_type=2 9 1 9 1 2 2 2 2 2 2 1 2 2 1 1 2 2 2 2 9 2 1 2 2 1 9 9 2 2
left_child=1 25 -3 22 5 10 7 -6 9 16 11 -5 13 14 15 -10 -8 -13 19 -12 21 -20 -4 24 -24 26 -1 28 -28 -30
right_child=-2 2 3 4 6 -7 8 -9 12 -11 18 17 -14 -15 -16 -17 -18 -19 20 -21 -22 -23 23 -25 -26 -27 27 -29 29 -31
leaf_value=-0.00066591130900857832 0.0025196808484766698 0.024306680499752743 0.017132782923185638 -0.022093060077543417 0.0081387495260755068 0.011972657697793078 -0.07539612012674872 -0.031904548313924766 -0.0082155775614293249 -0.0055338658301137501 -0.0011880177160215662 0.0043755303970643934 -0.04201770421838031 0.020925962500947998 -0.034716929483864158 0.023700650868796757 -0.030020492725859323 0.027915581648038999 -0.0092200373728398236 -0.043845179249996064 0.0015370284712103452 -0.053934044774126041 -0.0036245439013379067 -0.027781449805505388 0.029005953444720178 -0.00018037312785906814 -0.007740470342212734 -0.043907915662865879 -0.067144743418126762 -0.0052173232254625734
leaf_weight=645.63987640663981 1726.6842012368143 36.599893555045128 100.14288024231791 16.730464719235897 134.39723886176944 211.6012057363987 9.3303894847631454 17.729321859776974 90.958116874098778 15.662251278758047 30.883749932050705 109.31575822085142 8.9346140921115857 16.617236018180847 15.621962204575537 13.892553117126225 14.615637794137001 23.862004011869431 24.475391589105129 21.589284397661686 165.29087359458208 11.716786880046127 18.671753264963627 15.162709318101404 16.917631752789021 3109.3894074298441 113.08990763500333 23.273514721542597 10.760588198900225 9.2685171738266927
leaf_count=1917 7322 68 233 58 364 552 40 78 332 48 95 264 46 42 74 36 47 42 60 102 497 64 58 61 35 8885 342 131 60 24
internal_value=0.000508268 -0.000178621 0.00242387 0.00171559 4.21846e-06 0.00275326 -0.00493096 0.00343437 -0.0120662 -0.0313791 -0.00200335 0.00517191 -0.00678921 -0.00444243 -0.00798092 -0.00393959 -0.0480655 0.00863359 -0.00625103 -0.0188458 -0.00294833 -0.018727 0.0117229 0 0.0118403 -0.000942204 -0.00385307 -0.0161541 -0.0124626 -0.038805
internal_weight=6778.83 5052.14 1140.72 1104.12 953.225 615.466 337.759 152.127 185.633 39.6083 403.864 149.908 146.024 137.09 120.473 104.851 23.946 133.178 253.956 52.473 201.483 36.1922 150.895 50.7521 35.5894 3911.42 802.032 156.393 133.119 20.0291
internal_count=21977 14655 3296 3228 2841 1734 1107 442 665 135 1182 364 530 484 442 368 87 306 818 197 621 124 387 154 93 11359 2474 557 426 84
cat_boundaries=0 1 2 3 4 5 6 7 8 9 10 11 12
cat_threshold=105 2 65 28 1 1 1 548 13 4 977 1
is_linear=0
shrinkage=0.03


Tree=200
num_leaves=31
num_cat=4
split_feature=10 16 0 0 20 20 10 9 10 15 2 10 20 0 20 0 0 16 2 10 14 15 0 0 0 0 16 15 2 18
split_gain=6.62515 19.6869 18.3049 18.0862 21.249 19.7985 17.1945 16.847 24.0943 26.9711 17.6976 14.8469 13.8831 13.1944 12.4092 12.8809 12.1409 11.7811 13.6249 11.7242 12.8295 11.7197 10.223 8.04017 11.0699 11.7192 10.8166 7.67313 6.81755 6.78829
threshold=4.5000000000000009 -32.199999999999996 58.500000000000007 50.500000000000007 5.5000000000000009 5.5000000000000009 8.5000000000000018 0 5.5000000000000009 94.010500000000022 1 10.500000000000002 4.5000000000000009 27.500000000000004 3.5000000000000004 41.500000000000007 54.500000000000007 -41.899999999999991 2 6.5000000000000009 1.0000000180025095e-35 93.89700000000002 37.500000000000007 25.500000000000004 41.500000000000007 36.500000000000007 -36.249999999999993 93.89700000000002 3 5013.1000000000013
decision_type=2 2 2 2 2 2 2 1 2 2 9 2 2 2 2 2 2 2 9 2 2 2 2 2 2 2 2 2 9 2
left_child=29 2 3 4 7 16 23 19 12 10 13 -12 -9 -10 22 21 27 18 -18 -2 -21 -16 -15 -6 25 -25 -27 -5 -8 -1
right_child=1 -3 -4 5 6 -7 28 8 9 -11 11 -13 -14 14 15 -17 17 -19 -20 20 -22 -23 -24 24 -26 26 -28 -29 -30 -31
leaf_value=0.0039494590799183911 0.0086736530842022718 -0.046784505476521188 0.019696618770181969 -0.0067269128521306957 0.023469653415843564 -0.04023457230359196 0.028479409890688742 -0.035895552615855371 0.040618245344260832 -0.039039224838093467 -0.027807007850471441 0.020399654648022979 -0.0020112962643678636 -0.039474689802789835 0.039712001609987634 -0.015755186822321899 0.014977444762720666 0.019271022445056882 -0.042584633187756162 -0.039674783566399169 -0.0022387744971826681 0 0.00097929764606959004 -0.00088393489011678959 0.012021918054633041 -0.040546513023188596 0 -0.037964552712725315 0.0086005746704026012 0.00019948390531291109
leaf_weight=470.99715850129724 90.028339870274067 8.8671276718378049 33.093520551919937 15.210387177765371 12.827808216214178 22.297869322821498 33.384951788932085 46.095390103757381 10.26005597412586 17.58807535469532 25.918610561639071 7.2290407810360184 14.50254452228546 8.2291342020034808 17.790667645633224 9.1637479625642282 6.7384085282683372 20.333347145467997 7.86606692150235 9.7724554091691953 51.212143275886774 10.801069375127552 16.863388555124402 86.424403727054596 41.452078931033611 14.728760421276093 9.7999379336833954 13.700134878978131 30.208063684403896 5620.7921929433942
leaf_count=1106 293 30 73 64 23 122 99 227 22 113 135 33 51 51 39 47 18 64 47 78 251 53 88 283 133 84 31 90 119 18232
internal_value=0.000173482 -0.00260641 -0.00202215 -0.00313466 -0.00117309 -0.0159325 0.00586746 -0.00598497 -0.0117222 -0.00473507 0.000946321 -0.0171738 -0.0278523 0.00921533 0.0039847 0.0148725 -0.00734884 0.00447977 -0.0159006 0.00167074 -0.00834194 0.0248141 -0.0122726 0.000743449 -0.00116386 -0.00612347 -0.0243841 -0.0217131 0.019112 0.000489972
internal_weight=6784.18 692.388 683.52 650.427 564.281 86.1462 228.826 335.455 184.442 123.844 106.256 33.1477 60.5979 73.1081 62.848 37.7555 63.8483 34.9378 14.6045 151.013 60.9846 28.5917 25.0925 165.233 152.405 110.953 24.5287 28.9105 63.593 6091.79
internal_count=22099 2761 2731 2658 2253 405 772 1481 859 581 468 168 278 300 278 139 283 129 65 622 329 92 139 554 531 398 115 154 218 19338
cat_boundaries=0 1 2 3 4
cat_threshold=5 2 1 2
is_linear=0
shrinkage=0.03


Tree=201
num_leaves=31
num_cat=4
split_feature=10 16 0 0 20 20 10 9 10 10 20 16 10 14 10 0 8 0 0 20 0 0 8 0 0 0 14 18 9 0
split_gain=6.25851 18.1309 17.247 17.1864 20.0429 18.9371 16.0372 15.979 22.974 14.0154 13.3642 11.6602 11.0446 12.4657 10.3246 16.6003 16.4842 14.2813 26.2901 11.7401 13.5431 9.6019 9.53044 14.1312 25.7113 9.24089 8.57352 6.40812 7.45877 9.70863
threshold=4.5000000000000009 -32.199999999999996 58.500000000000007 50.500000000000007 5.5000000000000009 5.5000000000000009 8.5000000000000018 0 5.5000000000000009 11.500000000000002 4.5000000000000009 -36.249999999999993 6.5000000000000009 1.0000000180025095e-35 10.500000000000002 27.500000000000004 1 36.500000000000007 38.500000000000007 3.5000000000000004 44.500000000000007 39.500000000000007 2 44.500000000000007 31.500000000000004 54.500000000000007 1.2500000000000002 5013.1000000000013 3 30.500000000000004
decision_type=2 2 2 2 2 2 2 1 2 2 2 2 2 2 2 2 9 2 2 2 2 2 9 2 2 2 2 2 1 2
left_child=27 2 3 4 7 11 22 12 10 14 -9 25 -2 -14 15 -10 19 -18 -19 20 -17 -21 26 24 -24 -5 -6 28 29 -1
right_child=1 -3 -4 5 6 -7 -8 8 9 -11 -12 -13 13 -15 -16 16 17 18 -20 21 -22 -23 23 -25 -26 -27 -28 -29 -30 -31
leaf_value=-0.0019512445184030024 0.0083946924517606693 -0.044525893771806553 0.019114980766197207 -0.031114267604666856 0.024665427296053366 -0.03950648703180705 0.01842213563775516 -0.035257949726149651 0.023828854548490968 -0.036602757983329744 -0.0019525729960635596 0.01184074965262746 -0.039456481888457781 -0.0021740031739912679 0.028571174598434175 -0.036499684220342769 -0.048366297458767873 0.029328947902102706 -0.033342562522844142 0.02790908209787062 0.021281539519256921 -0.0085160940282772053 0.004754959770185853 0.017753978789638903 -0.044575552157173404 -0.003252135442630449 0.0022233451918267492 0.00019349466846843967 -0.0010946454732515929 0.010265703097547639
leaf_weight=80.349433775991201 90.229632288217545 9.0397558435797674 33.080719575285912 19.575938139110804 18.17119412869215 22.033418400213122 63.998607978224754 45.531500265002251 15.93397009372711 11.117050258442758 14.493692412972448 19.733191452920437 9.5358572341501695 51.159583419561386 9.3546857386827451 10.031571350991724 15.218770131468771 9.0692175999283808 17.340991146862507 20.288525540381674 5.5565154217183581 9.3549350649118406 18.730131015181541 11.47847133874893 18.975771144032478 24.174991177394986 97.735861398279667 5620.9297610446811 177.75772282481194 211.62079015374184
leaf_count=209 293 30 73 122 24 122 218 227 42 102 51 56 78 251 28 77 78 23 90 76 24 41 57 40 118 105 315 18232 422 475
internal_value=0.000168004 -0.00253693 -0.00196946 -0.00305186 -0.00114253 -0.0155777 0.00568441 -0.00583135 -0.011444 -0.00461879 -0.0272825 -0.00717645 0.00161872 -0.00813606 -0.00139179 -0.00417281 -0.00936551 -0.0203661 -0.0116787 0.00426675 -0.0157074 0.0163231 0.000720238 -0.00926404 -0.0200439 -0.0158297 0.0053266 0.00047539 0.00384151 0.00666562
internal_weight=6781.6 690.945 681.905 648.824 563.307 85.5175 229.09 334.216 183.291 123.266 60.0252 63.4841 150.925 60.6954 112.149 102.794 86.8605 41.629 26.4102 45.2315 15.5881 29.6435 165.091 49.1844 37.7059 43.7509 115.907 6090.66 469.728 291.97
internal_count=22099 2761 2731 2658 2253 405 772 1481 859 581 278 283 622 329 479 451 409 191 113 218 101 117 554 215 175 227 339 19338 1106 684
cat_boundaries=0 1 2 3 4
cat_threshold=5 98 58 28
is_linear=0
shrinkage=0.03


Tree=202
num_leaves=31
num_cat=8
split_feature=1 6 8 0 4 0 0 4 17 16 20 17 8 15 2 20 0 0 17 2 0 14 21 0 21 11 15 17 0 17
split_gain=7.08822 7.61075 8.04516 16.6521 23.7638 12.3335 25.4396 9.81784 12.7573 9.30359 9.30167 19.5916 11.6112 12.2117 10.4445 9.02336 8.84874 7.44245 8.04033 9.52742 15.2941 14.8803 6.80876 6.62927 10.1745 6.45681 13.4792 6.32796 5.99223 5.92515
threshold=0 1 2 43.500000000000007 3 43.500000000000007 53.500000000000007 4 4.8565000000000014 -28.349999999999998 3.5000000000000004 1.2650000000000003 5 93.956000000000017 6 6.5000000000000009 26.500000000000004 39.500000000000007 4.9595000000000011 7 27.500000000000004 -0.14999999999999999 0.89587973461402759 36.500000000000007 1.2424533248940002 10.500000000000002 92.681000000000012 0.86950000000000016 36.500000000000007 4.964500000000001
decision_type=9 1 9 2 9 2 2 9 2 2 2 2 9 2 9 2 2 2 2 9 2 2 2 2 2 2 2 2 2 2
left_child=1 -1 5 4 9 17 -7 8 22 10 11 -4 13 23 -15 -6 -14 18 19 20 -3 -21 -5 24 -12 26 27 -2 -23 -27
right_child=25 2 3 7 15 6 -8 -9 -10 -11 12 -13 16 14 -16 -17 -18 -19 -20 21 -22 28 -24 -25 -26 29 -28 -29 -30 -31
leaf_value=0.023081122365488451 -0.0021670493721634688 0.001007694807239461 0.0055449304336378834 0.00020727389801911169 -0.044119566063629725 -0.033215025400286868 0.02701524930708336 0.030960813777541559 -0.01649207371119657 0.025612574493428807 -0.0037040039984531183 -0.041652291519976473 -0.0032815064941887958 0.042521405344698456 0.0027229583289538383 -0.0039009266496424244 -0.031527332712293146 0.036015263043351869 0.032240879436670693 0.022689362417046353 0.032161203217090546 -0.042574331995640591 0.024072239134055675 -0.01613508734777816 0.016110576434887631 -0.00059476807942689623 0.0088336898458337906 -0.025578148971120745 -0.00304569677453106 0.0026603330100826842
leaf_weight=17.540946587920189 43.283045042306185 34.659935332834721 16.382608659565452 18.379114545881748 16.583748295903209 15.582515649497511 10.426662184298037 19.026757944375277 16.162518687546253 11.533771142363547 58.177883360534906 15.008060947060583 26.447389107197523 13.183642908930779 11.061127118766308 7.4554719924926749 16.235633160918951 12.262041240930555 13.827828809618948 8.4337374567985552 24.159737046808004 8.7880433574318868 26.759800419211388 16.871354103088379 38.61992572247982 5510.3643432874233 178.30145355686545 13.732676558196543 5.9509272649884215 553.56673959642649
leaf_count=34 136 77 35 41 84 82 28 49 67 15 144 72 61 35 37 20 54 29 28 11 42 47 48 54 74 18375 479 47 26 1768
internal_value=0.000162665 0.00363971 0.00296898 0.000275486 -0.00355839 0.00884793 -0.00894378 0.0121522 0.00622466 -0.000490646 -0.00193642 -0.0169857 0.00067074 0.00492748 0.0245733 -0.0318384 -0.0114646 0.0139793 0.0110935 0.00745554 0.0138875 -0.00873155 0.0144434 0.001126 0.00417903 -0.000107205 0.0047665 -0.00789323 -0.0269447 -0.000297081
internal_weight=6778.77 479.521 461.98 327.889 247.561 134.091 26.0092 80.3282 61.3014 223.521 211.988 31.3907 180.597 137.914 24.2448 24.0392 42.683 108.082 95.8202 81.9924 58.8197 23.1727 45.1389 113.669 96.7978 6299.25 235.317 57.0157 14.739 6063.93
internal_count=22099 1294 1260 890 685 370 110 205 156 581 566 107 459 344 72 104 115 260 231 203 119 84 89 272 218 20805 662 183 73 20143
cat_boundaries=0 1 2 3 4 5 6 7 8
cat_threshold=260 2 176 1 1 73 2 4
is_linear=0
shrinkage=0.03


Tree=203
num_leaves=31
num_cat=5
split_feature=21 16 0 0 20 20 9 21 15 2 21 21 20 0 0 20 0 16 2 15 21 18 0 8 2 0 18 15 0 15
split_gain=5.95403 16.7047 16.2791 16.3634 18.8521 18.1075 15.1017 21.9567 25.3107 16.7092 14.8981 13.9021 12.8884 11.5752 11.2169 11.1525 11.7688 10.9298 13.102 10.6797 10.3341 10.8841 9.64845 9.01708 33.8234 27.8772 8.20144 7.33858 6.33727 7.5791
threshold=1.7005986908310777 -32.199999999999996 58.500000000000007 50.500000000000007 5.5000000000000009 5.5000000000000009 0 1.8688348091416842 94.010500000000022 1 2.249904835165133 2.4414009612931857 4.5000000000000009 27.500000000000004 54.500000000000007 3.5000000000000004 41.500000000000007 -41.899999999999991 2 93.89700000000002 2.0126758453675748 5183.6500000000005 37.500000000000007 3 4 31.500000000000004 5211.9500000000016 93.89700000000002 47.500000000000007 93.89700000000002
decision_type=2 2 2 2 2 2 1 2 2 9 2 2 2 2 2 2 2 2 9 2 2 2 2 9 9 2 2 2 2 2
left_child=-1 2 3 4 6 14 20 12 9 13 23 -11 -8 -9 27 22 19 18 -16 -17 -2 -22 -15 26 -25 -26 -6 -5 29 -23
right_child=1 -3 -4 5 10 -7 7 8 -10 11 -12 -13 -14 15 17 16 -18 -19 -20 -21 21 28 -24 24 25 -27 -28 -29 -30 -31
leaf_value=0.00045741694215449557 0.008085957320192615 -0.042428859157189344 0.018555568809264813 -0.0064976701911015084 0.024245122089150313 -0.038816556314927649 -0.034662606836289862 0.038091385827608612 -0.038457887637684859 -0.027206016915758479 0.017715629297844353 0.019323244029000423 -0.0018938740407273052 -0.038718762729801119 0.014558641750405102 0.037786027804925057 -0.015254083495104554 0.018442200970907787 -0.042117291602952793 0 -0.039756113737910319 -0.038077711557658003 0.0011519810023825972 0.044296424221920337 0.0045703171595607075 -0.045064301049109155 0.0021492968485244657 -0.037406598568936057 0.023338219975108664 -0.0020232285603447291
leaf_weight=6088.2558157034218 90.443515449762344 9.2027199640870077 33.061288803815842 15.143963672220709 17.884906709194183 21.769277801737189 44.937322944402695 10.435858584940432 16.916125331073999 25.579111631959677 64.403397705405951 7.3019137512892476 14.486335188150404 7.8975338116288212 6.7575354501605034 17.960651867091659 9.0511057153344137 20.413549464195967 7.7010485678911191 10.817151315510271 8.2464718520641309 6.0068792551755896 16.785850567743182 8.1746792048215866 18.725457683205605 21.925340734422207 97.80235917121172 13.158354531973599 7.075914852321147 39.061659786850214
leaf_count=19338 293 30 73 64 24 122 227 22 113 135 218 33 51 51 18 39 47 64 47 53 69 37 88 21 57 137 315 90 30 193
internal_value=0.000157831 -0.00248426 -0.00193304 -0.00298756 -0.00112548 -0.0152545 -0.00568517 -0.0111654 -0.00449366 0.000938168 0.00549396 -0.016755 -0.0267412 0.00896637 -0.0070393 0.00400323 0.0142597 0.00427747 -0.0155044 0.0236668 0.0015535 -0.00792051 -0.0115885 0.000683349 -0.00906195 -0.0221718 0.00516322 -0.0210546 -0.00276194 -0.00696877
internal_weight=6777.38 689.127 679.925 646.863 561.92 84.9437 333.003 182.169 122.745 105.829 228.916 32.881 59.4237 72.9482 63.1745 62.5123 37.8289 34.8721 14.4586 28.7778 150.834 60.3909 24.6834 164.513 48.8255 40.6508 115.687 28.3023 52.1445 45.0685
internal_count=22099 2761 2731 2658 2253 405 1481 859 581 468 772 168 278 300 283 278 139 129 65 92 622 329 139 554 215 194 339 154 260 230
cat_boundaries=0 1 2 3 4 5
cat_threshold=5 2 1 58 1
is_linear=0
shrinkage=0.03


end of trees

feature_importances:
euribor3m=1179
age=1056
campaign=538
job=416
day_of_week=305
education_ordinal=260
month=257
education=256
marital=222
cons.price.idx=177
housing=170
contact=151
poutcome=148
cons.conf.idx=146
loan=132
campaign_log=132
emp.var.rate=126
nr.employed=124
previous=98
default=96
pdays=96
was_contacted_before=28
previous_log=7

parameters:
[boosting: gbdt]
[objective: binary]
[metric: auc,average_precision]
[tree_learner: serial]
[device_type: cpu]
[data_sample_strategy: bagging]
[data: ]
[valid: ]
[num_iterations: 2000]
[learning_rate: 0.03]
[num_leaves: 31]
[num_threads: 0]
[seed: 42]
[deterministic: 0]
[force_col_wise: 0]
[force_row_wise: 0]
[histogram_pool_size: -1]
[max_depth: -1]
[min_data_in_leaf: 30]
[min_sum_hessian_in_leaf: 0.001]
[bagging_fraction: 0.8]
[pos_bagging_fraction: 1]
[neg_bagging_fraction: 1]
[bagging_freq: 5]
[bagging_seed: 400]
[bagging_by_query: 0]
[feature_fraction: 0.8]
[feature_fraction_bynode: 1]
[feature_fraction_seed: 30056]
[extra_trees: 0]
[extra_seed: 12879]
[early_stopping_round: 0]
[early_stopping_min_delta: 0]
[first_metric_only: 0]
[max_delta_step: 0]
[lambda_l1: 0.1]
[lambda_l2: 0.1]
[linear_lambda: 0]
[min_gain_to_split: 0]
[drop_rate: 0.1]
[max_drop: 50]
[skip_drop: 0.5]
[xgboost_dart_mode: 0]
[uniform_drop: 0]
[drop_seed: 17869]
[top_rate: 0.2]
[other_rate: 0.1]
[min_data_per_group: 100]
[max_cat_threshold: 32]
[cat_l2: 10]
[cat_smooth: 10]
[max_cat_to_onehot: 4]
[top_k: 20]
[monotone_constraints: ]
[monotone_constraints_method: basic]
[monotone_penalty: 0]
[feature_contri: ]
[forcedsplits_filename: ]
[refit_decay_rate: 0.9]
[cegb_tradeoff: 1]
[cegb_penalty_split: 0]
[cegb_penalty_feature_lazy: ]
[cegb_penalty_feature_coupled: ]
[path_smooth: 0]
[interaction_constraints: ]
[verbosity: -1]
[saved_feature_importance_type: 0]
[use_quantized_grad: 0]
[num_grad_quant_bins: 4]
[quant_train_renew_leaf: 0]
[stochastic_rounding: 1]
[linear_tree: 0]
[max_bin: 255]
[max_bin_by_feature: ]
[min_data_in_bin: 3]
[bin_construct_sample_cnt: 200000]
[data_random_seed: 175]
[is_enable_sparse: 1]
[enable_bundle: 1]
[use_missing: 1]
[zero_as_missing: 0]
[feature_pre_filter: 1]
[pre_partition: 0]
[two_round: 0]
[header: 0]
[label_column: ]
[weight_column: ]
[group_column: ]
[ignore_column: ]
[categorical_feature: 1,2,3,4,5,6,7,8,9,13]
[forcedbins_filename: ]
[precise_float_parser: 0]
[parser_config_file: ]
[objective_seed: 16083]
[num_class: 1]
[is_unbalance: 1]
[scale_pos_weight: 1]
[sigmoid: 1]
[boost_from_average: 1]
[reg_sqrt: 0]
[alpha: 0.9]
[fair_c: 1]
[poisson_max_delta_step: 0.7]
[tweedie_variance_power: 1.5]
[lambdarank_truncation_level: 30]
[lambdarank_norm: 1]
[label_gain: ]
[lambdarank_position_bias_regularization: 0]
[eval_at: ]
[multi_error_top_k: 1]
[auc_mu_weights: ]
[num_machines: 1]
[local_listen_port: 12400]
[time_out: 120]
[machine_list_filename: ]
[machines: ]
[gpu_platform_id: -1]
[gpu_device_id: -1]
[gpu_device_id_list: ]
[gpu_use_dp: 0]
[num_gpu: 1]

end of parameters

pandas_categorical:[["admin.", "blue-collar", "entrepreneur", "housemaid", "management", "retired", "self-employed", "services", "student", "technician", "unemployed", "unknown"], ["divorced", "married", "single", "unknown"], ["basic.4y", "basic.6y", "basic.9y", "high.school", "illiterate", "professional.course", "university.degree", "unknown"], ["no", "unknown", "yes"], ["no", "unknown", "yes"], ["no", "unknown", "yes"], ["cellular", "telephone"], ["apr", "aug", "dec", "jul", "jun", "mar", "may", "nov", "oct", "sep"], ["fri", "mon", "thu", "tue", "wed"], ["failure", "nonexistent", "success"]]
