label,file,window_id,start_sample,end_sample,vib_mean,vib_std,vib_rms,vib_peak,vib_p2p,vib_kurtosis,vib_skewness,vib_crest,vib_pow_0k_1k,vib_share_0k_1k,vib_pow_1k_5k,vib_share_1k_5k,vib_pow_5k_10k,vib_share_5k_10k,vib_pow_10k_20k,vib_share_10k_20k,vib_pow_20k_32k,vib_share_20k_32k,vib_spec_centroid,vib_spec_entropy,vib_dom_freq,vib_env_rms,vib_env_kurt,vib_envE_bpfo,vib_envS_bpfo,vib_envE_bpfo2,vib_envS_bpfo2,vib_envE_bpfo3,vib_envS_bpfo3,vib_envE_bpfi,vib_envS_bpfi,vib_envE_bpfi2,vib_envS_bpfi2,vib_envE_bpfi3,vib_envS_bpfi3,vib_envE_sb_bpfo,vib_envSR_sb_bpfo,vib_envE_sb_bpfi,vib_envSR_sb_bpfi,cur1_rms,cur1_std,cur1_P_fe,cur1_P_2fe,cur1_P_3fe,cur1_S_fr,cur1_S_2fr,cur1_S_bpfo,cur1_S_bpfi,cur1_SR_fr,cur1_SR_2fr,cur1_SR_bpfo,cur1_SR_bpfi,cur2_rms,cur2_std,cur2_P_fe,cur2_P_2fe,cur2_P_3fe,cur2_S_fr,cur2_S_2fr,cur2_S_bpfo,cur2_S_bpfi,cur2_SR_fr,cur2_SR_2fr,cur2_SR_bpfo,cur2_SR_bpfi,xcoh_mean_0_2k,xcoh_max_0_2k
HH,HH.csv,0,0,8192,-0.014275312414296283,0.3972642075243968,0.3975206096852247,4.16259765349909,7.50427245549909,14.703615946263179,0.33176673980770743,10.47140085839765,0.003998147957012358,0.02442399522238337,0.028842018025902638,0.1761909059000749,0.04238276104479285,0.25890896595106594,0.04146040791604507,0.2532744700164233,0.0470142059615872,0.2872016629039435,13707.388859250212,0.9304797432894679,5843.75,0.36351908696532714,7.561601231617577,6.549917423746344e-05,0.0015714789516498777,0.00022569702674904798,0.005415001503686496,0.00015897186892183422,0.0038141083276774534,3.9327504676268195e-05,0.000943559159930884,5.90487675275734e-05,0.0014167185521153217,5.1499610708967734e-05,0.0012355965581168462,0.004419218127436186,33.734914563042075,0.0008099255915795742,10.297190070275754,1.7746444500692928,1.7746274935431257,1.8663227839788963,6.0481489274942195e-05,1.2815760165780637e-06,0.0003322663077842333,2.367883767342916e-05,2.378425666173222e-06,5.233759559117764e-07,0.00017803260541870573,1.268742892530868e-05,1.2743913789131785e-06,2.804316383019702e-07,1.7669144488621158,1.7646288351435477,1.8729933511326806,5.125333174780855e-05,2.3536605714440515e-05,0.0003126133372275136,8.252299122019576e-05,2.455721615294496e-06,4.792128253288879e-07,0.00016690573783312995,4.405941493078256e-05,1.3111213736066405e-06,2.5585399170735507e-07,0.24491330096962693,0.5380294906397802
HH,HH.csv,1,4096,12288,-0.01959726212431925,0.4007647950160626,0.4012436586502471,3.70788573973709,7.03430175273709,13.195592811089284,0.03814465580432855,9.24098277889523,0.005198131514630046,0.035385687739384594,0.025202560788066593,0.1715635596693543,0.0359269129772595,0.2445683647047602,0.0350039660267032,0.23828550854760375,0.04556769352828953,0.3101968793320898,13973.168680924498,0.9372788982205966,5937.5,0.3642392892272499,7.772885908059163,4.124618918255799e-05,0.0010671224182878304,0.0004844974016081042,0.012534928658981294,0.00013620421952114113,0.00352387890849975,4.138179469408781e-05,0.0010706308074084924,0.00010601260339709088,0.002742760675547004,2.895637751784127e-05,0.0007491601094328734,0.0028878831578202273,35.00787806153938,0.00047921939829449344,5.790220023646524,1.7658810106828038,1.7657586463110198,1.865379956588117,5.5661973716339514e-05,4.268994154910123e-07,0.0003922508042745638,1.4568952621076366e-05,6.522842387424819e-06,1.502291247966585e-07,0.0002102793068452402,7.81017967391264e-06,3.49679021927091e-06,8.053540205897533e-08,1.7768812018089626,1.776232127480593,1.8721212411735684,4.2622176056152695e-05,1.9394444425521454e-05,0.0003713856878309206,8.817125957908387e-05,1.406113122981638e-06,9.70130616499497e-07,0.00019837694250929674,4.709698156288492e-05,7.510801608657797e-07,5.181986054978134e-07,0.2638489159145344,0.5473694611181945
HH,HH.csv,2,8192,16384,-0.02120248971654594,0.4102344503796558,0.41078199796057097,3.70788573973709,7.03430175273709,13.804721079626228,-0.3572400070357632,9.026407579048696,0.004223796217447582,0.023021223528181298,0.033702091609052146,0.18368864035019258,0.041281529224996456,0.22499932831704758,0.0446644285743993,0.24343735848863657,0.05960216531249036,0.3248534493104916,14263.007666037433,0.938012283391215,5968.75,0.3733193100276032,7.662608051951242,7.401362929596884e-06,0.00014967191813498436,0.0004141488854912508,0.00837500588399299,3.204132917534983e-05,0.0006479464988930414,6.51121537354731e-05,0.0013167116700246767,3.690642691032437e-05,0.0007463295287260977,2.1844492453369764e-06,4.417439216643193e-05,0.005850895819216694,395.2579734039194,0.001973059254038293,15.151236180136783,1.7553643875509661,1.754865602695708,1.869756753848581,7.377106336346237e-05,4.5988263323571895e-08,0.0003265686024919563,3.114189020997629e-05,2.04355027824586e-06,2.6012058554578375e-07,0.00017465833553995453,1.6655583752196252e-05,1.0929498043199796e-06,1.391200138789337e-07,1.7757883647780952,1.7751851065648705,1.8725012587276775,4.846669349784002e-05,2.7872945226447304e-05,0.00030403066357033773,9.552564459585468e-05,1.3351325114893852e-06,2.3901520289334875e-06,0.00016236606632604207,5.1014996198566614e-05,7.130208886459519e-07,1.276448823621227e-06,0.24069770899147322,0.6073211910945719
HH,HH.csv,3,12288,20480,-0.018524751057870527,0.39330217993873806,0.39373820127886955,2.960205076,5.49926757432202,12.913345896728137,-0.2970265272045004,7.518206428478813,0.0022560143289162013,0.015111330198400025,0.02732789649737107,0.18304886733492592,0.03718922002013,0.2491023999014714,0.03828685247333717,0.25645460783042623,0.04423291805169168,0.2962827947280782,13848.98204911599,0.9337502736622697,7796.875,0.3618247599815156,7.041170180452615,9.376900035992069e-05,0.0025339196668987788,0.0005376931573009092,0.014530082018705492,9.183917758229113e-05,0.0024817700665927603,1.8756028334163433e-05,0.0005068441477079181,0.00013825653150931102,0.003736106206997536,1.8808998598962964e-05,0.0005082755631567463,0.0033924954170662584,18.089642557534702,0.0009354072153720804,24.936174486687438,1.7593499598164584,1.7591406852739524,1.8677371453641185,6.415604979152666e-05,9.301489719960895e-07,0.00035472675483706956,2.4552325284593665e-05,2.2675849284753927e-06,1.2146499453344389e-06,0.00018992327465207907,1.3145492847064409e-05,1.2140814001062815e-06,6.503323812714505e-07,1.7657395232285737,1.7634750632957554,1.8712034042641994,4.281511181482024e-05,2.533319354765729e-05,0.0003501349547611242,7.629977050357693e-05,2.1935994493849693e-06,1.9048223696245708e-07,0.00018711752766323032,4.077577580804957e-05,1.1722934259230738e-06,1.0179664943334009e-07,0.23328495647740086,0.5701602659216202
HH,HH.csv,4,16384,24576,-0.017096474756950683,0.3943312530662681,0.39470169317337395,2.53906249832202,4.96215820032202,11.275168542406561,0.06757980656162405,6.432864470131108,0.0039004839620471036,0.026556980374137024,0.026013035655811024,0.1771133233991124,0.03739369140304696,0.2546000799823983,0.03834852689391344,0.26110120846753176,0.04121653096026415,0.28062840777001186,13733.69375833532,0.9307568517349357,7757.8125,0.36435775032100715,7.084515249404874,3.142304330940913e-05,0.0009106060257236253,0.00018131569316836383,0.005254333933592274,0.00015960513547636003,0.004625185303349978,0.0001781366649558625,0.005162209112398322,0.00016438637638108473,0.004763740526515613,0.0001045392777404156,0.0030294359237545182,0.001433171834026937,22.80447181882801,0.0003692945955607116,1.0365485247398798,1.7725192759928496,1.7723668105752106,1.8694719548273606,4.5607543015331924e-05,1.5471711482766053e-08,0.00035283813693434343,2.6294078979537167e-05,2.8117903262596946e-06,8.75900652933643e-07,0.00018873679063387613,1.4064976429106833e-05,1.504055901452584e-06,4.6852837276933684e-07,1.7558180067082958,1.7556916852270403,1.8707043594733026,3.41319994959043e-05,1.969893447153693e-05,0.0003395539792010859,7.938818226812463e-05,2.2379526348375973e-06,1.687972442027148e-06,0.0001815112994639655,4.243758874354361e-05,1.196315507313244e-06,9.023191898165538e-07,0.21240236821924693,0.6723143095951685
HH,HH.csv,5,20480,28672,-0.01827999948067456,0.40939773458359147,0.40980564108268475,3.82385253653545,6.875610346535449,14.315297205753406,0.1702642461537288,9.33089287503145,0.005634383332901126,0.030700946799563898,0.03581845343698613,0.19516961634297542,0.04469030370961466,0.2435110562381237,0.043049626702082185,0.2345712425003199,0.05433197456841496,0.2960471381135682,13812.388784616513,0.9344537451468461,6000.0,0.37267990221209896,8.116328144824434,3.970878019218174e-05,0.0007331847311492047,0.0005396411913890965,0.009963959605678143,0.00025277251190655963,0.004667203205114054,0.00025632239483507497,0.004732748405645475,0.00023847848225416965,0.004403277588738919,0.00021049453931162488,0.0038865807880937046,0.006708606328205505,84.47258026140251,0.0014298542895621255,2.789171597146169,1.77594247626235,1.7758961565402083,1.869290108806007,2.821338672006128e-05,1.4907996139145704e-06,0.0003161806076541774,1.5065946732702224e-05,1.4674855613262832e-06,2.6392068865621056e-07,0.00016914474974457866,8.059715643773137e-06,7.850496583769129e-07,1.4118765589823103e-07,1.7665476092809733,1.7644497342339662,1.8711184265911727,3.5032236096139566e-05,1.8911368513861325e-05,0.0003286527381257554,8.475489320304795e-05,2.1219618732992964e-06,6.74822417359359e-07,0.0001756450759369216,4.529638102993309e-05,1.1340607003502069e-06,3.6065190089993307e-07,0.2579156437007731,0.6121118096576806
HH,HH.csv,6,24576,32768,-0.019672885521974093,0.4076509454962018,0.40812536773485175,3.82385253653545,6.875610346535449,14.4558414076113,0.325283316751333,9.369308645892202,0.0049271295518819105,0.030093372098782004,0.0308174902505987,0.18822362828020897,0.039002241868307995,0.23821354094117345,0.04009612578744608,0.24489464308489992,0.0488850765047679,0.298574815588828,13965.02461214204,0.9387492022525407,7789.0625,0.37270839273683654,7.4243477727997425,7.435720530865055e-05,0.001695940759793531,0.0005354509981499723,0.012212578039549088,3.07831336220538e-05,0.0007021023827765906,0.00010144566898303763,0.002313775029853636,0.00012964370999276397,0.0029569165639688364,8.313596873136907e-05,0.0018961669873309023,0.005343061361435799,35.92833608611877,0.0018487262429161479,9.111903210542009,1.76600851733921,1.7658983407381201,1.8694865758649237,5.0242001264049864e-05,1.4740394803599577e-06,0.0003856904853575036,1.5135800751465247e-05,2.858568944359325e-06,6.071608954154695e-06,0.0002063082401000159,8.096233985769342e-06,1.5290663122495383e-06,3.2477414026588547e-06,1.7777536590639182,1.777033278163828,1.8733661610649517,3.505906169489145e-05,2.271503547487626e-05,0.00037218388970350347,9.188220230946036e-05,1.5988445828522881e-06,8.255548670368438e-08,0.0001986711927644351,4.904657947764951e-05,8.534608001793628e-07,4.4067992909997914e-08,0.22123980677016042,0.4607179517542711
HH,HH.csv,7,28672,36864,-0.020881742222208358,0.4034286077283643,0.40396867290902794,3.186035154,5.70373534764864,12.395950169981962,0.11141020951926135,7.886837192223554,0.004053126030281227,0.029333503753129733,0.024299745120788096,0.1758634346367157,0.03633102369941948,0.26293685715171844,0.03437027731308334,0.24874643695436377,0.03911977610946516,0.2831197674968351,13600.772742905192,0.9362418356552652,5828.125,0.3666669260530582,5.698133758170936,4.053864255370226e-05,0.0011747529273903527,4.645324750542392e-05,0.0013461498722236213,0.0001420156951756368,0.004115415394631141,7.276310242280394e-05,0.002108572517295267,3.102221967077547e-05,0.0008989803574234828,8.319250533617357e-05,0.0024108019663248944,0.002774039478741524,34.21475498164437,0.0001947919379999119,1.3385351240900982,1.7558532713333876,1.7553437659945959,1.868456585051561,5.042859265837001e-05,3.4459201779252527e-07,0.0003292681681746807,1.6732679504020276e-05,3.2698642094478813e-06,2.0157767802250387e-06,0.0001762246823441274,8.95534830077391e-06,1.7500348874072969e-06,1.0788459289613804e-06,1.7746306109010603,1.774055905293282,1.868694449226678,3.697897859551157e-05,1.8327114506645284e-05,0.0003219232095661151,5.482373773160001e-05,1.957510025578266e-06,4.832445665263263e-07,0.00017227172141446898,2.9337989286722817e-05,1.047528142649161e-06,2.5860009737067976e-07,0.23402379956662062,0.7376953191012785
HH,HH.csv,8,32768,40960,-0.014485418783064113,0.40176654337162726,0.40202758951358847,3.59802245855969,6.89697265155969,14.279074567619373,0.172676553776198,8.949690400362755,0.006441439533670477,0.03389864253488921,0.030098403542541584,0.15839549796690758,0.04517154020569171,0.23771920642567548,0.05123519730719983,0.2696297356581123,0.057073994040305547,0.3003569174091527,14111.301769510448,0.9388465605706067,5843.75,0.360698979118971,6.945804670251812,7.492269376325499e-05,0.0015018426102283414,0.0008925961812168927,0.017892295529503242,7.48415578946316e-05,0.0015002162231005436,0.00017941111693941427,0.00359633705936531,2.0155290009874404e-05,0.0004040174189944117,4.9434998032151e-05,0.000990935893413519,0.005988935745554631,39.96743446325741,0.002618731042621181,7.298129235234003,1.760336746797724,1.7601039581026159,1.869443938722989,5.514435153951908e-05,3.009226649487643e-08,0.00037787432053200875,3.9471817721592596e-05,3.051059703060243e-06,1.094670937455636e-06,0.00020213193490569784,2.1114202412795832e-05,1.6320680389821047e-06,5.85559649466042e-07,1.7634559417318427,1.7611421278559412,1.8687417374972786,4.607887085804306e-05,1.877469364320059e-05,0.00033753673363025576,6.868421894527811e-05,8.84483788169866e-07,5.8069721311359e-07,0.00018062246208623927,3.6754259599952545e-05,4.733044542334362e-07,3.1074235752393526e-07,0.24070269864279006,0.7549123480394109
HH,HH.csv,9,36864,45056,-0.01246407627169188,0.40840452293777646,0.4085946739169997,3.59802245855969,6.89697265155969,12.85687175192473,0.19978431387826162,8.805847673094663,0.003634749478384901,0.021805539557821555,0.02916259087452883,0.17495181791887038,0.04125764828060825,0.24751232154939287,0.04348840068903092,0.2608950210104794,0.0491458810220246,0.29483529995743674,14012.835783742401,0.9372321856652175,5828.125,0.37493596732831463,6.615987384432617,5.110244978570417e-05,0.0010901975226574989,0.0008590604217662959,0.018326822834327582,0.00010599155276860656,0.0022611778639872924,2.236485698894667e-05,0.00047712216901898437,0.00011490637697922597,0.002451362861186061,3.29389197006705e-05,0.0007027046415048972,0.006493482330048206,63.53396259616095,0.0018793262158213206,42.015161883998935,1.7731472952380958,1.7730559848190903,1.8686395467932648,7.448275833229438e-05,1.535673034101382e-07,0.00034356487404521704,1.8138108824188845e-05,1.0658166115312748e-06,1.3601421459890975e-06,0.00018385829125505665,9.706585122478857e-06,5.70370360276133e-07,7.278782836007524e-07,1.755880128127129,1.7557366147891413,1.87099440084731,4.7695001759561175e-05,1.249422467412986e-05,0.0003320892272847463,6.57318061375268e-05,2.943192679381549e-06,1.3340544702762302e-07,0.00017749343725142994,3.5132016486914104e-05,1.5730633282745812e-06,7.130189538094657e-08,0.1956530626383384,0.5663829571123873
HH,HH.csv,10,40960,49152,-0.015470385542731526,0.4035882333334769,0.4038846306980221,2.667236326,5.11779784781801,11.267921878023854,-0.008052702288428842,6.603955989569815,0.0041059984815355974,0.026579123995078606,0.0309461385065547,0.20032185989191603,0.04188979934192977,0.2711628306354649,0.03654858411907019,0.23658784909779695,0.04099156414742561,0.26534833637327004,13088.310866136637,0.9248598923299494,5843.75,0.3715558964353862,6.052239137634846,0.00013567825801650185,0.0035035743580523206,0.0003654841999507932,0.009437776471637228,4.009500551673347e-05,0.0010353599409959138,4.975575444223508e-06,0.00012848262350785832,1.8727455411338176e-05,0.0004835928285779763,0.00010138600325086073,0.0026180569123456913,0.0007851618967365933,2.8934698356299218,0.0004451207895574206,44.73057938892404,1.7745378059170316,1.7745027560071125,1.8674075888777586,6.126274610097431e-05,3.4702912675008135e-07,0.00031494867183240775,2.8693435646972057e-05,1.6088470411397926e-06,6.710816847444068e-07,0.00016865555956185833,1.5365384513725984e-05,8.615403786089288e-07,3.5936540514293514e-07,1.7663944887746532,1.7643162325180088,1.8681553391128516,3.266523729089739e-05,1.092312462104454e-05,0.00032128280868522435,0.00012083667771615607,5.97877658500441e-06,4.347549974023993e-07,0.00017197863687161205,6.468235011627793e-05,3.200363727697509e-06,2.3271886887555223e-07,0.21900414430736534,0.5906247050664448
HH,HH.csv,11,45056,53248,-0.016811862574850376,0.39409659532120744,0.39445502299628943,3.137207029,5.63964843359622,12.416362894252385,0.010222529750943512,7.953269311065555,0.005165444724076937,0.030980300084134965,0.03055471881856361,0.1832551519858965,0.03634435978310537,0.2179791349229043,0.04440276141140033,0.2663102494694204,0.05026592023562239,0.3014751635316462,14194.942195467818,0.939660636595601,7789.0625,0.35681310635823343,7.04957065777805,7.280975448577304e-05,0.0018538821154622104,0.00025332953201724363,0.0064502770547996725,4.131271148906103e-05,0.001051904343198765,5.983662949897828e-05,0.0015235603809015726,3.051237666085972e-05,0.0007769061960354145,5.570448253878358e-05,0.0014183476466729007,0.004607985841305804,31.644014199788202,0.0011749335973202059,9.817845668616933,1.764724366495673,1.7645747474537916,1.868585339068185,6.29983634810472e-05,3.545068443179093e-07,0.00036757708292282714,2.7046826107420547e-05,4.864696110920774e-06,1.7147017038670723e-06,0.00019671409982587767,1.4474493373095617e-05,2.603411259420492e-06,9.176469856716481e-07,1.7766981924980716,1.775990262459782,1.8689989087324406,3.129145601519282e-05,1.4754305391312048e-05,0.00034414734109516497,0.00012048429104322348,2.658032233210403e-06,9.739274952117565e-07,0.00018413458642861506,6.446461283643645e-05,1.4221689594306208e-06,5.210958073120306e-07,0.20196618318658183,0.5807483450980421
HH,HH.csv,12,49152,57344,-0.022581964710443915,0.40083956729552395,0.4014751596797075,3.137207029,5.63964843359622,12.140303607908487,-0.05593557674930423,7.814199592061973,0.003969042489140996,0.024756990511372513,0.027310446725557724,0.17034951686604596,0.03523422477197411,0.21977425808412457,0.04542879547601056,0.2833631188428235,0.04837756204572536,0.3017561156893958,14258.084342752974,0.9427076599082728,3320.3125,0.3572399240087635,6.613323389709956,0.0002092038687406807,0.005233353905348968,0.000784859819841032,0.019633715322960654,9.056463241633396e-05,0.002265525850910576,0.00010650608147904832,0.0026643102768940663,0.00011121084263101425,0.0027820025561840584,4.396606579932328e-05,0.0010998361719540039,0.004877554077163903,11.657418418854558,0.0013891160335010647,6.52129910184063,1.7559823734398137,1.7553681048056375,1.8677242496619266,6.300688334046595e-05,1.323150825405753e-06,0.0003202429361773462,3.485445673522179e-05,2.090120927829187e-06,4.432283325981935e-07,0.00017146157214328685,1.8661457515215142e-05,1.1190736149655909e-06,2.3730929909925627e-07,1.773906805908886,1.7734150200844006,1.869341805144541,3.980673968432014e-05,1.7679431137351326e-05,0.0003217525827697729,9.75319755832617e-05,5.008344177921127e-06,2.356893763188323e-07,0.00017212078705142008,5.217450084023995e-05,2.679201933073547e-06,1.260814772718798e-07,0.22450983250566742,0.5891513200693594
HH,HH.csv,13,53248,61440,-0.02210214732461593,0.3986683009077737,0.39928050173411955,3.543090817971,6.079101558971001,12.76096310313872,0.0417632913944688,8.87368855372123,0.004326953734815738,0.030655479931091332,0.02451860956124798,0.17370875433571265,0.03598776220206207,0.25496508388185507,0.0360658390182382,0.25551824030969306,0.04024864150433411,0.28515244153456304,13684.642619291988,0.9344570474612761,5992.1875,0.3567425092696666,6.5153183826713095,6.741304877413871e-05,0.002003376870550439,3.816752367433674e-05,0.001134260139925402,2.6176278950245676e-05,0.0007779050608094755,0.00021682194888284802,0.0064435014484347805,0.00024045458238582685,0.007145814609032049,3.613613750816525e-05,0.0010738915297754735,0.0021960358992962523,16.28791400879937,0.00017212502911032008,0.3969271321474805,1.760903588296718,1.7607561392883213,1.8674773661473152,5.8094521520202664e-05,1.6155080411806028e-06,0.00035429258719740276,3.289407994674148e-05,2.4986304527650495e-06,3.422805906864223e-07,0.000189717205477105,1.7614178647094257e-05,1.3379709430794825e-06,1.8328500087386781e-07,1.7626126854796018,1.7602487205545863,1.8709326456834887,2.5430281783345693e-05,2.4796772597601947e-05,0.0003612678311701868,8.782639886957436e-05,3.837913527859458e-06,3.350807520463037e-07,0.0001930950491475418,4.694257651239106e-05,2.0513370893987157e-06,1.790982443003516e-07,0.23330209296927826,0.5237603078789208
HH,HH.csv,14,57344,65536,-0.02433173356795469,0.40147144590809575,0.4022080992943317,3.543090817971,6.903076166971,13.962491656988632,-0.15071723999454598,8.809098633713475,0.004170925184668521,0.025505527530040567,0.02572522744726342,0.15731173967937714,0.03956989238467867,0.24197292804195278,0.04475530319705676,0.27368211302465834,0.049308897523476204,0.30152769171785604,14243.1916913192,0.9390130785015848,5968.75,0.36324618700350403,5.997575442328495,5.451817828422656e-05,0.0012963961395791226,0.0007593325208580536,0.018056284704987543,0.00020684642267147565,0.00491863287212288,1.8209442421398307e-06,4.330051297003637e-05,1.1789908157382175e-05,0.00028035403790527616,2.9712491217750818e-05,0.0007065378947761957,0.006043602371728662,55.42740519312086,0.0016402519882447479,450.38488820842883,1.7740957145143952,1.7739933516457693,1.8672876979154338,5.636577065931111e-05,5.268505425472496e-07,0.00037193249665958754,1.0662354796183608e-05,1.2041120391921592e-06,1.2756718572410062e-07,0.00019918328443688623,5.7100760681286175e-06,6.44845483926091e-07,6.831683508997744e-08,1.7564791103464785,1.7563636719756395,1.8684031363399576,2.0172088545388255e-05,1.2915496754966815e-05,0.0003563189422030516,6.939624114202595e-05,1.8054969475143018e-06,2.2034054881960267e-06,0.00019070774142504346,3.7142006343411586e-05,9.663315760913086e-07,1.1792987526830696e-06,0.20732696567055434,0.660732174626113
HH,HH.csv,15,61440,69632,-0.024058669787166573,0.395304269015537,0.3960357113870363,3.359985349,6.31408690954774,12.573845521259333,-0.15290096477054627,8.48404639375534,0.003742981107154098,0.024027589852608465,0.029741172954818162,0.1909196667137871,0.040669635644253896,0.2610735391764102,0.038041749808946264,0.2442041612066507,0.04358292724285438,0.2797750430441241,13472.804828838685,0.9270463151737647,5937.5,0.36537354029082336,5.762865233186104,1.0149973784932858e-05,0.00025946792621349966,0.0004798923984516545,0.0122676854216818,7.972097691041841e-05,0.0020379398994474726,0.0001371931528524639,0.0035071246109189785,0.00021499240161989113,0.005495938588805134,9.445717986425898e-05,0.002414647475418769,0.00424423659924225,209.0762242394354,0.0014696656711977148,5.356191746034098,1.7751180820059964,1.7750299006079069,1.870418843303435,6.708812967099107e-05,1.4969439696146621e-06,0.00031322805944100955,2.9037281240257028e-05,1.790093541338026e-06,6.850302396627905e-07,0.0001674641273863747,1.552448070345431e-05,9.570549119230964e-07,3.662442998342339e-07,1.7696748456486568,1.7677334714588362,1.870214491599045,3.616687388556993e-05,1.3332245578458656e-05,0.0003169625918077423,0.00010370426232936202,3.226968070305007e-06,8.574194087284852e-08,0.00016947927268843254,5.545046452968011e-05,1.72545346258343e-06,4.5846046674300325e-08,0.17676710080177654,0.4934811608862878
HH,HH.csv,16,65536,73728,-0.02407394347909631,0.3836548761250511,0.38440944151927775,3.079223631,5.80139159795101,12.48639294143246,-0.21334734768863098,8.010270556368658,0.0028696931387159107,0.019050235793704,0.029869957411130115,0.19828940040764997,0.03413497337469812,0.22660237877935088,0.037034334717459205,0.2458495646493579,0.04672923658943196,0.31020842036329876,13985.734881693506,0.9352310312675898,3375.0,0.35039258428792447,5.7590846872787855,1.9112000199430027e-05,0.0004787435674672055,0.00016056193130365402,0.0040219752506086785,3.6832415130530614e-05,0.0009226288004407396,8.636816264963162e-05,0.002163468076130808,8.000889991763917e-05,0.0020041725500211903,5.9880227627097566e-05,0.0014999619870137895,0.0034589231449509514,90.49087009122248,0.0001137807620648644,0.6586962019079927,1.7651396988923487,1.764979166476498,1.8735888411512396,6.722181955874997e-05,7.230120462635164e-07,0.0003212429630967112,1.9276935600717976e-05,3.634756061392493e-06,6.482940316298814e-07,0.00017145862317324105,1.0288775838813621e-05,1.9399966425702835e-06,3.460172356871994e-07,1.7789808717686673,1.778155944019102,1.8743395679136714,3.2030461071576274e-05,1.2476487775935883e-05,0.000374304292987568,0.00011339242684575342,4.3527783345272454e-06,3.3568978735112407e-08,0.00019969929643218632,6.049726996475356e-05,2.32229976309469e-06,1.7909763689436568e-08,0.24637863142964014,0.46075112864807255
HH,HH.csv,17,69632,77824,-0.024918466789169015,0.4255893823015222,0.4263182523830222,3.98864745830154,7.07092284730154,13.297806324103298,-0.33054923132859226,9.35603257893968,0.00545523659896256,0.03207056580815393,0.027147282748994535,0.1595950426934299,0.034424620518893966,0.20237748404567263,0.04776853262909345,0.28082445948020446,0.05530536755316795,0.32513244796665997,14638.996974830998,0.9452139447011974,5953.125,0.3743147539137354,5.969522242676201,2.7376130733917114e-05,0.0006666436176119221,0.0006626238113090018,0.016135732948541013,5.8801965740131936e-05,0.0014319026872240878,3.3071239549105214e-06,8.053267638955132e-05,2.6788821966188756e-05,0.0006523419018077759,3.0808323617584568e-06,7.502218815583034e-05,0.00512855873079947,93.66843486718722,0.001733623102598912,262.1043033359047,1.7566337081227952,1.7561063208222172,1.871973829875036,8.469659407659842e-05,2.721550592992538e-06,0.0003131224910997973,2.170683588905781e-05,8.953504368007536e-07,1.6382090537289744e-08,0.00016726862635709636,1.1595694097120608e-05,4.782921761572087e-07,8.751239080289163e-09,1.772934204588742,1.7724873723888357,1.870863354352102,2.2779987830779598e-05,1.3788222671158e-05,0.0003223987948803719,9.264333148217092e-05,3.2983046931911828e-06,7.260034770211476e-07,0.00017232621192254276,4.9519026211406375e-05,1.762985354070209e-06,3.880579922268997e-07,0.2457618550677756,0.6870356520814818
HH,HH.csv,18,73728,81920,-0.019513070571717264,0.4236285504326247,0.42407771535979544,4.13513183320474,7.21740722220474,13.375183453808859,0.045790816555293726,9.750882169525617,0.005407037425756795,0.027881761525586142,0.03858031933746213,0.19894207837807232,0.04381678979506982,0.22594429956472506,0.052848165905273345,0.27251521356525577,0.05327508415257566,0.27471664696120424,13485.374347529112,0.9321019545833146,3273.4375,0.37745034603112926,6.350860243968987,0.00011903788715543435,0.002313395021941146,0.000601854140988607,0.011696497703119266,6.495027283596855e-05,0.0012622505442847099,0.0001096001636161234,0.002129981293958979,1.9677024617053846e-05,0.00038240539952012775,4.697959168380401e-05,0.0009130064060379978,0.004964134578352423,20.851069672546387,0.0034341089580120976,15.666532006163767,1.7621532839799392,1.761969889314062,1.8655635637689307,5.373170961540885e-05,3.9464150527150085e-06,0.00037831995130202794,4.7632565169738294e-05,3.0293591523412317e-06,2.1512831223375186e-07,0.0002027912415578695,2.5532534026062563e-05,1.6238305738666459e-06,1.153154555607961e-07,1.7625826209728404,1.7601768557276354,1.8719800897351013,1.5603301640415133e-05,1.4999559461249571e-05,0.0003469151485213596,6.676951805078144e-05,2.151009289882294e-06,1.0730791913184661e-06,0.00018531989224856833,3.5667856948304475e-05,1.1490556452368722e-06,5.732321605352872e-07,0.2605464497865524,0.7179415123993015
HH,HH.csv,19,77824,86016,-0.02105832098713798,0.39865391711592796,0.3992097174602223,4.13513183320474,8.05969237720474,13.376496533691403,0.1308587476522873,10.35829453126078,0.003301391529247028,0.02230333416192243,0.02526277573137233,0.17066867834455554,0.03836972081355714,0.2592157571809174,0.03748614135829153,0.25324652642630496,0.043602302352393776,0.29456570387954395,13813.625379520237,0.9329329204882935,3250.0,0.3721550256974982,8.07142662526647,0.00010188205439596532,0.0029688227603602477,0.00023759632507761678,0.006923509560642655,1.1983105371387467e-05,0.0003491853023311149,2.5625231708872825e-05,0.0007467141449772288,1.68339555690136e-05,0.0004905381103324107,1.216855142366525e-05,0.00035458916333573794,0.00140544642698598,6.897418924368583,0.00030258235805506994,5.9039925099742065,1.7751409031546919,1.7750861107291835,1.8699521871895954,6.582698903415728e-05,4.973864983168151e-06,0.0003621043213494396,2.7959728344460635e-05,2.1062418733693453e-06,1.1192691822944158e-06,0.00019364362566588554,1.4952108688119538e-05,1.1263613518021281e-06,5.9855497373759e-07,1.7589763663161309,1.7588611505599803,1.875688807157847,2.623494682228478e-05,1.1938982418290297e-05,0.0003469142936695424,6.196612474483916e-05,2.9664500816416003e-06,1.0258918262487323e-06,0.000184953011579262,3.3036463462561684e-05,1.5815257148838866e-06,5.469413808587345e-07,0.26666037008920124,0.6133039422090287
HH,HH.csv,20,81920,90112,-0.020638480768492604,0.4307350154788111,0.4312291739295512,4.03137206764831,7.9559326116483104,14.025663837009825,0.25245121201437093,9.348560606193024,0.003837271742515111,0.019777538730096213,0.030602757323505234,0.15772852662674747,0.047858874491712555,0.24666763454658602,0.05555588061606809,0.28633848585576455,0.056166918671154885,0.2894878142356517,13929.746144716415,0.9338864412828434,5945.3125,0.3918456311858679,7.580120082959768,3.974204106537317e-05,0.0007641456472567113,0.0008970094636037303,0.017247374789668007,0.00012935860613391353,0.0024872606731452273,4.3280195784070514e-05,0.0008321760114538095,2.548842626686765e-05,0.0004900822772341337,3.0502819329028967e-05,0.0005864972204370223,0.00529079154065999,66.56416394659759,0.002269730794560521,26.221355139693607,1.7736189863873137,1.7735187001570982,1.8700010040636252,5.619746347994766e-05,2.4771767149701884e-06,0.00033001715259722034,1.7013144402851667e-05,2.6458808009263916e-06,6.123346724517655e-07,0.00017647966598942813,9.097933298362929e-06,1.4149087595008333e-06,3.274515206787578e-07,1.7714802344332268,1.7696600398743851,1.8725311177858655,2.4623728158545533e-05,7.193751953093797e-06,0.00033777541482326104,6.713712490181477e-05,2.309501494876942e-06,1.3499685061366312e-06,0.00018038440676087453,3.585367648317843e-05,1.2333581391194873e-06,7.2093248187627e-07,0.21399679898568139,0.5000018344249602
HH,HH.csv,21,86016,94208,-0.020954012854597606,0.41412953495297505,0.4146593088007045,4.03137206764831,6.63452147964831,13.780241214394369,0.20167938641600328,9.722130872446337,0.003524819390142239,0.02063815798378831,0.030589442339319668,0.17910413946326673,0.04266511811502619,0.24980838749283166,0.04246110657356506,0.24861388021255337,0.051550889095712066,0.30183543484170483,13857.27258323438,0.936237061194754,3367.1875,0.3763517742404786,6.360144035850202,0.00013987958273317498,0.0029951718050946308,0.00084006271054123,0.017987844229733447,9.389496816220123e-05,0.0020105261667540276,5.038093226902033e-05,0.0010787817985874173,5.337402439601138e-06,0.00011428713888882051,7.715208599839858e-05,0.0016520191737162938,0.005281303676982294,18.87803621840409,0.0020425893447335174,20.271452238668388,1.7607622084878123,1.760597686244435,1.864457212088795,4.7179573208011435e-05,6.4884653252277054e-06,0.0003875356562884854,2.1225013323154474e-05,5.5526755906361946e-06,2.8739729139475506e-07,0.00020785441134050606,1.138401738882718e-05,2.9781727114093566e-06,1.5414528664491205e-07,1.7780780788014798,1.777221538709908,1.8716684731567326,2.3448164168185105e-05,1.0215346258731324e-05,0.00038160310978150745,8.781431027676779e-05,2.307942554302385e-06,1.2271537262707273e-06,0.00020388392242227414,4.691766278918742e-05,1.2330936741209328e-06,6.5564695023172e-07,0.23200307688195348,0.5697067106399634
HH,HH.csv,22,90112,98304,-0.018558651190069567,0.40026208921691425,0.4006921057349192,3.237915037,5.859374996205069,12.337257235491935,-0.08267963826211601,8.080805662625123,0.0035190218241903546,0.022056083633754123,0.027432013088845523,0.1719349311137111,0.037330577583273496,0.23397591217339625,0.04385210596425617,0.27485072982927966,0.04741508823614413,0.29718234324359116,14064.84372940357,0.9337915605263728,5835.9375,0.36720013260957024,6.512163126938383,0.00030805163564007594,0.007736726960262987,0.0001784572102587707,0.004481958704726751,2.9809552492491297e-05,0.0007486678912216383,1.3066117944589166e-05,0.0003281559818951594,5.694790570062833e-05,0.0014302485245666617,1.9602563289456623e-05,0.0004923190217012775,0.0030755448596650825,4.99193073311025,0.0004661042775809055,17.836371205326277,1.7551453120797584,1.7546126007206688,1.8697301431141127,7.12906806494014e-05,7.271938477119941e-06,0.000311736548753578,2.215144865054918e-05,4.853947626017419e-06,1.6837514230656312e-08,0.00016672809704731037,1.1847404146591539e-05,2.596068552401029e-06,9.00531784902592e-09,1.7712214985471202,1.7708300248528126,1.87135775932188,1.2696961538859105e-05,9.089389898261825e-06,0.00032640696271454334,8.96997617262399e-05,9.149016867837031e-07,3.6859055110928407e-07,0.0001744225341671965,4.793298410171248e-05,4.888972630838613e-07,1.969642358725958e-07,0.25045369815387697,0.5786007241923439
HH,HH.csv,23,94208,102400,-0.020249932986464984,0.4192465176025729,0.41973527646344044,3.237915037,5.859374996205069,12.825120508286586,-0.07028448268092055,7.714183721401633,0.004064118021256333,0.022268861217294284,0.03142322078541633,0.17217987740782145,0.04122856405314859,0.22590711349570486,0.0479465192956806,0.262717366588132,0.0578398612606711,0.3169267812855679,14324.352252739327,0.9389268596765652,3218.75,0.3755603636363926,7.136442009098191,6.761064390771567e-05,0.001343923732892292,0.0006803722502011418,0.013524030557891194,7.463935994447516e-05,0.0014836363246915213,5.179942990766692e-05,0.0010296379265108584,0.00010408188647765763,0.002068877166625574,0.00017491918986906822,0.0034769384969059115,0.0064232971338132935,47.502114423570504,0.0024084780942568293,23.24811368872066,1.763982007834119,1.7638404807612222,1.8700331379178787,8.468732443521831e-05,6.589693293536211e-06,0.00032864346295355477,1.6988369729571406e-05,5.038540366663933e-06,2.0039773837230858e-06,0.00017574205306291807,9.084528709730466e-06,2.6943588669616946e-06,1.071626669649967e-06,1.7605296314520982,1.7581053536656233,1.8697175714799137,2.0875332073437466e-05,5.9204379425651165e-06,0.00032792088969477607,0.00011643436383116279,4.588334767828116e-06,1.2939208761516171e-06,0.0001753852532043359,6.227377097330304e-05,2.454025590717381e-06,6.920408172271517e-07,0.25455149515943676,0.6364703945726856
HH,HH.csv,24,98304,106496,-0.025296583752778747,0.3904354382186972,0.39125407162940484,2.911376951,5.39550780873332,12.250289041430477,-0.13554630659229355,7.441141606189366,0.004358741789371894,0.02831499975192278,0.026473836391738993,0.17197776493490202,0.03893256678653933,0.2529114299889357,0.037640986391095484,0.24452114207012535,0.04653142214759299,0.3022746632476181,13860.368972691884,0.9343698129565499,5835.9375,0.35655105802546827,6.683782988974279,0.00010248164261321203,0.0026197760280878943,0.0002996830421812129,0.007660908138386716,6.472480907279101e-05,0.0016545841665656844,0.00020563257503033663,0.005256661358285158,3.341445539989811e-05,0.0008541860475310106,4.663486278248054e-05,0.0011921441974912315,0.0033284625538676288,16.239311025637335,0.0009940273379914657,2.4169987061335485,1.7760049754552452,1.7759501654386691,1.8693999191501391,6.225301260617855e-05,3.913720218382691e-06,0.0003539764664000491,2.4529336910043177e-05,7.082279019962116e-07,3.0452949003493134e-06,0.00018935299117846512,1.3121503140527312e-05,3.78853071908661e-07,1.6290226982207888e-06,1.7569690427124367,1.7568591698279954,1.8699891681296523,2.309255359371306e-05,1.0535062939194899e-05,0.00035187363275738956,8.385173544879954e-05,8.899979775928287e-07,2.095440794199108e-06,0.0001881688080092691,4.4840759977568484e-05,4.759375042169476e-07,1.1205630652362708e-06,0.2299685769780598,0.5402422394908121
HH,HH.csv,25,102400,110592,-0.019094347938202264,0.39816940806870044,0.398626983086901,4.00695800516444,7.205200190164439,14.407912890470097,0.2764440024607292,10.051898579782964,0.0040504576650584575,0.02804568748563628,0.024934443919735236,0.17264805106682324,0.03264376933776645,0.2260280266839873,0.037474711774974766,0.2594778521256481,0.04532016431320858,0.31380038263098103,14224.54037204247,0.938772354224243,3164.0625,0.35812748895279783,6.115419585980884,6.062557905027678e-05,0.001770724054058882,7.53953461488939e-05,0.0022021126244291538,0.0001358418487143874,0.00396760629481023,7.855529165117775e-05,0.002294406860592555,0.0002546434684627313,0.007437509412355611,0.00016076185471686062,0.004695458378817164,0.0031412258138950656,25.906769363664786,0.00024224585281927975,1.5418811781202693,1.7747741804219923,1.7746758183495852,1.8715104916942495,6.768709452581089e-05,3.2636400520615153e-06,0.00032049837029046616,1.3380003072429922e-05,1.6019002630289288e-06,1.4478327818386661e-06,0.0001712511747664063,7.149307007255974e-06,8.559397717177087e-07,7.736172403325358e-07,1.7707699711384657,1.7690954058122483,1.8705407463962977,2.4791125947464565e-05,2.7654341361609553e-06,0.00033553963559542063,6.181418219631111e-05,6.456133628452118e-07,1.469801617345342e-06,0.0001793810887261757,3.304615647393224e-05,3.451479814533189e-07,7.857629512622015e-07,0.18837832565598156,0.4777444244222478
HH,HH.csv,26,106496,114688,-0.015927106126660193,0.41387269093007345,0.41417903979712684,4.00695800516444,7.205200190164439,15.092381582057481,0.2786251228843958,9.674458676415526,0.0040330687260293025,0.022914341504975958,0.03273572904352594,0.18599179078612688,0.04008211372679556,0.2277311160728296,0.04605465026561254,0.26166476590580423,0.053100749618644645,0.3016979857245817,14027.207003452806,0.9377294583002272,3375.0,0.3644043265981309,7.230970447802847,1.7274015454501364e-05,0.00037707026958822687,0.0007445251994414385,0.016252058961511186,0.00033254448421245967,0.007259032426035863,0.00011434705251806384,0.0024960539159625344,3.328037212512105e-05,0.0007264691248117301,0.00026979026722158254,0.005889185931404995,0.0059922324511421585,173.4464199559995,0.0026838705331186114,11.735634903921092,1.7617208641818578,1.7615511311512773,1.8708260950249798,4.9151073485902385e-05,9.219731880704452e-06,0.00034317242507830035,2.3910054512246872e-05,7.068848311948576e-06,8.838899600208633e-07,0.00018343363180078732,1.2780479476856366e-05,3.7784636053253317e-06,4.7245971304916444e-07,1.7773310872731551,1.7764799988853353,1.8679981038734585,1.1877241414828627e-05,4.39679005877234e-06,0.00038662077023365556,0.0001133820463027514,1.1228357574354032e-05,1.82696053239556e-07,0.00020697064383082422,6.0697088539642e-05,6.010904160483371e-06,9.780312563520371e-08,0.2392327506022615,0.5316411151176547
HH,HH.csv,27,110592,118784,-0.01972429452654015,0.39210144504366873,0.3925972376366177,3.161621092,5.65185546535429,12.314545032961872,0.03347080363691493,8.05309051847761,0.0036024968231836516,0.02253260368228942,0.024780686418495027,0.154996218858449,0.03868785144322562,0.24198162182391783,0.044636396116264326,0.2791880944962581,0.0481718656155466,0.3013014611328311,14239.782851131311,0.9412417530638502,5812.5,0.3587370615570833,6.629147319488413,6.723399310236801e-05,0.0017770918103869248,0.00042078756286649424,0.011122024698788611,3.518414811139239e-05,0.0009299679905817438,1.6763975297478644e-05,0.0004430961458040896,2.935890318968271e-05,0.0007759983307980876,3.42864289236613e-05,0.0009062399723140332,0.0032822271094076856,24.408985198910482,0.0008119768162016001,24.21790707678437,1.7548114535413695,1.7542137913197837,1.8677020727602667,5.949658861927817e-05,3.39822809203133e-06,0.00030185100314090107,1.5025810910774923e-05,3.66432573603855e-06,1.5816274258612109e-06,0.00016161624894201433,8.045079100094542e-06,1.961943389943933e-06,8.468306851118312e-07,1.7700806392555117,1.7697564320613952,1.8707100504119825,1.10851683881139e-05,8.326098555899838e-06,0.00034803742076324395,7.061705687354373e-05,2.138818055149185e-06,4.997198111515856e-07,0.0001860456251284962,3.774879856873284e-05,1.143318845524465e-06,2.671284152460004e-07,0.2484068892696937,0.5752582108139417
HH,HH.csv,28,114688,122880,-0.01824535428240817,0.4221201058191453,0.4225142325291031,3.63159179447501,7.26013183147501,12.922886350892195,0.1876553388223187,8.595193995544916,0.0037660539994991203,0.022329107765455852,0.029059476106328194,0.1722949733785524,0.04258171076810887,0.2524689260177978,0.04326993669497455,0.2565494492630854,0.04998401745219298,0.2963575435691795,13806.160918561114,0.9361394633840784,5945.3125,0.3822824765672215,6.391182893400659,5.075256407039136e-05,0.001269470666380691,8.404709043759337e-05,0.00210226454287489,3.523883708407644e-05,0.0008814267971477914,8.616737448802887e-05,0.0021552990733606707,0.00014176183836798822,0.003545879872606289,0.0001097416003802973,0.002744959690533823,0.002583230249608762,25.44925829340059,0.0005720426274079165,3.319369004146811,1.7642345129491077,1.7641305453003762,1.8692981466181369,7.566696509913824e-05,2.426417714269291e-06,0.00035200940472512193,1.9584245996887032e-05,4.9169422372915675e-06,6.074965954786362e-07,0.00018831100076880492,1.047679099896805e-05,2.6303681123230565e-06,3.2498646434618844e-07,1.7590977814589488,1.7567128897006115,1.867010891477713,9.134954253889876e-06,8.864225047902275e-06,0.0003649412875651784,7.51548804361755e-05,8.613701717190289e-07,2.137680112369407e-07,0.0001954682156546698,4.025411998354825e-05,4.613632280617308e-07,1.1449746341202745e-07,0.2380957757163094,0.656070806387696
HH,HH.csv,29,118784,126976,-0.01739189027699626,0.43070719500403326,0.4310581929109449,3.63159179447501,7.26013183147501,13.225507686092762,0.18530142854668646,8.424829533902072,0.004937969212137442,0.026255820720627786,0.03359276816847429,0.17861709149038807,0.046197238866939175,0.24563669179973255,0.04745992321532074,0.2523505477298911,0.05588351009819715,0.2971398482540432,13922.72180546658,0.9341820523397639,5945.3125,0.39827907352799835,7.234643937256637,4.102269121787834e-05,0.0007330357671285302,0.0006822467983492743,0.012191089622637617,8.541083794012499e-05,0.0015262089651310836,0.00020585236840756983,0.003678382483231729,5.046411898053357e-05,0.0009017449384997723,2.806674004121015e-05,0.0005015254656900491,0.008887886897270868,108.32890925825555,0.005541703923442704,13.460384140468635,1.7769454116727676,1.7768872559776907,1.8697446096055215,6.405325750513087e-05,1.2532494238845029e-06,0.0003297998481968738,2.083628366807477e-05,9.256775102695376e-06,1.9831454805647337e-06,0.00017638764487000103,1.1143919635345098e-05,4.950823259569883e-06,1.0606504601620843e-06,1.7561056782798654,1.7559799003405105,1.8669566913629585,1.3171282766094954e-05,2.7808239924994724e-06,0.00031527425934435474,9.026040281262407e-05,1.3595140843772165e-06,4.411066972195842e-07,0.00016887068714701792,4.834627564214237e-05,7.281979762390657e-07,2.3627044979673367e-07,0.23074973594501674,0.5032894362160977
HH,HH.csv,30,122880,131072,-0.01999326049103541,0.3929097186176347,0.39341806955102004,2.929687498,5.59692382436232,11.795517691279754,0.004206007422107204,7.446753783668341,0.0034447727206499347,0.02106909867205391,0.030242362862154763,0.18496991786981495,0.041757364964287266,0.25539857461236015,0.041388438002856326,0.25314212427920063,0.04666587904294751,0.285420284560454,13546.47769819133,0.9358803290220148,7750.0,0.37393352725958123,7.286598718488096,9.025882786929358e-06,0.00019785891386973043,0.00032508981005146653,0.007126385113270756,2.3731546602956334e-06,5.202259043414033e-05,8.427071257863365e-05,0.0018473219800707328,6.735256286863212e-05,0.0014764544643576022,4.626046107986691e-05,0.0010140885717716379,0.003505203549993015,194.17509835680022,0.0009313220222122232,5.525775136987387,1.7728733621298016,1.772735320466903,1.8678652909096805,5.276028794279023e-05,7.840826413737818e-06,0.0003352089523766587,2.8151742646086803e-05,6.491200406574875e-07,1.136382979660456e-07,0.00017946098897379643,1.5071612917204205e-05,3.4751972950951303e-07,6.08385939387744e-08,1.771058511047283,1.7694920762439579,1.8658879933970294,5.636344498925548e-06,5.995431260206617e-06,0.00031495453112599686,9.233470175694052e-05,1.52640213452471e-06,6.287066563581568e-08,0.0001687960543400158,4.948566156363265e-05,8.180566786031617e-07,3.369476938501537e-08,0.24750032518109683,0.5594884689481239
HH,HH.csv,31,126976,135168,-0.020520016534636025,0.40986063099590114,0.41037398543150855,3.39965820087828,6.27136230087828,11.971809416954848,0.0815044585126303,8.284292673414113,0.0044949810179216055,0.029304842817856912,0.03241182951194032,0.21130758183396456,0.03626273794082189,0.2364134200487196,0.03774988115610333,0.24610878872718753,0.04246753940869535,0.2768653665657517,13364.761972362025,0.9362762995191025,3171.875,0.3740434652801567,8.338287879885733,5.0675041113992736e-05,0.0013506226415430978,0.00013510450990440295,0.0036008892354126585,2.8452970897550505e-05,0.000758346236502356,2.4033173576996548e-05,0.0006405470556641315,0.00015702738302719878,0.004185191253850463,6.638248847008486e-05,0.0017692672755407664,0.003231975975630715,31.889228629052372,0.00045495228205044675,9.465089392539003,1.7590425213167773,1.7588442893149283,1.8661366308636442,7.854662539044427e-05,1.5189727357728336e-05,0.00038732842549532066,1.4660403302203545e-05,2.2014479650942015e-06,1.8827134928829912e-06,0.00020755630594736156,7.856018182018583e-06,1.1796820922346914e-06,1.0088829840989007e-06,1.7774870807055736,1.776687234084091,1.8708832303458638,4.117730031549603e-06,9.462837504837401e-06,0.0003998237969831685,7.297798018570833e-05,1.1301052430187343e-06,2.2126230647267817e-07,0.00021370857918751065,3.9007234124482545e-05,6.040490527082289e-07,1.1826623002636882e-07,0.19662195247931563,0.668374950281869
HH,HH.csv,32,131072,139264,-0.01408532260606573,0.4191048146254571,0.419341438394962,3.39965820087828,6.59790038587828,12.24912641803997,0.15397518384406655,8.10713630849943,0.0036560724985532185,0.02113834719723179,0.029348883952107274,0.16968670590542378,0.041402785361646315,0.23937885593167935,0.04583960737647815,0.26503126961848406,0.05271189234599629,0.3047648213413992,14131.706686324635,0.9378654090775838,5945.3125,0.3887629752444173,8.075629851438507,0.00010429539781901928,0.002261624356895801,0.0008154491357906499,0.017682847622040043,1.9202112588545237e-05,0.00041639388163098673,6.40538360328612e-05,0.00138899432529046,7.910537468421576e-06,0.00017153838605385278,7.167286037321294e-05,0.0015542113088223945,0.006307265097884082,30.237504240558096,0.002736839948156873,21.363591131288494,1.7564341274749957,1.75587937350133,1.8683027749170191,7.45512890156253e-05,1.7361234502848613e-05,0.0003147160348315822,1.524184523032089e-05,1.9905138498705097e-06,9.034448965573193e-07,0.00016845023143820568,8.158123744685708e-06,1.0654128852096005e-06,4.83564499655021e-07,1.7687361869395133,1.7685077858288643,1.8704950816196133,5.2084398194737105e-06,5.436282594965861e-06,0.00029550382222204167,8.293719636176903e-05,8.507959039490843e-06,8.004156442766046e-07,0.00015798160878670398,4.433970298917413e-05,4.548506501348013e-06,4.2791646561461015e-07,0.1844402198675108,0.5700484275948878
HH,HH.csv,33,135168,143360,-0.009847059834660792,0.40002912196002477,0.40015030051656303,3.198242185,5.87158202698328,11.783444700048683,0.22694338767497887,7.992602231869687,0.004605694247599999,0.026563034916094228,0.03852108868878863,0.22216781419640652,0.037803692870528614,0.21803028158033436,0.04297576814222926,0.2478598813420734,0.049481106634912675,0.2853789879593238,13483.535736594114,0.9341182041143428,3359.375,0.3662195550672587,6.202638934897317,0.00022224598664742366,0.0047779379755309645,0.0006380248477292984,0.01371652732759714,0.00020001069063606066,0.004299914201907537,9.571924874380009e-05,0.0020578127887089055,6.469041264354836e-05,0.0013907417806951036,5.445937037020525e-05,0.0011707905179322879,0.002778495050646155,6.250945374332182,0.001520744122430375,7.9437737677872375,1.76889211773104,1.7687988499155363,1.8769382907046122,5.8893812480739215e-05,5.1410278466645405e-06,0.000361370847199217,2.6395887400806463e-05,4.884342277865826e-06,2.201289469317848e-06,0.0001925320874898684,1.406326863888703e-05,2.6022924152874607e-06,1.1728086534428896e-06,1.7591438435132913,1.7569039691066957,1.8667014074082326,2.499274349316175e-06,5.533037965397517e-06,0.0003394087751658929,8.859538511432413e-05,3.60218575096977e-06,3.0457461933118564e-06,0.00018182274562965765,4.746093015341128e-05,1.9297064526078597e-06,1.6316193801658952e-06,0.21528129453538658,0.5521937011399137
HH,HH.csv,34,139264,147456,-0.014008581624031166,0.4213469726523135,0.42157978096961274,3.170776365,6.16455077708402,12.513057698726406,0.24172231648170373,7.521177504527968,0.004583375633833708,0.02745895718458244,0.028970310348836917,0.1735608370434602,0.03682282052984651,0.2206051463207005,0.044351487864878525,0.26570931637465967,0.05218932892065395,0.31266574307060613,14261.060659371615,0.9380471320523515,5820.3125,0.3777048353130834,7.6197459905336915,6.845343736416991e-06,0.0001768335171092136,0.00015538534275774029,0.004014018539477194,2.895702067386042e-05,0.0007480372071780245,4.387640951956854e-05,0.0011334448805240904,3.983026663737888e-05,0.0010289221999788306,3.833007759467626e-05,0.0009901683090181024,0.002874921399535025,209.9910026613815,0.0004518571602670951,5.149203866788216,1.7792272309515271,1.779190488686289,1.8701030506068184,6.339052587908133e-05,1.0003271773107835e-05,0.00032101083622316563,3.816304083132432e-05,3.4298440929725065e-06,1.4530855108017345e-06,0.0001716540893930049,2.0406918655589924e-05,1.8340401572297007e-06,7.770082564858951e-07,1.759379108931204,1.7592840099752944,1.871268396345601,3.1709057274149764e-06,6.844142303912555e-06,0.0003483981513094725,0.00014585957289154852,5.377282671635939e-06,1.0532540174101203e-06,0.00018618288642595197,7.794690124426814e-05,2.873603103720641e-06,5.628556648882954e-07,0.20137085327851395,0.47312813309925084
HH,HH.csv,35,143360,151552,-0.01271963118463232,0.41927103233425905,0.41946392880927,3.384399412,6.37817382408402,13.917851984597773,0.21771632502437616,8.068392010724756,0.0048385438087768535,0.02576248693504137,0.032210999692376056,0.17150520725557628,0.045869497187864657,0.2442289186006167,0.04642513718843859,0.24718738478819285,0.058469359726704535,0.3113160024152483,14090.70494491399,0.9327608098103837,5945.3125,0.38779143174810604,7.491478538489301,0.00014370915227899153,0.002880570389457462,0.0009909348171121557,0.019862739754488185,0.00011102110220118062,0.00222535652416066,2.2079986634511666e-05,0.0004425811069813734,1.390011081009995e-05,0.0002786200250629749,2.4898456919232076e-06,4.990757833257848e-05,0.008688926866036,30.2309445780346,0.003271035317124233,74.07240088495135,1.773188837553776,1.7730108414773231,1.8743592419169244,7.651710201075673e-05,8.683243418949124e-06,0.00031065219461443694,2.297294525556872e-05,1.3125140946292057e-06,1.954602474570932e-06,0.00016573780930947065,1.2256425951762491e-05,7.002468178331627e-07,1.0428110208856758e-06,1.7747735531346014,1.7733252721115063,1.8703121008933006,5.3852802897213425e-06,1.7649848691820042e-06,0.000318976058875887,0.0001143895112775406,6.394765573289576e-06,1.149613938945501e-07,0.00017054696845695793,6.116065400146028e-05,3.4190900920931224e-06,6.14664225503223e-08,0.23336003529412405,0.585206352339479
HH,HH.csv,36,147456,155648,-0.012488290654773587,0.3969717845013187,0.39716816978912034,3.384399412,6.37207030846305,12.572414642885954,0.1987461044829076,8.521325900281619,0.004775035429083306,0.027972002937142477,0.030447285765967457,0.17835921419271206,0.04363006176780757,0.2555834891786579,0.041728885076711277,0.24444645767864626,0.05012640133203724,0.2936388360069834,13551.959403213992,0.9259736643077499,5953.125,0.37129376009608034,6.552752880580621,0.0001307261648735835,0.0027885919316630093,0.0006313165441828411,0.01346696143909745,3.234232730526258e-05,0.0006899120238238132,2.0782304498121306e-05,0.00044331880079911896,5.294250200082529e-05,0.0011293457133414882,5.7260163174041e-05,0.001221448125455599,0.00427166591095459,16.338220809687225,0.0010533448555144819,25.342349070752807,1.760506111173233,1.760320845854032,1.8704520946270695,8.45491624597497e-05,8.766469292658137e-06,0.00037108311983425116,1.619769386719323e-05,5.829122607199861e-06,6.544960612309228e-07,0.00019839220737061393,8.659774775153523e-06,3.116424432328995e-06,3.499132980259867e-07,1.7783395246840943,1.7774113458597751,1.8717851269191919,4.27119459362715e-06,2.2043486031926763e-06,0.00037706195719094265,0.00010025216920413681,3.5768072854346785e-06,4.4990600785179116e-07,0.00020144510807784596,5.355965690842425e-05,1.9109069914023227e-06,2.403619952852494e-07,0.22311701522535943,0.5620133562154056
HH,HH.csv,37,151552,159744,-0.016256049263583552,0.4098180694388176,0.4101403530210354,4.39147948928533,7.26318358928533,13.409973948181038,0.3223054388948958,10.707260226719,0.003605496607527373,0.024849162857924812,0.02572477592741473,0.17729572818606495,0.036606828619391844,0.2522950775147844,0.03545646570648521,0.24436675071817776,0.04370172782242492,0.30119328071615614,13795.860760289144,0.9361704224290547,5851.5625,0.37602690628647645,6.953582462226405,1.3375796665678696e-05,0.00034686599497414574,0.00028267883687254426,0.007330529796518412,3.660324536026044e-05,0.0009492085920943758,1.4438002152879906e-05,0.0003744114916943854,2.050388869290576e-05,0.0005317142544902032,6.0649672674962805e-05,0.0015727892388823022,0.0031121638414956295,116.33563977335164,0.0003677704834176062,12.736196697686854,1.7592523067278365,1.7586153931105033,1.8730136524889909,6.55188683881946e-05,1.2642038230561488e-05,0.00032066189296689273,1.8522631943182116e-05,2.2821940673127217e-06,1.309522452103391e-06,0.00017120104412512085,9.889213524182307e-06,1.2184609889408787e-06,6.991526465183568e-07,1.7669386604905966,1.7667457953995682,1.8703186277801278,8.112650497027366e-06,4.39093118847435e-06,0.0003182370554448657,5.3980188120434074e-05,1.8255410152041806e-06,5.9205191737026e-07,0.00017015125161984272,2.8861493073227867e-05,9.76058831948827e-07,3.165513664763351e-07,0.24658111457225795,0.62552870110148
HH,HH.csv,38,155648,163840,-0.019874423727472397,0.40428055243147804,0.40476877077264767,4.39147948928533,7.66906737728533,14.971856322675277,0.14717480595092908,10.849353523226984,0.00455301074434941,0.025206697041869026,0.034560760806485534,0.19133770511452292,0.040992968104932664,0.2269481417654084,0.04311575698023682,0.2387004742478321,0.05740453025139479,0.3178069818248312,14102.650970761875,0.9379023521100115,3289.0625,0.3778912811861551,7.794492893023495,0.0001500797764342112,0.002841808588186796,0.0011278791944614342,0.021356753437480926,2.633550513358719e-05,0.0004986712163425464,3.080297743357891e-05,0.0005832642338112814,8.318419448247939e-05,0.00157511933918249,4.8123401425789656e-05,0.0009112320041635896,0.007131687475338771,23.759655101516472,0.003681181366569694,59.753660417306094,1.7692528125779399,1.7692039462570899,1.873708894353462,7.607110440520795e-05,1.864105640399941e-05,0.0003781401024849593,2.106132078507147e-05,7.999198797966394e-07,5.490573254997819e-07,0.0002018136881477726,1.1240444472740576e-05,4.269179071555996e-07,2.9303235265312935e-07,1.7591812726147864,1.756965579364325,1.8727611810298173,7.193846388496886e-06,3.6500332903278615e-06,0.000364078297883266,6.892424958901979e-05,9.311141062202347e-06,1.7633102882600074e-07,0.00019440722157796313,3.680354456678884e-05,4.971878505660422e-06,9.415564067220972e-08,0.21851813203382878,0.5519079000790756
HH,HH.csv,39,159744,167936,-0.018949806672582455,0.39800278853096815,0.39845365458401155,3.277587888,5.96313476122522,11.534243904859503,-0.1552090786394593,8.22576942207645,0.004003561765157228,0.02524949882865122,0.02868930945485452,0.18093655798681385,0.043386974122703904,0.27363118556681254,0.0357635823014584,0.22555229128420412,0.04671662110376542,0.29463046632721146,13502.053410395929,0.9290863793668803,3367.1875,0.3717376978838445,5.875540497236977,3.5900412581875516e-05,0.00088100707619682,8.74990383773337e-05,0.002147253093402218,2.88360406329333e-05,0.0007076452335798216,8.913785968088343e-05,0.002187470268114531,6.056234137193097e-05,0.0014862183318376555,0.00011022456315189853,0.002704944403801966,0.004056082033964768,56.490743222290384,0.0009771740582469224,5.48125149214928,1.776121525540434,1.7760922243616317,1.868830638490538,7.84405599704256e-05,8.18292591276938e-06,0.00034783902805409666,1.1735349388035548e-05,4.825776614156281e-06,8.420289997527328e-07,0.00018612656539859678,6.279514658165042e-06,2.5822439523206327e-06,4.505646378060199e-07,1.7603792661706434,1.7602672055291744,1.867712435403021,7.163999007691993e-06,2.1777537256107102e-06,0.0003745005314056099,0.00010103414794543781,8.806949192755594e-06,4.7332373963208247e-07,0.00020051295065912994,5.409513050845123e-05,4.715366790846733e-06,2.5342431236192614e-07,0.19409760295986456,0.48128293139747413
HH,HH.csv,40,163840,172032,-0.015559047447269134,0.40713048598749324,0.4074276826356781,3.015136717,5.64270019182604,11.331147681375219,0.012316132045139585,7.400421830660769,0.004343741525789735,0.0278494883028967,0.02623945296658494,0.16823177302992423,0.03649165527623873,0.2339627992906831,0.040402989457170295,0.2590399487651259,0.048494201571464286,0.31091599060495856,14266.686687486017,0.9381608241910391,5820.3125,0.3681551256752464,5.826397090418468,9.542877658294984e-06,0.00025590557586919804,0.00011938950360021076,0.003201596076733986,6.896970039300806e-05,0.00184951872261058,6.482343489935724e-05,0.0017383308297282904,3.62663922898513e-05,0.0009725338976305001,4.1619413747877826e-05,0.0011160826350143141,0.0026237179458467458,137.4699489150516,0.000535049072905496,4.126972518574674,1.7705077214080291,1.7702674311433588,1.8692108273053034,7.301436848192729e-05,1.0905246867590733e-05,0.0003122795634982909,2.2411585889917903e-05,4.658732874844194e-06,5.63862949791846e-07,0.00016706492330151602,1.1989865221471546e-05,2.492352819054572e-06,3.016582942676519e-07,1.7729250035480746,1.7716346811361645,1.869046410617306,1.4232094904280048e-06,5.9482650405994e-06,0.00032448037218002024,0.00014077896070760764,3.622745747812007e-06,1.9971475885857162e-06,0.000173607445131701,7.532127608379507e-05,1.9382856023428296e-06,1.0685382541811963e-06,0.246661271287746,0.5762923830781939
HH,HH.csv,41,167936,176128,-0.018501281724965003,0.40629101362876446,0.4067120420899231,4.101562497,7.26928710428156,14.19036229512104,-0.0021254805221453134,10.084684180762636,0.004632516181017292,0.024918328081732857,0.032841726905329605,0.17665581593672183,0.04199943097705712,0.2259151526811465,0.050474430573626716,0.2715022185839578,0.05595988107523626,0.30100848471106195,14207.547786449099,0.9398007671432175,3265.625,0.362355956520416,6.634632856095124,4.05306120314285e-05,0.0008820499519776504,0.0009859021047381156,0.021455755552484555,3.520613499370712e-05,0.0007661756910169106,3.209491520054409e-05,0.0006984675777759015,3.2112574454817205e-06,6.988518883896047e-05,3.367901093450783e-05,0.000732941559194866,0.006278079550320887,77.44861424747404,0.002615667197679833,40.74893391347171,1.7595453834173707,1.7593345652345647,1.873507838092295,8.346051827139786e-05,1.5491806262048883e-05,0.00035676658266609127,2.9007549796177764e-05,8.146755331808487e-06,7.080450471631338e-07,0.0001904270563549814,1.5483014912656732e-05,4.3483967166636445e-06,3.7792478513659426e-07,1.7744811056850982,1.7735764021538818,1.865385633553593,3.0256575029300493e-06,1.3812726736161873e-06,0.00036682559559827283,0.00010855046908311386,2.567873147076077e-06,1.7956378835009132e-06,0.0001966486655626627,5.8191972282034295e-05,1.3765910388099515e-06,9.626094739880826e-07,0.24916666400574855,0.6883579144492227
HH,HH.csv,42,172032,180224,-0.02072900532205119,0.4079068415863333,0.4084332051567056,4.101562497,7.26928710428156,12.608565556971074,-0.1592218106301156,10.042186691006895,0.00304644659959728,0.019303966304995396,0.03247635999280633,0.2057881333265152,0.037835542983683586,0.23974687328666247,0.04065341933140005,0.2576024923791333,0.043802773008161974,0.277558534696357,13492.886695532856,0.9318071124364297,3382.8125,0.3678144828297536,5.79009538561947,2.1983892699688926e-05,0.000566136237643211,0.00017965265440900594,0.004626472628806536,1.2354418384411442e-05,0.00031815493452257344,4.413024120392215e-05,0.0011364560891360888,2.4113814937595997e-05,0.0006209866764946697,2.99470280241043e-05,0.0007712054459946537,0.002870654512245746,65.28994855848295,0.0003890393282033291,4.407854038206555,1.7578944345402365,1.7574104404689808,1.8707249783789373,7.903517512719059e-05,1.8051125179396637e-05,0.00031286907905530827,3.0324084292005626e-05,9.970019381325399e-07,2.553103616468865e-07,0.00016724482896799474,1.6209803494614437e-05,5.329494980047529e-07,1.3647669464914468e-07,1.7628801592437966,1.7627235556922125,1.8638480944083562,1.559868221151953e-06,3.3811927358285493e-06,0.0003166785739628764,8.309622884538222e-05,1.8273164491588436e-06,2.424050433275705e-06,0.0001699057851939539,4.458315519093576e-05,9.803998805696184e-07,1.300562229586566e-06,0.28121910135569445,0.6860589009546022
HH,HH.csv,43,176128,184320,-0.01551322637623832,0.41012397221876246,0.41041726667027134,3.201293943,6.231689448809821,12.045377521418494,0.02362696353699984,7.800095665965523,0.004393738317066005,0.026730451073014506,0.032499900074224514,0.19772160427433766,0.03408454423779126,0.20736219964567154,0.04790775024683118,0.2914592726237414,0.04548609006667532,0.276726472377151,13771.03833626233,0.9378106496449825,5945.3125,0.3682721466419447,6.558850207665198,7.495785227825772e-07,2.071570523470461e-05,0.00017456992954352634,0.004824496825018823,5.425803430448769e-06,0.00014995006008093476,0.00012660185640538427,0.003498828554645055,6.0342234654237135e-05,0.0016676464283691041,1.565667650285872e-05,0.00043269528879287924,0.0029891810297360422,1993.9065387926973,0.0005755967951880706,2.2732557375451536,1.7689906558706086,1.7689310532875602,1.8685660020778585,6.554602310318915e-05,1.72292152713951e-05,0.0003460853471673801,2.1954882779541138e-05,3.6657447988129466e-06,3.0854495912719573e-07,0.00018521440868684625,1.1749589126161668e-05,1.961795727169739e-06,1.6512392860831592e-07,1.756492905891841,1.7543060784003603,1.866207922841061,2.7989755750404096e-06,7.728515811855728e-06,0.0003557230624150373,5.601308224456955e-05,1.6513795140420929e-06,7.561595656212794e-07,0.0001906127704534145,3.001438454899861e-05,8.848850622856619e-07,4.051850580881249e-07,0.24957038240652943,0.5998831056764149
HH,HH.csv,44,180224,188416,-0.014274939882036135,0.41869477487187406,0.4189380484196262,3.201293943,6.231689448809821,12.185409611577924,0.033265138584386,7.6414495056457765,0.004023628962579088,0.0219320357058451,0.034658644465892605,0.18891767481833413,0.043993739758630294,0.239801502622018,0.04757851565960753,0.25934143381072544,0.0532044540093516,0.2900073530376266,13698.31409293731,0.9364880412451528,3281.25,0.37982976040588906,7.403337768190693,6.134517344577383e-05,0.0012819531284313233,0.0010037912987418114,0.02097660375598558,7.601499767022033e-05,0.0015885139546826406,9.580252757320157e-05,0.0020020213985156602,3.921905092584012e-05,0.000819575236394605,2.487902466792439e-05,0.0005199063221095669,0.005810732218548201,47.360956411050424,0.004320059881096901,22.546690405685304,1.7779179536987857,1.7778983797926649,1.8721749994962253,7.794229205050233e-05,1.1647143873591967e-05,0.0003444105548400815,2.988904154390633e-05,3.401140085563485e-06,7.332805428565255e-07,0.00018396279991591242,1.5964875907398114e-05,1.8166785084069943e-06,3.916730770646167e-07,1.759968920495211,1.7598582177669935,1.8661211983780233,2.108349871379343e-06,4.4553419851925065e-06,0.00033905154912174194,6.718789543230691e-05,5.523975392814025e-06,6.739635928341066e-07,0.00018168785040127816,3.600403633519013e-05,2.960137528908808e-06,3.6115746041550485e-07,0.20305210713867267,0.5162207558107255
HH,HH.csv,45,184320,192512,-0.017746165380326043,0.4055799362005808,0.40596799262278427,2.664184569,5.21545409856396,10.882797015085762,-0.17877755168883966,6.562548322544566,0.0040988188873632364,0.026046943174336847,0.02666589936427579,0.16945495385883935,0.03718971398722578,0.23633109769294033,0.042098298455141916,0.2675238935240565,0.047310030068477456,0.3006431117434722,14033.554064984724,0.9398395439600388,5937.5,0.37390145756973736,5.863162224116844,4.546031002097403e-05,0.001243565227454606,0.00011799147050048553,0.0032276526443163903,0.00014855727109922657,0.004063779075402509,1.08225366550846e-05,0.00029605012044367333,0.00016664154691157175,0.0045584738223929085,0.00011186554507415172,0.003060078163573649,0.0032002501861488892,35.198287797356656,0.0002924863372133959,13.512835900774947,1.7699124870680187,1.7696608545254549,1.8688911399859724,8.508105615023125e-05,1.539893092648432e-05,0.00034321850329685065,3.01290926188106e-05,1.2115039616139911e-06,1.8578161886332324e-06,0.00018364820505235158,1.612137377836818e-05,6.482474745010756e-07,9.94074052192351e-07,1.7732993410393258,1.7720900180439585,1.8675405636937061,5.770429967142537e-08,2.5208409797009682e-06,0.00032787644223485535,8.82716769612615e-05,1.3385103265449945e-06,1.1748746942223226e-07,0.0001755659012761634,4.7266270236522475e-05,7.167235628322373e-07,6.291026374805874e-08,0.2489856960655911,0.6799326360116746
HH,HH.csv,46,188416,196608,-0.020797178130888973,0.41001470718154936,0.4105418160472567,4.1961669894144,8.175659174414399,14.36778432202924,-0.20637028189427312,10.221046493644307,0.0031497978531135843,0.018981890960125213,0.02623401307013194,0.1580962330809573,0.043809620125605846,0.26401358785825846,0.042757306080949464,0.2576719394785916,0.049986253010502066,0.30123634861604087,14099.321030108102,0.9380225489151749,7773.4375,0.3667442080081345,8.232161177197886,2.4551336857463045e-05,0.0005877608027007601,0.00038397452519418977,0.00919237825846445,2.0417146256909644e-05,0.0004887879769028621,5.664027744699612e-05,0.001355972390860684,2.2311230593627052e-05,0.0005341324946615172,8.998689764278087e-05,0.0021542929209166237,0.003830562630240422,78.01128253154035,0.00039292688326834734,3.468617188249391,1.75838140465674,1.7581821574339322,1.8714243810697304,8.151546420419602e-05,8.353160961458134e-06,0.0003956068097055607,2.4102579471059296e-05,1.0421767859609812e-06,1.2259439543703384e-06,0.00021139342508683963,1.287926977699685e-05,5.568896058545003e-07,6.550860225882692e-07,1.7745625855397356,1.7735653360301151,1.8668441068064334,1.6483159290877213e-06,2.762001672666775e-06,0.00037047931242800106,8.815273787391997e-05,3.651599783077491e-07,1.71444357051556e-06,0.00019845219591558337,4.722019238375162e-05,1.9560282349029353e-07,9.183646155904792e-07,0.20801967235572272,0.5480998188988867
HH,HH.csv,47,192512,200704,-0.02221576867577023,0.43040689109830355,0.4309798513651911,4.1961669894144,8.175659174414399,14.243160268065775,-0.1676640035832412,9.736341446387105,0.004666807574771386,0.024789994231114183,0.03250400654560992,0.17266067259977827,0.04227014184707654,0.2245381999896874,0.05199925224084752,0.2762190517649549,0.056813469111604516,0.30179208140915337,14215.023022301062,0.9395437097225408,5945.3125,0.37897095044318785,8.65688361964825,0.00011131076724604284,0.002200823773780996,0.0005903780201199187,0.011672886768677481,2.3116372282915514e-05,0.0004570542719497891,2.180234368311583e-05,0.00043107344858995275,9.482604196553302e-05,0.001874889668759504,0.00014307350968624803,0.0028288330887142857,0.005000837082253698,22.463402164573967,0.0028425061894159524,65.1880863255348,1.7594442492286348,1.7588803955400394,1.8720659878929398,6.758780275174788e-05,3.0706216203994886e-05,0.00034705548640323266,1.962202567820894e-05,1.345835339045954e-06,1.0928228968504473e-06,0.00018538635317746864,1.0481481852188113e-05,7.189037927877791e-07,5.837523377473808e-07,1.7635616247651498,1.7633691675156997,1.8644239689209767,6.017219760965562e-06,1.7935752956859786e-07,0.00032021741018403856,7.488010064799267e-05,2.019183294571976e-06,2.6356139755653013e-07,0.000171751391057899,4.0162592787996e-05,1.0830065093721588e-06,1.4136344627071234e-07,0.21199342921536038,0.583090205141346
HH,HH.csv,48,196608,204800,-0.021931901556949247,0.39866966555031524,0.39927247655692955,2.984619139,5.51147460608009,12.0130485340814,-0.035154267242334274,7.475143703192295,0.004203573164177309,0.02676384056379246,0.025002347905611542,0.1591881066252882,0.037409236190216126,0.23818185003665787,0.04556426594528773,0.29010432352129295,0.044882234449227974,0.28576187924660157,14002.245522540172,0.9354566864635293,5945.3125,0.3643369361533943,7.200910542186304,1.0810696673776487e-05,0.0002971471596518313,0.0005531632215238007,0.015204466933048697,1.6679234598454714e-05,0.00045845215490317084,2.2586082974485427e-05,0.0006208101666388212,8.466830277941972e-05,0.0023272270458271106,0.00012158232822848098,0.0033418608057503942,0.002001731948430154,92.58107577399153,0.0006745736694731363,14.933391843591972,1.7705591400533605,1.7705238761898774,1.871346862193056,7.566482512122112e-05,1.8654043461586182e-05,0.0003681040066407453,2.2191426898628655e-05,4.276919958626001e-06,4.6169021019767115e-07,0.00019670538587868348,1.1858532133700948e-05,2.28547686430058e-06,2.467154644202965e-07,1.7579948721881475,1.7555953869206748,1.8713123397877744,1.6962346272204963e-06,2.3748801301579806e-06,0.00034453483682109415,7.805082501273012e-05,1.99764991379801e-06,2.3303967688016937e-06,0.00018411401960828394,4.170913820914586e-05,1.067512820453851e-06,1.2453275272393804e-06,0.25582476443175967,0.6133747480803746
HH,HH.csv,49,200704,208896,-0.02248138187749288,0.389211731660031,0.38986046810740077,3.41186523212022,6.64062499512022,13.735339972491055,-0.04822570202594779,8.75150345115666,0.005338982107365097,0.03447729232131179,0.02910050241849298,0.18792093856155975,0.0368687716742494,0.23808572364145444,0.03655938034915477,0.23608778190978041,0.046987392597860826,0.303428263559436,13792.621836767694,0.9395041477391578,5882.8125,0.3515790329877859,8.80563221224213,5.603600057927493e-05,0.0014360979557163458,0.00028692373878559934,0.007353319124436016,9.596699577585546e-05,0.002459454725984095,8.343692844516556e-06,0.0002138332520748641,0.00011606947112796076,0.0029746435949176493,4.906981307700092e-05,0.001257567590812814,0.003559610199376588,31.76181500122356,0.0005344241261035136,32.025633255969026,1.7774658847437255,1.7774550011998247,1.8729063503858936,7.533159299642416e-05,2.441033360020891e-05,0.00035880340862628606,1.0650952143975715e-05,4.643046313232816e-06,4.462868598034607e-07,0.00019157573391331958,5.686857830224937e-06,2.4790595174572844e-06,2.382857315376551e-07,1.7612612574011346,1.7611293126691656,1.8685631805498806,1.2250348143430572e-06,2.545846534235189e-06,0.0003398410483140107,5.983326757208445e-05,1.4024226517188652e-06,1.5765453506772965e-06,0.00018187292345866538,3.2021003193718446e-05,7.50535313076976e-07,8.437206550396156e-07,0.2784257817107327,0.5787053905204469
HH,HH.csv,50,204800,212992,-0.018374621855518018,0.4074396815346608,0.4078537983363636,3.51562499767665,6.74438476067665,14.226196712588337,0.1738627877499923,8.619816738273055,0.0046914525959938416,0.027816475144714425,0.029284761428500703,0.17363467321195775,0.03827337321725966,0.22692978624816518,0.04214140180646452,0.24986403079377564,0.0542663469930617,0.3217550345954579,14400.880081070129,0.943455488921317,3289.0625,0.3643956708426235,8.05391475512741,1.380402469263782e-05,0.00030513624579591,0.0007962245780501353,0.017600445085137268,7.208229531940907e-05,0.0015933701563028394,7.173339592754151e-05,0.00158565777871982,1.0575337161010897e-05,0.00023376651021624677,0.00023962380776378344,0.005296854412565496,0.0049295928685571585,178.55635583692958,0.0018637253757631457,12.990639427241605,1.7696445958130254,1.769383911432044,1.8714701963199003,0.00011835838931781404,3.723492920457714e-05,0.0003391678666845902,1.9068673443080484e-05,3.399777454609436e-06,3.461095677264271e-07,0.00018123070693370168,1.018914085865078e-05,1.8166345695982846e-06,1.849399303322273e-07,1.7730124758847299,1.7719065180073559,1.864242707041466,6.992824969145854e-06,4.0792396876518533e-07,0.00032109544349350904,8.455614448466662e-05,4.002925298177459e-06,1.060980202580746e-07,0.00017223907717622882,4.535683265126513e-05,2.147212529278397e-06,5.691212837109292e-08,0.23784076244892824,0.6252048812249749
HH,HH.csv,51,208896,217088,-0.018490478382597528,0.38853052194500737,0.38897026142582825,3.51562499767665,6.5521240186766505,13.06281573153934,0.20092828550946845,9.03828736104546,0.00467672076542219,0.031215297145204917,0.026495308051952816,0.17684590448726206,0.03748586926319856,0.25020363765323356,0.037189348299233226,0.24822447523062421,0.04397419352628042,0.2935106854770006,13747.873295920468,0.9343686170818961,3257.8125,0.3572334223760075,6.267404688016178,0.00010880205328549928,0.0027732990836346104,0.00042513856273084395,0.01083652698488478,4.556551374782722e-06,0.00011614376172717977,0.00022861680914166107,0.005827305350868202,3.313609990436781e-05,0.000844619313009378,4.916377518303534e-06,0.00012531551431787323,0.002526402185508465,11.61008500119496,0.0003381954641182262,0.7396557248968724,1.758587844136071,1.7583627737872376,1.8716592743958662,7.585433549459349e-05,3.968924440235896e-05,0.0003764759601349684,2.3802342506318412e-05,2.605503920769678e-06,1.550090196996174e-06,0.00020114556387742426,1.2717241237184375e-05,1.3920823925654363e-06,8.281903753532723e-07,1.7727629653099526,1.7717161719527972,1.8645787157430256,5.120976134432715e-06,1.3173599192841752e-07,0.0003802517473184929,7.4726107801948e-05,3.546084127754754e-06,2.2449504348140625e-07,0.0002039344030411505,4.007667103082313e-05,1.9018151917173176e-06,1.2039987455923824e-07,0.24165853719211383,0.6817076910327553
HH,HH.csv,52,212992,221184,-0.02065300939776638,0.39950918696160476,0.40004266930404647,4.586791989,7.58972167451547,14.550020558440092,-0.1864900873187222,11.465756882804948,0.004712795913025264,0.029392858039809074,0.026848240744965335,0.1674476347796717,0.040221804647506916,0.2508561405855993,0.04212389924512493,0.26271916150096614,0.04643139011407709,0.28958420508771693,13870.406884244703,0.9355797086994044,3351.5625,0.3683601325407442,8.283017692272884,0.00010593905410858567,0.0025418399761629107,0.0005462012550735274,0.013105234862236978,4.1028313730715324e-05,0.0009844094689423326,0.0002572024887586456,0.006171166746733614,9.856680767005973e-05,0.0023649545879626094,6.431251842512904e-06,0.0001543077118030058,0.003375786143170444,15.932680141629556,0.0017411947166596966,3.3848714327736005,1.7614038100879654,1.760855767408034,1.8719195447370067,9.181316890310894e-05,3.0173690709966443e-05,0.00033502135357730113,1.5024248187610824e-05,3.4538068433774415e-06,8.022736422331379e-07,0.0001789720901836038,8.026118552928305e-06,1.8450615856253774e-06,4.285833995848491e-07,1.7618877641763715,1.7617251696099683,1.8636142701279739,3.1204837629276694e-06,3.3966305049711756e-07,0.0003138403428380994,8.107631459274646e-05,4.7260120379230017e-07,1.8754900351804807e-06,0.00016840413162128216,4.350487968045848e-05,2.5359389620878635e-07,1.0063724372805349e-06,0.22649167152460103,0.5816117504792199
HH,HH.csv,53,217088,225280,-0.019593909367475966,0.41726866437623517,0.41772845193334396,4.586791989,7.58972167451547,13.321036180047468,-0.0777200792466192,10.980319793301808,0.004296032715612913,0.026735035014971733,0.02538759538237773,0.1579918721352121,0.042386442219998356,0.2637789541949656,0.038372258079487714,0.23879791688510774,0.05024692123995152,0.3126962217635196,13934.985778160517,0.9354202754367604,5945.3125,0.38494139676557765,6.879662116868337,6.682438602906236e-05,0.001567344802812297,0.0004956172248454774,0.011624544985837593,8.907388887884223e-05,0.0020891998430006722,5.5876791448921494e-05,0.0013105724403843437,2.6763878045805176e-05,0.0006277382801534655,0.0001209727664505389,0.002837377910148206,0.004335148402880917,32.436873932209856,0.0012086988826874136,10.815750515816283,1.7723889889648614,1.7723657434584486,1.8735456714638263,0.00010409251401238239,1.7824573208390025e-05,0.00037378419319160475,2.5399840834556792e-05,7.2976570725597445e-06,1.2732533335092357e-06,0.00019950631515663165,1.3557097230887357e-05,3.895104978601398e-06,6.795955673254265e-07,1.7555571777467145,1.753235567645809,1.8643774395429187,7.465821577426054e-06,3.949781539863923e-06,0.000360661376798599,0.0001160167792251668,1.1740937147499513e-06,1.1967169001377305e-07,0.0001934486918522396,6.222816086722648e-05,6.297510846500958e-07,6.418855295902327e-08,0.27032766371291345,0.7405790844468398
HH,HH.csv,54,221184,229376,-0.019428506482267613,0.3991862959689002,0.39965881168004025,2.673339842,5.249023434047819,10.739530362438584,-0.06561227904008671,6.689055173725381,0.00410521541869837,0.024513332013823618,0.033657433219817935,0.20097747647846745,0.04702549373587378,0.28080171769084816,0.03641252064301302,0.2174288355044219,0.04626801959003816,0.27627863830646754,13115.785747982447,0.9272289894576667,5929.6875,0.3780938295082642,5.493895989954528,4.792773852780518e-05,0.0010063610213462246,0.00017992160981518404,0.003777897738922532,4.8019310426495736e-05,0.0010082837991013105,0.00027505001180391585,0.005775353048208089,0.00012813611047484492,0.0026905335192059362,0.00013152941705713323,0.0027617843560446362,0.0053199886364656,55.50010019645638,0.002605097959924785,4.73568050061799,1.7775557492870855,1.7775519422599135,1.870049270364289,0.00010082795489165773,3.201921447143349e-05,0.00033672638647385127,3.8159507745899496e-05,3.8088309799133206e-06,2.080959714274184e-06,0.00018006284209189647,2.040561623194321e-05,2.036754346675217e-06,1.1127833620489028e-06,1.7598438646121937,1.7597056051568984,1.8618169835672438,2.9710173571025484e-06,3.7098429004513883e-06,0.00034506825799176675,6.330211933188506e-05,7.157496853421289e-06,1.0106152027858606e-06,0.00018533951566519183,3.400018363274574e-05,3.844361135702861e-06,5.42811249282396e-07,0.22342624571596773,0.5173075436620207
HH,HH.csv,55,225280,233472,-0.018173828709274545,0.42117636940688374,0.4215682888889033,4.928588864,8.14819335405978,13.358549540803864,-0.25519345414904576,11.691080647878497,0.0037697664884432016,0.022707525121288118,0.031310193764285184,0.18859974845511351,0.0405835370594638,0.24445855999666286,0.03977678290332539,0.23959900428588413,0.05057369393115721,0.3046351621350277,13802.645469361469,0.9285584832713889,5945.3125,0.3934683348075236,7.651909846727941,1.9217958382601492e-05,0.00044327572747636276,0.0004986268516265215,0.01150117905313491,2.0819817021647648e-05,0.00048022372368913016,4.0394650293816625e-05,0.0009317310215093173,0.00017402686107741722,0.004014051956442915,1.2411100407155196e-05,0.00028627076051661066,0.002723548129373459,70.8594535457966,0.0006609023294628499,8.180567432507882,1.7694593161275944,1.7691292542799384,1.8732292218919895,8.440611690277978e-05,1.9859475907725318e-05,0.0003244713763282418,2.056253423805303e-05,3.842189698863861e-06,1.661543507854093e-06,0.00017321498753919054,1.0977051819250175e-05,2.051104933640284e-06,8.869942281676677e-07,1.7737762866510896,1.7727169051310971,1.8644401280050065,3.5062277093874706e-06,3.1057735496778615e-06,0.00033708893623790245,8.493268271349714e-05,4.5747426209475245e-06,1.006708898075703e-06,0.00018079901369555615,4.5553987729459295e-05,2.4536816989881836e-06,5.399523872897783e-07,0.2110000581436676,0.6305323062362783
HH,HH.csv,56,229376,237568,-0.01991093157333864,0.4168646702022022,0.41733990758003114,4.928588864,8.14819335405978,14.653662606262442,-0.29999329010634784,11.809531689808649,0.006020546943792584,0.034670788209354805,0.037612697592655196,0.2166018942119529,0.0378041719598897,0.21770454606333534,0.0383056758415123,0.2205925785009586,0.053905885799124344,0.31043019300863955,13693.315862102572,0.9320245972505649,3335.9375,0.3794187888408902,8.31292905072418,6.793136529891424e-05,0.001586831068552736,0.000699435093354143,0.016338334018265007,6.009393210179712e-05,0.0014037538929333787,1.1188992630641426e-05,0.0002613673529743293,7.47207451320266e-05,0.001745426421494366,6.388447608568768e-05,0.0014922984545491502,0.004300731136532911,31.654973265690256,0.001195721287210256,53.432926146667036,1.7586341231409297,1.758404382679454,1.872988231978464,7.551288606478248e-05,2.9454202727996695e-05,0.00037711814801777335,1.7101928606398185e-05,1.0457022229808689e-05,1.1424870386410399e-06,0.00020134571140322473,9.130825444815552e-06,5.583068836880627e-06,6.099808953063226e-07,1.772739652844228,1.7715908100477438,1.8637443259678481,6.474681638935633e-06,5.65060487809134e-07,0.00036650612505492866,9.947627865979716e-05,5.164577057054776e-06,1.224737697553592e-06,0.00019665043104257567,5.3374423344299355e-05,2.7710759384176925e-06,6.571382568351616e-07,0.27431240474554824,0.5757086854048725
HH,HH.csv,57,233472,241664,-0.02053901551970882,0.3899573953561016,0.3904979146569591,2.96936035,5.7128906216244,11.730748909185913,-0.14376841242222144,7.6040363816049865,0.004031643821200043,0.025362559005927755,0.028381571251924042,0.17854485849486693,0.039837879106687624,0.25061503553496756,0.039086130524565874,0.24588588072435977,0.047623226416993986,0.2995916662335872,13832.204902401521,0.932917529515097,3367.1875,0.36691956523734887,6.185394074275836,0.00015785036215817887,0.003749637383672046,0.00038648027293951173,0.009180599015753872,9.368205053063235e-05,0.0022253589668467656,2.363528265853985e-05,0.0005614414703800836,0.00016090179652612544,0.0038221223132182233,3.709452295692856e-06,8.811573702276323e-05,0.0023604041748862027,7.476714450120082,0.0004889214174230241,10.343041252001418,1.7624520113995077,1.761986643731483,1.8749269841256184,7.107285034315568e-05,2.8603937933151976e-05,0.0003386884823864605,1.9051498997139596e-05,1.914037714139037e-06,1.3996475358020833e-06,0.0001806408917541015,1.0161195160362043e-05,1.0208598683274256e-06,7.465077561162039e-07,1.760039002946551,1.7598965517843643,1.865185817445879,6.656085666942115e-06,1.725368426613396e-06,0.0003212874984694719,8.936219455456438e-05,1.6322315234856263e-06,8.10397912645973e-07,0.00017225495468824634,4.7910612293249137e-05,8.751039752810648e-07,4.344864222457306e-07,0.23435845652154735,0.5608788295991269
HH,HH.csv,58,237568,245760,-0.021829828605981573,0.4143355622584461,0.414910230735504,3.543090818,6.423950191096139,11.962658839439996,-0.02355261923772551,8.539415409715703,0.005156991514881843,0.029860043919926662,0.02522388179196412,0.14605147516057992,0.04828524121387803,0.27958150002185633,0.04237813788517393,0.24537815407380878,0.05166117055600671,0.29912882681803804,13918.084137489766,0.9351060278092362,5945.3125,0.3826873478266543,6.535147182741532,1.5449210079396303e-05,0.00031813988330770096,0.00046936294851905244,0.0096654180313046,5.619693339131731e-06,0.00011572427159371604,7.486804884687991e-05,0.0015417301079611164,0.00023916236718429345,0.00492498239046393,6.343895745040204e-05,0.0013063750455014698,0.005058092514816993,163.70067871178708,0.000928495179532192,6.200877327725426,1.7736236440264324,1.7736084983865914,1.872226530766256,6.32566505663914e-05,2.1300639638291307e-05,0.0003698271352136495,4.8853816513028e-05,3.660870131017371e-06,1.5173575124047163e-06,0.00019753332683630483,2.609396657412351e-05,1.955356400978418e-06,8.104561533923402e-07,1.7563324507959384,1.7539549004001616,1.8659526063038703,5.806634977762581e-06,7.292107776908341e-07,0.00035570478437642664,7.130967756600815e-05,7.17679701885741e-06,6.012602449292886e-07,0.0001906290562657032,3.8216231926287814e-05,3.846183978418165e-06,3.2222696487450397e-07,0.23764870968607432,0.525945813372944
HH,HH.csv,59,241664,249856,-0.02249330280783956,0.4077113391890867,0.40833134189597015,3.543090818,6.5673828081888495,13.69496430860127,0.00038132709600192976,8.67699942291961,0.0030676300413914437,0.01933058838244273,0.024085107341086667,0.15177165755826094,0.03735221745924524,0.23537399592965613,0.04691927632396161,0.29566056062262236,0.047268819489634455,0.2978631975007163,14238.936776821629,0.9417631130538245,7765.625,0.3633517352476531,8.505437849692058,1.646425114830253e-05,0.00041608862353211044,0.00048466221825567174,0.012248503345553814,3.371801690493517e-05,0.0008521300553443861,7.132272908341303e-05,0.0018024856340903557,8.371943051817043e-05,0.0021157781361218586,2.3949902198657762e-05,0.0006052678466700623,0.005079707583916409,154.2647577437912,0.002044955646500785,14.335932306889474,1.7758164498261808,1.7758154913374824,1.8694818563763635,8.430575516973896e-05,1.834264332476493e-05,0.0003574375928610611,2.2428266139158593e-05,2.434440290611993e-06,2.3066847391795436e-06,0.000191196074806361,1.1997049376354761e-05,1.302200544127982e-06,1.2338631323490782e-06,1.7631370778056374,1.7629863514935622,1.86575563676456,1.0937692103770654e-05,2.655294544410026e-06,0.0003381886788674913,0.0001026805857176724,2.453879967113932e-06,2.890129708327208e-07,0.0001812609712672604,5.503431622786229e-05,1.315220449430309e-06,1.5490397838687406e-07,0.2171232189690503,0.4864994613873548
HH,HH.csv,60,245760,253952,-0.019679218518752692,0.39080877086667043,0.39130393178171174,3.02429199018885,5.89294433218885,12.438228549498474,-0.03495565549378711,7.728754414530692,0.003911415194363159,0.02455215649759722,0.029114433969350102,0.18275281544761418,0.03802938619049429,0.23871243395540376,0.041934497729257184,0.26322502207912246,0.04632072075473051,0.29075757201398544,13918.90006543085,0.9353386195157964,7750.0,0.35440721351839033,7.1234035740205774,2.273954095829391e-05,0.0005824745530371875,0.00023857106249345502,0.006111010475028871,2.1739086258350187e-05,0.0005568478526014811,0.00010056125299626784,0.0025758818526412032,8.515763247700021e-06,0.0002181317292451945,2.531678838884825e-05,0.0006484908832670572,0.002355156441097939,51.7854866470698,0.0005096866468417552,2.534209892583883,1.766634839105095,1.7662561058232638,1.8714665904405985,9.186958889764362e-05,1.948397052686345e-05,0.00033769455330826686,1.7156700797564175e-05,2.0070333686359095e-06,2.057041257106473e-06,0.00018044380542672853,9.167516473545923e-06,1.0724387915267684e-06,1.0991600211367307e-06,1.7736336696609687,1.7726830761639616,1.8627249232983378,4.490839951691177e-06,4.180994994994734e-06,0.00033033303785564823,9.599714737770188e-05,3.4638798641197486e-06,8.217013866768287e-07,0.0001773386041727236,5.1535868864452425e-05,1.859576699056765e-06,4.411286800315079e-07,0.2429665131097709,0.556490170642013
IR,IR.csv,0,0,8192,-0.01704022287166501,0.6840508582673134,0.6842630677537435,6.32019042551071,12.31384276551071,14.577822605876086,-0.27784704353912515,9.236492108581873,0.07910759175743684,0.16469187019811848,0.09215021083850138,0.1918449320095375,0.21045442315918472,0.4381391440638057,0.05600778278722132,0.11660102763791094,0.042616948358494326,0.08872302608854538,8336.330579066791,0.7834295836430009,9765.625,0.6974624121687035,17.03065125162797,0.007850610107888841,0.02913781552293139,0.011504577907031507,0.04269964552021574,0.002408624256466664,0.008939693639664976,0.01394849365599884,0.05177032477550568,0.00400077317088792,0.014849010331730013,0.000923792347270892,0.0034286877868545083,0.023871639090331388,1.5203684019935682,0.03057051205247717,1.095835607963081,1.7725949119083264,1.7722341491361464,1.871348313808657,0.0002861658970393168,5.26039291353315e-05,0.0003681678237903648,4.550798438696647e-05,3.249940614248873e-06,2.5789957460019975e-06,0.00019673933552266139,2.431828647352247e-05,1.7366839675253735e-06,1.3781484328546642e-06,1.7537304634534163,1.7528512963460954,1.8626771989953839,2.636689929950857e-05,4.902484334945175e-07,0.0003414090774169257,4.68150225555141e-05,1.5590621085324021e-06,5.614516391110988e-07,0.00018328944897209133,2.5133191398240218e-05,8.370006941473431e-07,3.0142186709195274e-07,0.16104340755365637,0.4699432083582593
IR,IR.csv,1,4096,12288,-0.02267025409540391,0.6850142935580293,0.6853893220641508,7.06176757345813,12.29248046045813,16.12238969340131,0.4834235282436885,10.303293830403245,0.0752094459502554,0.15423791945989046,0.11485510868755576,0.23554239470165955,0.1744569627663929,0.35777259933781813,0.06869799558296184,0.14088437663520373,0.054400173620830494,0.11156270986337744,8515.47112701222,0.8126890622381747,9781.25,0.6897177927915785,19.060840422732326,0.005319057719351543,0.021212964224032575,0.0065465833335019525,0.026108466079994903,0.0015300155929158375,0.006101863853940739,0.00905534974331103,0.036113691611599504,0.004236869409015867,0.016897082892777606,0.0009410874983013568,0.003753156383417617,0.023222892393210647,2.1829893203207056,0.031647467862383837,1.747445916377422,1.7785089057603043,1.7777058379343968,1.872501647343068,0.0002371261341864386,4.295867060301402e-05,0.00039825150814364876,5.6611301786224676e-05,2.2768271143251013e-06,3.267586725881646e-07,0.00021268419641100103,3.0232978361605934e-05,1.215927963296867e-06,1.7450381047815622e-07,1.7595517220836077,1.7595173322556017,1.8631219345996164,2.3078856056866045e-05,1.3228035772779056e-06,0.0003540034675750236,5.392691352889764e-05,2.3891949374286487e-06,1.6306078619895415e-06,0.00019000552835577488,2.8944382290500782e-05,1.2823610162374062e-06,8.752019026275286e-07,0.15430989267367407,0.4364639900186357
IR,IR.csv,2,8192,16384,-0.022136419990872187,0.740602376760223,0.7409331289346588,7.06176757345813,12.10632323445813,14.942594945105686,0.707581886640956,9.530910817285593,0.07124230738231785,0.14548272767615167,0.1587192697725229,0.32411797357092204,0.1488057985754587,0.30387383938323814,0.0695090137457722,0.14194319765005142,0.04141959382140677,0.08458226171759467,7594.524804103047,0.8068843928163811,1257.8125,0.7591578409834938,16.360151678229816,0.009372599710736338,0.031959665791196655,0.008641008268101257,0.029465009161880332,0.001701472422631183,0.005801857719149107,0.013946958464342612,0.047557790269597736,0.008356540558809284,0.028495001565488013,0.0019704624064368404,0.0067190877565911755,0.023652369995054958,1.2617827883281585,0.02782825606044105,0.9976460505919735,1.772845658375927,1.7709781770202107,1.8731078472489338,0.00023429578373821737,7.207827953851828e-05,0.00035151169289136905,5.8569487435727416e-05,3.167380226581843e-06,9.51922407814736e-07,0.00018766228191689695,3.126861462980798e-05,1.6909758993493828e-06,5.08204804764623e-07,1.7727422224606155,1.7724573575556055,1.864763327787526,2.6865496918756232e-05,1.9677856402047472e-07,0.00031221144908225344,4.880228774664941e-05,5.021076581441241e-06,2.6525802176554293e-07,0.0001674268495254642,2.617076763544325e-05,2.6926079608160645e-06,1.4224755378481177e-07,0.16665372897245453,0.4701748754197045
IR,IR.csv,3,12288,20480,-0.020753964761586655,0.7236037221772273,0.723901287332785,6.26525878492201,11.35253905492201,14.350245588597684,0.601127223885112,8.65485238739899,0.054059285929905394,0.11524352155159295,0.16438940904508592,0.3504451469948253,0.14951971769942446,0.3187459566414564,0.059850014695252036,0.12758819025724233,0.04126899031730861,0.08797718455275125,7685.685245269155,0.7849842185778664,1234.375,0.7774936257532539,18.54120466077977,0.005607052925773947,0.021690460876624892,0.004605292341651325,0.017815225695987213,0.0029332861603122537,0.011347196030152697,0.014852948024246635,0.05745750794353267,0.005759848454166151,0.022281538841214796,0.0019035329551898798,0.00736367350879128,0.029077206311707876,2.5929134871775275,0.025152676642940307,0.8467233777777045,1.7591400890909206,1.7590114615725179,1.8744400998610606,0.0002835467899539947,6.34014219353425e-05,0.00038235124929398125,5.990309502505182e-05,3.7336680868614206e-06,3.387845743210103e-07,0.00020398157792405225,3.19578603922633e-05,1.9918844497277772e-06,1.807390774162062e-07,1.7731855151149691,1.772923369868623,1.863886074465109,2.0460132320868147e-05,1.723065288203659e-06,0.0003806623236203232,3.736624518537081e-05,3.186528507090491e-06,8.134657535429594e-07,0.00020423046710586106,2.0047494156033106e-05,1.7096154913884634e-06,4.3643534048934204e-07,0.14372324023098043,0.4876114321047882
IR,IR.csv,4,16384,24576,-0.019598379716934226,0.7201321024740202,0.7203987378536846,5.95397948825272,11.041259758252721,12.554212408768269,0.6128003593965645,8.264838866852275,0.04398791833177933,0.07809220058883232,0.16809139979052942,0.2984143784821075,0.19398185833781015,0.34437797391668395,0.10348492160810817,0.18371783804785194,0.05373574057920103,0.09539760896274903,8674.682488752489,0.8149876530662746,10000.0,0.7798462078862166,19.837353633813244,0.000996110277739205,0.002775760600951026,0.0032217740028185737,0.008977794469191733,0.006167442698892173,0.017186193973484958,0.018770578954447267,0.05230608968019943,0.012115302154957652,0.03376049734842017,0.001838391266074699,0.005122860550223777,0.024048908571156893,12.07140870670838,0.027547533022937325,0.7337955075614959,1.7645796458588823,1.7622172439660944,1.8724727452556287,0.00027733737929376616,5.32940494510674e-05,0.00034751960926963856,5.9465089614320224e-05,6.427739557449762e-06,5.580696446716797e-08,0.000185593947976001,3.175751944318438e-05,3.4327546682495603e-06,2.980388612252908e-08,1.7609582013943794,1.7609228273853905,1.865457371195606,1.9313106755889657e-05,2.610647810200112e-06,0.00035876830941574886,3.420039170037629e-05,1.9791527245281365e-06,2.1828642903906394e-07,0.00019232190183237225,1.8333515538035742e-05,1.0609477091715047e-06,1.17014965021175e-07,0.16060227823050827,0.43546168165140753
IR,IR.csv,5,20480,28672,-0.016319751726828084,0.6434258919790801,0.6436328244935152,5.48095702762783,9.24377440762783,13.11213491188414,0.7694008030233813,8.515658025882017,0.03482503193374013,0.08549481120994373,0.13767888542778495,0.3379991248720094,0.12162012305212494,0.2985751593697056,0.0680393525524234,0.16703535584357773,0.04517164223433425,0.1108955487023085,8505.33969146388,0.8273744035074624,1234.375,0.6739525670511071,21.121905227387163,0.003901978349388724,0.016050852806662585,0.005857363644004265,0.024094362722370703,0.0030026881049406836,0.012351607436332847,0.008167838768346302,0.03359854055566881,0.004256086493484868,0.01750748254409259,0.0013791642655453646,0.005673215133534879,0.008011977306089648,1.0266557868418378,0.010559815130366721,0.6464265168066169,1.7778122265746525,1.7773851877997568,1.8783882272491155,0.00024813499167665725,5.446035467031834e-05,0.0003447786806508403,4.671505966187832e-05,9.121570487826986e-06,1.8250182840762414e-07,0.00018355027765244372,2.4869757478339437e-05,4.8560624238901865e-06,9.715873734728387e-08,1.7557427280209237,1.7547444758958803,1.867747031813134,2.6604835879138524e-05,6.826914540914252e-06,0.00035079452681309453,2.1630202821161238e-05,1.239228594253438e-06,7.110933295365296e-08,0.00018781693711078713,1.1580906007465006e-05,6.634884559552913e-07,3.8072250547005174e-08,0.167147891454349,0.5620983023640647
IR,IR.csv,6,24576,32768,-0.015744939434179154,0.6096216664337192,0.6098249579208862,5.4138183557972,10.5773925707972,13.224815906639199,0.45757269893280095,8.877659540609795,0.025309990679425402,0.068527838051788,0.10006375323568917,0.27092671678317104,0.1361138972801448,0.3685339606621787,0.06758926398551758,0.1830007049431378,0.04026191242834642,0.10901077955701687,8887.323302127357,0.8269660123289981,9898.4375,0.6397798807731564,18.018593762707674,0.0010438733547263389,0.004992793059168043,0.006349330196477607,0.03036852276361642,0.0007197425302485679,0.0034424918436156185,0.011193454973464047,0.053537724712086836,0.006959585818301443,0.03328734430376302,0.0024368074980459235,0.011655126081805092,0.003970546692991632,1.9018335285177934,0.013472918636803792,0.6018212727054235,1.7806306280814697,1.7800097939450803,1.8744284596169067,0.0002554733517291977,4.197994928452496e-05,0.00036638337202742814,5.6483889144445104e-05,3.959386620531923e-06,9.464284594928332e-07,0.00019546404673247099,3.013392634678577e-05,2.1123167439204507e-06,5.049157542591719e-07,1.7629315517474826,1.7629137878070202,1.8628457535577776,3.208226381831847e-05,1.053590542726535e-06,0.00037076538332964787,5.2804949690130794e-05,2.286762514902071e-06,2.076258703519356e-07,0.00019903171404360144,2.8346388631078178e-05,1.2275640699362485e-06,1.1145628668143214e-07,0.1604419870760229,0.4765167753101962
IR,IR.csv,7,28672,36864,-0.022127479298443574,0.704505492801358,0.7048529029005892,7.119750972,12.469482413777051,15.552025341972417,-0.3934540243523636,10.101045115499868,0.04032772960427756,0.07322871581180442,0.0870008015763931,0.1579795598847972,0.26149435539527194,0.47483198348959943,0.10330463253019166,0.18758471284715927,0.05858170960470883,0.10637502796482375,9740.786556831139,0.8083822738066175,9851.5625,0.7539296699090446,24.56080886853215,0.004615994394434115,0.011846235344599906,0.018287229149999442,0.04693134388827152,0.0014453434548078238,0.0037092503275298256,0.021776420391253725,0.05588581329925141,0.010532114084345746,0.027029041081543685,0.0024236366407408777,0.0062198884103133135,0.01701031033304089,1.842540185025905,0.0398127281400639,0.9141247143433212,1.7710839821117177,1.7691163957224292,1.8786333645036306,0.00027663617820367786,4.4814258708696645e-05,0.00033449125289339234,5.656140712775169e-05,2.6838491796828566e-06,1.5619669474656507e-06,0.00017805030998243395,3.0107741189120284e-05,1.4286178614689675e-06,8.314378829727213e-07,1.7749815745384028,1.7748012380185652,1.8666717524596366,2.1860101715720544e-05,5.169314515735397e-07,0.0003226211092819089,5.940104463825222e-05,6.595925645032016e-06,1.6525838045699053e-06,0.00017283226622818475,3.1821901499259356e-05,3.5335219683574803e-06,8.853103403913828e-07,0.18520189941602969,0.5207091456996238
IR,IR.csv,8,32768,40960,-0.021670758705513393,0.6760355323282119,0.676382778279549,7.119750972,12.469482413777051,17.586246531472504,-0.7263091620958149,10.526215629113612,0.06372945549252654,0.16091242414074788,0.07977927517217802,0.2014370978840762,0.1344580314621263,0.3394971386551531,0.07482906132977174,0.1889381536636899,0.043254735303374564,0.10921518565380814,8716.138693672772,0.8312615541184277,1234.375,0.7055124843798216,30.336586555251664,0.006544463842002871,0.0314726362965672,0.007140917891810338,0.034341012045963966,0.0018340496628906197,0.008820031615047134,0.01096614211734578,0.05273669635403873,0.004030919222219059,0.01938488128049869,0.0005445379803840363,0.0026187089149000606,0.018001794056036927,1.3753452146167182,0.023213854334425972,1.058433042585179,1.7591766350904092,1.7590662577026752,1.8763627870110111,0.00026302789586055055,5.185670205451196e-05,0.00041075262327642707,5.930681920591143e-05,4.8805386179581695e-06,3.599626358644099e-07,0.00021890895839526031,3.1607330744580464e-05,2.6010634253358424e-06,1.9184063889778352e-07,1.772841015576335,1.7725124177877294,1.8672704959944428,2.556321185954438e-05,4.292094573881956e-07,0.00039885399730299085,4.3806971132444745e-05,5.0300149109320964e-06,1.2221376871028153e-07,0.00021360268807244317,2.346043126927426e-05,2.6937794613686074e-06,6.545048988477125e-08,0.16891195536054734,0.4454918266845932
IR,IR.csv,9,36864,45056,-0.024390593154537163,0.683546977689604,0.6839819966512439,6.365966793,11.35864257095052,15.605128800680658,-0.510235624182124,9.307213967850444,0.06803132671390126,0.12687832102921806,0.09003865075266566,0.16792194694771453,0.2629437183436039,0.49038963548242903,0.0743286300492171,0.13862278218836382,0.0408511401473686,0.07618731435040957,8689.686387873753,0.7693855254477916,9851.5625,0.6905257443328864,23.142440398895463,0.01424878725575476,0.037479864349751,0.011747926529453065,0.030901625858503187,0.003517213978415515,0.009251643696681664,0.017434562510130893,0.04585969501460896,0.004698459922428633,0.012358780953392715,0.0013553870477666266,0.0035651962359944563,0.043336424407371475,1.520705714388015,0.03839001150059235,1.1009743283544875,1.7694502635696925,1.7671471204786167,1.878342559021747,0.00025088714738739915,5.493645688370965e-05,0.0003450322464179875,3.6471494112571195e-05,2.221811982474575e-06,2.660253430663553e-07,0.00018368973474013113,1.9416849145741747e-05,1.182857712402857e-06,1.4162770352430356e-07,1.759152950501134,1.7590886203873266,1.8663113542438352,3.5362219966464386e-05,1.3517769595983573e-06,0.00033815784466601124,5.275527950061005e-05,3.773603305264437e-06,1.8823342955673004e-07,0.00018119047708566285,2.8267137410175803e-05,2.0219580707589644e-06,1.0085853527526486e-07,0.1544302450838697,0.5444797085796759
IR,IR.csv,10,40960,49152,-0.02350658176760812,0.6825031387059897,0.6829078222790573,7.96813964317163,14.33410643617163,17.684965126223354,0.003518917982826827,11.667957787579613,0.07772864164945974,0.17434346747485827,0.11818372258220038,0.2650832377463879,0.12713920810129017,0.2851701756522409,0.06490113991983049,0.14557169064812597,0.057883560107091205,0.12983142847614398,8429.863462897578,0.8302973685002243,1234.375,0.6733202118698483,25.068098432117196,0.004575416897345573,0.02618549110475749,0.008649068510275285,0.04949933779185104,0.0012689579397982625,0.007262351735461783,0.0032774115691434538,0.01875689875172337,0.0016470872348622887,0.00942641711234397,0.0004152855513573409,0.0023767137192046415,0.02763181300832196,3.019595112888287,0.024198519971399213,3.6917121114013374,1.7814924164246297,1.7809262653406202,1.8826614908400197,0.0002711011208838101,5.097527277129653e-05,0.00035205701096036567,3.28085884083705e-05,4.304854755061286e-06,1.8981216816777553e-07,0.00018699963465184348,1.7426706058407926e-05,2.286579279389322e-06,1.0082118803151538e-07,1.7567493083036385,1.7558567112982608,1.8673437714454881,2.5113742495673054e-05,1.4153520084354194e-07,0.00034487182173771895,3.982348328986631e-05,4.769439985970514e-06,3.4198614422617653e-07,0.0001846857697072956,2.1326273125926947e-05,2.5541306635124793e-06,1.831404315881623e-07,0.1489921798099701,0.42075614489187974
IR,IR.csv,11,45056,53248,-0.024144723991225695,0.6819170798803235,0.6823443936379341,7.96813964317163,13.653564444171629,17.210592741146996,0.6715995145722853,11.677592308889125,0.06514983943588747,0.15087215830400844,0.13062906481914097,0.3025070992829155,0.12423458832479709,0.2876989512002898,0.06451943262541854,0.1494122800153046,0.04728855974003801,0.10950951119516583,7933.5204969441065,0.8100875242208903,1234.375,0.6701440547443167,22.446713969196463,0.004811054545668023,0.02482000223670441,0.002461345052893935,0.012697962398521565,0.0016536802761722036,0.008531258118938867,0.006709430835917201,0.034613635487551045,0.0033427168110101444,0.01724491749956271,0.002150713395523985,0.011095428409865065,0.01539425590446724,1.5998837424041132,0.01305869644811875,0.9731597781170379,1.7799475622571306,1.779401166753119,1.8804677865876287,0.0002791590519219502,5.4668807824673805e-05,0.00038749667678511794,5.832395509290544e-05,2.0465331807083964e-06,1.7357213472375642e-06,0.00020606398022275015,3.101566296900591e-05,1.0883106827482687e-06,9.230263658950253e-07,1.766775345912019,1.7667687576689173,1.870139505590427,2.2732654294351353e-05,2.447656223920734e-06,0.00037691630052544566,4.1059350237629e-05,3.6565417792455723e-06,1.6002384060926177e-06,0.00020154448339202737,2.195523388221462e-05,1.9552240719545677e-06,8.556786278821195e-07,0.1589799945477221,0.524784037670307
IR,IR.csv,12,49152,57344,-0.025284290294615534,0.7509352041499245,0.7513607496851238,7.36694335450645,13.05236815550645,13.662248609211295,0.6542636082930433,9.804801964414489,0.06051898067707735,0.11653428601530919,0.1741046234376347,0.33525280428184584,0.1692946036392552,0.3259907146588465,0.07650799827223155,0.1473224574070203,0.03889718579524684,0.07489973763505269,7643.238463824636,0.7758192921136772,9875.0,0.7720598657369783,15.866903804547224,0.006756682554652231,0.020175203493972872,0.007327740980003885,0.021880362770766854,0.00492183031617965,0.014696402766970042,0.01914007033493981,0.057151540089815524,0.006567328158960082,0.019609798291839026,0.002026045020912269,0.006049695283776647,0.027300035703764453,2.0202248278592814,0.03803788491814854,0.9936715030695963,1.770339589212325,1.7682165731813362,1.8811137376639047,0.0002547067944946878,4.235391642607557e-05,0.00034947266877485893,7.44368453673382e-05,8.203656799444067e-07,4.6787709047529e-07,0.00018577965902724847,3.957062450659649e-05,4.361063680087503e-07,2.4872344564134807e-07,1.7756322133554336,1.7754900743100015,1.8681929519100169,2.7596697988671924e-05,6.284520970775609e-07,0.00031809483272435545,7.11967524763673e-05,4.398436749993338e-06,2.5689500129829245e-07,0.000170268725400644,3.810995668490159e-05,2.3543803360857757e-06,1.3750988677883017e-07,0.18146735122694815,0.5546008105363638
IR,IR.csv,13,53248,61440,-0.02058297394205004,0.7336343344141015,0.7339230173850121,6.62231444874854,10.94665526574854,13.968528692141337,0.8937261229626617,9.02317312834118,0.06552506889016771,0.11501105506857309,0.20665410905778267,0.3627238783499846,0.15899682886263805,0.27907476252639696,0.07749670257582701,0.13602393219183165,0.06105572977088713,0.10716637186145878,8012.521170264067,0.820881096105212,1234.375,0.756514013639365,18.317783060691838,0.0037638135419625217,0.01198388276822306,0.011254928806443945,0.03583539563726453,0.004302934149681189,0.013700428523958058,0.01572915677866279,0.05008121916161938,0.005717747268015163,0.018205156072235548,0.0022762367067965324,0.007247477470085417,0.03031480412375785,4.027139466627777,0.03705864285572464,1.1780238246724737,1.7611610545007246,1.7610430439902678,1.8808549911726964,0.0002864388333290253,3.550471402178415e-05,0.0004174021042311867,5.026592735650233e-05,1.8929353319370847e-06,3.853962746384965e-07,0.0002219214698580874,2.6725041320243003e-05,1.0064227921982704e-06,2.0490483128526586e-07,1.771237121962787,1.7708845037017895,1.8688477888767983,2.7163590720106813e-05,6.261773131435001e-07,0.0003747011071371005,3.398711671800506e-05,1.0657103656107582e-06,1.0072727053080816e-06,0.00020049846186890382,1.8186134216106262e-05,5.702499539840501e-07,5.38980601471523e-07,0.16538137952481305,0.4539684900463129
IR,IR.csv,14,57344,65536,-0.02145543692804798,0.7174214586379912,0.7177422135335474,7.17773437025649,12.060546867256491,15.544507936249273,0.9534845705898763,10.000435023752441,0.04254763084665864,0.09024189539372131,0.15147191681141275,0.32126613397689174,0.15108658715691428,0.32044886453834953,0.08436766748353149,0.17894059133633325,0.04201043083881898,0.08910251475258321,8199.086953814587,0.8039624437462879,1234.375,0.754307075749295,21.61475523452052,0.003468241077536378,0.01331636075317341,0.003068215089245814,0.011780455303802007,0.0027908499488742307,0.010715507917801315,0.016451682355220168,0.0631664674804981,0.0054271097629027525,0.020837464822721637,0.0015764841967227173,0.006052933408005375,0.016728260718986577,2.411634650330832,0.014788783839630941,0.4494611408081604,1.770528042895069,1.7684372297976403,1.8829587950394338,0.0003004331726225406,4.1694053706419185e-05,0.00036410656097275057,6.213455062155879e-05,5.153362891376819e-06,3.3340263541168484e-07,0.00019336937267654437,3.299835917026774e-05,2.7368431560745644e-06,1.770631605374697e-07,1.7585303763003814,1.7584268547613855,1.870175920017476,2.600516932389923e-05,1.165045931131824e-06,0.00035103330980437627,5.9966700265342066e-05,4.366533243583448e-07,8.940298009101121e-07,0.00018770068956983915,3.20647376663633e-05,2.334824866924984e-07,4.780458305234086e-07,0.15961639060130256,0.4222604247306688
IR,IR.csv,15,61440,69632,-0.017351657139570896,0.6333664496259525,0.6336040873584019,7.17773437025649,12.060546867256491,17.58443130151915,0.9837909887379472,11.328421822798365,0.027808708622276048,0.06593768489369635,0.10168835991588063,0.24111493721499283,0.17252490961730824,0.40907664146428224,0.08076857245365765,0.1915116862167716,0.03895171509284825,0.09235905020788593,9043.812422446048,0.8058706855937736,9921.875,0.678078651992351,24.770946840585633,0.0025041434032208954,0.008907842742903212,0.007476353687091664,0.026595195326783925,0.002574512292342885,0.00915816187298387,0.012994498451165936,0.0462245686796535,0.005154392511292129,0.018335418757061513,0.0019414498294299462,0.006906205831325019,0.023326771787368476,4.657634972643206,0.019276101193319885,0.7417023929403227,1.7811167103717003,1.7805327465245087,1.8763984545641612,0.0002945741376700549,3.552155083925545e-05,0.00034263212347801524,5.689702286105153e-05,1.6098019704832297e-06,2.6888111647920517e-07,0.00018260094099119113,3.0322463079536545e-05,8.579211769049805e-07,1.4329638559711774e-07,1.756463028254424,1.7556843227448231,1.8676051825093727,1.7125205098385916e-05,2.9476675587762905e-06,0.00034799458760928893,3.8974989152650884e-05,3.559507378690224e-06,8.266142452552382e-07,0.00018633198861738335,2.0868966052162054e-05,1.9059207010261412e-06,4.4260652786587945e-07,0.1652181692834661,0.4317733613971091
IR,IR.csv,16,65536,73728,-0.020540505633085116,0.6344715110000297,0.6348039151126303,6.03332519132529,11.004638664325292,12.973277638586834,0.2014863574446706,9.504234374870421,0.02650658596154455,0.06154464392163593,0.09971407242284626,0.23152235033751933,0.15504824511946247,0.36000068248682915,0.09241121537776414,0.21456612153075227,0.05700863439532947,0.13236620172094138,9846.729278844574,0.8474382074340656,10023.4375,0.6687031243835238,20.63709828984183,0.0009154500804860945,0.004055926146499356,0.007361481878008329,0.03261524299625499,0.0007233742368195802,0.0032049289670307893,0.011550492441647681,0.05117476670507936,0.006020330293699999,0.026673234913928083,0.001249135733571291,0.005534329386511435,0.00900453515543798,4.918091844908994,0.011485107482101603,0.49716960292500223,1.7798668739112244,1.7793093699758455,1.8834931251665512,0.0003143235885820745,2.956463490799039e-05,0.00038068075145956135,5.548634549084276e-05,2.9647317091736023e-06,2.9460597037706234e-07,0.00020211422403025594,2.945927688794023e-05,1.574060276386656e-06,1.564146778347571e-07,1.7675827136888371,1.7675753909779681,1.870736919898788,1.7316647990735714e-05,1.4748170425327318e-07,0.00040019348909292336,2.9326909946453206e-05,5.473658544387553e-06,6.223360996156697e-07,0.0002139229117872763,1.5676661766008335e-05,2.925937092576741e-06,3.3266895681355725e-07,0.14986417022670495,0.42183518245378715
IR,IR.csv,17,69632,77824,-0.022101774794106244,0.6827376523463199,0.6830953010967165,5.957031246,10.226440422865998,11.79437459100563,-0.4202068240267601,8.720644449503904,0.04656852303942947,0.10610612872586166,0.08167610453596909,0.18609856392444962,0.18443729835759554,0.4202393901307836,0.08332504905785365,0.18985567512921656,0.04287929480831645,0.09770024208741016,9005.647997451191,0.8212438803549489,9921.875,0.7082471757685641,17.132069909885033,0.006407501238808176,0.023091136032717677,0.012630964344200721,0.04551904167100812,0.0021042901746219007,0.007583369688671896,0.010565472311312189,0.03807549141196906,0.004505146727350978,0.016235495250245813,0.0010501664200612112,0.0037845541902908923,0.030917747157441722,2.4126212389761426,0.0310642967731041,1.4700855700683748,1.7697524192936318,1.767620915344757,1.8814317710228454,0.00024400515105748677,2.5362696365468604e-05,0.0003282387871469853,5.37915299398408e-05,1.7585870952831486e-06,1.980791054745298e-06,0.00017446223254131767,2.8590741778835966e-05,9.347068133787032e-07,1.052810463420304e-06,1.7761063341076904,1.775954558322118,1.867934265914823,2.2851279554073756e-05,9.115918223169101e-07,0.0002985183475927442,3.2199271907573085e-05,2.0267528907187983e-06,1.049519230823668e-06,0.0001598120196410577,1.723790418919598e-05,1.0850236690342572e-06,5.618609016249844e-07,0.13025870409719514,0.5300123511000709
IR,IR.csv,18,73728,81920,-0.016067549573209782,0.6510053012296949,0.6512035537206883,6.408691402,10.75744628193856,14.795548937302279,-0.6829790370815412,9.841302869699863,0.06840281086078591,0.1752930156228188,0.09462392454495451,0.24248876434784222,0.12479049324877532,0.3197953652395492,0.06657274748020153,0.17060318892232815,0.03582985445907092,0.09181966586489894,7855.657117812398,0.8073341155248844,1234.375,0.6670093286760003,21.77992447149305,0.006602339160750485,0.03950898730159205,0.00497056681155481,0.029744315803538826,0.0012445120756502226,0.007447271428563441,0.005798263225191101,0.034697325077938525,0.003898737358371192,0.023330392612944905,0.00022158725259430843,0.0013259979131317547,0.009195623397635449,0.6963913223062745,0.014156388801532353,1.220743889205292,1.7609584632077535,1.7608485397572156,1.882469241152251,0.00031469102083962373,4.26857934901224e-05,0.00039970745412029444,5.164329551160942e-05,2.539142427236925e-06,2.8171724591007656e-06,0.00021233146623709132,2.7433805760338134e-05,1.3488360774922295e-06,1.4965304067198943e-06,1.7696005769496341,1.7691187772828294,1.869107671101186,1.0704777660455533e-05,2.7275601174987837e-07,0.0003622039860190651,4.588602546974105e-05,1.4610345536672686e-06,3.934390362399597e-07,0.0001937844414310699,2.4549696188814373e-05,7.816749009465663e-07,2.104956511188862e-07,0.1292150880675636,0.3920711104584935
IR,IR.csv,19,77824,86016,-0.021918490513288542,0.7136405782990769,0.7139770971266669,6.408691402,11.73706053910367,13.583849977721906,-0.19778944975833737,8.976046189411669,0.07562429242620232,0.1318524033798853,0.09599475051718485,0.16736868751393252,0.2566375066747484,0.44745241200779334,0.09134005839396762,0.15925314257791184,0.05395601968013744,0.0940733545187336,9187.37546007521,0.797448911008532,9843.75,0.7230769267123726,18.084490424702402,0.01226714719049108,0.03491802534744263,0.014279066401431355,0.0406448862804455,0.002339453459146206,0.006659176246695004,0.01741666023104642,0.04957594247233688,0.0049515181591773955,0.014094331298519074,0.0005575649673973656,0.0015870900839535657,0.03052407155921714,1.2441389625468031,0.04849203960322736,1.3921164838306594,1.770738925733761,1.7686899693433469,1.8831340903338445,0.000283649267117945,3.628250354776772e-05,0.0003278339604126187,4.8926219447482943e-05,2.319229181099743e-06,2.8519587579858854e-08,0.00017408954683323998,2.5981272230477893e-05,1.2315794148718083e-06,1.514474605193288e-08,1.7573305699116126,1.7572772289693739,1.8682367561901716,3.134676429471994e-05,3.0381460444193615e-07,0.00033860667594251347,4.2439793481493284e-05,5.380890915904334e-06,7.01364913316957e-08,0.00018124398571026977,2.2716496365276806e-05,2.8801975435246823e-06,3.754154343622111e-08,0.15052334916073648,0.4332546253767515
IR,IR.csv,20,81920,90112,-0.021437555537009115,0.6670835415085097,0.6674279138146216,6.14624023031317,12.26806639831317,14.198813480876082,0.2715791582620971,9.208845034927744,0.0739918506923619,0.18479870413552435,0.11542072703298163,0.2882695943740859,0.11278886868068443,0.2816963838323608,0.057608022371186174,0.14387919456519913,0.040582141317163485,0.10135612309033246,7695.194008958568,0.8225438360496272,1257.8125,0.658334219500063,19.3445308450271,0.002925819074863885,0.01733942439264774,0.007666394247848485,0.0454337264278662,0.0006946727493539073,0.004116873021485506,0.003951302461908219,0.023416796643151227,0.0019296675755490584,0.011435883140085607,0.0010706941915629372,0.0063453072480622675,0.010697191968940346,1.8280679176325918,0.014451163980606271,1.8286582864879761,1.780528329809771,1.7799364676328564,1.8800171323512889,0.00026611519587030016,4.46544513938954e-05,0.00032561807944867644,7.224264992522478e-05,9.365555765865977e-07,1.3296429977100687e-07,0.00017319952773050588,3.842659126985419e-05,4.981633201473933e-07,7.072504685350453e-08,1.756315849967226,1.7555190853209826,1.8694184125983204,2.712964593054049e-05,3.2996765776099734e-06,0.0003557958347078802,4.505918819994066e-05,9.73341155929207e-07,5.74116306792747e-07,0.00019032434489246644,2.4103318923283957e-05,5.206652236701954e-07,3.0710958174123834e-07,0.17215288717393062,0.49159817777805737
IR,IR.csv,21,86016,94208,-0.012395530931049854,0.6669977785617242,0.6671129483028623,7.69348144022815,12.82653807722815,17.467022092794515,0.7054138368272256,11.532502044502152,0.07032248982420866,0.160128014484278,0.14511201385397376,0.33042770121391024,0.11987386299557407,0.2729591019604893,0.0632336007348615,0.1439862405281225,0.0406222228833504,0.092498941810923,7539.393167468754,0.8050884782333567,1304.6875,0.6664839186662985,22.349571517725998,0.00788434892067051,0.03530976548341203,0.003445403510057754,0.01543011238593407,0.000987426679631837,0.004422153920465926,0.007345458473052659,0.032896364514214564,0.004103223467776218,0.018376134774219198,0.0019750519554777887,0.008845197246742889,0.021396205558474685,1.3568784038097979,0.017970093187558926,1.2232111346255847,1.7785304915614706,1.7780142781791632,1.8786104457840573,0.00026016860550998955,4.9417503981856334e-05,0.0004002347114432784,4.5635971335897585e-05,3.632636653075857e-06,1.7195082753853984e-06,0.00021304827317513572,2.429240795412838e-05,1.9336827713410295e-06,9.153085884534346e-07,1.7666353963322683,1.7666223698863768,1.8665143295374524,3.1617107263265584e-05,1.676007878457933e-06,0.00039219601058347256,4.8422506811978654e-05,6.34688464815985e-07,1.9141822450141193e-06,0.00021012215356549333,2.5942745815379012e-05,3.4003942791745363e-07,1.0255384674638175e-06,0.15368545307739306,0.47463288474848775
IR,IR.csv,22,90112,98304,-0.01484043895229081,0.7522453614416199,0.7523917346959162,7.69348144022815,12.82653807722815,14.813786026068161,0.7339110121232709,10.225366767655007,0.05998259924903887,0.1119636757497171,0.17172348260078965,0.3205394992087656,0.16882072189116326,0.31512119851922293,0.08073603197345618,0.15070208724473846,0.05446983693388161,0.10167353927568931,8341.671548117252,0.8026895491574086,1257.8125,0.7861285393986854,16.124959658879064,0.006338402719405184,0.02019828740592458,0.002710214381226198,0.008636511661855075,0.0046559586616168,0.014836922701286693,0.013896185175488076,0.04428231440093735,0.005596115235152296,0.017832875075960236,0.001225849629341157,0.00390635688926411,0.03136855164899584,2.4744839540161845,0.023660743495823932,0.8513395293806437,1.7683581547410903,1.7662903156112937,1.879955703558341,0.00024679404694092434,3.3326682183052986e-05,0.00033521655502359815,7.623640248975652e-05,2.6228500857619146e-06,1.3112424121875267e-06,0.00017831087955366657,4.0552233409232616e-05,1.3951658971517486e-06,6.974858023010525e-07,1.7752607002334198,1.7751540646143344,1.8651100644279606,2.017457252226671e-05,2.735378424863393e-06,0.00032861026871531987,3.0811866546223124e-05,2.710580376155168e-06,6.570821233468351e-07,0.0001761881376238942,1.6520133119144777e-05,1.4533085354322317e-06,3.5230206296056497e-07,0.1528315449036067,0.44496205933021127
IR,IR.csv,23,94208,102400,-0.01894049344964422,0.7177995692229041,0.7180494160353469,6.23779296462766,10.25085448562766,12.588633939315628,0.8319029163798125,8.687136045678379,0.05370113463995997,0.09533477355148473,0.14290474847590565,0.25369653596191694,0.21493512542152404,0.38157092299262896,0.10884094524098997,0.19322360574404177,0.04290815159816276,0.07617416174815247,8441.935872030708,0.798526965938721,9859.375,0.784717363294748,14.568936832544306,0.001531877937085607,0.003786003046762529,0.010262358247996504,0.025363195495720536,0.008105387221116632,0.020032288455514673,0.020896615866570427,0.05164553220759691,0.01292475355153574,0.031943247657097475,0.0030878285337782537,0.00763150114884867,0.01354141012438091,4.419872429824117,0.02430952589166041,0.5816617878775329,1.7591641863526304,1.7590357913093613,1.8759969680622621,0.00022454169404898853,3.549205634314426e-05,0.000383490846832817,7.649856590264934e-05,2.871299293263175e-06,4.013115971696225e-07,0.00020441975832654168,4.077755305842779e-05,1.5305458069196352e-06,2.1391910754734733e-07,1.7702074563887125,1.769829602310445,1.8682318010332624,2.523449632059861e-05,1.9811392179925865e-06,0.0003734872942151901,3.388554036274001e-05,6.156408009674599e-06,2.192198592841593e-07,0.0001999148574649172,1.8137760177286783e-05,3.2953127156203962e-06,1.1734082417545729e-07,0.14988773825852747,0.4523623723953022
IR,IR.csv,24,98304,106496,-0.02266429363084737,0.6921180225420279,0.6924890088176652,6.19812011309138,9.884643548091379,12.595236342814362,0.8213737116721231,8.950496013886074,0.034800145145574245,0.07657113136183324,0.12488454343612926,0.2747847958825699,0.18169835486822697,0.39979283249091235,0.07535572152644383,0.16580599959367906,0.037742506575579704,0.08304524066880527,8520.77861982476,0.7921895061930962,9875.0,0.7501026209970975,15.843326775552837,0.0009405375279956164,0.003289718696834768,0.004580955598380333,0.01602281124654063,0.004582331419525206,0.01602762345701503,0.01387692004201324,0.048537311864609446,0.008196999302541988,0.02867064956034334,0.0014640432288047615,0.00512078491225904,0.011569796426611142,6.1506298664748424,0.01645607828672626,0.5929297796741471,1.7704099280389713,1.7681807241311003,1.8768059416640142,0.00027952425605578515,3.677587622023489e-05,0.000360888249391112,5.199360945345699e-05,9.447847522454557e-07,7.756998900507921e-07,0.00019228852668217198,2.7703242140916654e-05,5.034003416502865e-07,4.1330852211743717e-07,1.7584241889140029,1.7583353580353929,1.8713204960865826,1.799258812256248e-05,1.1454455870896474e-06,0.00032781407887096044,4.0886634775275354e-05,2.5144673711534906e-06,7.915612674698167e-07,0.00017517794496257037,2.184908189738641e-05,1.3436861170550697e-06,4.229960977420779e-07,0.1464119237653916,0.49513535231481315
IR,IR.csv,25,102400,110592,-0.020530074820930166,0.6112068973654344,0.6115515966451512,6.19812011309138,9.63439940809138,14.240409298014548,0.7633205728304591,10.135073061836291,0.026711326780402587,0.06648388331659034,0.11000724583730642,0.27380552663497154,0.12895173239412885,0.3209579217253031,0.08143818737359801,0.2026977915164163,0.0546629663174071,0.13605487680422992,9550.335035348624,0.8591876632382409,1304.6875,0.6258717793632914,21.208813789783687,0.0027614675002663866,0.013752465350543596,0.0075993636354081875,0.037845813891364107,0.001287232732397616,0.006410585512476999,0.009178328530837191,0.045709263311651455,0.004855263678115944,0.02417984115134478,0.0018152579635055597,0.009040219464107525,0.007497811657568037,1.3575773851199007,0.00946227794285898,0.5154684706780931,1.7804414648916964,1.779762797055152,1.8790670753458878,0.0002613724480808284,3.058954597938739e-05,0.00036518646572311576,6.364847781875255e-05,1.6330730043784488e-06,2.296580497779599e-06,0.0001943445609336218,3.387238202074433e-05,8.690871261617806e-07,1.2221918673954921e-06,1.756743979422064,1.7559453839940886,1.8694804510362293,3.0041103006789997e-05,6.811457594545585e-07,0.00033716600020376194,6.644816356896811e-05,1.5639773880445653e-06,1.723939082436624e-07,0.00018035278198105507,3.5543652533034614e-05,8.36583975605006e-07,9.221487614273496e-08,0.14607072604368795,0.3600897615096189
IR,IR.csv,26,106496,114688,-0.02167485652818997,0.6194412605906302,0.6198203568193179,6.500244136,10.78491210191841,14.879627238214375,-0.4050248343435091,10.487303400853582,0.031083584332193593,0.0856987105056115,0.08242149786777815,0.22723943319155573,0.1352674692585494,0.37293793292715327,0.07616265073315133,0.20998353622172877,0.0377725229154931,0.1041403871511937,9067.500611235317,0.8335101634355835,1234.375,0.6444838959418899,26.067356126213284,0.0016623629554781958,0.008551634551264987,0.006646505786704488,0.03419138302105306,0.00025392806421108464,0.0013062730977536077,0.009913397047250893,0.050997135391105015,0.004034786389948329,0.020756007937707214,0.0012942541781172253,0.006657985677094513,0.011166156878011056,3.358519521219864,0.018678131002721532,0.9420651121281954,1.7777666555101177,1.77723338815065,1.8762023522213853,0.0003115648381844522,3.035991697570564e-05,0.0003952894862579965,4.898398439824358e-05,1.5814780318905781e-06,1.4178127500428287e-07,0.00021068595601629595,2.6108049774173574e-05,8.429144276561093e-07,7.556822153875949e-08,1.767685717002852,1.7676791594346526,1.863579949974498,2.3682561164752847e-05,1.5675938292031606e-06,0.0003780143903608476,7.553020005822585e-05,5.425886256590823e-06,1.3359725407429145e-06,0.0002028431301623618,4.052962689323788e-05,2.9115392965363047e-06,7.168850151883634e-07,0.15452375111392241,0.47531507992020894
IR,IR.csv,27,110592,118784,-0.01729615031262731,0.7028809516055857,0.7030937269991895,6.500244136,10.78491210191841,13.735375688117491,-0.5095472400935309,9.245202860412164,0.06065377130377744,0.12655457865003994,0.08608479339637173,0.17961660952441177,0.21776999165921027,0.45437882830111304,0.07258265440240635,0.15144428858665102,0.042178460479257725,0.08800569493569786,8842.703726806305,0.7996038030484248,9796.875,0.7435645335585905,18.376740875977454,0.009149032731598611,0.029673706954838276,0.01653439996337058,0.05362719246730886,0.0025247022606831914,0.008188545962130407,0.013062280483738309,0.04236582102254948,0.004287322140312726,0.013905376070329194,0.00033350743841174243,0.0010816883363537404,0.028537552240168258,1.559593952486729,0.03415101622313695,1.307237900163969,1.7689413879008669,1.7665906236500255,1.883705260866627,0.00025500363113888926,3.5461216691552585e-05,0.00033716682135534254,5.191258986768581e-05,1.3006862028400526e-06,3.157546397381301e-07,0.0001789912829568915,2.755876460406289e-05,6.904934810454167e-07,1.6762422779065488e-07,1.7763336858347034,1.7762329296322292,1.8675199568755005,4.101422579762542e-05,1.5801822643848756e-06,0.00032529573675242775,5.2705429115043355e-05,6.5466840560811925e-06,4.860038587075153e-07,0.00017418594942165836,2.82221504091422e-05,3.505549716871982e-06,2.6024024906292063e-07,0.1769494960382619,0.4938189681418013
IR,IR.csv,28,114688,122880,-0.011911615718810553,0.645146840059664,0.6452567952590677,5.82275390240195,11.291503898401949,13.586989849439783,0.025987157668577114,9.023932712022223,0.06957813918201586,0.16409498709016873,0.0936480121187933,0.2208620339709425,0.13875780085698466,0.3272501939254566,0.0700284129715152,0.16515692511472047,0.05199899814054637,0.12263585989635327,8965.392746927808,0.8391950688978294,617.1875,0.63074789416658,19.067619480088364,0.005074190848040976,0.025491644023604067,0.008190721783219663,0.04114842548242464,0.0015537624086254503,0.007805768329196626,0.006176315605320984,0.03102848188082219,0.0021046258816670295,0.010573187998837864,5.609622264659594e-05,0.00028181536359199883,0.026121020267748152,2.5739099146476665,0.022770832134477892,1.8433993328495952,1.7613819246987372,1.761219562128484,1.878585157579279,0.00023206041927691836,3.726614095180141e-05,0.000398537548598732,7.416501010864555e-05,1.228650148531642e-05,2.1094613187251406e-06,0.0002121477149921009,3.947918453916359e-05,6.540295198085196e-06,1.122898959471309e-06,1.769255283518252,1.7687865243577583,1.8693942353378628,3.770317893200085e-05,9.520700313973456e-07,0.00039965069471942086,3.968946193374656e-05,2.267786494126048e-06,3.574357858789008e-07,0.00021378620259143822,2.123118879017625e-05,1.2131130241315678e-06,1.9120406981147496e-07,0.14423621352737337,0.4369645300980406
IR,IR.csv,29,118784,126976,-0.017658248532424616,0.6394575692414451,0.6397013339062304,6.24389648024863,10.36071776624863,13.203444054721523,0.6747803137286399,9.760643208466595,0.07776091535195041,0.18826533008268242,0.10948213247453462,0.2650649071604227,0.12734321972822843,0.3083080129319125,0.05616691395121238,0.13598454373756794,0.04228577429975069,0.10237720608499362,7844.129622506203,0.8143161536765312,1234.375,0.5887139552807673,19.079088543012908,0.0026005649649592155,0.015201184697875956,0.003589415069660765,0.020981349117001696,0.000598494847980693,0.003498405480143192,0.00608202493162956,0.03555149960433204,0.002654501239431414,0.01551646052494228,0.001869150437872694,0.010925818588294387,0.014564652982776712,2.800286317824181,0.017439299008455235,1.4336753961931752,1.7730282917953175,1.7708261131163234,1.880937006144211,0.00027092970638337133,3.333434449913745e-05,0.00033819702018092045,4.470853224520679e-05,2.9109032906257814e-06,4.39220691063474e-08,0.00017980241713358642,2.3769287381310222e-05,1.5475814879049997e-06,2.3351164320149782e-08,1.7553360565469336,1.7552326544069239,1.8652701247080266,2.317716662935966e-05,2.104435614755824e-07,0.00033949707642707194,3.2949963420274106e-05,1.5525903692787025e-06,1.1877835277169634e-06,0.00018200960382616532,1.7664982129821086e-05,8.323675743859883e-07,6.36789016230157e-07,0.15330826849884988,0.4460777867885914
IR,IR.csv,30,122880,131072,-0.016476586445497002,0.6516526562673434,0.65186092252963,7.83386229951038,11.75537108551038,15.99106742113797,0.9320149033182338,12.017689707642013,0.07221169772197396,0.16747005276352572,0.1333637145440395,0.3092910015413435,0.12408311502423597,0.2877678613813843,0.05998827402310877,0.13912204992773355,0.04154490448834858,0.0963490343836938,7645.303554409131,0.8083566433677771,1234.375,0.6256901639575688,24.22955912608951,0.0033570200464887053,0.015959723324487123,0.006702841703048934,0.031866208002060255,0.0007687324274369506,0.003654657012038901,0.0075945645817163294,0.03610557810666613,0.0029601659453565464,0.014073025727646127,0.003131740742230205,0.014888715312348725,0.009134565555003145,1.3605169804090058,0.016337390824839034,1.0755975966742835,1.7824597174679677,1.781687843715669,1.8815603056603325,0.00031639523496109856,1.9811165732339453e-05,0.00036176600001066916,3.1434571979258896e-05,5.349454010727194e-06,3.6516988968642094e-07,0.00019226914966380274,1.6706651327984008e-05,2.843094635144826e-06,1.9407822783446248e-07,1.7571119468134928,1.7563545353153658,1.8652495328792298,1.0712079776008787e-05,1.169272786079521e-06,0.00035983612343367635,4.9873472685424536e-05,5.432405751879434e-06,6.848538265127375e-07,0.00019291580943490947,2.6738230894186197e-05,2.9124284210332815e-06,3.6716472216734384e-07,0.14437858235126472,0.45307372649180677
IR,IR.csv,31,126976,135168,-0.016169249995665,0.7228891926840758,0.7230700032119001,7.83386229951038,12.71972655451038,14.85286670501754,0.7783721336431277,10.834168565562504,0.06858073953691281,0.12897853965723052,0.17347562500287103,0.32625242786938397,0.15419373371503453,0.2899893283909064,0.08314702027275843,0.1563730768149322,0.0523249781796889,0.09840662726566636,8159.152941211767,0.8115193447197023,1234.375,0.748933455472759,19.372962805832685,0.008712570911474713,0.031177241933346065,0.0062060298652526005,0.022207784191428902,0.0025749935735048506,0.009214409665491429,0.009777993586730503,0.0349897722237997,0.004050625176314485,0.014494839971624809,0.0011903346571982758,0.0042595178812536785,0.02046023376608695,1.1741788946570317,0.026960783520647583,1.3786460013563937,1.7767756324155315,1.7762893192182618,1.8767528231826338,0.0002660765027500659,3.286634745012588e-05,0.0004021405091248391,4.318566531866265e-05,7.603028766158931e-07,1.5296384754976414e-06,0.00021427462591619667,2.3010843402065355e-05,4.0511614914006184e-07,8.150452508193571e-07,1.7703830233030207,1.770381474155966,1.8694475989453072,2.4502226157076732e-05,8.441665452905149e-07,0.00037883880690876343,3.845782885202681e-05,4.307115074100318e-06,5.691963359919205e-07,0.00020264745966792094,2.057176080982592e-05,2.3039506838961276e-06,3.0447300919947767e-07,0.14335624685681017,0.514841428662071
IR,IR.csv,32,131072,139264,-0.012987479558812704,0.768451261509653,0.768561003396001,6.17980956622848,11.06567382122848,13.001600530118722,0.8238489720229283,8.040753484647325,0.05718614669273376,0.0995547031513229,0.20072816626034914,0.3494453492999136,0.19304191231136186,0.336064438458891,0.07819216439330315,0.1361238370677604,0.045270948479511255,0.07881167202037134,7701.717961458608,0.796107979171068,1234.375,0.8015914967277545,14.94211711930291,0.004865285891652482,0.012842209896324796,0.003638834218999564,0.00960491816082149,0.00826725995093253,0.0218219216551106,0.023437839497635393,0.061865563719786604,0.006737119700710546,0.017783025955706702,0.001198358372546798,0.0031631378081334364,0.025750638708832763,2.6463643945741753,0.026280532385961227,0.5606432365076138,1.7675775171523773,1.7651302319273672,1.8775580229048223,0.0003020736139196664,3.68715899080166e-05,0.0003385695145277333,5.984219520128886e-05,1.3670362661477167e-06,5.335169426970596e-07,0.0001803243949839391,3.1872354660269546e-05,7.280926871341151e-07,2.841547031773519e-07,1.7758337039600054,1.7757787610789157,1.8669885530572359,2.62530484619371e-05,2.39476881639324e-06,0.00031572665834156215,3.7123340730771834e-05,1.6830563689019257e-06,3.4264771769017414e-07,0.000169110120051022,1.9884075170124446e-05,9.014818897228809e-07,1.8352962964282625e-07,0.14905526134629887,0.42078365900956816
IR,IR.csv,33,135168,143360,-0.013694539658672338,0.6601534405745257,0.6602954683464417,6.17980956622848,10.00976561822848,15.059897985964223,1.0896130355761922,9.359157926216023,0.04813884530532658,0.10793735133281739,0.15898066538499508,0.3564678759107364,0.1271685686617518,0.28513850689759274,0.0704134612947902,0.15788169537781868,0.04128721774675156,0.09257457047879272,7710.7863866578255,0.8125856433122882,1257.8125,0.6656585582346227,20.962685366629003,0.0017842460503114952,0.007799647417914555,0.0037691985193877417,0.016476662226164136,0.0026441418414146992,0.011558593100088159,0.00873040191413074,0.03816405071207427,0.004328407049726831,0.018921184588409867,0.0013692551653639786,0.005985557604643626,0.01767136472705201,4.952053759349748,0.013212883505734546,0.7567167946524829,1.7631868398323902,1.7630301155683856,1.8847697288759293,0.0002971774841053647,4.270458381893771e-05,0.0003957623098059179,6.43399448774343e-05,5.6718488962992686e-06,8.178089739316548e-08,0.0002099791310006551,3.413676689076087e-05,3.0093060225871367e-06,4.339039201457037e-08,1.7672400900182512,1.7668208920625552,1.867607293289944,2.1944277755707898e-05,1.447889761712988e-06,0.00038909709132281523,4.84279010706398e-05,1.6268301644255792e-06,1.2690385727309906e-07,0.00020833988639934058,2.5930451891363163e-05,8.710772175016049e-07,6.794996878036363e-08,0.1807677571630401,0.5998770372378679
IR,IR.csv,34,139264,147456,-0.016264989961029524,0.6229813984501139,0.6231936879600851,5.94177245701079,9.25292968101079,12.01319687696693,0.7384477910686053,9.534391268388168,0.030531092700436815,0.07871969812024424,0.12263563691191026,0.31619701303226977,0.10900958874258292,0.2810643563342012,0.07539079708489903,0.19438350424591685,0.05027853729275507,0.1296354282647897,9186.746784961722,0.8436607678049161,1234.375,0.6256808958502236,20.764097765766394,0.00250345594204771,0.014574150670686493,0.002686995256148942,0.01564264545534719,0.00390049992176806,0.02270719951410482,0.009127066443707699,0.053134245064108944,0.0023862171571251804,0.013891631882474244,0.0016812926547045606,0.009787834512933389,0.007882579829042138,1.5743396348769403,0.007681600622170106,0.4208143256722467,1.774939572154673,1.7728948404222216,1.8816386172625876,0.0002699864360855905,4.8938469139884456e-05,0.00033956143118271914,5.895038607156859e-05,5.784563553520332e-06,6.962530563790259e-07,0.00018046049228971154,3.1329281579742674e-05,3.0742160053733667e-06,3.700248549275453e-07,1.755615812395296,1.7554658943172168,1.8673475131845971,2.6441492196336578e-05,9.050810612921328e-07,0.00033731521272452043,4.072766051461527e-05,1.8654141745540116e-06,2.5527816830307423e-07,0.00018063869223199826,2.1810434440848137e-05,9.989646605048422e-07,1.367062994437404e-07,0.14971725910729203,0.4919613770852853
IR,IR.csv,35,143360,151552,-0.014932826150909352,0.6242434859410366,0.6244220680250423,7.56835937,12.65258788226501,15.549107121408884,0.2156101263651128,12.120582787737655,0.027284946605437975,0.06676657691226426,0.09511155583806605,0.23273906670727088,0.1605306134554517,0.39282025011953775,0.08032332869782823,0.19655210548529295,0.04541131203671039,0.1111220007731874,9269.646977506143,0.8187894181088923,1234.375,0.6555442650571393,25.892887716275755,0.0015643262374613635,0.005889686210377159,0.013399252405337066,0.05044816754409633,0.0003324609749889267,0.0012517151301243126,0.013865940932257344,0.052205249229310656,0.008184031648494827,0.030812868307861983,0.002366885882299657,0.00891132220932334,0.014957562833255816,4.780832306676826,0.026556498725699464,0.9576161781766118,1.7829717507975684,1.7821272904140704,1.880115932577212,0.0002702572948897215,4.3554173831504844e-05,0.0003425684794730173,3.291102981093366e-05,5.193606840486924e-07,3.922923217337851e-07,0.00018220604034946476,1.7504787465846644e-05,2.7623864839892643e-07,2.0865326171446922e-07,1.7595142310986296,1.7588482585012521,1.8694804708848016,2.5797589696816264e-05,1.7722181068873252e-06,0.0003531741184004799,3.276611418094873e-05,8.246254205262313e-07,3.371488602830974e-07,0.00018891565004321124,1.75268555575889e-05,4.410987081001736e-07,1.8034361178608552e-07,0.152637887226619,0.4012090043914012
IR,IR.csv,36,147456,155648,-0.013382360331133481,0.6524000310668218,0.6525372695134143,7.56835937,12.65258788226501,15.824646291456892,-0.5269400193283673,11.598355716343981,0.04418555062451247,0.09740431495621289,0.08256711363636247,0.1820140980024374,0.207040973477339,0.45640902748510587,0.0827765771459699,0.18247584736106862,0.03706010574666526,0.08169671219297085,8781.424121542821,0.804631201969702,1234.375,0.6950734235160051,25.668601478192272,0.005412189797998483,0.017564824066823928,0.013597665684457388,0.04413012373574005,0.0014225215066696968,0.004616678447819197,0.01602269832233594,0.05200037094259063,0.006015458020073684,0.01952268226865108,0.0015223352898761033,0.004940616004871058,0.013694662168691482,1.2651683217475878,0.028325413125009097,0.8839151981236215,1.7755321913718627,1.7751004488606503,1.8784074264654462,0.0002602004550778632,4.1584405745332596e-05,0.0004103523507987902,4.880139035938195e-05,6.342842287302411e-06,2.1275465437388706e-06,0.00021845758540825288,2.598019453702031e-05,3.376712739703232e-06,1.132633162413061e-06,1.7723702389440772,1.7723698558876508,1.8699861948005965,2.770291393867635e-05,1.4464994459599846e-06,0.0003622857653312815,4.738788293212275e-05,1.6804445210803306e-06,1.9814289980021517e-07,0.0001937371336421655,2.5341300948561576e-05,8.986400679062895e-07,1.0595955218869298e-07,0.1505641105851501,0.396370548856649
IR,IR.csv,37,151552,159744,-0.01801252363831927,0.7233142642690661,0.7235385103109035,6.668090816,11.32202147698688,14.183175545726504,-0.5752867280427946,9.215944584795514,0.06922132718033974,0.14035167824785155,0.0892333478556259,0.18092762212696356,0.19213180943581337,0.38956233573591037,0.09111614473575975,0.18474514069661127,0.05149651200942068,0.10441322319063577,8998.659605626513,0.8112348670917399,1234.375,0.7571707588911047,19.723132175133507,0.00567716689655825,0.020174318550784227,0.009646533658558306,0.034279817113814254,0.0024818742079622006,0.008819561197814962,0.011219386142134122,0.039869088596441886,0.004666789044746024,0.016583850803310676,0.00037145083184849157,0.0013199836369454472,0.019536145977871497,1.7205893654451645,0.032520428341534895,1.44929624170595,1.7669632119359262,1.764391387013598,1.8815788350520264,0.00027700496762102494,3.735923736785596e-05,0.0003430746009339292,5.693533286577667e-05,1.362626948109612e-06,7.946157032129851e-08,0.00018233336522636891,3.02593395530898e-05,7.241933862798848e-07,4.2231326607720445e-08,1.7783373344534195,1.7782961936608161,1.8731318457336084,2.4396617691505805e-05,8.642077844351297e-07,0.00032063335369528255,4.3031958058518785e-05,8.016402021281798e-07,4.1260866882885776e-07,0.00017117500533953922,2.2973267021490648e-05,4.279678464458496e-07,2.202774298928435e-07,0.15436299012681623,0.5255944256072437
IR,IR.csv,38,155648,163840,-0.022541359048259282,0.6844325994709769,0.6848036916418757,6.155395504,11.30981444590612,14.99909054520168,-0.21993432406056818,8.988554791860018,0.06895368667457624,0.1477106732000717,0.09520556780826574,0.20394672412112083,0.19496844147462358,0.41765598232478285,0.059021662752906594,0.12643456730260474,0.04866651302444752,0.10425205304927779,8521.450567836147,0.8063006126455255,1234.375,0.6899917167588027,22.230997860877373,0.00664806435544672,0.027227414981666823,0.013887294408029048,0.05687597285519664,0.0009779460781334844,0.004005217500221496,0.010376877763877551,0.0424989202849165,0.0032385312045531576,0.013263534815995483,0.0010430777731492804,0.004271966977037485,0.018639753108690975,1.40189325123016,0.02689237447647147,1.29578352405718,1.764028847058575,1.763829649353056,1.8840137765953433,0.00025789823087515895,2.5047173018980503e-05,0.00037907899376832135,7.010231113072467e-05,3.573518883207226e-06,5.520883176358931e-06,0.00020120818567110742,3.720902256743122e-05,1.8967583611108938e-06,2.9303836548015855e-06,1.7688689119519543,1.768391253633936,1.8730357267113613,2.168117033739207e-05,9.160403713040334e-07,0.000388960320615208,3.114344156103193e-05,3.229655615785619e-06,6.713930484127061e-07,0.00020766305472342967,1.6627254417456485e-05,1.7242893820581092e-06,3.584518110560369e-07,0.16779720752054034,0.4820082334734942
IR,IR.csv,39,159744,167936,-0.02319663761194549,0.663560666382265,0.6639659945856982,6.51855468319212,12.78381346819212,15.444645468396141,0.48093307299291654,9.81760321513115,0.07850151139169896,0.17728185762689222,0.10670038909592622,0.24096406366054052,0.16424048033544472,0.37090824030274183,0.054294076830598365,0.1226136239675445,0.03906977442415737,0.08823221444002263,7800.206837944143,0.7995359824547872,1234.375,0.6337459712748409,18.94449608263668,0.009571020449730102,0.042532001347270955,0.0038625276864639436,0.017164421874073882,0.0018865883874194097,0.008383680743021588,0.005891553650885383,0.026181071196440964,0.004275594561173973,0.019000021428369623,0.0009984287076857338,0.004436848856763348,0.02467786484075721,1.289197163932709,0.02078085517349071,1.7636141842317048,1.7768937319223594,1.7748827581834428,1.8833848423550363,0.00024335802715648883,4.0750333733817757e-05,0.00036049838641415155,4.094527771347054e-05,5.435569251848828e-06,1.520814007903452e-06,0.00019140983738787182,2.1740260828609886e-05,2.886064031952788e-06,8.074897778199046e-07,1.7555738221661348,1.755437492904526,1.8720023961995806,2.0035584392072972e-05,7.579450760407604e-07,0.00033456042512716093,4.425957579149328e-05,5.491878909833036e-06,2.76025307577585e-07,0.00017871794705294467,2.3642905522622507e-05,2.9336922436527662e-06,1.474492277028098e-07,0.13577139650428774,0.43913791111046124
IR,IR.csv,40,163840,172032,-0.022780522688517373,0.6714569531217839,0.6718432794257537,7.3028564404863,13.5681152254863,17.427822216199765,0.6483465844280628,10.869880914366545,0.06992041308955967,0.15129372585360815,0.15784690397330525,0.3415489863595205,0.11003904833635039,0.23810239208494607,0.07284365852249026,0.15761904164609525,0.051500092977810774,0.11143585405366635,7812.117359869369,0.8209367275401026,1234.375,0.6630252674510477,20.63029484684085,0.005212509053138316,0.025044390112206816,0.0061545865439609215,0.02957076233632508,0.0018144569051778555,0.008717868134483572,0.004320811998072233,0.020760079297334384,0.002543794717816659,0.012222096235979609,0.002372803740836432,0.011400540879527639,0.024537097712118407,2.353674349495046,0.01892561354353477,2.1900528823967043,1.7856610610053851,1.7846875176040335,1.8836236295997604,0.00024965770023648563,2.412527930282618e-05,0.0003675504763885357,3.7257067596606805e-05,1.3276207572877608e-06,9.1675605349781e-07,0.00019512946780479658,1.9779464969073228e-05,7.048227344488952e-07,4.866981062942596e-07,1.7609716573597984,1.7603151331123459,1.86819203344135,2.8076178057116327e-05,1.566908225398529e-06,0.0003375368387602924,3.168261340486329e-05,2.103438526171854e-06,6.336571687157028e-07,0.00018067566541237384,1.6958970404388558e-05,1.1259220082937814e-06,3.3918203127551055e-07,0.14428115275791656,0.5390812997187944
IR,IR.csv,41,167936,176128,-0.019282102566924746,0.7101025556363255,0.7103643002014123,8.20617675238932,12.90893553838932,16.98865042954045,1.0046104650638623,11.552068072749488,0.06480715150638704,0.12906697631909364,0.1302375636403785,0.25937521016600373,0.17145825363780484,0.3414684621619689,0.0858978668635467,0.17107028608170516,0.0497194847817547,0.09901906526923702,8378.397854559118,0.8123097422718549,10007.8125,0.7468562251882421,22.541282920642363,0.007990753885990194,0.02509577871145298,0.0056033447518891635,0.017597876488717124,0.003935747923394453,0.012360618329484235,0.01389939929451234,0.0436524830940883,0.007102279230765227,0.022305433312710007,0.0031816360098665193,0.0099922528441265,0.015712924947167216,0.9831941497868394,0.02113102083953726,0.7601415137098736,1.7766765617912526,1.776249943194578,1.8849485067534384,0.00028938885411825314,3.3730300997701485e-05,0.00037784976552725756,5.506450014147408e-05,3.901877169039432e-06,2.539214064014086e-07,0.0002004562799319387,2.9212734429698458e-05,2.0700179103342206e-06,1.3470999631635463e-07,1.7740336766471774,1.7740336295664942,1.8718233703030462,2.372870004568307e-05,2.3337885843331077e-06,0.00037513131358278307,4.485238966976146e-05,1.378997695645764e-06,1.9388437771278917e-07,0.00020040956830336468,2.3961870751980163e-05,7.367135796695224e-07,1.035804877686167e-07,0.16525507099763687,0.5046049656741523
IR,IR.csv,42,172032,180224,-0.026247277832514435,0.7400363054454205,0.7405016225309199,8.20617675238932,12.90893553838932,15.967178921550856,1.0806511080864234,11.081915964384786,0.05359203918211007,0.10200265405952846,0.17874299019299658,0.3402046212921145,0.1765900476529677,0.3361068885603114,0.07621103131095429,0.1450537725559464,0.040262369535203124,0.07663206353019618,7763.744210863058,0.7934377716447318,9882.8125,0.7976362100093554,18.657559662638125,0.002924662716610457,0.008192968651324179,0.009031718246407623,0.025300895053693134,0.005774733693185613,0.01617698063072647,0.018876075574216927,0.05287826680363966,0.00737336936194978,0.020655299393668454,0.001323094759083613,0.0037064355565986358,0.0262532488162998,4.488252382523923,0.039980112614882345,1.0590154838231491,1.7654206261944048,1.7627650199986067,1.880086329108505,0.00020980432538807462,2.8394109002617706e-05,0.00031060613797188956,6.625161652653731e-05,1.0791690572208894e-05,4.0455677558300094e-07,0.0001652084445074428,3.523860340919404e-05,5.7399973634829485e-06,2.151798932417202e-07,1.776964060402031,1.7769325214462375,1.8738932132352595,3.0122316905620958e-05,1.4084812606046387e-06,0.0003068448028226744,3.758614992698747e-05,3.018722617501992e-06,3.90554847729573e-07,0.00016374721924134936,2.005778646376293e-05,1.6109363095928951e-06,2.0841894563195264e-07,0.15444405750944654,0.5034975190551625
IR,IR.csv,43,176128,184320,-0.0220570713117132,0.6631647950252961,0.663531506226941,6.82067870642995,10.84899901642995,14.5537853733857,0.9292229540284104,10.279359220188804,0.03993364232516338,0.08395073703063936,0.12868299316533074,0.27052458755386133,0.16178200614460253,0.3401071844021742,0.08705789427140305,0.18301797589383456,0.05822293681218429,0.12239951511738838,9171.492556253164,0.8201288422702818,1304.6875,0.6894569500910007,19.92664065733341,0.003731433182975688,0.014663925910792979,0.008347294615165193,0.03280351108812581,0.0038522410387723206,0.015138681148251327,0.009227650506085837,0.03626316664848496,0.004522271367767766,0.01777179143606255,0.001863996941345514,0.007325205009844989,0.015585116716317324,2.0883553248835587,0.01276123623026778,0.6914672494997507,1.7623779920894227,1.7621602555388016,1.881698261463895,0.00025227891715957896,3.5775573766053375e-05,0.0003776527567870292,4.8408602872163495e-05,2.6754620676642303e-06,3.2225738243668996e-07,0.00020069782946657342,2.5726017748710454e-05,1.42183373522458e-06,1.7125879798911745e-07,1.767393233864575,1.766879216715705,1.871889094660847,1.9166097057166323e-05,1.9649856991428184e-06,0.000398153134730809,3.671522927768312e-05,1.4259339342506329e-06,2.518635056055985e-07,0.00021270124168479895,1.9613998170289916e-05,7.617619752778274e-07,1.3455044229054452e-07,0.19153108262810525,0.5138501099423294
IR,IR.csv,44,180224,188416,-0.016631185993830375,0.6395776815820462,0.6397938786245354,6.54602050348646,10.119628899486461,13.581473525817058,0.8085263593376284,10.231452225753127,0.032299238231503824,0.07833473289151971,0.10604618663772529,0.25719181501710875,0.14123600724105417,0.3425370227803545,0.08675092597917526,0.21039538350605536,0.04599097587983503,0.11154104580253639,9166.802549198366,0.831392737371874,9882.8125,0.6568237750895177,20.013736950827454,0.0016942889486401913,0.007343167846312502,0.0033138374277349946,0.014362405224197836,0.002811691880924789,0.012186070994747122,0.009849326972564137,0.04268767803201367,0.0050091192158276026,0.021709876106748276,0.0018686772853658377,0.008098979201892342,0.013858015626813023,4.089625808468389,0.010416468062246127,0.5287908549859804,1.7752808340075181,1.7733096725965747,1.8805839405543463,0.00024118908732573586,3.0420554115768877e-05,0.0003306365579618818,8.785124265015696e-05,2.2291327080520494e-06,1.7317123179722752e-07,0.00017581589996149978,4.671487443640193e-05,1.185340712520269e-06,9.208375550951964e-08,1.7559191804742666,1.7557803033394395,1.8716347443818642,2.794517856499764e-05,3.619560785489331e-07,0.00032136236909568365,5.3558427535885415e-05,8.692904534640136e-07,4.4835242678629214e-07,0.00017170143376540423,2.8615854507202623e-05,4.644551807306e-07,2.3955124157204497e-07,0.14339027590565995,0.46990856970576916
IR,IR.csv,45,184320,192512,-0.019575655442058026,0.6042852250288796,0.6046022159024806,6.54602050348646,11.32202147648646,14.096735079558188,0.39169697610391896,10.826987284035152,0.030677125462628525,0.08345631616840216,0.09304919851001318,0.25313790692443505,0.13127056669437168,0.3571181377797876,0.07059329680905133,0.19204721462717003,0.0419928412385421,0.11424042449748492,9246.335656606185,0.8447560730124759,9843.75,0.6288858377317269,21.44459948872485,0.0004203020835215827,0.0020965707437817743,0.0077915042326797326,0.038865950145710745,0.00104881462918899,0.005231746768381298,0.01197781129892722,0.059748285170182956,0.005878128251200098,0.029321557524542723,0.0015663394844255523,0.007813288743090917,0.012966188323677812,15.424844197313083,0.017250778166991627,0.7201139563710008,1.7817792128469483,1.780739777873998,1.8757942496127462,0.0002518359678217921,2.644671662434356e-05,0.00035392003593238746,3.620823108611521e-05,2.511090021872723e-06,6.347272337612722e-07,0.00018867742877731118,1.9302879883319304e-05,1.3386809466922043e-06,3.3837785454986434e-07,1.7607807726968192,1.7601324539429464,1.8705089917544329,3.5476287541307514e-05,2.8454556847038224e-06,0.00034224105334973036,3.346494330791319e-05,4.946940260485245e-06,3.233038935161741e-07,0.00018296680468162007,1.789082193959787e-05,2.644702742563481e-06,1.7284273689203721e-07,0.16305107990437673,0.4600836193827196
IR,IR.csv,46,188416,196608,-0.018721818906543446,0.6983105567177073,0.6985614791316249,7.66601562,12.56103514801505,15.877891589067373,-0.6779367596532512,10.974002788585732,0.06249985981486266,0.10622060992561302,0.09527410577886827,0.16192154119907604,0.2608586107916136,0.44333796627243177,0.11010826723964094,0.18713269659631726,0.059655888972629016,0.1013871860048624,9374.414604611711,0.8194092457304615,1234.375,0.7294137737286162,26.530642909069996,0.007980833240517012,0.019311516101860125,0.016232622080446804,0.03927867344608883,0.001776405959693455,0.004298434920291368,0.014448943586783971,0.03496264090752648,0.007313206130343408,0.01769603419669997,0.00241400369343051,0.005841253637397529,0.05054737963632265,3.1667983849441583,0.046544139050215205,1.6106415935894836,1.773242183557877,1.7728359304887016,1.8795803227841053,0.00028642692758129254,4.599184110220101e-05,0.00035106914279796336,4.6992524100141785e-05,5.214669367839298e-07,1.6064534709241e-06,0.00018678060125558227,2.500160462975569e-05,2.774379633913361e-07,8.546873211269342e-07,1.7742988619370408,1.7742972208906886,1.8714490849130767,1.7868165285383154e-05,2.000474755041103e-06,0.00036099859843954343,2.961361612871311e-05,1.3016602550908202e-06,2.840514390964136e-07,0.00019289790000144078,1.582389623497171e-05,6.955360237067753e-07,1.5178154799196963e-07,0.17224795106008495,0.5892997028239128
IR,IR.csv,47,192512,200704,-0.01638941465265603,0.7587329593191524,0.7589099528072191,7.66601562,12.820434561906119,14.90296546853181,-0.5704400327537668,10.101350748706343,0.07077957318193479,0.13679669626687038,0.09602110498980877,0.18558136682650567,0.23575395398164503,0.4556450482350769,0.0677254200152216,0.13089389063641765,0.04712698406359078,0.09108299803319671,8679.954414931592,0.78397923679515,9859.375,0.7881293627692325,21.091913504564427,0.01545212176641962,0.04933431405030768,0.009778516052729589,0.03122007379851992,0.003105608840491206,0.009915342641627767,0.01245295786995412,0.03975882041951568,0.004010914136870751,0.012805729895762383,0.00043802787570721796,0.0013985008084709258,0.041401619527759864,1.339674258081299,0.03178808295908476,1.2763266080946578,1.7647524079451882,1.7622285311973085,1.8779038068175522,0.0002784081532139829,2.9651122051505676e-05,0.0003383167959733743,6.350618157826464e-05,3.655453738900102e-06,5.12478266705702e-07,0.00018015661651303276,3.381759030876748e-05,1.9465606947636913e-06,2.728991042272374e-07,1.7758449704874164,1.7758292859076221,1.8695936907267332,1.4469417747165991e-05,7.21081155565276e-07,0.0003264611938148031,4.63608527905713e-05,2.0924658807816045e-06,1.24956545500799e-06,0.00017461611869674695,2.479728778530777e-05,1.1192088907655218e-06,6.683620410173725e-07,0.19264540812202433,0.5519528128426744
IR,IR.csv,48,196608,204800,-0.017066672429283572,0.6854545290556575,0.6856669619507139,6.024169918,11.2731933520311,14.327786635203957,-0.10588546664738269,8.785854142443332,0.0735370199638747,0.16675825183849782,0.08817140133030808,0.1999443104332461,0.17917677400931795,0.4063151541704262,0.061144008883588466,0.13865489840129155,0.038950592332528525,0.0883273851542707,8185.8733481880245,0.7915091929748226,1234.375,0.707436583207193,16.956964831313865,0.001692739614516542,0.0072385020524099435,0.010194335047656999,0.0435930692072184,0.0008222344748692013,0.003516043390762604,0.013903519833124071,0.05945430471687437,0.00399595106816634,0.017087506997650583,0.0010633738540945506,0.004547204873881834,0.009406954748682163,2.778618360801533,0.02077974752498992,0.7472837013090916,1.7627853524524812,1.7625973261222867,1.8821153634627064,0.00022939040474866877,2.1692292827870874e-05,0.0004028161802585612,7.599655646376951e-05,2.9497543086300756e-06,2.8020418364243383e-06,0.00021402310829515145,4.0378266890033266e-05,1.5672547846384747e-06,1.4887726282982287e-06,1.7643451299621484,1.7638497200849175,1.8689082238018453,1.5938312385553266e-05,7.631292893413794e-07,0.00038969050242489763,6.182654974935686e-05,3.6360740383106297e-06,2.505617487224269e-07,0.00020851238036288228,3.308164037266234e-05,1.9455605106771717e-06,1.3406851418984345e-07,0.19629944972503474,0.5065312265158403
IR,IR.csv,49,200704,208896,-0.021639466269517568,0.7412114308191321,0.7415272427074913,6.84204101110334,12.43896483510334,13.618925333056273,0.4584155023561485,9.226958386737355,0.07296351982337387,0.1334382295443062,0.1178584195341052,0.21554358777635318,0.22602639982062675,0.4133649623174564,0.074528330511797,0.13630000990167732,0.05541955259521058,0.10135321045837817,8678.586064957626,0.7964575293635039,1234.375,0.7750795451410178,14.652197486501048,0.01249558936399333,0.03907503067924048,0.005678710330737562,0.017757928332015612,0.005295093019482732,0.01655831639137644,0.013677691594756852,0.042771589487917726,0.0033439880726726036,0.010457004685766816,0.0008195666429625964,0.0025628716489136606,0.03724458008984763,1.4903090603985216,0.043890966051509904,1.604472719165945,1.776714320914913,1.7747756263745114,1.877566758790568,0.0002454429983287336,2.62186230261966e-05,0.0003214449668947759,4.8412008606861334e-05,2.8949187422750706e-06,9.221146983609907e-07,0.00017120294945020383,2.5784440622510848e-05,1.5418459709727107e-06,4.911221899531703e-07,1.7553831461065286,1.7552138808906506,1.868714127850547,1.7500662898817336e-05,2.464830019511631e-06,0.00032510167105210077,4.139773561440965e-05,1.08775794007613e-06,1.3770125927175666e-06,0.00017397078890063768,2.215305968816346e-05,5.820890011286642e-07,7.368770708127048e-07,0.16714762591121615,0.4642852257653392
IR,IR.csv,50,204800,212992,-0.020591914639716893,0.7120925587451467,0.7123902295573259,6.84204101110334,12.01782225810334,14.310638397390035,0.694353888751157,9.604344258546794,0.07048294214971289,0.13104937082509638,0.1605139721442139,0.2984446224372313,0.17317993057807274,0.32199451739093937,0.09077113746158638,0.16877133800901767,0.04288704660105227,0.07974015133585598,7885.390703711262,0.805754798172701,1234.375,0.7306222100461905,17.09703992240124,0.007428290638111045,0.022559959974804672,0.006316493826723214,0.01918339694207402,0.006111612723005023,0.018561166374551217,0.013521725312573629,0.041065919025421435,0.005847400868620252,0.017758746389903834,0.0007155837683447604,0.0021732511500900118,0.02354218078527072,1.5846297574102914,0.027788040586313865,1.0275330974016568,1.7835765878130487,1.7824756156892287,1.8817380366025496,0.00019899490629823524,2.7357601343034462e-05,0.00035130244351838256,5.5378274952407234e-05,3.816144732848556e-06,2.7512364235259686e-07,0.00018669040891178843,2.9429322187886717e-05,2.027989368667129e-06,1.4620719622014037e-07,1.7624344401760597,1.7618504705857745,1.8699566020800893,1.9527271027058463e-05,2.3618666461378547e-06,0.00034799038946446465,5.6714176882727235e-05,6.188503094561202e-07,1.247329140363007e-06,0.00018609543615995334,3.0329140697495108e-05,3.3094367471811745e-07,6.670364108850679e-07,0.14863685980718572,0.5680905576386387
IR,IR.csv,51,208896,217088,-0.01640357075735447,0.7122213591724458,0.7124102340611325,6.79931640175657,11.27624510975657,13.197002895033323,0.7855196647611796,9.544102648536029,0.066090579909982,0.12680682543063831,0.20706138241401134,0.3972850080747208,0.14128927958558982,0.27108923898131093,0.06620055112804804,0.12701782525951996,0.04054923658881336,0.07780110225189138,7114.8520948120595,0.7805277801621786,1234.375,0.7400644170000914,15.327682597008607,0.0027377659841400144,0.008776901585204418,0.004097258860790839,0.013135248957943383,0.003589608838093999,0.011507792734603483,0.014231295866088614,0.045623579213919505,0.0053492421289187105,0.01714893529722071,0.0008315482452697422,0.002665829422369176,0.02533574135129775,4.627083084062262,0.021868049360817116,0.7683084367656784,1.7732933664344124,1.7729065103432295,1.8786864959953617,0.0002632745862243954,2.410519003370747e-05,0.00038621635691318845,6.792982725040612e-05,5.542122928438408e-06,3.2071730840993764e-07,0.00020557786396838845,3.6158149534353e-05,2.949998810471644e-06,1.7071358584490444e-07,1.7746972659208897,1.7746940144624546,1.8699724293518873,1.720529859058866e-05,2.5394578430178153e-06,0.0003843137136505786,3.492523514609324e-05,1.4959275913685734e-06,3.240380435354506e-06,0.00020551838498686963,1.867687170028452e-05,7.999730733389722e-07,1.732849310765429e-06,0.14847531547172027,0.4734566034112171
IR,IR.csv,52,212992,221184,-0.015360116944243664,0.7547855454806881,0.7549418208439115,6.81457519080899,11.29150389880899,13.972702716423209,0.9209840080910842,9.026622982923762,0.055284817307305674,0.10173280986422961,0.18002644720892463,0.3312771429203601,0.1587702250672155,0.2921623314603869,0.09729464417489321,0.1790375372253296,0.05205540402171305,0.09579017852785371,8351.91522579375,0.8144261479702417,1234.375,0.7937606079316796,16.746887140665685,0.003591642100707242,0.010914816721333424,0.0038215248946569364,0.011613418779387841,0.005087622078117187,0.015461023390700285,0.015548052760548003,0.047249737445049615,0.005863929144341936,0.01782018087625562,0.0005868633393334396,0.0017834476848438959,0.021990159000754912,3.0612959728592473,0.021658546595857295,0.6965035084688451,1.7638596331608518,1.76117569511488,1.878674910551892,0.00020286446854494565,3.071361142952964e-05,0.0003223505306476191,9.006997298375202e-05,4.988676150153725e-06,5.688969784681734e-07,0.00017158398658379467,4.794335224141814e-05,2.655422778114156e-06,3.0281821259897896e-07,1.775660088971838,1.7756526504092227,1.8696634820384481,1.96055799698737e-05,2.2147042529048827e-06,0.0003292441238453742,2.6896621824040207e-05,2.2837229653797096e-06,2.0941012509909028e-07,0.00017609806631417506,1.438580904126185e-05,1.2214620370552466e-06,1.1200417995577661e-07,0.18452680621416337,0.6782629318408393
IR,IR.csv,53,217088,225280,-0.019941478952222695,0.6386244454598964,0.6389357126673716,6.81457519080899,10.964965812808991,16.383718886638395,0.8607921703793896,10.665509934245884,0.03764077082132166,0.08610707416268439,0.15076915949314837,0.34489971684023757,0.12932117830126527,0.29583528838057377,0.07350796080496923,0.1681569025944548,0.045900052855356574,0.10500101801976185,8305.073403675478,0.8246165805495024,1257.8125,0.6496254097267163,28.25385016602397,0.004818767935354994,0.01910758592352369,0.009951872649888185,0.03946159356679941,0.004065675947706972,0.01612139317563787,0.007679261929954064,0.03045013977105582,0.006281527187551491,0.024907781839103676,0.0024409826769673246,0.009679089523233082,0.01068629256545913,1.1088200041701177,0.01640255679988869,1.0679774272863505,1.763634788974783,1.7634181892086087,1.878812809009926,0.0002382136765302275,2.0383844920687846e-05,0.00038401713734397355,6.312074297323535e-05,1.372323896822949e-06,1.7097235439059139e-06,0.00020439350610247,3.3596078688895225e-05,7.304207690309441e-07,9.100020692353982e-07,1.765169857519297,1.7645694048453224,1.8716661560109673,1.7028848619051444e-05,1.5800999006242137e-06,0.00042190533763135536,3.972089525189392e-05,9.69467898638026e-07,2.804253820986598e-07,0.00022541698276487814,2.122221162374854e-05,5.179705234953382e-07,1.498266029964303e-07,0.17447471645971815,0.5452108439176164
IR,IR.csv,54,221184,229376,-0.0173490494379938,0.6357098831697007,0.635946574073669,4.71496581719654,9.274291986196541,11.084230681241744,0.29444900170740596,7.414091072126663,0.03037350759734009,0.0805737778787034,0.09561833570839787,0.2536529743168167,0.13671478737243445,0.3626722029116378,0.06791458578674749,0.18016143615842223,0.046343950080753434,0.12293960873176708,9219.809686106859,0.8341232567357821,1234.375,0.6487364727402233,15.223946257940664,0.0006498223925428052,0.003690483047130002,0.00431924589930086,0.024529939181351917,0.0007070874472920294,0.0040157037784717,0.006544511230194862,0.03716770616702791,0.005747035902432064,0.032638669908217885,0.0018079641985723923,0.010267822871631617,0.0059775329015239655,4.5993589675588575,0.011485328357469106,0.8774779317056542,1.7783418890773883,1.7765184206189946,1.880721582361817,0.0002600329667951812,2.2068353479973674e-05,0.0003378625617979742,5.5773294362741874e-05,1.8019985741610896e-06,3.233867322009078e-07,0.00017964517713116553,2.965526364230473e-05,9.581421253735892e-07,1.7194822201945787e-07,1.756314395596175,1.756187088332391,1.8716547204355702,3.044839510663755e-05,5.039942868369877e-06,0.00033306689250416554,3.280913872325751e-05,2.038064853985416e-06,8.417131601227168e-07,0.0001779531709921777,1.7529482529557937e-05,1.0889107011735742e-06,4.497160458775132e-07,0.17087458882686649,0.5462097115899077
IR,IR.csv,55,225280,233472,-0.016225874416217402,0.6611681997763492,0.6613672711860402,6.127929683,10.839843742386059,13.304215651853287,-0.09712526666014484,9.265547223105587,0.03684692716931821,0.07798712802655965,0.08303338291720737,0.17574152206197174,0.19667244677833554,0.41626047175435593,0.09840564410988753,0.20827716597557097,0.057516071436794304,0.12173371217942527,9809.179871063543,0.8359135913265999,1234.375,0.6956030501902949,20.11333469152894,0.002205363295237673,0.007202310948465651,0.011849830409540173,0.03869936689360499,0.0013267463993026144,0.004332909746965197,0.0173869240238176,0.05678249634756267,0.010380147911931707,0.03389965413600554,0.0027218358157225053,0.008889015219323063,0.012373857790389077,2.8054012267058566,0.02935696550215109,0.8442253920558928,1.7828389101791184,1.781616431640456,1.8760536250183288,0.00021572313491462097,3.7345499805829e-05,0.0003778305046181591,2.2585609621236956e-05,2.279758412199779e-06,6.02464082287434e-07,0.00020139643109309648,1.2038893409032622e-05,1.2151882983495692e-06,3.211337214741006e-07,1.765391592509366,1.7648086100772409,1.871972381923371,3.331693322039756e-05,1.6407367187232018e-06,0.00034294331563092327,4.7221650100247364e-05,1.9764008223327595e-06,3.8389101307727577e-07,0.00018319891839343303,2.5225612597822584e-05,1.055785246308515e-06,2.0507301111068702e-07,0.16506729789844526,0.619467157919809
IR,IR.csv,56,229376,237568,-0.016411021343677338,0.6616966336267063,0.6619001107225003,6.127929683,10.375976555192619,14.309456371884837,-0.6534857302354383,9.258088318344244,0.056552056521810994,0.13282900357686406,0.09701067509077108,0.22785787292556237,0.14675834830570592,0.34470479715472274,0.0809674130590951,0.19017559148689944,0.04446232197135074,0.10443273485360251,8631.05412398654,0.8194257233613474,1257.8125,0.6830674279626753,21.85759402056458,0.0032380488864714447,0.013975247372044936,0.009191494177190554,0.03967000170430608,0.0017503410184312282,0.007554379064569814,0.00917804609300974,0.03961196048575247,0.004488474589076036,0.019372018429848533,0.0011567717821141747,0.0049925657007802,0.017567817099231976,2.7127164710078233,0.025507606807490264,1.3895989706092229,1.7722367801487746,1.7718476377636212,1.8822851058829553,0.00025994947696754206,2.883898196329054e-05,0.00039588529452094757,4.6186567040341624e-05,2.7537957327193685e-06,1.4686590519622873e-06,0.00021032164218025442,2.4537498010245143e-05,1.4630067061100906e-06,7.802532397304277e-07,1.7779420411044118,1.7779307231706416,1.8758514105328485,2.737610688029435e-05,2.6727847379926147e-07,0.0003701101543119141,5.5699137440381514e-05,7.943628402571089e-07,1.8527907219841553e-06,0.00019730249007653778,2.969272359612433e-05,4.2346789079154254e-07,9.877065483864043e-07,0.18946111964670917,0.5319046773613203
IR,IR.csv,57,233472,241664,-0.010187551375168784,0.7037084161948126,0.7037821546660822,5.471801754,10.69641112554724,13.247593560638872,-0.43169229075463106,7.774851518632761,0.07011706665905172,0.15468796772049248,0.10004535562868584,0.22071392143837645,0.18811599519662447,0.415009959475069,0.055714569166926436,0.12291406197526775,0.039287689875488196,0.08667408938858807,8151.30796025876,0.7804072974904493,9843.75,0.7093858517964757,15.79002732778385,0.013018895735656415,0.04941012203086216,0.009496061836618608,0.036040043924376756,0.0026615035653550704,0.010101103704947847,0.012915661828440282,0.049018322291710575,0.0042985983906284895,0.016314307707443392,0.0015759103331885048,0.005980992816409144,0.027524185437463204,1.0570860230880537,0.028753888348872728,1.113140338052346,1.7647613860167413,1.7618704362564115,1.8817271178840693,0.00023394802903865916,1.5396297256508118e-05,0.00034596989840936807,5.644411666335461e-05,2.86637803847095e-06,2.448705815080627e-07,0.00018385763542495695,2.9995909676209522e-05,1.5232697723422084e-06,1.301307608210909e-07,1.7759098385513774,1.775907203570105,1.8740454416666965,2.791726374509143e-05,6.355138537130466e-06,0.0003395392165461132,2.7781026299102463e-05,2.0875559288266016e-06,3.4307887001605313e-07,0.00018117982040177224,1.4824094272965106e-05,1.1139302614609515e-06,1.8306859715778837e-07,0.1811921134525842,0.48644180196161313
IR,IR.csv,58,237568,245760,-0.008555129164125859,0.6872712764440918,0.6873245213580743,6.53686523005501,11.95068358605501,14.969611205676697,0.07985225593607184,9.510595107431065,0.05928981103091914,0.1320537851027571,0.11350906143687454,0.2528141167187038,0.15672607997724192,0.34906962470363234,0.06531643151368209,0.1454766318328914,0.0541409074966236,0.1205858416397882,8580.436786719398,0.8295782035978108,1234.375,0.69976296511252,17.76964223062502,0.008662457878447737,0.03876434024842977,0.00898600365769318,0.04021220168090132,0.0019452871873774976,0.008705124512065728,0.0057573012671077025,0.025763817655742656,0.0015340754386796965,0.006864959472956784,0.0007176170715319305,0.003211323243274499,0.033160224892132745,1.9140194016251224,0.028332721444187522,2.460590485649577,1.765583998764902,1.7653198817869646,1.8812586463783678,0.0002347665583289669,1.3720928678216983e-05,0.0003861325727950566,6.925200288644458e-05,1.4746595844765619e-06,2.5938649142883205e-07,0.0002052522514850361,3.681152669768486e-05,7.838686016485089e-07,1.3787922884928237e-07,1.76436715804497,1.7638095436923193,1.874098253840799,2.7428835810586597e-05,5.2032661627614975e-06,0.0004172289624532712,2.2067960985020676e-05,2.6765917799970483e-06,1.739878891324115e-07,0.0002226291826471609,1.1775242274401868e-05,1.4282024832530424e-06,9.283818966041179e-08,0.18541647095889202,0.5362483017456312
IR,IR.csv,59,241664,249856,-0.01572445033729387,0.7119126893585411,0.7120863259522126,6.8115234329985,11.9049072189985,14.661940574611291,0.642565311475847,9.565586621650771,0.0742967706099526,0.14373932928279348,0.13580171309265557,0.2627307619852028,0.18663406524577436,0.3610743123760361,0.07492652494878792,0.14495769268585898,0.04522639496178756,0.087497903668174,8034.681805039591,0.7995670450970372,9890.625,0.7453539369385286,17.52957559294174,0.007447765446628059,0.025535492299110035,0.004349450420924682,0.014912574586941034,0.002543314848757412,0.008720037869084688,0.012410109403089268,0.042549440548933136,0.004538315985363084,0.015560121183412781,0.0026165568131716493,0.008971156091278193,0.0205147703433215,1.377243314720137,0.023434017511220817,0.9441503192728987,1.780327508712675,1.7786208077638879,1.8815544282128394,0.0001818797339507418,1.2207633134016521e-05,0.00034419706006146586,5.977605644115843e-05,1.214823288794445e-05,2.4951222169271307e-06,0.000182932289866423,3.1769506927261134e-05,6.4564876284109265e-06,1.3260962210355782e-06,1.7573237142026292,1.7571509311117204,1.8733448881890655,1.7151905784403465e-05,4.325938756945878e-06,0.00034116734039945447,3.629787495002969e-05,2.3945902938103773e-06,2.4008628058053026e-07,0.00018211667405731877,1.9375970318577552e-05,1.2782431622208731e-06,1.281591457579869e-07,0.14744480374083938,0.5083543676792475
IR,IR.csv,60,245760,253952,-0.019336491809867025,0.7015947489791385,0.7018611627028621,7.25097655770808,12.167358390708081,15.864139388672914,0.7742470344771218,10.331069651687653,0.06737044641519098,0.134116371443351,0.1713058832910514,0.34102376778541726,0.162527336422009,0.32354805083134525,0.058215304407235303,0.11589095523356992,0.04290931116510546,0.08542085470432606,7548.046258093474,0.795045992998906,9898.4375,0.7336441254262955,18.682868280612702,0.010134778342047502,0.03326469052802702,0.006366046624862413,0.020894839898418227,0.0029670963314079716,0.00973869757186919,0.015029982330479419,0.04933188413118318,0.005665163123856294,0.01859437786853446,0.0007091498934815729,0.0023275942451329522,0.02170496094145723,1.0708157696126495,0.029654942488981314,0.9865261926441956,1.782618434256227,1.7813076149957967,1.881999749816959,0.00017793869197902184,1.4056242823039036e-05,0.00037992809283963867,3.178310884024974e-05,4.211799398426494e-06,4.682908126318351e-07,0.00020187467765412197,1.6887945305690946e-05,2.237938341295683e-06,2.4882618219111436e-07,1.7666127289145133,1.7661287548839004,1.8738233081718814,1.758372619478076e-05,2.9708022340420707e-06,0.0003320633964635088,4.281666863001913e-05,3.841871515184815e-06,2.464868888856223e-07,0.0001772116906728498,2.2849896488782926e-05,2.050284836584154e-06,1.3154222589213364e-07,0.15661533276495734,0.45005799414926284
OR,OR.csv,0,0,8192,-0.018101185547613127,0.5377732824797901,0.5380778347667902,3.78112792718869,7.14721679218869,14.7138759329805,0.6605984994401332,7.027102182754754,0.006338222030489052,0.022316683406433755,0.1918774807598106,0.6755946652456376,0.06888686733635241,0.24254852572398133,0.010105447268099282,0.03558096675656874,0.006804705958194023,0.023959158863857626,5114.782183407662,0.7397795300674098,3515.625,0.7130062289989777,14.504579692828905,0.03414877101381,0.1086747959797568,0.026516682334482858,0.08438649348741037,0.02311944969387445,0.0735751654907283,5.1566139292210376e-05,0.0001641036998016242,0.00012062687083052967,0.00038388206040805616,0.0001240663937472252,0.00039482797266616993,0.00016839506142279033,0.002465609397073537,0.016752851304617445,162.44042478382437,1.7903254494613363,1.7884812650183284,1.9386603046337723,3.255798225893657e-05,5.6942498938402934e-05,0.00037592267060738657,2.818673512617014e-05,2.2238039116381674e-06,1.2050443317060688e-06,0.0001939084788132634,1.4539285226392609e-05,1.1470828109090075e-06,6.215861173951716e-07,1.8172695904575378,1.8170322444569929,1.9648802033202621,8.693287212105227e-05,3.1143921295310214e-06,0.00036299476959141853,0.00011075053261640653,1.3939927853435126e-06,2.645047863413634e-07,0.00018474142544560416,5.636503051392318e-05,7.094543387363915e-07,1.3461624067170485e-07,0.12503881403609513,0.3542200145766516
OR,OR.csv,1,4096,12288,-0.0174384564083621,0.5379711050319768,0.5382536666026834,3.695678708,7.13195800260408,14.635776696851098,0.6100501138920931,6.86605393943583,0.00610473135589387,0.021343665012901053,0.20129568212385515,0.7037799630031207,0.06454341315497956,0.22565988720193964,0.009551635101444632,0.033394901109592014,0.004525301435595043,0.015821583668950555,4849.174485299435,0.7358046715908362,3523.4375,0.7147405317800344,14.635851695220556,0.03407288829787268,0.10415077405454441,0.02818664750580514,0.08615827135251944,0.022380076326144027,0.06840929516718468,9.910093667284607e-05,0.0003029223461708034,0.00013428258533944995,0.00041046227378447144,0.000270696803256538,0.0008274403199044145,0.00038381369849645614,0.005632244838409943,0.01771719132304979,89.38962550953731,1.7974066926699137,1.7973619867202555,1.9434819117449673,3.766497720433062e-05,5.4708468660496735e-05,0.0003182346705815009,3.0166260566168193e-05,3.200555538882454e-06,6.879795510664403e-08,0.0001637446012016691,1.5521760395015822e-05,1.646815192639055e-06,3.5399328746434256e-08,1.8058243791830881,1.8039420682253777,1.9639415401815998,7.412024401912842e-05,9.257330944085834e-06,0.0003170560614865688,7.517621168360433e-05,2.8611593187525086e-06,1.0600787209915233e-07,0.0001614386451936294,3.827823290331479e-05,1.456845461136531e-06,5.397710162457082e-08,0.14220722797769447,0.4985501167588222
OR,OR.csv,2,8192,16384,-0.01704283057392985,0.5448326293996987,0.545099121383039,3.695678708,7.0648193307734495,14.106268966528905,0.6679834103781299,6.779828774290542,0.005909095814296747,0.020489458644792,0.20329439201831798,0.7049119135789796,0.0665021691809773,0.23059254546624072,0.008270486302485296,0.028677447852021108,0.004420730252772626,0.015328634454499111,4803.176798321873,0.7228450904394839,3757.8125,0.7219201326180061,14.06630594567208,0.028811325178618254,0.09343222733158679,0.028726778224238445,0.09315805006924865,0.01913696311380529,0.06205924500176001,0.00010102475810290326,0.0003276131211137058,0.0002119662009414954,0.0006873850525860608,0.0006501226303642841,0.0021082822472422657,0.000490082764063349,0.008505036839099457,0.017443556925645646,86.33307897428794,1.8111885620536692,1.8103968626881826,1.9447673311644174,4.633767475366414e-05,6.974759806172317e-05,0.0003621718267964565,5.5980034928621874e-05,5.9308799853387445e-06,1.4129871645732118e-06,0.00018622887221137252,2.87849523341568e-05,3.049660435104397e-06,7.265584637965241e-07,1.8024619488449558,1.8024316182955433,1.969031069405461,7.595968424741134e-05,5.781828790585801e-06,0.0003694860631076164,6.434750456164707e-05,2.2188785220272887e-06,3.315782111452743e-07,0.0001876486708861294,3.26797812190154e-05,1.1268885273080739e-06,1.6839663746150246e-07,0.15684577188790305,0.5861211700934569
OR,OR.csv,3,12288,20480,-0.01934431491534767,0.5501128574412782,0.5504528666850163,3.36914062277345,6.46362304277345,14.14921147653431,0.7916316991605203,6.120670500014384,0.006625738959905197,0.021674018965804183,0.20802179376686633,0.6804778049191631,0.07278731190634193,0.23810077461164153,0.011865649837616907,0.03881473767354395,0.006399106989302088,0.020932663826576114,5033.702171156846,0.7206193898092836,3421.875,0.7231393795412311,13.934295640736616,0.037046361095126844,0.1119322030347668,0.0265554664829991,0.08023492127676198,0.02165727984424169,0.06543549684898203,0.00038167876702963657,0.001153207602104826,0.00014493115495814538,0.0004378962732988184,0.00066851011052035,0.002019842359939671,0.00028991260882213244,0.003912835164481989,0.016184876532285734,21.202222797249274,1.8093495399803545,1.8084868960095868,1.9413253297413495,6.107197665446014e-05,5.24165465076759e-05,0.0003590261974869566,4.393837557224128e-05,2.814429862536297e-06,8.483990517355912e-07,0.00018493870758622727,2.263318512311006e-05,1.4497466341253709e-06,4.370205440260699e-07,1.8157424899860835,1.8142675763557008,1.9685928309267517,6.24005590695556e-05,9.07281611842536e-06,0.00039752842660783106,7.719824606201319e-05,5.716825593324979e-06,4.774037253205618e-07,0.0002019353216990459,3.921493812696222e-05,2.9040162615195404e-06,2.425101411628999e-07,0.16606830156095573,0.5319993488480792
OR,OR.csv,4,16384,24576,-0.020728260259928095,0.5260493053105878,0.5264575314221986,3.40881347430973,6.62536620630973,15.287233442197428,0.8035254299862887,6.475001820364344,0.005614641321089309,0.0194307637369514,0.20588542748728358,0.7125140983378968,0.06395406415152083,0.22132781766101134,0.009233773776433765,0.03195560791682637,0.004268379134852081,0.01477171234385331,4753.813469101173,0.6995391560117845,3460.9375,0.6883294692722489,15.715848515601353,0.03947062748661298,0.12114600091059029,0.02847117774915256,0.08738572313536815,0.023505113103344216,0.07214353139906511,8.50312658360969e-05,0.0002609838876238346,0.00033824646861281544,0.0010381696366106692,0.0005210862443318547,0.0015993542198368528,0.00043869668355279697,0.005557254995452376,0.017493535240043642,102.86531057233829,1.7963522999669383,1.7963142069401241,1.9445156429385302,3.771927519342693e-05,5.8989876594577864e-05,0.0003481927564620224,2.381301906128216e-05,5.357943535254754e-06,2.4967564532693834e-06,0.00017906400379256315,1.2246247104129203e-05,2.755412924914882e-06,1.2839991605801786e-06,1.8228395160299586,1.8222685965060506,1.9654752310726153,6.0934018678721326e-05,1.1444120015737278e-05,0.0003635186219597014,7.131711022895091e-05,5.364712187546434e-07,1.7164275230256996e-06,0.0001849520239240736,3.6284919342379534e-05,2.729473311457621e-07,8.732888086756114e-07,0.15999600204866718,0.5975033665370076
OR,OR.csv,5,20480,28672,-0.013943389041877726,0.5217580126613269,0.521944290010218,3.48205566176133,6.698608393761329,14.73868705767749,0.6887595998495436,6.671316706398859,0.006191852903043305,0.02096404362745215,0.21570445850809397,0.7303205921731499,0.05984606509526034,0.2026235989830659,0.00913129442260683,0.03091624714736884,0.004482178021538156,0.015175518065577645,4723.727672450976,0.7268889108661611,3781.25,0.6841349806460632,15.196946134701221,0.04221971007777362,0.1249475649272459,0.02708013392464964,0.08014258708919829,0.023377345286376236,0.06918433031907194,8.756305886426901e-05,0.0002591394152758817,8.907022061873357e-05,0.00026359980097784226,0.0008393852207483347,0.002484127417626118,0.000875886974766619,0.010372962925879407,0.017589321697403813,100.43802617854462,1.7922283369022995,1.790409865030465,1.9431815187145436,4.17263695875458e-05,5.0982125196194734e-05,0.00038189340728992554,3.118544244430783e-05,1.5869285781904754e-06,2.701119331353728e-07,0.00019652997088113504,1.6048651216548015e-05,8.166651251600242e-07,1.3900499286032662e-07,1.8162100563928307,1.8160251852931402,1.9675878990944697,7.683363401778779e-05,7.936650975635516e-06,0.00038519135942250576,6.194493433543912e-05,2.8593718502384256e-06,3.3047374220398375e-08,0.00019576831083357654,3.148267701987604e-05,1.4532371598508623e-06,1.679588202163205e-08,0.12880796946451675,0.45735556995298354
OR,OR.csv,6,24576,32768,-0.012607127412019444,0.543077230054077,0.5432235428116051,3.75061034908385,6.906127925083849,13.996746310021312,0.6507211976650682,6.904358985740225,0.006140178590932403,0.021186229925372134,0.20393143830715404,0.7036502728711548,0.0624990162302885,0.2156482109363835,0.011435543850738625,0.039457494233345033,0.005813135496008961,0.020057792030294362,5009.649072247335,0.7246837000048588,3429.6875,0.7181076387750331,13.650364552250123,0.04375945163495624,0.1310279952063498,0.027490082992513782,0.08231297075230948,0.024569175576639783,0.07356695980870794,4.871778482020104e-05,0.00014587462679230777,0.00018889354014221682,0.0005655999092203794,0.00037305473502313084,0.001117029857688384,0.0004592702104221731,0.005247668712215396,0.016714327504023668,171.54235762327437,1.799876849234601,1.7998198012741005,1.9453361896597021,3.42298875164437e-05,6.171616923985801e-05,0.00030753826268807127,3.6212578825608515e-05,3.3716300152399197e-06,3.137167608355793e-07,0.00015809003313803095,1.8615074873985955e-05,1.7331862909659776e-06,1.612660898938484e-07,1.8063829306215609,1.8044534614580705,1.9699138334147415,6.504016103670054e-05,1.0173753199859024e-05,0.00032642831563220323,9.908300697829198e-05,3.2736450194650014e-06,1.0839033266723262e-06,0.00016570690052274587,5.029814263829323e-05,1.6618214278888783e-06,5.502288010196298e-07,0.135930025291871,0.48050321918736794
OR,OR.csv,7,28672,36864,-0.016606971605842385,0.5454044445777202,0.5456572181058807,3.76892089594675,6.96105956594675,14.331050129312002,0.683183931312895,6.907121853941116,0.005618355535656826,0.019855136841271045,0.20383956821983293,0.7203642587202757,0.059392180640907795,0.20989057499880195,0.009847655076495454,0.034801382338399175,0.004269594544965621,0.015088647097718098,4820.517564977615,0.7089437606349769,3484.375,0.7262935042815141,13.308798946147617,0.04421833138938093,0.13483763742432872,0.026438281722355243,0.08061985454876981,0.022112065358554815,0.0674276608328982,0.00026990720152521655,0.0008230443853024345,0.00045819634738937043,0.0013972058876305026,0.0006280135264040441,0.0019150397020901275,0.00044669415333102125,0.0050510064411119346,0.01608888095614401,29.80446767522876,1.8122563409246166,1.8115618502158188,1.9456872506870952,3.451793304807014e-05,6.712875865467519e-05,0.0003495765864235741,3.2651711678968425e-05,4.49820156155185e-06,1.5119273293512902e-06,0.00017966740867523585,1.6781582789022798e-05,2.3118831456396983e-06,7.770659589903747e-07,1.8055728560596616,1.8055495285591896,1.9732454196142142,6.058556166351433e-05,9.489194250370204e-06,0.0003659760360922183,8.283220015757158e-05,3.693713267721353e-06,2.0485745531379076e-06,0.000185469091910313,4.1977647247610985e-05,1.8718975506055564e-06,1.038175248133799e-06,0.14159311394564794,0.4729132734320056
OR,OR.csv,8,32768,40960,-0.01821890471668893,0.5457524788019273,0.5460564958019672,3.76892089594675,7.14416503394675,14.38998862472391,0.6876667355832583,6.90207135143519,0.005664648996324748,0.019531799478326114,0.20479630462992685,0.7061409027336322,0.0647970427926609,0.22342123005960268,0.010220913152106553,0.03524187046750012,0.004542959770365429,0.01566419725749113,4875.8461459456885,0.7025394222155843,3437.5,0.727643190110068,13.357702478232326,0.04311972001878204,0.12988458676578732,0.024522119021864682,0.07386516643403548,0.02150764717553468,0.0647850186522983,4.620831430390469e-05,0.00013918800506803025,0.00012080238387069543,0.0003638791648585124,0.0005177305068986334,0.0015595002220626668,0.0002219248657810042,0.0025733569893515666,0.013946391674751446,150.90781533514127,1.8080251004671897,1.8070434927915167,1.9429175193834813,2.9763911502728913e-05,5.652562217204734e-05,0.0003727244797516795,2.379419804455161e-05,2.3643005929097617e-06,9.069920106188982e-07,0.00019183752065283713,1.2246633121147439e-05,1.2168816068212587e-06,4.668196161544903e-07,1.81829766526471,1.8170559264198665,1.9699913281748682,7.521024081423209e-05,9.860785297483202e-06,0.0003760195471983508,9.860898092688575e-05,2.1244948535776778e-06,4.6421811331571877e-07,0.00019087370681297852,5.005554060900037e-05,1.0784285307209314e-06,2.3564474963733258e-07,0.14601410891772645,0.33686012747368477
OR,OR.csv,9,36864,45056,-0.017479807120234888,0.5360093753990389,0.5362943167446663,3.63464355228549,7.00988769028549,14.071051130233586,0.6841236164675834,6.7773299824267825,0.00590362679982791,0.0204478230167068,0.2016369837954147,0.6983905822758653,0.06456236785535084,0.22361844950704146,0.010478196808671696,0.036292320152111646,0.006135466848989163,0.0212508250448113,5003.8800973946,0.7190691436433106,3507.8125,0.7120265489531802,13.631432556820538,0.03890649606139492,0.12150080864643702,0.026172842872226716,0.08173497732958446,0.019885969653010968,0.06210174747545004,9.178737896670727e-05,0.00028664212655885344,0.00018965073495512782,0.000592258876797269,0.0001669509306925876,0.0005213698260417796,0.0003631345304002974,0.004666759630867297,0.016359351127583924,89.11547111723415,1.7942637168682067,1.7942471078608944,1.942617108926558,4.004252470579137e-05,6.202792069375352e-05,0.00035396592982826167,3.366795737040168e-05,2.6416378985658738e-06,5.989234695515612e-07,0.00018221085781730412,1.7331236925524878e-05,1.3598345687505126e-06,3.083075232886233e-07,1.8230198673398679,1.8223912014293318,1.9652574109900292,7.14944078228753e-05,8.542951787153856e-06,0.0003412590257404981,8.8832189824157e-05,3.884232710864595e-06,2.059144048767566e-07,0.00017364596812201303,4.52013000064766e-05,1.9764498478119848e-06,1.0477732012363674e-07,0.14755638117580322,0.47289925750047906
OR,OR.csv,10,40960,49152,-0.016744434820157635,0.5325638583299267,0.532827025681604,3.65905761476936,6.99157714376936,14.404983165559642,0.7051648091426544,6.867252294648055,0.00642625471918057,0.022755330248197446,0.19772510255982773,0.7001434278162737,0.06402060656309487,0.2266965921355359,0.010052686883971927,0.03559650526203744,0.004181917276464419,0.014808144534414674,4796.779618281704,0.7279655754966864,3476.5625,0.7064562201306921,14.018973506394717,0.03653902989269433,0.11693841768889839,0.0238783221606581,0.07641946758666986,0.01916422995156983,0.06133262796916362,1.8429143160187168e-05,5.898007820249658e-05,0.0011616590224964773,0.00371773876820772,0.0005528204403252172,0.0017692299918076475,0.0002737176031477768,0.0037455510442924865,0.012761664157354562,346.2359508576578,1.7940305657723887,1.7923063839594051,1.947364072817764,4.714823871094566e-05,5.259010153592674e-05,0.00039557577104860057,3.6998537295226676e-05,7.560387028049532e-07,8.443661335408377e-07,0.00020313395762509568,1.8999291304410355e-05,3.8823695751488567e-07,4.33594388089248e-07,1.8135420647215867,1.8133957598524013,1.969850735561083,6.524705026726643e-05,7.864280768405646e-06,0.0003740394512931481,7.101798773375026e-05,3.869571581479613e-06,4.4942619614389214e-07,0.00018988212890476625,3.605247161708716e-05,1.9643983737556937e-06,2.2815241176923567e-07,0.1384838082976259,0.4292066821320041
OR,OR.csv,11,45056,53248,-0.01892372964714808,0.5437001022274626,0.5440293270641865,3.65905761476936,6.99157714376936,14.39489757871345,0.6979311798601556,6.725846259995697,0.005955417475938404,0.021019007675711875,0.20082261941617177,0.708781910927236,0.062298267420866506,0.21987505769214144,0.00934881941283474,0.03299565610490712,0.004909730507057944,0.017328367596474277,4850.165273270106,0.7135840807521506,3578.125,0.7214219464770228,14.030635206847016,0.035175379512360355,0.10889862470785333,0.030497944925882203,0.09441786570283875,0.023416052833559943,0.07249320362741411,0.0001259484405725309,0.0003899207955276744,0.00021175498352626903,0.0006555672405166742,0.00019974210455218967,0.000618376852887752,0.0007073871097381637,0.01005514538200701,0.020570576635122316,81.66268855712228,1.8035854913413563,1.803516299417025,1.9447883006717803,4.5991320716394117e-05,6.710258496265714e-05,0.00034354243055787664,3.403332196714288e-05,2.1789214290981408e-06,2.587077993628703e-07,0.00017664772584194974,1.7499756634369606e-05,1.1203900333750281e-06,1.330262009872092e-07,1.8039389218842103,1.8018335968614514,1.9622751670328895,7.445597099701783e-05,7.466340419036038e-06,0.0003325097228026694,8.43212180826798e-05,1.9571782485869544e-06,3.2396542956920386e-07,0.0001694511189810755,4.297114874573731e-05,9.974025465273357e-07,1.6509684014342358e-07,0.1304316235715653,0.4448914219205164
OR,OR.csv,12,49152,57344,-0.016880780447090665,0.5415833437928028,0.5418463610861441,3.53393554453955,6.67114257353955,14.62804802573136,0.7513553263982156,6.522025057894951,0.00569479545967198,0.019193444909464598,0.20965392088822485,0.7066067621071633,0.06496227602973095,0.21894550471561489,0.010255229713296876,0.03456369731449593,0.006139006517858866,0.020690590949890793,4952.904013723416,0.7275809900038096,3468.75,0.7181154122140718,14.155135167527051,0.03776502205462673,0.11320343767585474,0.028758580344864323,0.08620596468887956,0.022202720801745224,0.0665542924052613,0.00020087890987287402,0.0006021493412950769,0.0002699218864493009,0.000809110753485421,0.00039222165819053576,0.0011757133353150792,0.00023136956283922362,0.003063278534585344,0.016679143274296003,41.515416534607745,1.812670166346398,1.8121024763434204,1.943670701612447,3.959435114857554e-05,6.840970087133096e-05,0.0003917372105268676,2.9526003034821812e-05,5.638656029830699e-06,5.678539323206354e-07,0.0002015450509192145,1.5190846376555547e-05,2.90103463778614e-06,2.921554211056729e-07,1.8055773815596996,1.8055337625368295,1.9686056969209242,7.140421753087047e-05,5.798444218418525e-06,0.000364442531393748,7.494469016352256e-05,6.439836980840208e-06,2.3210531972763597e-07,0.00018512723597396047,3.806993461448613e-05,3.2712680812157656e-06,1.1790340751860648e-07,0.15655035457306088,0.5440822507647243
OR,OR.csv,13,53248,61440,-0.015618279563765353,0.5350575930554957,0.5352854925578242,3.5064697242452,6.6436767532452,15.406446373228341,0.7801630832148896,6.550653385884287,0.005467999731112396,0.01913852260476741,0.20254439585274786,0.7089247785511812,0.06536707162552854,0.2287910094059427,0.007908022927878062,0.02767883741893005,0.0044189796887362555,0.015466852015678798,4766.035687767729,0.7278172924213765,3429.6875,0.7099530031746011,14.729313042715027,0.04302765325719677,0.12616516366712058,0.030988755932182074,0.09086485476337876,0.021422124896472272,0.0628136951254451,8.025221072627541e-05,0.00023531456015987305,0.0004621268547042209,0.001355042765409888,0.00019877576193181164,0.0005828478812747936,0.0001813764795454923,0.0021076733892412287,0.0186677448202459,116.30673183328989,1.8072351246532856,1.8061535155084547,1.9449924162092145,2.5312069866613936e-05,6.107695044777393e-05,0.0003672621854330701,2.7683324963997286e-05,2.2152600939332886e-06,7.061352583702477e-08,0.00018882448197339214,1.4233127457606126e-05,1.138955646032639e-06,3.630529623072467e-08,1.8202934053127597,1.8191516320668117,1.9682949632006623,7.319455257446209e-05,6.847649474005967e-06,0.0003506020552746094,7.662407943786277e-05,1.6382077858583917e-06,1.5928841537631676e-06,0.00017812475357063053,3.8929165023734416e-05,8.322979108749304e-07,8.092710612702859e-07,0.14036422171304988,0.7089514478191632
OR,OR.csv,14,57344,65536,-0.017040967927638477,0.5241744977409198,0.5244514264160757,3.43017577898312,6.561279292983119,15.615924045118925,0.7552251711721488,6.540502334824876,0.006067492586773542,0.02122984630355046,0.19948068247674344,0.6979727076618638,0.06622332650294643,0.23171203314399133,0.00922539835255358,0.03227919710041007,0.004803218461377954,0.016806215786685393,4855.448100825744,0.7225685465588354,3484.375,0.6905160495741838,15.652638360653977,0.03950997092802643,0.12085167984975276,0.026801177267968948,0.081978478310838,0.02002930001304291,0.06126490341388416,0.00016839894019350337,0.0005150926292599908,0.0003391113057277196,0.00103726148085235,0.00025464363360024734,0.000778894799484785,0.00026592379409925374,0.0033652744845131632,0.015086401187952726,44.79363446653421,1.7934511817700007,1.7934432913228842,1.9453954344587783,4.20948294054859e-05,6.150005544178615e-05,0.0003351938366459155,2.0162458345072174e-05,2.1296199951581225e-06,5.945743732364971e-07,0.0001723011325658818,1.0364195365078122e-05,1.0946977449597552e-06,3.056316277423597e-07,1.8238022391987725,1.8229961790334628,1.969005598318624,6.622219196886751e-05,5.1288851272712946e-06,0.0003365743014654767,7.885803323010097e-05,9.080007167885088e-07,1.0580942930552562e-08,0.00017093618309298547,4.004967446380014e-05,4.6114684364707177e-07,5.373749541180828e-09,0.14108579079558206,0.4458432442971316
OR,OR.csv,15,61440,69632,-0.015653669819980235,0.5344604847090687,0.5346896736372282,3.43017577898312,6.805419916983119,14.785548322914906,0.6830461466393362,6.4152646817413235,0.005781435124504657,0.01917155792609322,0.21232230645724137,0.7040724853927123,0.06708785946887014,0.22246704429728298,0.010627528689144114,0.035241471622082854,0.005744005962254464,0.019047440758512585,4940.725501037416,0.7277735041531164,3445.3125,0.7065798940835989,15.016748670057163,0.04405893474453791,0.1299154007091587,0.026769849316305355,0.07893553761607369,0.021330471440853767,0.06289658977507008,0.00015288313161040482,0.0004508023950193011,0.00023776004394466963,0.0007010766728881996,0.00014214024160058073,0.00041912512300868495,0.00035108444565209865,0.003984259352657626,0.01591358678375408,52.04493970028707,1.7941922035379743,1.7924952875386244,1.9433461039324118,4.811058168809363e-05,6.480376138526333e-05,0.0003757258447896074,2.874953475402038e-05,8.252750192335743e-07,1.0595320594217965e-06,0.00019333964445608683,1.479383147234049e-05,4.246670305218324e-07,5.452101698597385e-07,1.8132874333550513,1.8131672258721778,1.9733296398712175,7.565518870234396e-05,2.611193824905086e-06,0.000391176008903574,5.354600042048798e-05,2.812912792875527e-06,8.666986972833984e-08,0.00019823145662014406,2.71348482983083e-05,1.4254652319810472e-06,4.3920624297698245e-08,0.14242194641344655,0.5167086850338738
OR,OR.csv,16,65536,73728,-0.015892088400249138,0.5605832261351195,0.5608084449237366,3.61022948980163,7.046508784801629,14.217002669399765,0.6709343453533531,6.437544802461278,0.006138372822666375,0.020308485368632927,0.21264628105675734,0.7035290967646846,0.07037468921404105,0.23283097777117873,0.009087510852737082,0.030065554263603356,0.004009700948185759,0.013265885828591988,4752.530856484295,0.7201836520714427,3468.75,0.7436683066629717,13.6413803953238,0.0447226833033311,0.13027589726044064,0.027248539558067435,0.079374216343129,0.023699062311393668,0.06903469064920666,9.122899046454037e-05,0.000265747439801917,0.00043925323625107124,0.0012795321132463974,0.00027685275825529895,0.0008064641659828698,0.00042107703945874926,0.004707645073508797,0.01678533594291306,91.99562422781439,1.8053691718379499,1.8052674580817512,1.9465863620668546,5.481895507001701e-05,6.178165182018439e-05,0.00031397247301472297,5.275619878982834e-05,2.1422265237531853e-06,1.0428192462090297e-06,0.00016129388304210178,2.710190506717901e-05,1.1005042290944144e-06,5.357169178465038e-07,1.805568789715326,1.8035618553954387,1.9709537436306555,5.905965827510709e-05,4.3594921561084815e-06,0.00034128982558036394,5.9006622485902665e-05,2.527675004730804e-07,2.2660812158284827e-07,0.00017315973380050383,2.993810619683939e-05,1.2824628750918023e-07,1.1497384061652451e-07,0.15183554186982887,0.47981841647823287
OR,OR.csv,17,69632,77824,-0.017428398117499234,0.5600493886166927,0.5603205035967124,3.61938476323308,7.05566405823308,14.107707865840709,0.648942909454015,6.459490131083358,0.006091938852545828,0.019134029104842135,0.22996773094141917,0.7223002993814962,0.06756829271026044,0.2122236796159454,0.01022197202038352,0.032105954258743755,0.004532504382889312,0.01423603763583184,4808.290703364122,0.7026708689133865,3492.1875,0.7370559485128968,13.43075814067865,0.048212867899983115,0.13012292035347806,0.02985675400755881,0.08058114343661192,0.023385719037338177,0.06311630459355928,2.1815460680279225e-06,5.887829486649144e-06,0.0003789043340151899,0.0010226344257082344,0.001070894799809695,0.002890264877660173,0.00027974747217345225,0.0029011702099000112,0.01753401557904332,4018.712191620494,1.8131354364970462,1.812684961068192,1.948581464851689,3.863204292606141e-05,5.603227439682674e-05,0.0003668963911918043,3.2003130180389294e-05,2.1928398570354996e-06,5.375617151659609e-07,0.0001882889670304553,1.6423809195377265e-05,1.1253519016723667e-06,2.7587335960141653e-07,1.8093555541228878,1.8093058029612814,1.97282359075221,7.607395295033479e-05,1.3280416045150259e-05,0.0003991888024796249,6.19025837975817e-05,1.1338978921686278e-06,1.4171266472499852e-07,0.00020234389144100685,3.137765793542024e-05,5.747588874561833e-07,7.183240579097781e-08,0.15218342599812118,0.3907048301157635
OR,OR.csv,18,73728,81920,-0.01774169503193405,0.553208543032085,0.553492962761306,3.61938476323308,6.88171386223308,13.896104937482557,0.5657922377941574,6.539170335915186,0.006518270293533291,0.021246177920088365,0.21222013319117614,0.6917274836666069,0.07167650783779826,0.23362821264458392,0.010486374479090134,0.0341801379639712,0.005896027015263706,0.019217987801490435,4926.471472951723,0.7345799571566735,3765.625,0.7288600738209589,13.557354505020273,0.045733928726846014,0.13213121058576305,0.029637933528733663,0.08562780730694562,0.02079878011121889,0.06009035460776535,7.301063540434488e-05,0.00021093712939533753,0.00022036082754672828,0.0006366508130830719,0.0003400309493827823,0.0009823932084846235,0.00038803392071676306,0.004242298130892297,0.019884500592314586,136.1753691500943,1.8052193771121818,1.8040887626512756,1.9457851030254107,3.7584404291351175e-05,4.831161111267443e-05,0.0003844677574298643,3.029604339172002e-05,1.990018185922462e-06,2.593244323707668e-06,0.00019759004056094152,1.557008702790382e-05,1.0227327688074353e-06,1.3327496030647065e-06,1.822942686292135,1.8219350172763906,1.973232559313936,5.5445205976923027e-05,1.0701728932336307e-05,0.000367695169535057,7.706609090786892e-05,5.727394604477379e-06,6.592649301652106e-07,0.00018634152766195633,3.905575678044995e-05,2.902544141307808e-06,3.3410401984958794e-07,0.12995449267437653,0.42079831634656173
OR,OR.csv,19,77824,86016,-0.017718598233220716,0.5454500176721382,0.5457377305097074,3.54614257578148,6.8084716747814795,14.05571918190109,0.6277558319455584,6.497887863576815,0.005780697227587743,0.020096051950490003,0.20588992851451013,0.7157570335571541,0.0633696961977828,0.22029880769396898,0.008542016974060939,0.029695521165416454,0.004071039063452397,0.014152585629493904,4718.065610098739,0.704851330906701,3437.5,0.7229638603004251,13.735168119755096,0.041559483235422745,0.12852142956761672,0.022968988636359926,0.07103089416547922,0.02150964827295478,0.0665179287691556,9.27986279537096e-05,0.00028697691592947065,0.00015467155955710586,0.00047831706268158585,0.0006312454459204718,0.0019521072160155672,0.00012672298792788876,0.0015245977339096613,0.013637917438821999,73.48124463727905,1.792846059487805,1.7928406168718418,1.945186919119377,3.649978218902931e-05,5.5987241937966946e-05,0.00034588765080862977,2.697586770848257e-05,1.5526410873146387e-06,1.4567078372743305e-07,0.00017781717911461272,1.386800797564544e-05,7.981963440391377e-07,7.48878075909055e-08,1.8242269064533592,1.8234248719708432,1.9743192977135486,6.704941363382075e-05,5.9009061186113165e-06,0.0003305730316043536,7.830531074563946e-05,5.759739318889985e-06,3.420958820743513e-07,0.0001674364587263172,3.966192846125997e-05,2.917329190651886e-06,1.7327282495306502e-07,0.1320406577039277,0.45507764156501385
OR,OR.csv,20,81920,90112,-0.017004460080756484,0.5455988529432979,0.5458637742108194,3.57666015388631,6.80541991688631,14.326379597362823,0.6981969153975937,6.552294405414063,0.005822995492211639,0.019290647695937965,0.21163295683574526,0.7011059542512912,0.0699476794929384,0.23172541418783862,0.009694357955060722,0.03211584899894218,0.004757893135559567,0.015762134862677194,4846.585058804409,0.7067821686561697,3421.875,0.7222326399630842,13.713953239949433,0.04125393140354993,0.119781063971633,0.02849913087916141,0.0827474158906229,0.022769015572018953,0.0661099880184613,3.224190859460075e-05,9.361459585898015e-05,0.00011552427641091117,0.0003354255042432447,0.0007455566752487178,0.002164728760972343,0.00040633718422251446,0.004924829833098331,0.019336928662166755,299.87257586748996,1.7963829553841633,1.7947571823090713,1.9488339389133884,4.775654857184588e-05,7.468156283251318e-05,0.00038365329798676435,2.0437404028300915e-05,5.798294530693025e-06,5.001360232526599e-07,0.00019686300116493306,1.0486991025867351e-05,2.9752635229264352e-06,2.566334736202635e-07,1.811832924867828,1.811754332869621,1.9733173106243214,6.542461948019528e-05,3.7998589072183494e-06,0.00038885786872638417,8.491850727973153e-05,2.0100414942163595e-06,5.808788119419962e-07,0.00019705795242994125,4.303337675217668e-05,1.018610379280259e-06,2.943666529524957e-07,0.13439068741273485,0.5211942597763194
OR,OR.csv,21,86016,94208,-0.017029792057500395,0.5445859264575846,0.5448521314202484,3.60717773199114,6.835937494991139,14.679432053483966,0.7152004366361739,6.620470993812223,0.005180423044592274,0.017946696481567083,0.2017622501349558,0.6989710750340965,0.06704857758404117,0.2322784183962905,0.009148080366010593,0.031691971930585226,0.005516748271703984,0.019111838153996467,4935.674217265045,0.7237391025007768,3429.6875,0.722212662537975,14.280806238553572,0.03972720396945024,0.12404911819053159,0.02435002372166446,0.07603351529379737,0.016432349331886864,0.05131039289819784,0.0001479349889794511,0.00046193044309231484,0.00020083021526203198,0.0006270970171580001,0.00023946178321864538,0.0007477249864210935,0.0003672407900846092,0.004622031673338892,0.013506838202690798,45.651262930488,1.8050856557585726,1.8049498663282528,1.9457763836434951,3.273364684381276e-05,6.6226597829288e-05,0.00032464370981595146,5.7147275955301585e-05,3.6392585768608376e-06,1.7622120321139948e-06,0.00016684533358755463,2.9369909325481222e-05,1.8703375205142543e-06,9.056600989335275e-07,1.8047039853794795,1.8027015545316285,1.9727078612367566,7.395216366910156e-05,8.10710255178993e-06,0.0003323802310995914,4.843951193792644e-05,8.317856058355341e-07,1.4125914820793173e-06,0.00016848933267343632,2.4554832922667794e-05,4.2164662197556114e-07,7.160672443374359e-07,0.13450336676207444,0.31644921435309004
OR,OR.csv,22,90112,98304,-0.017241016019244982,0.539651759616516,0.5399271009039811,3.66210937257984,6.91833495657984,15.041493869144576,0.7429104429409268,6.782599662883592,0.006104018562877275,0.02216532497210329,0.1946442813582576,0.7068054767241095,0.06268897806384759,0.2276404563060916,0.008366473735185611,0.030380905185770225,0.0035821751966477536,0.0130078368082941,4747.374067005184,0.7260456006373711,3437.5,0.7183464423011523,14.982479324286574,0.036164806461151104,0.11169196356703578,0.025873720441880684,0.07990880979945449,0.023274827837732062,0.07188234853886331,7.377595783673048e-05,0.00022785084177555387,0.0001999826481464224,0.0006176295917635776,0.0004544516285195857,0.0014035356387186934,9.795601889777189e-05,0.0013543003334145272,0.015814162233029436,107.17693534287928,1.810848306288116,1.810371711415167,1.9442317872210244,3.536687877895192e-05,7.272039276885449e-05,0.0003666023361971989,5.543070566539946e-05,3.431479520482864e-06,6.314157004891755e-07,0.000188558966377672,2.851033813442608e-05,1.7649539232078202e-06,3.247635928179946e-07,1.8092309474731882,1.809169054214128,1.9726056940412438,7.405999172284881e-05,7.371373572680584e-06,0.0003699147147903798,6.294150889309504e-05,3.898683615801016e-06,1.015611930303517e-06,0.00018752592872849024,3.19078004708158e-05,1.9764130396541e-06,5.148580546892447e-07,0.1340604406790631,0.46772886819627557
OR,OR.csv,23,94208,102400,-0.018507987246319198,0.5465896648671824,0.5469029231330993,4.11987304415232,7.37609862815232,15.177514781582616,0.7700719581162438,7.533097502099357,0.005560836375567282,0.01844021518809007,0.2109118601857438,0.6994020008633547,0.0707849741568673,0.2347291068068641,0.00935931415048371,0.031036296573327907,0.004943290802112291,0.01639238056504727,4847.192879216735,0.7156182383877169,3437.5,0.7263890349870218,15.022067563568315,0.03966156446462492,0.1165476897477328,0.0273061110993665,0.0802405101156462,0.02359524312090697,0.069335920352576,0.00012027388799463616,0.0003534314385216722,9.059526270666111e-05,0.0002662191649037902,0.0006646530445422081,0.001953119547119304,0.000277567219205042,0.0034991965514763234,0.017184693410266693,71.43983463639773,1.805475933561695,1.8042094517910214,1.9478454285510585,3.2832366861171216e-05,5.9207322764050496e-05,0.0003432379668376537,2.9613955891960573e-05,3.6677364081170104e-06,8.74943829779027e-08,0.00017621417069669718,1.5203442458970815e-05,1.8829709762152135e-06,4.491854522714471e-08,1.8217017615037348,1.820757543896446,1.9710554639215616,5.259664834601563e-05,7.614866033301028e-06,0.00034405404659290883,6.966382916529342e-05,1.1509511203991001e-06,8.072348034961732e-08,0.0001745532040525197,3.5343413942627825e-05,5.839262981005178e-07,4.095444386378199e-08,0.1376494630551324,0.3377260213314267
OR,OR.csv,24,98304,106496,-0.01923330126658463,0.5236765283056939,0.5240296042934172,4.11987304415232,7.2021484331523205,15.573872028476464,0.7559113258171479,7.861908965428677,0.006486596382775938,0.021561437345718384,0.2037499005976765,0.6772643859263996,0.07606395223088835,0.2528364713193635,0.009819308193315869,0.032639366764157206,0.004722727200965804,0.015698338641037278,4905.197264452692,0.7213954031472217,3789.0625,0.6949407600283287,15.719128972185043,0.03849230569905533,0.11377951435481944,0.02679581808634277,0.07920583382145878,0.02200932429316318,0.06505742339605533,8.515613586539447e-05,0.0002517132607968296,0.00020787742230182508,0.0006144654555056658,0.0005013954644520249,0.0014820762593720281,0.00024766925222177786,0.003217126744172134,0.015934650703737948,93.56137668907576,1.792526535559581,1.7925083327726878,1.9468585038346327,2.2537969195537937e-05,7.240911194455271e-05,0.00033564785558082245,2.362121261646924e-05,1.4293974963738893e-06,9.428071671093735e-07,0.00017240485372693534,1.2132988899774458e-05,7.342071822670934e-07,4.842710270170573e-07,1.8225256559273362,1.8216991055940752,1.969240634195235,6.647758308097647e-05,2.8925052449182246e-06,0.00032169123077920557,0.00011176275474702272,1.4861301540570065e-06,1.6495872396359647e-06,0.000163358009779494,5.675423958161405e-05,7.546716882894228e-07,8.376768237413808e-07,0.09284220313984132,0.3198587468427189
OR,OR.csv,25,102400,110592,-0.015915930261161778,0.5197595519718773,0.52000318143458,3.55834960702341,6.79016112802341,15.100008392944119,0.7261369385104312,6.842938147416377,0.005424360392664107,0.018976775552336848,0.20726307754766826,0.7250965308698731,0.059724554637820955,0.20894250866111086,0.009597605387221857,0.03357660444529507,0.0038324502627371335,0.01340758046788586,4784.949963193283,0.7109110801310816,3460.9375,0.6909867177890514,14.871446452473517,0.04354474140010231,0.1283391454555875,0.030597191432216973,0.09017891197632705,0.020590043536796353,0.06068490723427693,0.00020134865516020493,0.0005934336388510912,9.415527960019506e-05,0.00027750326986653213,0.00032536859348704177,0.0009589568316075765,0.00047571868796565707,0.005462412597529824,0.01919162101910896,47.65768352458397,1.7943028116205808,1.7926176347729599,1.946586440543171,1.9246336295217827e-05,9.20003653411643e-05,0.00038649853558858996,1.5344200218518425e-05,7.529365328524508e-07,1.8378504907948741e-06,0.00019855195101458928,7.882619491703092e-06,3.8679840626135576e-07,9.441401894698806e-07,1.8114886212887462,1.8114021118752097,1.973472836934373,5.223906568861644e-05,8.668195378961464e-06,0.0003904657939346578,9.834808300702028e-05,1.049139073484522e-06,9.84794897138116e-07,0.00019785719196470738,4.983503252051144e-05,5.316207316609136e-07,4.990161904976683e-07,0.12671287446119572,0.506882602537823
OR,OR.csv,26,106496,114688,-0.017040595398847475,0.5410409549866356,0.541309243283724,3.659057615,7.21740722202341,14.212466453401383,0.6251706390501758,6.759643697928445,0.006617993704097338,0.023542508992808044,0.1968135723131214,0.7001344370000911,0.06111429315514519,0.21740483000207927,0.011459540605963518,0.04076557788235953,0.005102858738023329,0.018152646119104922,4973.381060284189,0.7306163971960618,3773.4375,0.7141258560474476,13.429414411026372,0.03845677811906188,0.1223963755112933,0.02892793778805015,0.0920689384147475,0.023227736893955436,0.07392691083866189,4.29457208159435e-05,0.00013668333200762714,8.165509792508895e-05,0.00025988365424447097,0.0003087607636556415,0.0009826927844695757,0.0006864887990085388,0.008925459081286651,0.01759545616834368,204.85691739693064,1.8045564093512794,1.8044042811620973,1.9430906632571412,1.719358187387814e-05,7.917081666812377e-05,0.00032814812108631014,2.0378076437778193e-05,2.1186909930053625e-06,2.4654227365834656e-06,0.00016887946985246535,1.0487455280963876e-05,1.090371660503364e-06,1.2688150806352426e-06,1.804204901466405,1.8023175367502262,1.9740421037364868,4.5104615082744104e-05,9.89141778848915e-06,0.0003272312567340387,6.154501185415666e-05,8.901934488159307e-06,2.1417813581519887e-07,0.00016576711110390517,3.117715257320625e-05,4.509495755589572e-06,1.0849724806258784e-07,0.16523033492027475,0.5113037712103978
OR,OR.csv,27,110592,118784,-0.018415972574908106,0.545682350835864,0.5459930183249917,3.68652343506371,7.345581050063711,14.627816672284743,0.5377621776180945,6.751960760169697,0.00483288466691366,0.016375491607936155,0.20807779203710638,0.7050398203434705,0.06650015641005143,0.22532562398487163,0.011168725601477015,0.03784352099491058,0.00454957588430034,0.015415543065422773,4906.86807544214,0.7316541821801428,3515.625,0.718844406893348,13.535147678645577,0.039544605223861995,0.11636231876623022,0.03122942370790363,0.09189440976368543,0.021779102438419747,0.06408628550052015,2.3312509209592965e-05,6.859842480486919e-05,0.000457259035548175,0.0013455115141998977,0.0009030094172125738,0.0026571581397705343,0.0008085817923792531,0.01022366752420018,0.018810366784122526,403.43933404094554,1.8100763758033875,1.8095965403961578,1.9425085414103347,1.5593025652455594e-05,6.800832196835929e-05,0.00038158400882283187,4.84443876058488e-05,3.896100207035629e-06,9.805674384099597e-07,0.00019643878041616795,2.49390860184591e-05,2.005705572962324e-06,5.047944024470162e-07,1.807239541113917,1.8072008710662255,1.9678675221457103,3.698019779566665e-05,1.4031943608467305e-05,0.0003811078432026169,5.024024537971202e-05,9.817303867755773e-06,1.925101820162046e-07,0.00019366539612731317,2.553029856649388e-05,4.988803238668352e-06,9.782679974625467e-08,0.13140010704509997,0.5712785234825333
OR,OR.csv,28,114688,122880,-0.017290189848430254,0.546578488771108,0.5468518949883077,3.68652343506371,7.003784175063711,14.605828202947778,0.6194630949327845,6.741356240771171,0.00550390192576751,0.01892745639721263,0.2106756107648052,0.7244957287553653,0.061093085475366564,0.2100939891556908,0.009785219567897394,0.03365054813957329,0.003731489093419849,0.01283227754871918,4727.2861799776665,0.7204817633871203,3804.6875,0.7235107798593394,13.68200160825511,0.043056549730983336,0.13160849960670823,0.027347755139589543,0.0835923232126297,0.019744158424871892,0.06035084284574403,9.437924221575944e-05,0.0002884836462661571,0.0006536509162430683,0.001997977471274163,0.0006356274524081749,0.0019428861774327716,0.0002616874835391767,0.0030388812523432234,0.014910053557196972,78.99011015643217,1.8030240194681024,1.8018158026992368,1.9438133184569226,1.4044974940026828e-05,7.227987863835273e-05,0.00035696387556646814,2.5403886711664e-05,2.780720649289704e-06,4.0802372611816725e-08,0.00018364102775551348,1.3069097978924005e-05,1.4305492317007693e-06,2.0990890547136645e-08,1.8217902604067995,1.8208699612869779,1.9739705974660318,6.264636411718791e-05,7.124357070500866e-06,0.0003600255371337478,5.830987729858752e-05,6.171307153759879e-06,2.753719397397258e-07,0.0001823864740415723,2.9539384919618277e-05,3.1263419838567014e-06,1.395015407489244e-07,0.12384220402676223,0.47366458899449826
OR,OR.csv,29,118784,126976,-0.018315017208854853,0.5421622716188957,0.5424715371540906,3.91540527084995,7.30590819784995,14.474487662979536,0.811768673063597,7.2177155899896555,0.006678857143694046,0.022905111876631145,0.20481042540738315,0.7023964739065888,0.06307304846708686,0.21630874870603214,0.011339174485064232,0.0388876501744406,0.005686554823393396,0.019502015332877872,4961.593732156001,0.7094435197127453,3453.125,0.7128479057745416,13.637080049511077,0.04119670976047382,0.12745531101086796,0.02563345211635792,0.07930535304319929,0.021518306359929806,0.06657382216876455,6.176464780348139e-05,0.000191088862218372,0.0001999084522282356,0.0006184812840781087,0.00010138395726477288,0.00031366397656086873,0.00016426208543095575,0.001993631122291268,0.015301958677674104,123.87311429741925,1.7902209432553204,1.7902029933164174,1.9416665905533852,2.6806379764894665e-05,7.533275034348902e-05,0.000346457824369113,2.3683056362304313e-05,1.3737488005231513e-06,6.18455010159989e-08,0.00017843322126183994,1.2197282724807208e-05,7.075101395914312e-07,3.185176142848539e-08,1.8230617429389337,1.8222767675589522,1.9710621871742058,5.033427332143297e-05,1.1812021070842916e-05,0.00033582105907037244,7.839361867737035e-05,8.645936274541715e-07,8.834768991397641e-08,0.00017037567929383733,3.977227059980225e-05,4.3864350555740154e-07,4.482237571641024e-08,0.11933811870468475,0.43285397583808877
OR,OR.csv,30,122880,131072,-0.017861276850585313,0.5429212666388239,0.5432149914899609,3.91540527084995,7.30590819784995,14.57311733802083,0.8114002945508846,7.207837287596475,0.0066348025763081795,0.02350158126309134,0.19872772836317723,0.7039268770459065,0.062386402952279554,0.22098308153590748,0.009663582860502423,0.034230027989029556,0.004900511550405687,0.017358432162522794,4860.132000124732,0.7200583242139047,3773.4375,0.711103051960957,13.932270943112616,0.035030962297600284,0.11387260460381256,0.026427880219930082,0.08590719059428094,0.019500739061665585,0.06338963599647633,0.00024179295846591073,0.0007859788070184087,0.00023928903348306702,0.0007778394799537765,0.0002591836005262176,0.0008425093039632618,0.00041803927778073357,0.005966711308461595,0.01537266526249029,31.788901811358393,1.7929391889827548,1.7911206582055477,1.9385832636462708,2.010464099218529e-05,6.666597316075704e-05,0.000381378659933719,3.0325843930501178e-05,9.940768987360656e-06,4.119354145511822e-07,0.00019673060584263436,1.5643302250245275e-05,5.1278524754505454e-06,2.1249302120568326e-07,1.810406487169198,1.8103530318758658,1.9692861862465822,3.137906525431727e-05,1.004115152194183e-05,0.0003765955667990712,7.632158032819171e-05,2.164136365110454e-06,1.5388151899669705e-07,0.00019123455464675914,3.875596186129771e-05,1.0989445720096952e-06,7.814075987092248e-08,0.12731008620171744,0.6038557632850303
OR,OR.csv,31,126976,135168,-0.017080456003214728,0.5346619821261099,0.5349347409808962,3.49121093519278,6.71081542519278,14.366552579864768,0.7256052852023234,6.526424006009609,0.00555802695139114,0.019288090626490836,0.20914881460966347,0.725811754044232,0.06090772598788209,0.21136884527227726,0.008493470398028469,0.029474996829510953,0.004050445907226875,0.014056313224018561,4670.509863797739,0.7232702363791527,3421.875,0.7024892254872145,14.494203927195507,0.0332985960803895,0.10085286819919963,0.027095140348146047,0.08206419909636098,0.02114494473139637,0.06404258963130238,3.397461647447315e-05,0.00010290035979734066,0.00047093893862153885,0.0014263527084446815,0.000690210880897369,0.0020904709265442876,0.00019559872366803357,0.002937041597683006,0.014988237091924735,220.5799274085438,1.8033780792564178,1.8031939770407481,1.9398598124611817,1.8740431719669112e-05,6.699356298134918e-05,0.00033683896699529493,3.190337092964226e-05,6.5134920393789465e-06,2.228352142843061e-07,0.00017364088107364807,1.6446224992489877e-05,3.3577127571459133e-06,1.1487181334071292e-07,1.804240446264989,1.8024491489972854,1.9707623841292756,3.7879994168568596e-05,1.0704049740319825e-05,0.0003282889427798617,7.819971477489597e-05,4.407650648136162e-06,4.99549424161565e-07,0.000166579667555782,3.9679930672822625e-05,2.236520589001052e-06,2.5348029178161073e-07,0.11277969806227646,0.33011423796380196
OR,OR.csv,32,131072,139264,-0.017444789392736186,0.5293167214201229,0.5296041089832147,3.55834960702341,6.69250487802341,14.335538987032765,0.7897115134672489,6.718885950202228,0.006611900948695497,0.023491473228229795,0.19409026576328903,0.6895847831685796,0.06491626039233944,0.23064147586547085,0.009848803983388476,0.03499189066822007,0.0059923812760816425,0.021290377065946636,4962.786733672138,0.7407498887530076,3781.25,0.6954966003112163,14.55151485697291,0.03313072704943048,0.10749913506122122,0.02421640106006551,0.07857485784627334,0.019690948060770583,0.06389113893909118,0.00023571856865446571,0.0007648350792428428,0.0003777511793695428,0.0012256877124970952,0.0007295654463661774,0.002367218031101615,0.0006740205161167436,0.010172135901227649,0.01456146833307496,30.88740183963375,1.810029508188428,1.8095083836633215,1.941442140389178,1.4176231886666205e-05,6.29782729465405e-05,0.0003545198382555657,3.6141384923246426e-05,1.4195051990906813e-06,1.3478670491564324e-07,0.00018260644027450474,1.8615741448768065e-05,7.311601873468136e-07,6.942607359318713e-08,1.809748770545435,1.8097240403034778,1.9740746385346268,3.797883451298759e-05,3.931307857284783e-06,0.0003944221314066989,6.517236038931239e-05,5.670742955254684e-06,4.086962588902171e-07,0.00019980102256887417,3.301413184541867e-05,2.872608180337727e-06,2.0703181678752983e-07,0.14122284939764113,0.4489159692961796
OR,OR.csv,33,135168,143360,-0.01602657137846075,0.5334370193427923,0.5336777160379393,3.55834960702341,7.04040526902341,14.638716346459717,0.8346589429465694,6.667600126597338,0.005965345741807446,0.021255353954946904,0.19832243206115377,0.7066503222306946,0.06221231149155268,0.22167109139053934,0.009409110498536943,0.03352596525059305,0.004742242400309373,0.016897267169663135,4852.507630545225,0.725741772300021,3492.1875,0.7045152853914483,14.36198110600421,0.035869503384112926,0.11202875500465895,0.027115629190668736,0.08468838129339858,0.02242781650914707,0.07004725808681055,7.055251251515553e-05,0.00022035181404335356,0.00044845538380005565,0.0014006298828354742,0.00063693036895532,0.001989280852166089,0.00017193451759039301,0.002396667103901812,0.01664295732351881,117.94730345001106,1.802845223194695,1.8014468211106056,1.9433999238357562,7.93862332014131e-06,7.783391049480265e-05,0.0003393988088010334,2.6861529402404008e-05,1.3411615853464651e-06,2.730565239546078e-07,0.00017464177323367157,1.382192572559777e-05,6.901109590961996e-07,1.4050454597915496e-07,1.8224553114769377,1.8216289141384097,1.9691617472724103,6.010724610387738e-05,1.0519291165616027e-05,0.0003663549890655372,7.18611666990733e-05,5.2441902913719704e-06,2.8598021547699306e-06,0.00018604616384246177,3.649327781152335e-05,2.6631587266172072e-06,1.4522941849392214e-06,0.13384429204483148,0.3453368160037679
OR,OR.csv,34,139264,147456,-0.016913935528074766,0.5189679583054922,0.5192435102751107,3.72619628659999,7.20825194859999,15.36439118525428,0.8019516800124966,7.176201941587221,0.0055241266796170795,0.019640934972874544,0.19951097121018946,0.7093577390926169,0.06252765962556447,0.22231599091367585,0.009534126643092968,0.033898419113212674,0.0041589057123659935,0.014786915904064528,4848.2420382536275,0.7273094699041021,3500.0,0.6846716064123367,15.458911971353011,0.03897908520656863,0.12206459841731401,0.026190914355777112,0.08201791873970024,0.01961391995789965,0.061421791977993995,0.00014863956733812667,0.00046547088008607834,0.00036450777269666395,0.0011414709877980915,0.0005268423864905246,0.0016498284655830794,0.0005314931613833678,0.0068176710479468175,0.01693298179033172,56.95987292149655,1.7900079016982597,1.7899904625527763,1.9401463794842815,9.376116737170003e-06,5.775971212528668e-05,0.0003537974689785794,1.8810597625210574e-05,4.987762968920076e-07,2.392290475652718e-06,0.00018235606999531727,9.695452788567944e-06,2.5708178628477114e-07,1.2330463829679643e-06,1.8224539517435256,1.8215821257087639,1.9694899347467145,4.9214175454987446e-05,8.374988016770098e-06,0.0003473993987338635,6.838421809437233e-05,2.070695016508582e-06,7.2246998794577e-07,0.0001763905428530988,3.4721791103305194e-05,1.0513864427409888e-06,3.668310130451701e-07,0.12453837554552658,0.3604005988393096
OR,OR.csv,35,143360,151552,-0.017795711741276414,0.5164818888842386,0.5167883792248135,3.72619628659999,6.84204101159999,14.935121839104216,0.7457892830010294,7.210294264321699,0.005640380314978995,0.01933351088687175,0.20610924170067388,0.7064798906773185,0.06162908741871624,0.21124579656330472,0.012296812732002354,0.042149739831661696,0.006065607934820431,0.02079106203741568,5009.581805626759,0.7419108756137949,3429.6875,0.6787573565922244,14.98850264285449,0.04270477083952901,0.13020257281369213,0.027107853152873045,0.08264913157414225,0.026243225597121316,0.08001296868012939,0.00021842841638504851,0.0006659663833772115,0.000204987564813292,0.0006249865719639686,0.0006124016807113849,0.0018671514413149566,0.00024357021509860166,0.002851791618447146,0.01683053545854847,38.52643282079413,1.7935419709945808,1.7917782078688758,1.941074537697537,1.056109383017621e-05,6.556377200369018e-05,0.00036588989805829526,4.0517281559513096e-05,2.2983410207147148e-06,5.113373353942679e-07,0.00018849863359297778,2.0873635078204155e-05,1.1840560349834766e-06,2.634300360255832e-07,1.8100962240718894,1.810035495899138,1.9712446105108494,3.551863658505382e-05,6.7246758488373325e-06,0.0003952440864863329,7.103018059344707e-05,4.11010603011835e-06,2.2496417530074147e-06,0.0002005048406365482,3.603316413126604e-05,2.0850309536425964e-06,1.1412291204303037e-06,0.1155768179092228,0.44290645754505464
OR,OR.csv,36,147456,155648,-0.01568533478787988,0.5364767430101315,0.5367059954185034,3.71704101316854,6.92443847216854,14.317601279953553,0.7566803408017211,6.925655843034144,0.005579421636011803,0.01953346305568975,0.20445206461499354,0.7157833036026212,0.06072220713692034,0.21258744492678538,0.010699688513502803,0.037459432880446474,0.004180641112585124,0.01463635553095641,4845.019505548248,0.7355576743948211,3484.375,0.7081069949169231,13.339588308064732,0.038934322574025196,0.11958846504772955,0.03211715790088102,0.09864924727428842,0.02076646386471369,0.06378509689820716,0.00016963143235390282,0.0005210303217805224,0.00018991659402455528,0.0005833370780577401,0.0008617678672812091,0.0026469574828141356,0.000337617760222735,0.004335734358501962,0.02009063967967686,59.2185049128842,1.8045368333795337,1.804331627231985,1.9387061720328949,7.891800418055137e-06,7.804811339804682e-05,0.00033296145587024026,3.961724910412167e-05,6.939699355333825e-07,2.109931054899872e-07,0.00017174415632098116,2.043489089559108e-05,3.579551896744308e-07,1.0883191508522126e-07,1.8036974098905862,1.801892696478225,1.9688702634994073,5.360864166471033e-05,7.968197357825585e-06,0.000335000024149014,7.680611388280761e-05,2.7614775330159626e-06,1.2617344729568773e-06,0.00017014834870502106,3.9010246285225443e-05,1.4025695771880864e-06,6.408418555286978e-07,0.12594322785458423,0.49224962615657464
OR,OR.csv,37,151552,159744,-0.01600012181501733,0.5522432829796993,0.5524750197921093,3.79028320062013,7.55310058062013,14.494721880720354,0.6558391794916106,6.860551273502852,0.006668574242775621,0.022610484845467807,0.20652652667028454,0.7002493683750224,0.06624071741138664,0.22459594549849085,0.010974490656695599,0.03721013602701717,0.004522519232388912,0.015334065250611149,4854.949434511211,0.7122467764986787,3421.875,0.7266799504338792,13.854058221351286,0.03982496109231172,0.12136893435169323,0.026722684687021957,0.08143896879051292,0.021844712768278044,0.06657305963863365,5.61925030391016e-05,0.00017124999059262513,0.0007763558054633082,0.0023659904291789143,0.00036295203380409965,0.001106117880730019,0.00016138845404126983,0.0020262223692467073,0.015098144197114437,134.3430461912805,1.8090006039804112,1.808526842240452,1.9402432255099882,1.1244465575118906e-05,7.905477576024801e-05,0.0003766262649535375,3.7754680175053146e-05,1.9962829531114888e-06,9.170628313096808e-07,0.00019411291326856613,1.9458735728923862e-05,1.0288828363700338e-06,4.726535411910331e-07,1.8098808741735197,1.809847600448393,1.9719288327184306,6.898641841628065e-05,8.599197003733686e-06,0.0003590404740907866,6.820114269520778e-05,2.4252175727041278e-06,1.1343708589576608e-06,0.00018207577684010238,3.4586006129416714e-05,1.2298707399899313e-06,5.752595327658363e-07,0.13462106207610575,0.46021823185076993
OR,OR.csv,38,155648,163840,-0.017519295200828695,0.5529245234777743,0.5532020014130982,3.79028320062013,7.55310058062013,14.322946118294889,0.5496168326867686,6.8515355890459295,0.0064115650556767385,0.021257481393993412,0.20173432262632188,0.6688481786458713,0.07656642314602223,0.2538552289959414,0.010597698736369048,0.035136566774449464,0.00630451084004315,0.020902544186428982,5050.863245473319,0.7153793294243935,3476.5625,0.7272076036501515,14.346800225427053,0.03768046070536593,0.11235912176183031,0.02673487670750326,0.07972055572128674,0.020738077253354387,0.06183873826373006,0.00018600935584887806,0.000554660093624796,0.0005356839835774796,0.001597352601585178,0.0004930849746549364,0.001470326892746652,0.0008619401775946098,0.011437495209027879,0.01650721607704857,44.372004723482114,1.7997065504611425,1.7981889259502462,1.9398024770610955,1.456333701203854e-05,7.461029822979093e-05,0.00034272163176160444,4.0848563268238596e-05,1.8550326995735016e-06,5.039172545697387e-07,0.00017667862363010762,2.105810449840506e-05,9.562997890295609e-07,2.597776116529867e-07,1.8235111102457366,1.8227743605703672,1.9724760858883779,4.446802845863391e-05,6.6974548063173295e-06,0.00033542026260500335,8.234486998990893e-05,3.4610963515558838e-06,9.595149990096445e-07,0.00017005035701295426,4.174695479401978e-05,1.7546962299394852e-06,4.864520314714005e-07,0.14630036460616605,0.5880755763396295
OR,OR.csv,39,159744,167936,-0.019162893282156417,0.5347191496579978,0.5350624127052054,3.54003906016051,6.98547362816051,14.29713627217492,0.6063098490279337,6.616123607442207,0.005099750973679034,0.018763090721726928,0.19836584408840832,0.7298309952647886,0.05615943820265399,0.20662276242822922,0.00783744113546285,0.028835647036466294,0.004334483216962701,0.015947504545109684,4742.728915791929,0.7090279269871073,3460.9375,0.7061084910106182,14.269063555787925,0.0341160027370853,0.11164633518364116,0.023905525147532407,0.0782320336274656,0.021300110659256806,0.06970568364760321,0.00014092565075390492,0.0004611862814438102,0.0005509726185235182,0.0018030856111351285,0.0002420777303496231,0.000792211550438461,0.00018467261707232302,0.002706539486656665,0.01363529717326103,48.377626968330965,1.789093384450774,1.7890633011026114,1.940591283271234,1.1468033682519506e-05,7.599166866953155e-05,0.00035196198346088356,2.7902849627426002e-05,3.820826687001117e-06,1.6058040196212237e-06,0.00018136842440485645,1.4378529816116708e-05,1.9688982012525696e-06,8.274818265253205e-07,1.8225952238667775,1.8218212623633274,1.9741431080596534,4.533312537677652e-05,1.4397821565980253e-05,0.0003508149490298932,5.755210916016528e-05,9.299377748247524e-07,3.734021463962733e-07,0.00017770492301063455,2.9152957009637953e-05,4.710589475644949e-07,1.8914644276376387e-07,0.13783341805545277,0.54629191701921
OR,OR.csv,40,163840,172032,-0.017275288686425985,0.540288926647935,0.5405650375834319,3.65905761476936,7.17163085476936,14.91069697823147,0.7184047630057352,6.768949821690688,0.005570916412208823,0.01890997869247391,0.21104079371938034,0.7163591440234791,0.06404921615787332,0.21740934941345158,0.009488727888950227,0.03220864018090491,0.00445228603461959,0.015112887686296105,4776.33021210929,0.7182939681284451,3804.6875,0.7163822381604182,14.800824911487192,0.034305349294079954,0.10044404477456842,0.03065871301486766,0.08976690825670838,0.018558754979155018,0.05433894288924148,5.138831726165853e-05,0.000150461970104776,0.000953619447602769,0.002792141647408946,0.00024546656697409187,0.0007187116689133985,0.0004504929248445377,0.006565928260577614,0.017792505765046603,173.118196314278,1.7950508113754937,1.7933156223224072,1.9402285178378817,1.131231513021691e-05,8.52848953735477e-05,0.000395156358414518,3.1449434095124555e-05,1.729435925616406e-06,3.5757210380429717e-07,0.00020366485431038905,1.6209139184364955e-05,8.913568220009123e-07,1.8429380895946105e-07,1.8090439899469506,1.809022419244353,1.971823971344204,4.92677781138392e-05,6.333463974278765e-06,0.0003753744665736555,6.117616231059029e-05,3.965214414808387e-06,4.5805733650939226e-07,0.00019036915669382504,3.102516411181223e-05,2.010937321196712e-06,2.3230133275887683e-07,0.11740457676696119,0.39554526522829897
OR,OR.csv,41,167936,176128,-0.015508010969834556,0.5470389579810806,0.5472587321854874,3.65905761476936,7.17163085476936,15.073032763458817,0.7908866797176537,6.68615665601198,0.0063222758753592526,0.021431806066663967,0.20125432038199226,0.6822295719988686,0.07103348969213102,0.240795562441922,0.010258163457030574,0.03477402349177396,0.006126762011203333,0.020769035997381655,5028.018241168711,0.7302714070289781,3460.9375,0.7260908022160344,14.623440337791962,0.0395179684684627,0.11705896616676374,0.02775437662276229,0.08221319971587941,0.020494099451498583,0.060707019801025434,5.53667629880979e-05,0.00016400580005926363,0.0003215188321458519,0.0009523936465553535,0.0002326871134490039,0.0006892589370429361,0.00022390077077924693,0.0028328982922679585,0.015694988482022176,141.7365536040056,1.8049788907123658,1.8047514746631288,1.9399706564689225,1.4447984878698856e-05,7.352066888723044e-05,0.00032148128183203154,2.480719062109527e-05,1.6646543623025536e-06,1.993868570981448e-06,0.0001657145074642606,1.2787405076649869e-05,8.580822378683038e-07,1.027782850390944e-06,1.8044318461559692,1.8027537182579378,1.9717050154914022,4.3609623921969017e-05,4.781811489517308e-06,0.00032805443152075564,7.074504969783049e-05,6.6000647639605285e-06,1.6126242247054273e-06,0.00016638109095585437,3.588013883515077e-05,3.347389549705165e-06,8.178831072774341e-07,0.11819010604290248,0.39411356967342254
OR,OR.csv,42,172032,180224,-0.016964972006048802,0.5373172832915893,0.5375850381093397,3.65600585695887,6.793212885958869,14.8846138344806,0.8276159726947259,6.800795404965256,0.006069139329811279,0.02144100876910365,0.19781074123337736,0.698824266000105,0.06551087824019936,0.23143632704564598,0.00946461014265379,0.0334365019547339,0.004206841192849913,0.014861896226878384,4838.119764110825,0.6931531616631083,3453.125,0.7128498183491232,14.146161775131453,0.03956239366257617,0.11962006755813147,0.023426178973709626,0.0708309293761158,0.02172024266414727,0.06567289423951203,8.473903794095747e-05,0.0002562152717492661,0.00031999294425579384,0.0009675243094861553,0.0001453557346284037,0.0004394947116827022,9.433913181528309e-05,0.0011922829116294141,0.013737784518464026,81.05936042710661,1.8089031809793354,1.808404302113982,1.939190881378648,6.646809444591865e-06,8.122913993838532e-05,0.000374075256887757,3.0557636049042204e-05,1.9544919508066887e-06,5.186976770485608e-07,0.00019290275159587132,1.575793097134502e-05,1.0078904400665058e-06,2.674814955191675e-07,1.8113956424839046,1.8113652597612122,1.9724437599166096,3.717412090675391e-05,8.602352350741496e-06,0.00039421737228791565,6.380585921512871e-05,9.376214981994199e-07,2.8523584384557874e-07,0.00019986241448241972,3.2348632955595105e-05,4.753603206605926e-07,1.446103811129668e-07,0.11439701767017701,0.44955360267762734
OR,OR.csv,43,176128,184320,-0.01793317495552267,0.5375610452338782,0.537860089723085,3.65600585695887,6.60400390195887,14.642937544754682,0.7983306480960547,6.797317605093831,0.005911152603388974,0.021079854358479987,0.19219566840725877,0.6853919988519588,0.06872191735265114,0.24507031136344676,0.009271254953064662,0.03306236824589705,0.004317152971459775,0.01539546717665119,4872.966487971888,0.7283542252577929,3468.75,0.7123739764559,13.98780605103848,0.04119564382483882,0.1301721559584782,0.021757632922132928,0.06875090963670084,0.01920685677175973,0.060690833375401015,8.757433108486303e-05,0.00027672196440014726,0.0002192509623717833,0.0006928006900258191,0.00025821900857948626,0.0008159339662021659,0.00047037196102183066,0.005709001211585774,0.012422200579042015,70.92375330894993,1.8003407083973906,1.798744612109962,1.9426554924287738,8.956247638476196e-06,6.534869409184052e-05,0.00033631785015885687,2.9625131008712608e-05,2.948241818473195e-06,1.4702620062779254e-06,0.00017312274434115322,1.5249811983729041e-05,1.5176349228991112e-06,7.568310552268829e-07,1.8235124036973427,1.822894490216036,1.9702489338647853,3.875099100457572e-05,1.6770435533935648e-05,0.0003632258030027725,7.688183451527708e-05,3.0765681659366943e-06,3.9946645743210886e-07,0.00018435528463405613,3.9021381102553776e-05,1.5615124124951167e-06,2.027492316152781e-07,0.1429862031172032,0.602576686112845
OR,OR.csv,44,180224,188416,-0.016806647168497637,0.5301877455019475,0.5304540591507282,3.71093749754757,7.418823237547571,14.783314586038216,0.7581312282866142,6.995775474848641,0.005573779921504689,0.018315011607214996,0.21365206837922038,0.7020442441894181,0.06780879764559071,0.22281448737484782,0.01054055431124192,0.03463544978014853,0.006753294914710992,0.02219080704508469,4996.882287894034,0.714491626961701,3570.3125,0.7000436899593101,15.010402433070864,0.0439334268301169,0.1302361978824956,0.023384782438562478,0.06932182105630723,0.021508403663487632,0.06375948606254248,0.00011505586111262233,0.00034107145689651495,0.0005054458018542782,0.001498342929717583,0.0005133686999968174,0.0015218295594832186,0.00022041537593034928,0.00250851563184622,0.01196063093950803,51.977494983166835,1.7889749894013753,1.7889513444202938,1.9410219159893978,1.144072436803799e-05,6.182504208716067e-05,0.0003349761092106003,3.600613629706605e-05,1.151805308059118e-06,4.1289993402122985e-07,0.00017257719062882413,1.855009260866283e-05,5.934014956608125e-07,2.1272296341411967e-07,1.822814637748091,1.8220442334364577,1.9728500112404803,4.401709985473196e-05,5.928034931577356e-06,0.0003439481670220561,6.131747699958379e-05,3.100341198820105e-06,8.869137958772799e-08,0.00017434075832537083,3.108065826098851e-05,1.5715037540381054e-06,4.495596679035729e-08,0.11981521536160339,0.3341676834625789
OR,OR.csv,45,184320,192512,-0.015740841611436386,0.5274651959998908,0.5277000161889703,3.71093749754757,7.418823237547571,14.678577424124867,0.6766670820219941,7.032286116534142,0.0060724018041146445,0.020574323910604632,0.2016742738505294,0.6833065347924128,0.0718347827008685,0.2433883881554264,0.01114279447314831,0.03775367147221804,0.004420405653369331,0.014977081665950227,4889.685652219811,0.7134081925644228,3765.625,0.6929882033362887,15.18880337204577,0.041109364003567905,0.12665222433886844,0.029072047973744214,0.08956693033833926,0.019504912739118602,0.06009191929436077,0.0002864831585281318,0.0008826147069573608,3.402752997708914e-05,0.00010483408013760144,0.0001728830556911575,0.0005326286135656392,8.17278778235399e-05,0.00099402994674708,0.019223954681979686,33.55163135451873,1.79538269634057,1.7936641685107415,1.9414895797889569,5.185752154273019e-06,8.957135276759069e-05,0.0003650841316923692,2.8291783353431066e-05,2.6637928832103292e-06,2.3476737007032398e-07,0.00018804331246107764,1.457220458349916e-05,1.3720356322996674e-06,1.2092126195996512e-07,1.8097405254406715,1.8097168232901695,1.975551489222542,4.526395017255855e-05,1.0016054276539064e-05,0.00040058249536654875,5.4977169303076054e-05,4.025381000017068e-06,1.5336904775393731e-06,0.0002027699594526848,2.7828770651117738e-05,2.0375986259913565e-06,7.763353604831453e-07,0.1543220463308792,0.47727565597702504
OR,OR.csv,46,188416,196608,-0.015845894798592018,0.5353539249321613,0.5355883842301271,3.46374511489843,6.75659179289843,14.10455457238954,0.6986680686725256,6.467177438642303,0.006267583493228289,0.02234260703196293,0.19522955308540713,0.6959519869700631,0.06405886573484834,0.22835628206203465,0.01058984251833668,0.03775054455568161,0.004375738179493176,0.015598579376693102,4872.135250886747,0.7296002425677621,3789.0625,0.7032246214256165,13.588726264827592,0.038981771624484456,0.1229106670228103,0.027527326794696293,0.08679446717516258,0.01903643570178691,0.060022439010284805,0.0002878513045734788,0.0009076035894246074,0.00047996471994917454,0.0015133428117288547,0.000767654123237793,0.002420435921663055,0.00047567933527958124,0.006101304731038771,0.017269468890297738,29.99720443492417,1.8053371825695954,1.805071523431013,1.9408227662984785,4.403578007550455e-06,8.978142370701525e-05,0.0003332370176442795,4.6123768767922814e-05,2.319705971759656e-06,2.2508193123468974e-07,0.00017169884001291613,2.3765059627709295e-05,1.1952178282525948e-06,1.159724293959351e-07,1.804309973389792,1.8026938573394036,1.973755634303972,4.184592602725158e-05,1.0827699703526405e-05,0.00033178620911232114,4.589416235648717e-05,3.0855535529671505e-06,7.139023534033834e-07,0.00016809892944480667,2.325220080886462e-05,1.5632905610697249e-06,3.6169743660023707e-07,0.15320642666066206,0.4466965732366563
OR,OR.csv,47,192512,200704,-0.017600133999869733,0.5426097082591046,0.5428950729320021,3.50341796643471,6.817626948434709,13.593232480113622,0.6837764399179203,6.453213781269777,0.00714953503310404,0.02458301216605016,0.20280418186007135,0.6973233429737408,0.06533755036830022,0.2246570984220347,0.009783283941055534,0.03363891316474532,0.005757792075286135,0.019797633269990934,4935.377345233486,0.7296155149989464,3734.375,0.712954014773496,12.978286564591109,0.04496329134818543,0.14076982232145227,0.025460776076230155,0.0797118897872196,0.018214755488164924,0.05702625001007966,0.0001135389081608755,0.00035546445665221853,0.000695379342269775,0.0021770743093360097,0.0007335714395315362,0.002296645065488822,0.0001220355214739429,0.0013570572550791569,0.014857765762034405,65.43028261092604,1.8081129455635745,1.8076629575371481,1.9376715619983453,8.380281775048386e-06,7.917117635082394e-05,0.00039964300090486986,4.0323036644311385e-05,3.3278514859288983e-06,2.484833634972534e-07,0.00020624909233456814,2.0810047190198173e-05,1.7174486900634105e-06,1.2823812268827492e-07,1.8115759766110435,1.8115482095406545,1.9713701004425381,4.2773826309914554e-05,8.08341451787184e-06,0.0003962703844349997,6.322847459486257e-05,4.061624643756642e-06,2.3572286210783193e-07,0.00020101267861668537,3.207336591979193e-05,2.060305491517203e-06,1.195731141782036e-07,0.13140419626529962,0.3725808040911996
OR,OR.csv,48,196608,204800,-0.017343834026136835,0.5442755833354885,0.5445518517036854,3.50341796643471,6.94885253443471,13.763712707774758,0.5956405461108023,6.433580118160429,0.0060447510657192565,0.020764353506698377,0.2051817733852929,0.7048208982277671,0.0658560343292067,0.22622238078851306,0.00999787477496785,0.03434374780468035,0.004031498427117187,0.013848619668905925,4785.267007635899,0.7141461508674394,3492.1875,0.7185935093490357,13.597422912745875,0.04119382356603869,0.12881486898628505,0.021197946149570324,0.0662868949675848,0.02026302996391709,0.06336337159581008,9.018452080856776e-05,0.00028201089937482794,9.278107772573816e-05,0.00029013044522287315,0.0005327209060962144,0.001665841327281235,0.00011941938421387513,0.00144948166830134,0.011922051222479564,66.09810114580571,1.799775514990766,1.7981852755630359,1.942466005787314,9.85092106628911e-06,9.355356537562955e-05,0.00037064335802159797,3.470512114132034e-05,2.725645305450847e-06,1.3284919552907006e-07,0.00019081073075004944,1.7866526898233104e-05,1.4031881625360512e-06,6.839203112599938e-08,1.823560585615654,1.8229321900822693,1.9710714173796928,4.7495220893984174e-05,1.140865587694113e-05,0.0003519906082804253,7.409617687495384e-05,5.4952658534241825e-06,1.4743389769368372e-06,0.0001785783128792851,3.759182758249236e-05,2.7879587745870226e-06,7.479886136728872e-07,0.1365003757817295,0.3636934845019669
OR,OR.csv,49,200704,208896,-0.015873461948949008,0.5377154735884241,0.5379497163589437,3.59191894293873,7.03735351093873,14.06459819262679,0.6396167851185771,6.677053326179963,0.005916339484410922,0.02055176251596812,0.20790607983118337,0.7222094657642567,0.059405356983393165,0.20635813616103973,0.009598760818586936,0.033343497835270075,0.005048504246568788,0.017537137719991575,4823.824021115602,0.7244177030809567,3507.8125,0.7120001304132517,13.770193205562649,0.03391504772677079,0.1052206800860302,0.03275565203998016,0.10162368079427847,0.020391684186242418,0.06326474594586305,7.070913744861078e-05,0.0002193735238286753,6.475426366598016e-05,0.00020089866056789685,0.000984146146190977,0.0030532914958725315,0.00010775521674180559,0.0015886048223833185,0.021188298165910828,149.82715657847385,1.788382451783108,1.7883426962801587,1.9392497617544369,3.9170347687544004e-06,7.420442441610852e-05,0.00032543722874100827,2.597942812744584e-05,1.019608670862401e-06,1.950743936298639e-07,0.00016781604678214206,1.3396638555690158e-05,5.257748078511746e-07,1.0059271243807179e-07,1.8212826799678687,1.8204670887283834,1.9707147103288267,3.3635482755916086e-05,9.906528970296454e-06,0.00033724576284363127,9.941273973639977e-05,1.2321116973935952e-06,3.822762050783659e-06,0.00017112865757580326,5.0445018355681554e-05,6.252105852436571e-07,1.939784602381065e-06,0.17682358339705934,0.5226668290654742
OR,OR.csv,50,204800,212992,-0.017703697074036434,0.5326766619617145,0.5329707750794258,3.61938476323308,6.88476562023308,14.079271909261095,0.6612240596002098,6.79096290539929,0.005942739388281888,0.021750641466214693,0.19107791951628758,0.6993521081715419,0.058393895762828,0.21372377409940344,0.011251333072824752,0.041180286681682526,0.006555451386304511,0.023993189577497603,5078.2429968352335,0.742473312672681,3492.1875,0.705209752858799,13.69526540617465,0.03304858003786294,0.10965555499057342,0.028924377239590317,0.09597140437895445,0.018473520403174678,0.06129534552222754,9.016910592294406e-05,0.0002991820931990517,0.0005994948731288783,0.001989130635919492,0.0006300565493352329,0.002090534616423664,0.00032720016419107115,0.004950290811454768,0.016800842971735532,93.16296699742196,1.7931683446048947,1.791371569940498,1.9361385260626205,7.129753537856594e-06,7.868815821329224e-05,0.0003664653306810656,2.3657652158174625e-05,3.0006292359428624e-06,7.64282475622708e-07,0.00018927640029256032,1.2218987350183665e-05,1.5498009029568078e-06,3.9474576087103493e-07,1.8078562908340234,1.8078178810158607,1.9729661715273938,3.900011583836677e-05,8.10232712822226e-06,0.00038333469496013706,8.65877980439834e-05,4.012210004745142e-06,2.6073741412086507e-07,0.00019429359737231576,4.3887117424272205e-05,2.033592903236152e-06,1.321550353389385e-07,0.14644936498494357,0.4825604329157609
OR,OR.csv,51,208896,217088,-0.01657865940503098,0.5307876306410434,0.5310464770518686,3.61938476323308,6.88476562023308,14.127461843681639,0.6659055883692071,6.815570613177706,0.006686598905442606,0.02326639530059951,0.20443394932052822,0.7113393737259455,0.06429277962143164,0.2237103266997202,0.008214515781016174,0.028582867623265087,0.0037651460904074736,0.01310103664699004,4715.790351505222,0.705186778559863,3437.5,0.7046053953379521,13.888610363452031,0.03785227930625501,0.11464822967961454,0.027558673510802278,0.08347061757546154,0.022808655239247133,0.06908360586148983,8.6091756944658e-05,0.00026075754761963987,0.00021722004108079129,0.0006579232114228468,0.0003403672178942171,0.0010309154346248106,0.0008722198545708867,0.011521365034618045,0.016324207252257826,94.80702762254242,1.804095499663835,1.8037967102475105,1.9393105360246317,9.816053717713414e-06,7.264538822320934e-05,0.00031638325040045644,5.1199828463439305e-05,1.6111436294316466e-06,1.9044459004376723e-06,0.00016314212939246096,2.6401046924834837e-05,8.307816615762213e-07,9.82022149139967e-07,1.8038642456047798,1.802176698803474,1.9721756253510496,3.3435460160381304e-05,5.969730639764571e-06,0.0003326137730795939,6.207979376721268e-05,4.9677048155134435e-06,1.9464645079770582e-07,0.00016865322175362528,3.14778222432046e-05,2.5188957573830002e-06,9.869630690875201e-08,0.13814776760060607,0.3720254555175355
OR,OR.csv,52,212992,221184,-0.014756619918468017,0.5418867573232631,0.5420876456752534,3.56750488045486,6.85424804245486,14.345216944809835,0.731350995110225,6.581048118158835,0.006016885184625973,0.021334250085530557,0.2009884549606579,0.7126507870536375,0.0613566239692364,0.21755402006144794,0.008740236817406896,0.030990519570785476,0.0049271725160500626,0.01747042322505266,4823.1723486141655,0.7244598606490917,3445.3125,0.7190690285687809,13.858810493436694,0.03895843186651241,0.12171075944968172,0.0264703503891908,0.08269651252408075,0.01941449714583801,0.06065319056090529,2.4344212502562967e-05,7.605420572480094e-05,0.00013421037797614886,0.0004192891306681904,0.000374806661043224,0.0011709404402794302,0.0002767784303195842,0.0035522275545431157,0.016367572095267822,336.1696698419587,1.8074408887744045,1.8069268233859868,1.9399638902268286,6.032564857417326e-06,8.775248316650572e-05,0.0003912421950224008,4.162161734034852e-05,3.2326332783274896e-06,9.628487670909645e-07,0.00020167498838158965,2.1454841273081886e-05,1.6663368295725599e-06,4.963230356714979e-07,1.8106987639390066,1.8106621787120156,1.9730087931581244,3.2748254063464466e-05,5.600063070394775e-06,0.00039592700687299525,4.711744684270448e-05,3.0365793001401197e-06,6.243263986537116e-08,0.00020067168896852628,2.3881012089794793e-05,1.5390601961170365e-06,3.1643366254544576e-08,0.1327987102835997,0.48664059480270727
OR,OR.csv,53,217088,225280,-0.016696751106271786,0.5552710733502632,0.5555220485246811,3.72924804441047,7.015991206410471,15.035649148299672,0.7787265319627318,6.713051361881402,0.0058565515839302945,0.01901867861151624,0.21311279297847138,0.6920665957730908,0.07048253488936417,0.22888634370846037,0.012399684803349603,0.04026697567320785,0.006085264771744597,0.01976140623047737,4999.226685428928,0.7258436167798199,3500.0,0.7336704309712808,14.151142675420356,0.04384034946305394,0.12586155877448274,0.02878410261572992,0.08263647684180815,0.01855073651898617,0.0532574362041063,4.43968811919372e-05,0.00012745930951695196,0.00041966865505131776,0.0012048296088073673,0.000817203903298327,0.0023461162688130223,0.00040281228158938886,0.004594081554074531,0.01530342931315271,172.3480200629938,1.7979523195300404,1.7963591098287468,1.936041333318616,5.712128407405923e-06,7.316143994041634e-05,0.0003666275085149629,3.0091176943640553e-05,3.6694752220530195e-06,3.894389188337847e-07,0.00018936967006088053,1.5542631464404215e-05,1.8953496285955767e-06,2.0115217177002967e-07,1.8218348636141417,1.8211510395464605,1.9689572177744021,4.9368708565182425e-05,5.9037948495564e-06,0.00035839809048510986,6.79473521521947e-05,2.6123737555186835e-06,7.347717080316132e-08,0.00018202431584066653,3.450930855113451e-05,1.3267803545626228e-06,3.731780972172592e-08,0.13596262116816946,0.5512727448036411
OR,OR.csv,54,221184,229376,-0.016740337007549497,0.5519130465026394,0.5521668676975746,3.72924804441047,7.09228515141047,14.994631371052058,0.7886480833999369,6.753842475108901,0.006002920760770374,0.020116557160379658,0.21171104573979782,0.7094708597422561,0.06818011847741648,0.22848031903329516,0.00872673730667688,0.029244415651899086,0.0037861423311945225,0.012687848408819128,4746.708277223607,0.7143431453051207,3460.9375,0.7241369257320008,14.669347299305299,0.044561844442059934,0.1284512130022224,0.03018012927353078,0.08699537154009475,0.02239638198671589,0.06455842367106907,0.00010014292296715377,0.0002886657877333676,0.0002832630162566353,0.0008165164277287055,0.000253247923045893,0.0007299967789222569,0.0003333919487034768,0.0037407781575695084,0.01784334980059708,89.08941931603177,1.7864675472480667,1.7864170493512315,1.9367639652195814,1.2805678163056192e-05,7.308814263852284e-05,0.0003422753919722042,2.7971671439795277e-05,1.4324666046012742e-06,1.4039364046419984e-06,0.00017672540284650632,1.444247824830298e-05,7.396185752754483e-07,7.248877146896429e-07,1.8200521514976655,1.8193051911798543,1.9692480409870357,3.8166566576280026e-05,7.370904476268194e-06,0.0003430891946351339,0.00012088729917831978,4.542146360939538e-06,8.436299283858826e-07,0.00017422345356910696,6.13875431952527e-05,2.30653846869417e-06,4.2840206557352016e-07,0.16737333530819087,0.4930894963711202
OR,OR.csv,55,225280,233472,-0.015123561017427348,0.5344428888610493,0.5346568278363156,3.72924804441047,7.09228515141047,14.975147461845086,0.7077752369717945,6.975031179336587,0.0058395112642270494,0.018852845806040457,0.21745998192384125,0.7020689442470299,0.07237934417016399,0.2336765104884262,0.009407969159274917,0.030373602153034182,0.004654827413281929,0.015028097302240641,4793.57085403003,0.7133672271977346,3773.4375,0.7031077938825645,14.8278443236636,0.04672944640224973,0.1342636495554236,0.02796121826767728,0.08033853382978214,0.021719974424342547,0.06240611132774503,9.199397842731896e-06,2.643182881828471e-05,0.0003614754852139815,0.0010385960375364123,0.00023020392172735818,0.0006614248841518088,0.0005337283544343374,0.005710835410227873,0.016209585265305016,881.0133370358732,1.7915228277590867,1.7896243242606855,1.936340723186716,1.450757874890961e-05,5.4024457446410155e-05,0.00038888015453773415,2.8625888708523172e-05,3.0060665643884267e-07,2.387346284101265e-06,0.00020083250322677567,1.4783497741759817e-05,1.5524471124274378e-07,1.232916426077678e-06,1.808245141231086,1.8082180080638495,1.9703483034811171,4.5817172433408716e-05,2.9395568590725747e-06,0.0003866254340567042,9.596692893274896e-05,4.3433563054950645e-06,1.0166267812224635e-06,0.00019622187273866078,4.870556579420525e-05,2.2043596544931807e-06,5.159629794518156e-07,0.135478533030443,0.569739939522995
OR,OR.csv,56,229376,237568,-0.017734244457081987,0.5374659791212902,0.5377584793745894,3.756713865,7.48596190941047,14.554679659486492,0.5628747965811408,6.985875646929928,0.0063931239320042495,0.02070293153898839,0.21069033803057727,0.6822811024102737,0.07079923252777047,0.22927002192116705,0.013831871468815277,0.04479191880536489,0.007088268071550699,0.022954025320967898,5136.471876848067,0.7386136226824996,3500.0,0.707347155381662,14.413138555096474,0.04238648378558952,0.12155086565033883,0.03073817797693193,0.08814725374508421,0.018861413299822678,0.05408849494521415,0.00011485387201478618,0.000329364134975423,0.0006238487823282348,0.0017889985852680488,0.0006261108253563845,0.0017954854004896357,0.0001968519332302769,0.002322107375357238,0.017444099127712626,75.94040473239981,1.8029829109510362,1.8026603629504707,1.9374346447283974,4.809096739934412e-06,6.342849294680824e-05,0.00031245818485231265,4.8697986911769414e-05,2.632967148477777e-06,1.7967396841269842e-07,0.00016127418062969234,2.5135292715162058e-05,1.3589966276490966e-06,9.27380796567688e-08,1.8034997132307902,1.8017935968273338,1.9706399765447167,3.106188980306623e-05,8.02142080339261e-06,0.0003454045398155084,7.621808251269207e-05,1.558157945986046e-06,5.560473002204234e-07,0.00017527531356638718,3.867681738918782e-05,7.906862565110957e-07,2.821658480688614e-07,0.16894967338310146,0.4892241071961562
OR,OR.csv,57,233472,241664,-0.018577277648056924,0.5454580781743071,0.5457743400806064,3.756713865,7.35473632355969,14.38541560963825,0.555953684101025,6.883273157250817,0.005701645885574428,0.02002353183738967,0.19710297139330035,0.6922032167804882,0.06871745093119944,0.24132787165657318,0.009168473224610103,0.03219863513055394,0.004056721528575727,0.014246744591483238,4850.108518003873,0.7227596347645122,3437.5,0.7217948369818011,14.147793044850747,0.037337072137182556,0.11857251127262769,0.025639367308442705,0.08142374308390993,0.01977985823690695,0.06281551630908373,0.00033681535997609247,0.0010696351047780098,0.00030866168691988686,0.0009802266020556346,0.00036952311383208944,0.001173506144760557,0.0001055804937827436,0.001413882874819557,0.012952464934495849,19.227841800604622,1.8071640813828822,1.8065551590332485,1.9350719393573013,5.022914697906605e-06,6.538331178349818e-05,0.0003697858825332714,4.063109244956256e-05,2.894781478273257e-06,2.806101868281852e-07,0.00019109671067624387,2.0997199960967048e-05,1.4959554833052922e-06,1.4501279312708122e-07,1.8086522656139172,1.8086310032720927,1.9676001816238122,4.3464197480351376e-05,5.234284420325208e-06,0.0003929052017035455,3.7681140658449075e-05,2.8092740942557355e-06,1.0005200172341796e-07,0.00019968752055058805,1.9150811740285874e-05,1.427766738634819e-06,5.084976239471407e-08,0.14079187053986778,0.47815671758764544
OR,OR.csv,58,237568,245760,-0.016769394263078732,0.5419670365209311,0.542226411436432,3.66516113039032,7.11364745639032,14.608925028592138,0.555454486281739,6.759466254463789,0.006042978018526736,0.020553302553604956,0.20248900261303412,0.6887031066014099,0.07054440046703106,0.2399347477049151,0.010502685586308649,0.03572160511241027,0.0044358733835154806,0.015087238024258853,4933.086846516329,0.7396571005441049,3500.0,0.719993792138534,14.367865813013136,0.03775890381999121,0.11281649271573917,0.028787813763904175,0.08601256533506822,0.02233429698705314,0.06673067272723657,0.0003000324210814081,0.0008964403630143346,0.00011250635558957162,0.00033614779990316526,0.0003433956613916225,0.0010260015575847675,0.000330133335504565,0.004371595863508707,0.018720075238178886,31.196753903310324,1.7973925412999427,1.7957705215838244,1.9341832596241957,7.582969512406658e-06,6.391228159439335e-05,0.0003413966417178368,2.2479297231640426e-05,2.264439932706415e-06,3.249464901381928e-07,0.00017650687442305354,1.1622113426830321e-05,1.170747353663487e-06,1.6800191425561229e-07,1.821735229312323,1.821083224892214,1.96993119925787,4.661983612494548e-05,1.3171312976134212e-05,0.00035201991153943873,4.591830446126415e-05,2.602075724426118e-06,3.2424192740064155e-07,0.00017869655126629604,2.3309598060348295e-05,1.3208967528434873e-06,1.645955592371085e-07,0.143169994582141,0.5938059262672962
OR,OR.csv,59,241664,249856,-0.016022101031712713,0.537974362043842,0.5382128964805183,3.66516113039032,7.08007812039032,14.382156638551255,0.5973521875045466,6.809872365286547,0.0061452452117231535,0.021737396529977422,0.20098973247971963,0.7109551145381655,0.0611414612487363,0.21627390637734312,0.008745776386280957,0.030936179553654353,0.005681612761999596,0.020097402997322305,4909.457967174421,0.7138662473794435,3445.3125,0.7146157409901962,14.455189618413579,0.03830624653357428,0.1197334545207506,0.02842815045744921,0.08885758767627419,0.018698325194686248,0.058445169441227206,1.493150575224071e-05,4.66712593034999e-05,0.00011919664518502855,0.0003725717705799975,0.0002481299768612757,0.000775577405468714,7.93382802932458e-05,0.0010355788868882335,0.016810765904451856,562.9293394941027,1.785658429270087,1.785615712554854,1.9312973235074875,8.879611561895449e-06,6.772709792708466e-05,0.0003242410714607856,3.0486882715021943e-05,3.422448068780246e-06,8.32249934026648e-07,0.00016788770300357153,1.5785701323107517e-05,1.7720979712035546e-06,4.3092791767284324e-07,1.8208138271613228,1.8198935130286826,1.9655269718233175,3.0557379569820696e-05,9.187455570204116e-06,0.0003424926340539501,6.794597850955884e-05,7.601699395139207e-07,1.1898718957622312e-06,0.0001742497757413439,3.456883547443478e-05,3.8675121247935034e-07,6.053704237178915e-07,0.1363539799257496,0.5354702484031428
OR,OR.csv,60,245760,253952,-0.01647546886324524,0.5331950860141463,0.5334495672731366,3.57971191169679,6.85729979969679,14.80586883011107,0.7642847595511749,6.710497357770275,0.006792399040577896,0.024260564519373383,0.20123809023838907,0.718766615862508,0.0597559401374425,0.21343163622449604,0.008258639962452108,0.029497570218474413,0.003931888087628351,0.014043613171576487,4716.454550683838,0.6966755144227268,3445.3125,0.7066654862089903,14.577563026071944,0.03787395299980312,0.11552389099613171,0.02679505959274624,0.08173082814047325,0.021575464074085733,0.06580991321129308,0.00010845725858380512,0.0003308185052254753,0.00031599244366850284,0.0009638464888561059,0.00017572665609583079,0.0005360049705937748,0.0002739678529265088,0.003616837314609279,0.015532074304121377,71.60458615370187,1.7920116141574456,1.7900880952684382,1.934749166315535,6.29812552325902e-06,5.799977532442664e-05,0.0003598798024848213,3.928396740556997e-05,9.355521088152816e-07,1.2667254965346367e-07,0.00018600850629644,2.0304423999499946e-05,4.835521446929625e-07,6.547233711676885e-08,1.80738348392414,1.807337893583702,1.9694560367000962,2.4271814548058718e-05,9.070470098487201e-06,0.00039057202031130174,8.810931793895296e-05,9.862729353167759e-07,7.839745849661419e-07,0.00019831466812812067,4.4737895285308815e-05,5.007844384121493e-07,3.98066557646712e-07,0.1390661058534438,0.452508210497238
