label,source_file,window_id,vib_mean,vib_std,vib_rms,vib_peak,vib_p2p,vib_skew,vib_kurt,vib_crest,vib_clearance,vib_shape,vib_impulse,vib_power_0_1k,vib_power_1_5k,vib_power_5_10k,vib_power_10_20k,vib_power_20_32k,vib_spectral_centroid,vib_spectral_entropy,vib_spectral_rolloff_85,vib_dominant_freq,vib_band_ratio_5_10_0_1,env_bpfo_1x,env_bpfo_2x,env_bpfo_3x,env_bpfi_1x,env_bpfi_2x,env_bpfi_3x,env_bpfi_sb_plus,env_bpfi_sb_minus,env_bpfo_sb_plus,env_bpfo_sb_minus,env_rms,env_kurt,env_peak,i1_rms,i1_std,i1_peak,i1_power_50hz,i1_power_100hz,i1_power_150hz,i1_sideband_fr_1x,i1_sideband_fr_2x,i1_sideband_bpfo,i1_sideband_bpfi,i2_rms,i2_std,i2_peak,i2_power_50hz,i2_power_100hz,i2_power_150hz,i2_sideband_fr_1x,i2_sideband_fr_2x,i2_sideband_bpfo,i2_sideband_bpfi,vib_i1_coherence_mean_0_2k
0,HH,0,-8.673617379884035e-19,0.4080794252864049,0.4080794252864049,4.172622409688649,7.504272455499089,0.43054119597018214,13.58766840798015,10.225025206183641,23.572280862302065,1.7128852476141356,17.51429483219756,0.005154643227211385,0.023234371371024236,0.038582528975726824,0.0453553663924042,0.04783345958064765,14281.229659441819,7.125830887057255,25937.5,7671.875,7.48500473603381,88.02355442415197,48.57187078883725,50.48572841710122,87.03980183725615,4.272545972892419,34.31663503741017,48.57187078883725,105.31133557159669,170.22929747671742,151.6481043231652,0.21042290086588825,4.861520427386867,1.3344952399417847,1.7723262722736488,1.7723262722736488,3.10265752792256,0.0,0.0,0.0,0.0020579042609120044,0.0,0.0,0.0,1.756399394836383,1.756399394836383,2.8109118822314905,0.0,0.0,0.0,0.0020628181472989466,0.0,0.0,0.0,0.46992756577926414
0,HH,1,-8.673617379884035e-18,0.42136125081432596,0.42136125081432596,2.6994906348055134,5.3375244100357,0.2322667813734313,8.567140261005207,6.4065944117596265,13.914011361379606,1.629840197543375,10.441725101667373,0.0038062697041279176,0.03278529414148765,0.041864091526892924,0.040493563594562874,0.048808312241062454,13665.543265284969,7.048314779358709,25859.375,3375.0,10.998719158154348,34.57682813273333,48.80773002616542,31.94388802834045,31.605478836829235,47.55447943679421,39.56752847311877,48.80773002616542,27.241491406667965,119.74750647537495,186.29313065530013,0.2046625382854482,3.159036351909779,1.1996767538322186,1.7507400343974173,1.7507400343974173,2.693401614436301,0.0,0.0,0.0,0.002087406907953101,0.0,0.0,0.0,1.7693297878507381,1.7693297878507381,2.6836895569470456,0.0,0.0,0.0,0.0020109761181882953,0.0,0.0,0.0,0.43785599909555495
0,HH,2,4.336808689942018e-19,0.38609940347202326,0.38609940347202326,2.6303999103609663,5.14221191016477,0.2105720487823696,9.244580519798683,6.8127531063247355,14.783102475477381,1.6316527285870144,11.116047195153202,0.004608831797786636,0.027060897780609605,0.03954088969171257,0.04034134544200474,0.045097121282047854,13542.862344269415,7.092065277739172,24859.375,5843.75,8.57937356319284,70.4994409694095,84.65310094866418,12.213269111051984,35.59325351004749,24.797481766277695,14.96013006722187,84.65310094866418,98.78109329362634,137.91351048996702,159.49150006145106,0.20228846137305515,4.146037361753841,1.2296901773269506,1.7699660643329593,1.7699660643329593,2.8543337186210667,0.0,0.0,0.0,0.0018811592788988978,0.0,0.0,0.0,1.7704817080264117,1.7704817080264117,2.7819095634591067,0.0,0.0,0.0,0.001899674564672925,0.0,0.0,0.0,0.47696268973397654
0,HH,3,-5.637851296924623e-18,0.37051681826975663,0.37051681826975663,2.3858413084380183,4.69360351293496,0.27096826439470945,8.684807209285708,6.439225402973626,13.869099575718629,1.6258874018753608,10.469455460558867,0.004591782158954439,0.022084102311858003,0.03329965989956179,0.035975785875620545,0.043427479469756475,14230.000018550221,7.1222481085205,26078.125,3359.375,7.252012125046497,66.488457626923,60.393197922014075,63.843644045702405,55.6749545238114,45.243449406863995,17.94842906659995,60.393197922014075,22.149838752400896,80.98858221411375,127.54290587602101,0.19410581844089467,3.897566955264833,1.061277009702694,1.7621280114372868,1.7621280114372868,2.8265554336437386,0.0,0.0,0.0,0.0017919932804049891,0.0,0.0,0.0,1.7564326757176156,1.7564326757176156,2.8596376407969983,0.0,0.0,0.0,0.0018268439240533888,0.0,0.0,0.0,0.5240727391860905
0,HH,4,3.7947076036992655e-18,0.41490938374430697,0.41490938374430697,3.728554395346695,7.03430175273709,-0.09989455486905192,10.787631344431365,8.986430631406197,20.123876250181745,1.6688606193475772,14.997100189288732,0.005449382287686301,0.028505241625666634,0.038457052190058634,0.042192881141876734,0.050860743013052864,14111.17251858738,7.1451341529315915,26171.875,7750.0,7.057139718367893,34.63436071472468,7.829030419902414,46.37058833626761,71.84640849990754,26.53355417105104,9.038808096808044,7.829030419902414,52.67416054686543,121.02646428400968,168.98658092217644,0.2081898234342802,5.372322847737562,1.602417292242385,1.7576683093952008,1.7576683093952008,2.7542109857728727,0.0,0.0,0.0,0.0019160825126857085,0.0,0.0,0.0,1.775625409697832,1.775625409697832,2.7788485539919057,0.0,0.0,0.0,0.0018770713797561667,0.0,0.0,0.0,0.49880436813922
0,HH,5,-1.3552527156068805e-18,0.4234368510561012,0.4234368510561012,3.7283144866578333,7.03430175273709,-0.4642721477812647,11.946196373630103,8.80488903445738,20.355797002441367,1.7031947091231943,14.996440417940057,0.004633503111026487,0.03410170805112399,0.04423667302142953,0.042984082721620465,0.06239126408738513,14283.855638551113,7.109011884171826,26734.375,5984.375,9.547133551418375,48.30611512357337,52.2145538464595,40.531617763673964,37.966164721161235,23.896378031704536,17.103196794207914,52.2145538464595,80.00178976786093,185.74442771057164,157.26868668957334,0.21633989858080874,5.547054310865056,1.5977859176160352,1.7748501382916744,1.7748501382916744,3.032720789683364,0.0,0.0,0.0,0.0020428769922922097,0.0,0.0,0.0,1.7572206677045128,1.7572206677045128,2.8000109353367852,0.0,0.0,0.0,0.0020415210243427723,0.0,0.0,0.0,0.48054968952768634
0,HH,6,1.0842021724855044e-18,0.4055049221400506,0.4055049221400506,2.938468752176513,5.413818355628489,-0.6329503888271557,10.805562679235775,7.24644410396182,16.407694280853878,1.6783099940172723,12.161779560796651,0.0027334412210230866,0.03082773704333088,0.040247708072369576,0.041914375831915096,0.04739888688662277,13667.571844334181,7.039370188998711,25109.375,5953.125,14.72419006053522,59.043464003247536,85.77696652685003,55.266504275940534,49.04089426979833,39.02191501960941,27.283409227930658,85.77696652685003,96.09005502500506,144.38177719704274,191.25266272602673,0.21611532935172148,4.052454612127159,1.2278270688922306,1.751831917428459,1.7518319174284591,2.935469886727585,0.0,0.0,0.0,0.002053857000211516,0.0,0.0,0.0,1.7685874562165405,1.7685874562165405,2.9320281637767485,0.0,0.0,0.0,0.00201358653683503,0.0,0.0,0.0,0.41590540725176406
0,HH,7,-1.0516761073109393e-17,0.40130407866246137,0.40130407866246137,2.8530999994460653,5.41381835532202,-0.25212313373199474,9.537278718023224,7.109571397699924,15.309763447379392,1.62862170595665,11.578802298371507,0.002511373570907848,0.026526785807936385,0.03811478316126442,0.03555397379299233,0.04451053222884708,13874.200416333833,7.104630505390759,25875.0,7796.875,15.176867188384588,43.80959767411251,80.33045264714522,65.882736792366,10.778521622356516,43.931120092744614,9.503025695416378,80.33045264714522,37.58433731619312,122.96840642474874,164.6909340257336,0.21102120456451307,7.84089085949071,1.8587009950722406,1.7705583480634939,1.7705583480634939,2.793287073912499,0.0,0.0,0.0,0.0019054294732188115,0.0,0.0,0.0,1.7689062264193085,1.7689062264193085,2.8035515359369194,0.0,0.0,0.0,0.0019126496807358511,0.0,0.0,0.0,0.4354412019949396
0,HH,8,-6.071532165918825e-18,0.38068141432181946,0.38068141432181946,2.5543756766142742,4.80041503632202,0.11331117162217978,8.620919040403527,6.710008895911459,14.0424369660248,1.5935418872989635,10.692680239811667,0.0024773222762833717,0.02453493207129562,0.032358667271704056,0.04115034351049573,0.041034805511378974,14013.917417601908,7.101148208770509,25765.625,5937.5,13.061953048429583,54.817243899623875,38.12712282854865,49.33360772135412,24.038320847314985,19.013080565511526,36.92013708059702,38.12712282854865,64.104950452053,92.44429601278756,88.75189605300895,0.1797164663459403,3.1310225606639746,1.1117496626219792,1.7650561895513521,1.7650561895513521,2.8147901469526646,0.0,0.0,0.0,0.0018270398403079677,0.0,0.0,0.0,1.756207295549156,1.756207295549156,2.750479692486645,0.0,0.0,0.0,0.0018240036839776497,0.0,0.0,0.0,0.4247815894330137
0,HH,9,-7.806255641895632e-18,0.37175324525715686,0.37175324525715686,2.455373106767543,4.47082519238656,0.26283319567665353,7.681419481986747,6.604846462234531,13.777495716226628,1.5815400719752712,10.445829349296114,0.003112108676815599,0.02581048464527773,0.03673727491428001,0.03567896441911972,0.039385875380813166,13695.352440147131,7.0661379996430025,26140.625,7750.0,11.804624682986987,28.45621110488056,52.53775700561307,24.862890296520682,116.25114500583763,66.301381343073,21.05845342862792,52.53775700561307,65.56157106922309,23.693625099059812,83.6664578143797,0.17882557202778476,1.8718432397581832,1.0133832822321707,1.758505359366535,1.758505359366535,2.740237259171493,0.0,0.0,0.0,0.00185437240144906,0.0,0.0,0.0,1.7760508353678852,1.7760508353678852,2.837441918242961,0.0,0.0,0.0,0.001884568115875332,0.0,0.0,0.0,0.4389333221649161
0,HH,10,8.673617379884035e-19,0.4075163491039391,0.4075163491039391,2.533528207059807,4.93774413783816,0.031764131066888586,7.9199641179281475,6.21699770481454,13.368092007539625,1.6167218061021176,10.051155757885148,0.005413916140946976,0.030759572017007512,0.04343825980381026,0.03588348916035243,0.04559741402489488,13493.281203638313,7.052701084766385,26812.5,7750.0,8.023445259384605,49.940907746753815,59.02041990783272,74.23930339293943,34.117777472025004,30.114412512993038,27.26269853324652,59.02041990783272,87.82466985772611,168.74327394335057,144.2485495437123,0.21357850855000737,4.166552658097005,1.269404549171196,1.7740821397176596,1.7740821397176596,2.818581809847781,0.0,0.0,0.0,0.0020057583434576207,0.0,0.0,0.0,1.7551479697181442,1.7551479697181442,2.782959383613494,0.0,0.0,0.0,0.002009697908828214,0.0,0.0,0.0,0.4310688994153806
0,HH,11,8.673617379884035e-19,0.4412000899479722,0.4412000899479722,3.8435772035897067,6.875610346535449,0.16443031834007973,11.308861897939206,8.711641931066339,20.345803308644893,1.7104775290911054,14.901067764610591,0.006293230656777299,0.038814480149060665,0.047351422854022544,0.04595204389136549,0.056072053684101605,13670.73642611659,7.114758213890494,27187.5,7750.0,7.5241835916986,13.369825934038213,42.785652630671954,73.05019516441786,75.18339076853566,53.682580207827414,42.00937794623108,42.785652630671954,42.523513173052024,179.11483084472314,230.77584766255498,0.2404378679224508,4.485747487394509,1.2782061826776252,1.7523838294592662,1.7523838294592662,2.9203503203413717,0.0,0.0,0.0,0.0020444086790689544,0.0,0.0,0.0,1.7671687551977868,1.7671687551977868,2.8458058407732953,0.0,0.0,0.0,0.002076911251716756,0.0,0.0,0.0,0.4763139829334851
0,HH,12,-1.3010426069826053e-18,0.41126963895365226,0.41126963895365226,3.8415327642751516,6.875610346535449,0.3049179665476948,14.584506171070622,9.34066704763181,22.72768128053699,1.7710114034358104,16.54242785709326,0.004792712932207637,0.031839691142885304,0.04193499896237669,0.04613593610706533,0.05548968484068153,14364.355796806172,7.0865654631179495,27453.125,6015.625,8.749741440138935,46.4566954457829,94.84565916564401,25.482461928008505,54.199763869734966,60.23961063765274,34.7416450211484,94.84565916564401,123.91968224798234,185.44059566724346,203.13232491093447,0.21977687037879837,6.114227625712866,1.3079008134861714,1.77090566709009,1.77090566709009,2.797912640065358,0.0,0.0,0.0,0.0018705126522896908,0.0,0.0,0.0,1.7707767477035732,1.7707767477035732,2.8539696532242234,0.0,0.0,0.0,0.0019363514536722365,0.0,0.0,0.0,0.4672591529155111
0,HH,13,3.2526065174565133e-18,0.39884984125298484,0.39884984125298484,2.5346361083925486,5.06591796564864,0.4192292011089368,10.590693615226863,6.354863024198899,14.244131842708354,1.6781528136526402,10.664431264463245,0.005598225432763456,0.02968172988376107,0.03686719314732893,0.04034801023030235,0.04849931485675721,14083.447414226262,7.153118042893558,27078.125,7781.25,6.585514210445905,27.149668692813567,61.3811082196831,28.623635368344814,73.5769326809531,34.61312762436981,49.546705459026214,61.3811082196831,88.76420180477918,160.0927568606367,172.0843214781108,0.20908548402624122,4.62626671655502,1.2969100051903917,1.7647842503896087,1.7647842503896087,2.767049803855323,0.0,0.0,0.0,0.0018730473356267318,0.0,0.0,0.0,1.7561764695640942,1.7561764695640942,2.7687588095998024,0.0,0.0,0.0,0.0018542198855230193,0.0,0.0,0.0,0.48409176728622433
0,HH,14,-2.6020852139652106e-18,0.40399001155072206,0.40399001155072206,2.7096576966957535,5.24902343364864,0.3461754836303889,8.087562779553235,6.707239335665707,14.04771840508266,1.5949503260449573,10.697713565308062,0.003838109486438489,0.035544869294394224,0.04235286768132759,0.035272854829099545,0.04405074772549994,13056.39994777347,7.0479744993774815,25531.25,5937.5,11.034825301347361,36.29504355802636,63.500276338374825,29.018703889941825,20.678259721161606,54.689427454300656,16.026650202766593,63.500276338374825,75.17615049145635,95.70579253776465,168.53762959467593,0.20140511515913267,2.4169590433216435,1.013133943727259,1.7574792117154412,1.7574792117154412,2.8146357764292946,0.0,0.0,0.0,0.001892769108203431,0.0,0.0,0.0,1.7767788589085372,1.7767788589085372,2.8367923176887286,0.0,0.0,0.0,0.0018763803381224807,0.0,0.0,0.0,0.3808972898516771
0,HH,15,-1.734723475976807e-18,0.3595681596731538,0.3595681596731538,2.7144506551941845,4.96215819946322,0.3551353751251707,8.872037110544818,7.549196396182747,16.18472397635786,1.6181893431456522,12.216029157650459,0.0034195827460712968,0.019686635456730578,0.036840378608056154,0.02936696864412705,0.035447453513576206,13501.944594497716,7.083316029959598,25390.625,5828.125,10.773354918698228,34.04831110578463,13.450470720287514,60.513939685480835,64.83966626815905,32.66482212238155,11.215194784359376,13.450470720287514,36.5834551466745,37.25780977932929,139.3777045031401,0.1793296240595748,2.361899402010379,1.0035620669263654,1.7739585311364403,1.7739585311364403,2.7756158541389415,0.0,0.0,0.0,0.002039102860180989,0.0,0.0,0.0,1.7558698087362008,1.7558698087362008,2.7434252289378422,0.0,0.0,0.0,0.002045338600240362,0.0,0.0,0.0,0.4213742943123539
0,HH,16,-3.469446951953614e-18,0.4028648966418741,0.4028648966418741,3.1659372128598293,5.53588866807206,-0.12529424842106607,10.722655574987268,7.8585581400663065,18.237500131691274,1.7076537304222907,13.419696123657998,0.006313383425017081,0.02950132739792137,0.03578940566004468,0.047900613854963345,0.050624434552429314,14313.114940302115,7.1147479555767354,26640.625,5828.125,5.668815474212868,60.921406369181966,38.03109700437321,32.99175006673754,3.779126017906149,25.088767939116682,33.739962372737516,38.03109700437321,93.52699249337742,123.04700733561182,144.43220874187486,0.19786215095980686,3.0815129164224473,1.0567143493840727,1.7530724057354965,1.7530724057354965,2.8062427623112463,0.0,0.0,0.0,0.002048846626454998,0.0,0.0,0.0,1.7654420299973879,1.7654420299973879,2.8541019950324795,0.0,0.0,0.0,0.0020626239863559825,0.0,0.0,0.0,0.500837444434651
0,HH,17,-5.204170427930421e-18,0.45321410935360296,0.45321410935360296,3.6147765791342956,6.78405761255969,0.1812303382591738,9.508725585653274,7.97586947211749,18.461418584395908,1.6980978023582936,13.543806422529197,0.006844790161548155,0.03121197389469856,0.04726904028267433,0.05396806687106283,0.0601477737481237,14101.83349045778,7.136952269975751,26250.0,5953.125,6.905842131043089,26.661967010735196,99.22210148215468,17.41376634440082,71.49798381021624,33.76522065177012,23.247010511113235,99.22210148215468,108.60724921274407,198.86631905792277,185.60377786473143,0.22351417503853319,2.7463841756824294,1.0868647859437426,1.7704890180740616,1.7704890180740616,2.877808294490424,0.0,0.0,0.0,0.001857224781152782,0.0,0.0,0.0,1.769601842848734,1.769601842848734,2.8036080382526682,0.0,0.0,0.0,0.0018489623824316226,0.0,0.0,0.0,0.452952422373361
0,HH,18,3.903127820947816e-18,0.40058655117825087,0.40058655117825087,3.6068953549856477,6.89697265155969,0.47633773709266264,11.822401640124033,9.004035068994781,20.568497630072685,1.6954261098793837,15.265676150281479,0.004230661950172252,0.024681325092111725,0.03387061838612927,0.041848731999140965,0.0459581628182304,14252.393121582978,7.1523440593982315,26000.0,5843.75,8.005985535370945,103.36932382400488,95.1234762435228,20.70337870117357,61.96007155945593,24.996920720907937,29.454419731456376,95.1234762435228,105.446952857575,209.09759096315372,185.8812330802618,0.21593364497625728,4.426374199124003,1.1173352093911584,1.7653550257988473,1.7653550257988473,2.8940293062079863,0.0,0.0,0.0,0.0018099975130982191,0.0,0.0,0.0,1.7549889504004164,1.7549889504004164,2.903576736725445,0.0,0.0,0.0,0.0017959962004062168,0.0,0.0,0.0,0.45456927326823604
0,HH,19,4.336808689942018e-18,0.39311203516850174,0.39311203516850174,3.2751843310308106,5.71899413671318,-0.49820651197010196,10.941318702447944,8.33142727268225,18.817510606360887,1.6814126630392496,14.00856731751413,0.004329927142002464,0.028678639415550253,0.04331293565742675,0.04621647130397492,0.05227162683083479,14179.168438563976,7.1374069681345045,26359.375,5828.125,10.003155763815606,71.67597454590968,92.46627313242297,34.47759260735065,70.7591245144862,46.673781533230155,26.663794468979017,92.46627313242297,71.7398504664875,173.42117357744547,212.24651233267264,0.21159789158910394,4.860969883935314,1.2714114001861705,1.7570120356245762,1.7570120356245762,2.8108323425164317,0.0,0.0,0.0,0.0018728622172912465,0.0,0.0,0.0,1.775707633984188,1.775707633984188,2.9151580563311037,0.0,0.0,0.0,0.001859136240259672,0.0,0.0,0.0,0.4007492101472207
0,HH,20,-8.673617379884035e-18,0.4160446257095642,0.4160446257095642,2.6511810698825737,5.08728026971318,-0.04534499567271965,8.119970695766014,6.372347834933841,13.558521442255225,1.6080194351066783,10.246859165858208,0.00278662433522676,0.033767925289852035,0.04022135682939083,0.04229558658965864,0.04131596412271911,13148.908484154099,6.984302127815077,25062.5,3468.75,14.433720507821558,39.21221017877626,66.80515869158887,44.62906270670578,25.669174409298197,46.7778264376101,24.883017257959573,66.80515869158887,101.02931204014264,163.54949939188512,153.4311474154194,0.2099035001789041,2.7933409100031596,1.245084810697016,1.7748418191966304,1.7748418191966304,2.8560931729100294,0.0,0.0,0.0,0.001982032800027801,0.0,0.0,0.0,1.7564153960380862,1.7564153960380862,2.7326314002837715,0.0,0.0,0.0,0.002034220965307187,0.0,0.0,0.0,0.3280199558968907
0,HH,21,-5.204170427930421e-18,0.3895114395502602,0.3895114395502602,2.4793453494608517,4.91027831671318,0.1865795184438623,7.444743314017153,6.365269662727241,12.665063813947373,1.5414164837961466,9.811531581960496,0.0043365606973382945,0.02877363331093522,0.04586357123452508,0.034115021445488204,0.04058496470618492,12968.174685473,6.992597513787331,25328.125,5843.75,10.576024279355599,68.54816787202506,77.55577648678214,24.831669422334723,67.27992487214556,19.20922968570144,16.63908445962471,77.55577648678214,64.60879393647777,54.668769371415884,43.77104138448127,0.1944550374659682,1.8384626798209522,1.078734533804085,1.7525418125499916,1.7525418125499916,2.894273978794197,0.0,0.0,0.0,0.002030622301882353,0.0,0.0,0.0,1.7649658924409513,1.7649658924409513,2.9746327450723955,0.0,0.0,0.0,0.0020610410200071513,0.0,0.0,0.0,0.44884950770890986
0,HH,22,-6.938893903907228e-18,0.3907340648593161,0.3907340648593161,2.4753488580319627,4.9407958948180095,0.03759292356942337,8.356836705598957,6.3351242715857845,13.105755392207842,1.5845554015837833,10.038355384271476,0.0057024445327852735,0.029074751223012302,0.03883497025903982,0.03816536438469616,0.04904068623951072,13931.673163599471,7.071091264359655,26750.0,3515.625,6.8102320029514125,15.61331116863103,13.706807312097315,67.07594981524916,40.83268120883703,13.779399568285564,32.26068594625387,13.706807312097315,38.03600706161436,50.330681164792175,144.2153789821289,0.18959477581641704,3.228721484857215,1.087398485806826,1.7674420580237706,1.7674420580237706,2.890955685328686,0.0,0.0,0.0,0.0018870076316248666,0.0,0.0,0.0,1.7690736357051318,1.7690736357051318,2.98936134029882,0.0,0.0,0.0,0.0018524224722599996,0.0,0.0,0.0,0.43483707040711156
0,HH,23,-2.6020852139652106e-18,0.4219912899447647,0.4219912899447647,3.1209975458693444,5.63964843359622,0.03008782823756385,9.378154391675697,7.395881432222126,16.39978294312355,1.6592028615735148,12.271267636230455,0.004455128627994012,0.03176542713987268,0.03468262577345938,0.04731390844776218,0.05008658478098088,14275.433170025432,7.161995019230353,26640.625,3281.25,7.784876411366572,42.840085089705646,42.00581357768604,41.28545404499653,29.54751803163306,13.024507471618435,30.15330234832018,42.00581357768604,58.386197163404546,145.5180375927065,163.505906801713,0.20457275601597028,4.294320288184727,1.240034700814911,1.7659994457293426,1.7659994457293426,2.859504626230824,0.0,0.0,0.0,0.001827890076554039,0.0,0.0,0.0,1.7541297884396603,1.7541297884396603,2.6857555654034906,0.0,0.0,0.0,0.0018496092902516366,0.0,0.0,0.0,0.42285006794848745
0,HH,24,-2.6020852139652106e-18,0.39742134041322724,0.39742134041322724,3.1184688188183363,5.63964843359622,-0.015305515392503329,10.39932324877215,7.846757337107252,17.76099472253907,1.683339723329943,13.208758324916557,0.0059789624137870185,0.031162826771040895,0.03627705570724754,0.04306257920992624,0.05087407792805042,14122.321893948789,7.1176302690356685,27421.875,3406.25,6.067450034060767,81.76772417774755,75.67770905132244,32.1356628612088,37.27789989113562,23.23228397296371,38.90309377210677,75.67770905132244,84.39254998289066,148.3765006324097,152.7511888554523,0.20214802739314885,4.786248113265457,1.2614771215172278,1.7585098038682703,1.7585098038682703,2.996528975036889,0.0,0.0,0.0,0.0018606296990078658,0.0,0.0,0.0,1.7761179662208604,1.7761179662208604,2.90490267471801,0.0,0.0,0.0,0.0018678102455905673,0.0,0.0,0.0,0.3999188579892511
0,HH,25,-3.903127820947816e-18,0.39037403752602073,0.39037403752602073,2.5163270521395176,4.90722655974545,0.002741436474264866,9.75363442350044,6.445938536487185,14.53779222638949,1.6756758629960267,10.80130361997518,0.002931410676296998,0.025668720121641127,0.03471209040059732,0.04252241088762484,0.04984290718353361,14496.402725842514,7.186752596672312,26187.5,7796.875,11.841428657346887,72.89561955142868,89.65124925658145,33.04199274265928,90.35792340507805,50.78119278851359,19.56771730908106,89.65124925658145,103.56508409720884,127.8505580086058,184.19111953242256,0.19558578198935175,3.168170463885761,1.0291826779452868,1.7748741431245965,1.7748741431245965,2.873780031829788,0.0,0.0,0.0,0.002016269819508638,0.0,0.0,0.0,1.7572387044557116,1.7572387044557116,2.8692815939703475,0.0,0.0,0.0,0.002014934855927866,0.0,0.0,0.0,0.42606388536449286
0,HH,26,2.6020852139652106e-18,0.40419233875189226,0.40419233875189226,2.509585021760776,4.90722655974545,-0.0936133032434407,7.957095671341838,6.208888148409563,13.459023809578929,1.6240874082152479,10.083777060873803,0.005724285752594644,0.027296909243070842,0.037891509558748024,0.04366675269184202,0.04236282446236926,13614.791993924227,7.074783197215797,25046.875,3312.5,6.619430124527506,44.795117627038785,61.36093651237499,31.200405812331187,46.20002417694423,46.46851449884926,44.239865947653634,61.36093651237499,72.2031382683643,118.69103610755997,162.52842064844916,0.20279925771326038,3.265063223282353,1.1615869798562708,1.7522032285225406,1.7522032285225406,2.7417801235343444,0.0,0.0,0.0,0.0020142676307466595,0.0,0.0,0.0,1.764901717046588,1.764901717046588,2.881676470627436,0.0,0.0,0.0,0.0020589601238287787,0.0,0.0,0.0,0.4717472054180747
0,HH,27,-4.336808689942018e-19,0.3888488612022817,0.3888488612022817,3.4828349924894995,5.621337886898431,0.2751692107153252,8.101266403457725,8.956783316047181,18.934337865548706,1.596647445365133,14.300825200292554,0.003679820226516103,0.023180689743679924,0.03410505278230494,0.032806272205095605,0.03630586835109524,13509.739436946407,7.099884215504706,25421.875,7828.125,9.268130145946293,38.20820637879164,14.019433999083489,11.206690802083909,36.11999649410244,51.913865277201104,56.86136481491689,14.019433999083489,39.86157968238645,83.97072893534036,109.52483082501168,0.19070570123600458,3.321680889335993,1.0912791007438822,1.7675210254316287,1.7675210254316287,2.885877937930949,0.0,0.0,0.0,0.001843535503356069,0.0,0.0,0.0,1.7716840184877012,1.7716840184877012,2.9014269842656444,0.0,0.0,0.0,0.0018710400781697108,0.0,0.0,0.0,0.4204764595714014
0,HH,28,-4.336808689942018e-19,0.393019077200403,0.393019077200403,3.5608693933810076,5.978393550971,0.19091010230505148,11.749638052562275,9.06029656050573,20.73128387197761,1.6918677763588335,15.328823795013419,0.00543540480411684,0.026030933587831366,0.042395105061559336,0.046437688275765214,0.055410373970795894,14478.595257010336,7.138981325275692,25703.125,7656.25,7.799806377189969,37.814953738124515,54.50782557955866,26.454753312038214,67.39408195379477,12.544605092595344,21.620397035530594,54.50782557955866,124.39470572521257,117.42381217924265,158.74269427131088,0.19523361701476896,3.743446842937006,1.1041104868955567,1.766973833123895,1.766973833123895,2.8822379551444106,0.0,0.0,0.0,0.001778816532514069,0.0,0.0,0.0,1.7540529731103425,1.7540529731103425,2.806959627240137,0.0,0.0,0.0,0.0018322013511088149,0.0,0.0,0.0,0.43377380732408055
0,HH,29,-2.3852447794681098e-18,0.40458260449189637,0.40458260449189637,3.570160267376212,6.903076166971,-0.22196141315485585,12.611219922237591,8.824304920007743,20.531872562612136,1.7142581185294616,15.127136349540134,0.004543261506299422,0.025446857477316287,0.03901974636271916,0.04198600997855939,0.0490297683895123,14252.34046708572,7.13721051809476,25828.125,5968.75,8.588487873750642,80.89917166860053,79.17357861287411,56.96653804258342,34.931776645034226,1.8795214115810732,7.688662102320332,79.17357861287411,59.66596725622067,155.28189343374973,190.82532307415468,0.20628318687451658,4.030537327089502,1.036144373060742,1.7558177240245796,1.7558177240245796,3.066580230536047,0.0,0.0,0.0,0.0018932243175796577,0.0,0.0,0.0,1.774466566332286,1.774466566332286,2.760333845281878,0.0,0.0,0.0,0.0018590905654391277,0.0,0.0,0.0,0.4967375642511876
0,HH,30,-6.7220534694101275e-18,0.40964467645989433,0.40964467645989433,3.329100457274098,6.31408690954774,-0.44852917908896106,10.222699453559057,8.12680024560725,17.371590704369996,1.6233510697550382,13.192649872424239,0.002591196450614151,0.030295633910599168,0.0410488665255662,0.04178957308537449,0.04473250253594918,13546.044410036011,7.024259109134443,25218.75,3328.125,15.841665150473387,22.160378199497444,51.827477032446744,64.9049564325563,12.103721542431161,35.7748340050353,14.980125980548843,51.827477032446744,64.62895316207995,174.07261343681589,180.1040976701232,0.2010148382671873,2.4199543151235394,1.012223150624782,1.7747210841111025,1.7747210841111025,3.1435184622984753,0.0,0.0,0.0,0.002056862679781922,0.0,0.0,0.0,1.7584595825850171,1.7584595825850171,2.8403843749922215,0.0,0.0,0.0,0.002018252275623148,0.0,0.0,0.0,0.36554448179915183
0,HH,31,-3.469446951953614e-18,0.386138970018453,0.386138970018453,3.0132628961195893,5.75561523095101,-0.22913563351613297,9.122010303439138,7.803571071751154,16.22168466964468,1.5910994492689252,12.416257634626332,0.004113432577649773,0.02950074584067057,0.04147236238597693,0.03873639435656459,0.04208820796056829,13309.124323430779,6.994975055445453,25546.875,5937.5,10.082178714009737,49.66177434110132,68.58810198630448,42.30330071256047,5.786790789882348,53.30792957524487,23.686521015768268,68.58810198630448,86.31241236014144,135.07409567383968,138.03674429142185,0.1920882221210304,2.5585238751301196,1.087886108723611,1.7551624809859794,1.7551624809859794,2.8385647198187436,0.0,0.0,0.0,0.001979365405409395,0.0,0.0,0.0,1.7649139436692778,1.7649139436692778,2.732663014633724,0.0,0.0,0.0,0.001970929155036154,0.0,0.0,0.0,0.3900186239242254
0,HH,32,-5.204170427930421e-18,0.3803011630799605,0.3803011630799605,2.7394004147994417,5.28869628595101,0.22575942046353367,8.495722277807461,7.203239644618873,15.540125037338262,1.619361886524874,11.664651740031452,0.0037181000971387677,0.029645088145982726,0.034179527341664524,0.033951292611727704,0.044912293664965346,13948.830663470884,7.1179473347040645,26812.5,5937.5,9.192739958446614,44.61491172621402,68.0724612531931,13.880208296552512,102.84261903652994,63.42097429083706,30.08845484030978,68.0724612531931,32.24240022205293,105.90907635184462,149.09495764326718,0.19730583076662145,3.1548218362553415,1.102414841892587,1.7688907317955676,1.7688907317955676,2.929048375937288,0.0,0.0,0.0,0.00186310090006409,0.0,0.0,0.0,1.7731681844869385,1.7731681844869385,2.7588516868801354,0.0,0.0,0.0,0.0018291031868821743,0.0,0.0,0.0,0.4603126914512834
0,HH,33,-6.505213034913027e-19,0.40152012473388243,0.40152012473388243,3.050182012909479,5.41076659820917,-0.222587135925398,8.62927388207878,7.596585637951442,17.117892481556947,1.6593152003174825,12.6051300195977,0.002696782461519554,0.03132085218012047,0.0344109046126521,0.03751668739302988,0.045491625139344745,13787.673797474545,7.068646823317533,26031.25,3265.625,12.759985312461069,37.948598178282126,7.735633924698013,11.76434698903892,64.47430859534363,46.38315778131414,36.71479570139847,7.735633924698013,58.64767732185466,52.047880382302246,156.4346319455518,0.20721318673968522,2.0510624393068815,1.0515959814246814,1.7702386418025846,1.7702386418025846,2.9321985097968053,0.0,0.0,0.0,0.0018545506382914483,0.0,0.0,0.0,1.7561452254364514,1.7561452254364514,2.7498647328529295,0.0,0.0,0.0,0.0018283342930934955,0.0,0.0,0.0,0.42131959882829867
0,HH,34,3.0357660829594124e-18,0.38685855449266865,0.38685855449266865,3.048308191890239,5.41076659820917,-0.628870993967197,10.356542351232914,7.87964530312623,17.802079177411322,1.6787176872443883,13.227699939604364,0.00374354796151403,0.023211423085724957,0.03918933235740077,0.041683610781362936,0.04944075666996649,14384.879593153584,7.1041703479166065,26031.25,5953.125,10.468500136721273,48.321891517236,48.77654373177574,16.605792115790077,28.591138110775493,38.9260136617445,20.818880839005697,48.77654373177574,63.16527000694156,97.31527423800972,182.58554277645607,0.19536018384486714,2.309227299074763,1.0649289653230656,1.758628801998326,1.758628801998326,2.8242686313674175,0.0,0.0,0.0,0.001861486615914259,0.0,0.0,0.0,1.7762402886852797,1.7762402886852797,2.829595086635553,0.0,0.0,0.0,0.0019083658565560119,0.0,0.0,0.0,0.44405438926640595
0,HH,35,-1.734723475976807e-18,0.39833997585269504,0.39833997585269504,4.007808116409461,7.07092284730154,-0.051738826523199104,12.276294398640209,10.061275190420446,23.084186076608393,1.7031919917796596,17.136283331458493,0.004950489984778879,0.02870615927862443,0.03251851570280702,0.05245874428353903,0.05785118161652775,14800.139343905756,7.164785701492683,27203.125,7796.875,6.568746890958665,64.01108701436952,71.80913406546901,27.492747649470907,32.690642291974974,41.50352820908275,9.069899809037084,71.80913406546901,117.13015751233074,156.9123596013007,154.98916574154885,0.1956575010557114,5.551381335237185,1.2638424714258365,1.7761983294765467,1.7761983294765467,2.9069871813533794,0.0,0.0,0.0,0.002018112116341427,0.0,0.0,0.0,1.759254973691905,1.759254973691905,2.7220788806514835,0.0,0.0,0.0,0.002030451846192811,0.0,0.0,0.0,0.4358550871033
0,HH,36,-3.469446951953614e-18,0.46100019101666057,0.46100019101666057,4.007568952770117,7.07092284730154,-0.16006782853608564,9.681886142527398,8.693204538426299,20.308843939102072,1.7069514037362354,14.83887768986517,0.006310317044942555,0.029776235760448293,0.03861411843389756,0.04847620439603639,0.058928281750829294,14337.821761234114,7.130304084817135,25468.75,3312.5,6.119204178294955,28.56249093937982,65.55952703797801,25.111244157175307,65.77892132883153,24.378545929817633,26.554830607557246,65.55952703797801,55.98348132622566,234.19003812507054,164.18753098456313,0.23156274871169186,2.889761653703122,1.2232752844693071,1.753579010272904,1.753579010272904,2.8230382069726074,0.0,0.0,0.0,0.002083792152547308,0.0,0.0,0.0,1.7634687877517836,1.7634687877517836,2.7576673382773285,0.0,0.0,0.0,0.002036063249015019,0.0,0.0,0.0,0.43599917942675737
0,HH,37,5.637851296924623e-18,0.43141672366638406,0.43141672366638406,4.159811136358725,7.13500976120474,-0.16174729163061421,10.183521394041557,9.642211134044674,21.20046873457209,1.645239450380226,15.863746146662523,0.00419362912856131,0.04229617208278953,0.046403407232095815,0.060433279210120164,0.05062008514482839,13183.941737701805,7.023893888266814,25203.125,3281.25,11.065214829082898,65.10082002494705,85.11939661495303,29.46511997002934,73.24475456499684,10.503764981321313,16.794015945278495,85.11939661495303,166.31571381479404,237.90956183818142,91.02555521504162,0.22372545355807885,2.3090006173879445,1.1380962236002121,1.765502337655595,1.765502337655595,2.832168264569034,0.0,0.0,0.0,0.0018829921171227902,0.0,0.0,0.0,1.773444636226863,1.773444636226863,2.8809369040391557,0.0,0.0,0.0,0.0018471540346438856,0.0,0.0,0.0,0.4730948259381034
0,HH,38,4.336808689942018e-19,0.38262308012105667,0.38262308012105667,4.155236479879598,6.591796870204741,0.4021578895168054,10.47634126281588,10.859868878150472,22.37511846349576,1.5794106818363618,17.152192909537952,0.0071945882079267245,0.033853441573509106,0.03633728119906268,0.03645021466571656,0.052810664991875526,14011.842350636512,7.060041091142879,27578.125,3359.375,5.050640862805324,67.86680948899796,19.972931987338363,31.81083994031909,78.20535260550237,31.11287572338963,32.618373263087875,19.972931987338363,55.23590978082935,114.33284166968849,95.41279925989693,0.18975960974231898,3.2655604969054606,1.1657824932526146,1.767557682825504,1.767557682825504,3.0357469899235547,0.0,0.0,0.0,0.0018180855274300967,0.0,0.0,0.0,1.7557712041812032,1.7557712041812032,2.7996377899012144,0.0,0.0,0.0,0.0018121697751018978,0.0,0.0,0.0,0.4784024097288799
0,HH,39,-5.637851296924623e-18,0.4074515930198028,0.4074515930198028,3.1680099647479216,5.880737301035699,-0.05968586363633316,8.029253324495576,7.775181197011975,16.377957702296904,1.5982213035531148,12.426460228080643,0.0018962827071595933,0.022910146246551882,0.03419910192762125,0.03475397139210945,0.038475246165099466,13748.28012522924,7.072100968617867,25234.375,3250.0,18.034811887734104,42.145522417973254,67.8975938479057,29.1082283761838,7.198718800599068,29.027322961150194,14.021145082100222,67.8975938479057,6.495650145895878,82.90108602166309,104.10484813525126,0.19269798916741238,2.99938586462637,1.1311860911669962,1.7553586065908258,1.7553586065908258,2.9020002399562332,0.0,0.0,0.0,0.0019206011536361553,0.0,0.0,0.0,1.7768824138690305,1.7768824138690305,2.764551960790689,0.0,0.0,0.0,0.0019272804280947094,0.0,0.0,0.0,0.4236072211226899
0,HH,40,-3.0357660829594124e-18,0.4140623755342111,0.4140623755342111,3.9025485487005818,6.765747065559861,-0.08274826100022768,10.157464625310261,9.425025743177471,19.87456986993825,1.6065431640271812,15.141710678518537,0.006087210202408603,0.03035140846956308,0.0534541955414187,0.04754214293077287,0.04924445608894311,13311.105123008121,6.99060630369658,25687.5,3265.625,8.781394720275374,39.34208294426207,15.426796504032811,30.310714308533424,29.971380299156287,10.162483776682706,9.971241470273275,15.426796504032811,43.12741053293754,100.31899765472956,125.1345419447355,0.20962098442946644,6.0358111844300435,1.6654285675869769,1.775870158429059,1.775870158429059,2.8928236024120095,0.0,0.0,0.0,0.002076508138799871,0.0,0.0,0.0,1.7615062865603666,1.7615062865603666,2.7267733921454442,0.0,0.0,0.0,0.0020565596978648275,0.0,0.0,0.0,0.47849259116419696
0,HH,41,4.553649124439119e-18,0.4317880734396517,0.4317880734396517,3.906600919487393,7.05261229974528,0.24758640725994535,11.69497558967506,9.047496120858805,20.47241092870684,1.6844726476395837,15.240259745247188,0.002347724891654355,0.028882862708840107,0.04475184415697501,0.06245261405622979,0.05702476130671412,14218.699578978454,7.069307525070027,24781.25,5953.125,19.06179224703719,102.64833753715587,120.02056936098211,33.93782498804374,63.859145587917745,34.23407680530215,56.08757128512,120.02056936098211,125.07238212772617,178.1444908871577,119.43860028689787,0.22780886657670815,5.229394738179417,1.66686051611123,1.7552950611676656,1.7552950611676656,2.984773778565414,0.0,0.0,0.0,0.0020694392811816406,0.0,0.0,0.0,1.7635539177645847,1.7635539177645847,2.7475199155121866,0.0,0.0,0.0,0.0020504706939083106,0.0,0.0,0.0,0.4654677158947269
0,HH,42,5.421010862427522e-18,0.4467816952401876,0.4467816952401876,4.050637033885877,6.46667480064831,0.5169964726266605,11.519729997330561,9.066255571860903,21.90488795324679,1.7493127031068563,15.859716041505092,0.004211617651663464,0.031035367351182924,0.04225095737269041,0.05069723855287055,0.058715029426726004,14256.163699139155,7.167522996239045,25578.125,3250.0,10.032002156219127,25.544913466017793,89.20421870097006,15.851642674927753,16.824406264747843,55.31679419776468,54.38772484587239,89.20421870097006,110.3906568333332,236.2823705634873,241.2446474742681,0.23551491341841457,3.5685296567947544,1.2719797436780333,1.7650029856956548,1.7650029856956548,2.8528322219436917,0.0,0.0,0.0,0.0018509302453447608,0.0,0.0,0.0,1.7734175857228427,1.7734175857228427,2.7828741269679496,0.0,0.0,0.0,0.0019095986951440003,0.0,0.0,0.0,0.3439714404207209
0,HH,43,2.168404344971009e-18,0.40762000664516773,0.40762000664516773,4.052786526383009,6.41174315964831,0.30694206480256825,11.337456001513916,9.942560375602486,22.28382574697137,1.6667461518544373,16.571724245656508,0.0030450713706896906,0.03248055117623683,0.0434877971325498,0.04100330395209145,0.050313653416713656,13688.733382787475,7.058679881141347,25640.625,3296.875,14.2813720351056,95.48476239994548,93.38993052766804,45.1444738319272,28.82116917397319,7.04518036854246,9.61178854896226,93.38993052766804,137.70164583864872,166.5978330850053,130.88726838165024,0.21277326586729547,3.5271833785340823,1.279824135454718,1.7656536770870264,1.7656536770870264,2.7547122697215443,0.0,0.0,0.0,0.0018050908805561832,0.0,0.0,0.0,1.7542296655793257,1.7542296655793257,2.7579089837977167,0.0,0.0,0.0,0.0018086571545739578,0.0,0.0,0.0,0.38723827170987796
0,HH,44,4.9873299934333204e-18,0.37866469928168617,0.37866469928168617,2.580506352528372,4.72717284809631,-0.32680840649917386,8.267639280122946,6.8147528867007905,14.621888665010122,1.6140009473712542,10.99901761526511,0.0031040754995820055,0.023848240151734923,0.04163766060683028,0.03574448464991874,0.04235042964671821,13652.423848266917,7.017524404612611,25828.125,5953.125,13.413868509004802,72.65190496900559,31.691900439167632,44.81928067698253,79.96024864308492,35.67874299505234,19.74573565335889,31.691900439167632,24.29270235802792,76.47894657618718,185.82230016840145,0.1947238574524875,1.9422410093864766,0.9074830761819027,1.7540304606761516,1.7540304606761516,2.8272716253917225,0.0,0.0,0.0,0.0019585373207424077,0.0,0.0,0.0,1.7738238465405276,1.7738238465405276,2.771002226878216,0.0,0.0,0.0,0.0019329931379534996,0.0,0.0,0.0,0.4966983941350376
0,HH,45,5.637851296924623e-18,0.40484540114503054,0.40484540114503054,3.143513200122647,5.48095702715675,-0.08244353266093232,8.304216044040244,7.764724981990743,17.0951479635353,1.6412577300616837,12.743914898526853,0.004024483871768419,0.027928722976212753,0.03709615327353602,0.05144727678722613,0.049651625160437945,14280.196081846774,7.104350475927713,25656.25,5843.75,9.21761757440409,55.6082998569008,31.07717285130685,34.43750612923024,41.301476739588026,32.44696783036868,15.00087144266246,31.07717285130685,86.68283933179877,81.75522764808031,130.32194501624528,0.20529646025881346,2.850096396073509,1.1078752765670337,1.77554561644521,1.77554561644521,2.785051288665283,0.0,0.0,0.0,0.002023527236582663,0.0,0.0,0.0,1.7605319591666944,1.7605319591666944,2.8466316728899694,0.0,0.0,0.0,0.002097382557894006,0.0,0.0,0.0,0.40323196091373387
0,HH,46,3.469446951953614e-18,0.42071268208180657,0.42071268208180657,3.223440794091489,5.859374996205069,0.09035804569918576,9.807175994821431,7.661857917221134,17.11508942038649,1.6656533682625423,12.761999446998741,0.004533178415938198,0.027619946753234044,0.036497341918302555,0.04324938807212776,0.0519148486165359,14186.240403602647,7.1087732890669635,26046.875,3375.0,8.051159376813942,25.94195839475277,65.61499921725992,7.64478533220278,13.756439327214013,2.3778509199265434,29.070021232389937,65.61499921725992,75.12402609761882,176.25381580918352,137.06577499830544,0.21225334131167528,4.456440899441389,1.1580921832723852,1.7551749277924094,1.7551749277924094,2.8100248400919927,0.0,0.0,0.0,0.0020229881053941395,0.0,0.0,0.0,1.7627047753894562,1.7627047753894562,2.9866771771435077,0.0,0.0,0.0,0.002046854306755344,0.0,0.0,0.0,0.4750005738778419
0,HH,47,1.734723475976807e-18,0.416149862039857,0.416149862039857,3.2258875647549927,5.859374996205069,0.09460056457822451,11.288218679559561,7.751744885688031,18.54891323462377,1.7441044583631835,13.519852815254989,0.003513803388908228,0.03677206732256158,0.0449421603918638,0.04962438076974294,0.06206379296865473,14186.838295983693,7.087854128780874,25890.625,3218.75,12.790175033964431,47.390538640292306,72.5959660041624,19.262375019306436,77.1400349911797,39.53316611384261,51.76549225823184,72.5959660041624,120.12351350998428,175.76508734513888,175.134373936995,0.21582655008327398,4.671608105360086,1.2092182117707408,1.7667981745283259,1.7667981745283259,2.7875684702602923,0.0,0.0,0.0,0.0019143835628678445,0.0,0.0,0.0,1.7719242295488493,1.7719242295488493,2.9049433689644877,0.0,0.0,0.0,0.0018808648336437897,0.0,0.0,0.0,0.45586242213146383
0,HH,48,2.6020852139652106e-18,0.41769535188645385,0.41769535188645385,2.885351327935581,5.30395507441883,-0.23507273513439786,9.831701902747314,6.90778893013161,16.12529599265132,1.711486690831751,11.822588817023453,0.005085287367210869,0.022743298709624535,0.036872079813129385,0.04085903650803119,0.04757562818461449,14378.009762067371,7.142688496630428,26046.875,3265.625,7.250736712269989,48.56404689317759,96.06023312657422,62.42385511039609,48.42218292755624,14.385801004085213,18.81654034826871,96.06023312657422,68.21530329697593,195.6799644879697,192.15775927060335,0.21921997078389238,3.835882252862258,1.1009233476937417,1.7695808701647082,1.7695808701647082,2.7777336558212333,0.0,0.0,0.0,0.0018427309220597331,0.0,0.0,0.0,1.7525808533931941,1.7525808533931941,2.7888817963890093,0.0,0.0,0.0,0.0018135680252946754,0.0,0.0,0.0,0.46163273532288546
0,HH,49,-7.37257477290143e-18,0.3971076342999923,0.3971076342999923,2.4216778560347403,4.82788085641883,-0.26537948223679986,8.057607121551246,6.098290858339937,13.103305393871903,1.617548761648207,9.864282826103187,0.0045760883231107784,0.027616054422129697,0.04288972090766138,0.038278661247572635,0.049132373809681655,13777.888833901103,7.054817162060969,25984.375,5843.75,9.372572789227286,43.54055505621126,46.087582303615996,28.378816141221684,73.34139270720888,4.736873822886685,30.966040392814907,46.087582303615996,52.026732486282405,132.24752443897026,106.52240588892026,0.2006898876334541,3.354581132084564,1.1011913095750727,1.755391778695286,1.755391778695286,2.7572608970540484,0.0,0.0,0.0,0.0019150007489450224,0.0,0.0,0.0,1.7736756776962908,1.7736756776962908,2.8748734052782745,0.0,0.0,0.0,0.0018677590051382007,0.0,0.0,0.0,0.46639114820156374
0,HH,50,-5.854691731421724e-18,0.36112213010263977,0.36112213010263977,2.5086984021744585,4.60205077773332,0.02319714756558118,7.507498814815669,6.9469528257780215,14.337926854882397,1.5753220028052122,10.943687638928266,0.0035246933221849148,0.023508196940683204,0.03581463969187961,0.033712762141344506,0.042568889798086894,13913.779864963617,7.12308812507083,26125.0,3453.125,10.161065490803463,29.012138086475893,73.72599289912162,12.685582574627723,51.99615611106377,61.21192979890233,18.561990069985853,73.72599289912162,28.937637346986417,66.31134651894774,153.84894151256282,0.17299082026275053,1.5938608363139375,0.7510727897744938,1.7757706148933436,1.7757706148933436,2.8499676231346447,0.0,0.0,0.0,0.0020725642027816724,0.0,0.0,0.0,1.7605197079805073,1.7605197079805073,2.8281053607035456,0.0,0.0,0.0,0.0020582929965344866,0.0,0.0,0.0,0.4224180435824411
0,HH,51,-2.6020852139652106e-18,0.38072151299220913,0.38072151299220913,4.022496936040735,6.82373046416444,0.4854692600672737,12.566615543821737,10.565457424289244,23.058442252998816,1.6415798477561208,17.344041990084065,0.0038199149140233173,0.02380623871536395,0.02996429069311405,0.037662448103122026,0.04240535968670041,14273.639326584582,7.153332840847309,26234.375,3359.375,7.844229874143975,57.04306943585028,3.477761106193414,39.7369634744857,67.58078082338946,45.091252957441384,27.579308593694766,3.477761106193414,39.189278095940644,86.75691699232294,120.76735137994838,0.18634071823568218,3.6311214518839474,1.0037729557228676,1.7550341342381628,1.7550341342381628,2.784974776527,0.0,0.0,0.0,0.002036659401520845,0.0,0.0,0.0,1.7619024987682206,1.7619024987682206,2.961475937973351,0.0,0.0,0.0,0.0020643020367948775,0.0,0.0,0.0,0.41731057397995064
0,HH,52,-2.6020852139652106e-18,0.4319822339330302,0.4319822339330302,4.020579156599705,7.2052001901644385,0.40795641336724636,12.645620694266386,9.30727895910114,21.513285741323777,1.7063350070100844,15.881335907959418,0.005019044514873208,0.03679236630791158,0.03601639058732718,0.04872868075731306,0.05484190147124587,13978.039861998004,7.087283496590324,26078.125,3421.875,7.175945635353881,37.79529186802251,38.933796222755355,47.63996412065108,58.528755117290096,21.94130203060344,43.431959499440374,38.933796222755355,88.90871596118753,172.54817908136965,177.21037441752347,0.2189995641552045,3.0604852067563098,1.0652898033117713,1.767586428988128,1.767586428988128,2.812597513871512,0.0,0.0,0.0,0.0018567075329998196,0.0,0.0,0.0,1.773062558204464,1.773062558204464,2.999997267407473,0.0,0.0,0.0,0.0019208678579391483,0.0,0.0,0.0,0.36818186152613386
0,HH,53,6.505213034913027e-19,0.41319945704304656,0.41319945704304656,3.2456442692277774,6.42395019068074,0.19347089619571925,12.464227788834695,7.854909327438433,18.076944076226557,1.7092162112440865,13.425738360342645,0.004009437564083785,0.02936092206400135,0.04211637135696957,0.04517374355424868,0.053534047099117396,14152.148449215694,7.127045120540454,25281.25,3453.125,10.504309064129163,59.1720334604561,83.77238199126032,66.81396707059926,27.634974674745187,32.331390354966544,56.0674412368266,83.77238199126032,137.5156591138392,188.45443013612146,181.4536012798164,0.2149926775352728,4.550129344190543,1.325838131917942,1.7707077731708094,1.7707077731708094,2.781514051977679,0.0,0.0,0.0,0.0018458231605326249,0.0,0.0,0.0,1.753041684308656,1.753041684308656,2.817097128662864,0.0,0.0,0.0,0.0018157718847834259,0.0,0.0,0.0,0.49077220896470936
0,HH,54,9.75781955236954e-19,0.3949201480141921,0.3949201480141921,3.1433880311819458,5.65185546535429,0.10401958593061511,11.000746688366661,7.959553461579842,18.166338700338585,1.6912655295596195,13.46171840029102,0.003464180450533513,0.029148378823168536,0.038002741534966786,0.0499849073310247,0.05302819496867048,14381.730063898389,7.131938920357858,25906.25,5953.125,10.970196866662603,52.29152735994319,59.29650454265879,36.16905431605563,56.407017329968944,44.53202474749734,10.801445605913354,59.29650454265879,84.16304036753482,143.88859906445606,135.66770405912413,0.195386278395882,5.797069320995449,1.3466137771474784,1.7534514751837962,1.7534514751837962,3.033691239009834,0.0,0.0,0.0,0.001892387558620244,0.0,0.0,0.0,1.772823995812571,1.772823995812571,2.8238813596148944,0.0,0.0,0.0,0.001906230493751278,0.0,0.0,0.0,0.4397359982712652
0,HH,55,2.2768245622195593e-18,0.40993791077380926,0.40993791077380926,2.7347885053637384,5.166625973092209,0.08999222875219165,8.889992120402468,6.671226138111527,14.842059815787033,1.6562142727608837,11.048979946782735,0.004249849237051827,0.02363604159907596,0.04110841387004803,0.04560126947866189,0.049607771154200904,14285.709672148212,7.1413860629318275,25546.875,5812.5,9.672911100463539,47.49698401758028,46.87044113041489,13.496037540809485,49.25244728508787,11.849843415325209,31.38256851256846,46.87044113041489,46.54055635968453,136.68060217933618,164.90685513074257,0.19464378858811918,2.7938158784573863,1.130572546658095,1.7742587124153326,1.7742587124153326,3.12507656682557,0.0,0.0,0.0,0.002028959263302299,0.0,0.0,0.0,1.7607300762215172,1.7607300762215172,2.7805730307354106,0.0,0.0,0.0,0.002090455999032351,0.0,0.0,0.0,0.424449081331401
0,HH,56,-8.673617379884035e-19,0.38925661914368037,0.38925661914368037,2.7314700167649737,5.10559081688255,-0.040543106109902645,7.521025641530613,7.017144686625691,14.435306502186469,1.5730538630187578,11.03834655668645,0.0022250515797339596,0.024406510667135336,0.04246648366406103,0.03606554861557861,0.04379601474382803,13658.283791964126,6.978587155388689,26015.625,5812.5,19.085617624222873,78.40883236879074,86.59018525151464,40.96906912266472,66.10707247936338,19.886565261163348,16.175889536875324,86.59018525151464,24.671764745323486,47.5423660206236,96.11579707719474,0.19337807689833247,1.5526401137660395,0.8751341261349072,1.7549144881065528,1.7549144881065528,2.769277581679934,0.0,0.0,0.0,0.0019929228932430254,0.0,0.0,0.0,1.7619980506324533,1.7619980506324533,2.754567484280276,0.0,0.0,0.0,0.002071915530911266,0.0,0.0,0.0,0.502165102398321
0,HH,57,-4.7704895589362195e-18,0.4085612756466129,0.4085612756466129,2.954651413392606,5.45043944987436,-0.07938242481106467,7.397953817213759,7.231844008488497,15.317124401861982,1.595636388923698,11.539393458992308,0.0033511275880110875,0.02814954502748062,0.0407068494535384,0.04195259072317188,0.04634376351985328,13560.87594296252,7.090494731578127,25609.375,6234.375,12.147209669671494,53.9802001795228,18.30280708120648,24.594506071787638,33.54372976242198,32.21514573263574,71.64635968061506,18.30280708120648,72.0182435832917,118.69083885054692,110.96930703060276,0.201415993283494,1.729009821816276,0.9181526115875398,1.7649779470987155,1.7649779470987155,2.901179284772853,0.0,0.0,0.0,0.0018729149409913927,0.0,0.0,0.0,1.7716761023471148,1.7716761023471148,2.7984151010169533,0.0,0.0,0.0,0.0018745411878651793,0.0,0.0,0.0,0.5080795138562099
0,HH,58,4.9873299934333204e-18,0.4525841447286317,0.4525841447286317,3.6468669748048,7.26013183147501,0.3251799053832378,10.791759444357021,8.057876125959726,19.157423390389074,1.7231679828820825,13.88507415031439,0.005253532656729343,0.030843104970079492,0.04059237858603088,0.05262100780177908,0.061122725701109076,14646.523671794053,7.162482816137153,26343.75,3281.25,7.726682449819495,10.41310820547055,60.068494171247316,24.1586134170321,36.91354158455268,10.687781751817147,20.939096288436033,60.068494171247316,71.10402095172824,185.8948643501202,183.20137620842684,0.22820697330214498,4.012568058025973,1.4771918914622137,1.7700966964357205,1.7700966964357205,2.8537318753939145,0.0,0.0,0.0,0.001794939474103093,0.0,0.0,0.0,1.75078118098802,1.75078118098802,2.8492822044468062,0.0,0.0,0.0,0.001845360759975231,0.0,0.0,0.0,0.40479041689102546
0,HH,59,3.903127820947816e-18,0.42603842479349086,0.42603842479349086,3.6475367820035487,7.26013183147501,0.2944843575521727,12.700074695956815,8.561520674486156,19.8988223703435,1.711583079348815,14.653753919979954,0.004596707600084758,0.031955351390447057,0.0452278458223736,0.04895133018189126,0.05585767382254164,14123.189642636735,7.1125936741042075,26468.75,5843.75,9.839182681904862,102.75319727232893,48.3962693900508,33.370747184601,41.828242374035504,31.232749362796927,39.52303927330974,48.3962693900508,230.8261751413902,276.23703166256763,159.0367284000577,0.23564622179198458,5.258523910706671,1.4993963764955875,1.7558729971498275,1.7558729971498275,3.0555185232033715,0.0,0.0,0.0,0.0018761575664020891,0.0,0.0,0.0,1.772281230181837,1.772281230181837,2.769692263559801,0.0,0.0,0.0,0.0019021247422017652,0.0,0.0,0.0,0.4402948667042624
0,HH,60,3.3610267347050637e-18,0.4076469142220218,0.4076469142220218,2.910178897775798,5.59692382436232,-0.011511138389210852,8.99907679319937,7.138969525435073,14.95228590628322,1.5950329137076709,11.386891363052905,0.0036787735864123065,0.0424680947348602,0.05286596178324444,0.039787256371911196,0.04924868301724729,12602.978876764955,6.984431012219284,24828.125,5937.5,14.37053967228002,87.56313665028021,96.74367180128725,33.89318468588779,58.00100273948416,46.10859385430303,21.848243804408174,96.74367180128725,156.9454369201014,278.0351742670924,143.87196225318533,0.2323769520315313,4.457846501248875,1.4878813244327072,1.7769970050201538,1.7769970050201538,3.146287714227509,0.0,0.0,0.0,0.0020078510862818564,0.0,0.0,0.0,1.76037222616249,1.76037222616249,2.7714301930689813,0.0,0.0,0.0,0.0019802653727250858,0.0,0.0,0.0,0.4423506694224928
0,HH,61,-2.710505431213761e-18,0.41960053909305706,0.41960053909305706,2.9111094752951368,5.54809569939459,0.030410367705077816,9.02801096018706,6.9378115709298145,15.361992567729434,1.6472743073673632,11.428478750175925,0.0034298880956617245,0.029541341831650705,0.03890374965840526,0.04151784122835936,0.04863467763140028,13831.274529622739,7.123816012074153,26406.25,5953.125,11.342571116611614,24.491606598981818,53.41944059297356,17.733699481616526,105.18274195420905,46.428909520531384,22.035379724474407,53.41944059297356,82.37685010787465,125.70514173089406,153.15830504685482,0.21825768760694716,3.496810398997434,1.3727124913965685,1.7548150596696714,1.7548150596696714,2.8617473706981404,0.0,0.0,0.0,0.002101667581525205,0.0,0.0,0.0,1.7593871308582851,1.7593871308582851,2.906631019149574,0.0,0.0,0.0,0.001996966501491391,0.0,0.0,0.0,0.42087883162491574
0,HH,62,2.168404344971009e-18,0.37759716299582124,0.37759716299582124,2.8512261792421314,5.4687499967212005,0.023324071550336237,8.357729920439926,7.550973520598549,16.11782546084049,1.6086012145467667,12.146505176277469,0.004033047846049631,0.02578291803614719,0.037952740442956545,0.04178672024380992,0.038510887025795616,13488.412922756852,7.076254818285721,25421.875,3281.25,9.410436444665738,55.03261382237005,52.945429705588936,25.400419821916863,79.00658679167402,13.304966380793076,35.766436159568606,52.945429705588936,80.10860861991118,90.27667888536241,75.08458761426942,0.18422062764097044,1.6842526877043156,1.0411954292807328,1.762674024352027,1.762674024352027,2.926401711931779,0.0,0.0,0.0,0.0018527613199210643,0.0,0.0,0.0,1.7739261096777312,1.7739261096777312,2.7495558233063275,0.0,0.0,0.0,0.0018487097826057767,0.0,0.0,0.0,0.4422392284225436
0,HH,63,1.0842021724855044e-18,0.3812255425484295,0.3812255425484295,2.345442770237588,4.64782714524143,0.12351816672636241,6.418012578623262,6.152375715836196,12.50178363681949,1.553115827476876,9.555352100874634,0.005220067222774942,0.03370569085674088,0.030985973583322862,0.037665518048498214,0.04016925308755505,13336.1512295955,7.100166753650656,26359.375,3171.875,5.935933821349345,68.90491380845211,52.438543792309716,38.47224142345297,55.38442845362063,56.50936551346329,10.038147699394285,52.438543792309716,55.87590151666509,42.25098687625161,163.28559849607504,0.1893152715458838,1.1793510462137,0.8862344355375109,1.7705716164376524,1.7705716164376524,2.9867451131755907,0.0,0.0,0.0,0.0018100411259707764,0.0,0.0,0.0,1.7538090970685813,1.7538090970685813,3.0611148754849338,0.0,0.0,0.0,0.001782351233236683,0.0,0.0,0.0,0.4029345964015044
0,HH,64,1.3010426069826053e-18,0.4397634052921125,0.4397634052921125,3.420220313189683,6.09436034787828,0.11727665904806801,8.892402835287585,7.777410016438333,17.73096419143266,1.675065299791947,13.027669640819791,0.002415624831306859,0.03343529925941861,0.05420634666223144,0.042754760966920755,0.05806573075275246,13677.257358030254,7.056206582326577,25093.75,7781.25,22.439886333866582,40.5733946724087,110.64072504250304,10.461180168694193,38.441802662016656,35.61150728791754,57.06959397079319,110.64072504250304,121.76481156570536,217.5260200909823,227.85596689017024,0.2381744054483943,6.138856592827759,1.6249381850556412,1.7534307634283086,1.7534307634283086,2.864654009837233,0.0,0.0,0.0,0.001875960592979079,0.0,0.0,0.0,1.7723896477913192,1.7723896477913192,2.94516613799806,0.0,0.0,0.0,0.0018532144800522932,0.0,0.0,0.0,0.3761406481575148
0,HH,65,-4.336808689942018e-18,0.416095802956238,0.416095802956238,3.4129433311243718,6.09436034787828,0.18885772315919602,10.522459650970365,8.202301746059954,18.595823140773867,1.6801788391479286,13.781333826069162,0.004107633519662165,0.028699502662999005,0.03924681224007629,0.04944158513258043,0.05336356746363062,14351.15523166273,7.176783174822965,25937.5,3296.875,9.554604139502095,63.952908124195325,110.21355464508548,26.28555535196998,46.47353995451829,22.767217324429993,36.51361539820845,110.21355464508548,111.44210352421523,215.5826892033732,167.84701242055309,0.22164413582215198,7.827798799604986,1.6392810043660444,1.7744119905730285,1.7744119905730285,2.8844983561137303,0.0,0.0,0.0,0.0020157109379154835,0.0,0.0,0.0,1.764246305039767,1.764246305039767,2.762339484584447,0.0,0.0,0.0,0.0019586323258413553,0.0,0.0,0.0,0.41990413235499385
0,HH,66,3.469446951953614e-18,0.3972680971844938,0.3972680971844938,3.190633652099272,5.87158202698328,0.21351686900764885,9.481056070966712,8.031436892878641,17.006944444650454,1.6091508568276667,12.923793557765528,0.003071716022998105,0.0322345666145181,0.03867919632582971,0.039119802885627136,0.04440286726103465,13408.166418652907,7.093748913869729,24796.875,3265.625,12.592048230905595,93.09497070576121,37.783445993760544,43.05530112363533,102.50313267306251,19.507884344485852,24.931969398396458,37.783445993760544,42.98643074630006,100.0393066888231,116.27717394481807,0.2057246624166826,2.557273008018049,1.0006182520683669,1.7581407370359674,1.7581407370359674,2.941227671455575,0.0,0.0,0.0,0.001986266269773582,0.0,0.0,0.0,1.7603194043446084,1.7603194043446084,2.690813470241809,0.0,0.0,0.0,0.0019766221465426256,0.0,0.0,0.0,0.39526476473581396
0,HH,67,-8.673617379884035e-19,0.42485929882603096,0.42485929882603096,3.188412634028097,5.87158202698328,0.17242453754160678,8.476405985346188,7.504631869493732,16.091785710479666,1.6178820856070042,12.141609460757888,0.005212914876244535,0.043497019622068034,0.03813173362520606,0.043011740521630475,0.05345992610127127,13459.6036237254,7.072999197482018,26281.25,3281.25,7.3148582938998405,80.21064351674912,89.77568138447032,49.346695922086894,40.87432740278537,29.294792662314023,16.847668753752412,89.77568138447032,87.92379901667316,118.99680179405699,137.8028667262692,0.21581563022856323,3.2582898685049297,1.3466751592396875,1.7689138275888165,1.7689138275888165,2.9249397323106194,0.0,0.0,0.0,0.0018688246767158347,0.0,0.0,0.0,1.772436046305105,1.772436046305105,2.797759278347529,0.0,0.0,0.0,0.0018734808235042228,0.0,0.0,0.0,0.4567374857433834
0,HH,68,-1.3010426069826053e-18,0.40275877865784676,0.40275877865784676,2.6765130442314065,5.16357421530188,0.24026923432672606,8.120640230152862,6.645449301301321,14.319919858265857,1.618030900235632,10.752542315481524,0.004480373366686911,0.026665030850063217,0.035228595518996875,0.03952364315524167,0.04264558209338848,13775.477574030556,7.07101217798588,25828.125,7750.0,7.86287048598907,59.20948836900326,40.7570952393357,33.87838267838939,37.18187962317476,19.72320940048311,26.56080735450454,40.7570952393357,74.67861943029101,49.67054607711114,93.04325302290734,0.19059637305260893,3.9757101730947797,1.369455587017828,1.7757670610684464,1.7757670610684464,2.899128914701081,0.0,0.0,0.0,0.001854601350143197,0.0,0.0,0.0,1.753074835313691,1.753074835313691,2.6938645575879465,0.0,0.0,0.0,0.0017863386519088344,0.0,0.0,0.0,0.40340746289455376
0,HH,69,-2.2768245622195593e-18,0.38758346519767345,0.38758346519767345,3.152173010323782,5.59692382433414,0.07176496817102299,9.93438852178359,8.132888250813263,17.569418930554953,1.6278493162937706,13.239116578614166,0.003571037130938909,0.030578743922992892,0.035768384465800045,0.04907274223224041,0.05303758744503727,14338.134435874763,7.112070338259083,26609.375,3375.0,10.016245461547317,35.44330991630918,52.35367852494825,13.345580545080692,36.37729582660478,5.996092908618908,26.45458254835919,52.35367852494825,36.79797538272076,67.16454185500922,123.91257880989485,0.18796873476334774,3.0263300075723185,1.1293992547597074,1.753927977296591,1.753927977296591,2.774751177085979,0.0,0.0,0.0,0.0018510193901633254,0.0,0.0,0.0,1.7731708724333408,1.7731708724333408,2.7309997476470267,0.0,0.0,0.0,0.0018809147706000914,0.0,0.0,0.0,0.4177119605348751
0,HH,70,-2.8189256484623115e-18,0.43914065300556093,0.43914065300556093,3.1548447885205313,6.16455077708402,0.24375101180783545,10.342138860170955,7.184132844274376,16.481542287396685,1.6948834870162197,12.176268126319233,0.004702628920595986,0.030410655676543667,0.046917372728083356,0.0514736670889588,0.06234175058899516,14425.597078235025,7.156115121739408,26000.0,3265.625,9.976839234034323,48.30882652000308,49.81685157170138,33.48156890390554,67.40465740611215,29.005056300026936,31.92464259162274,49.81685157170138,126.07942887946021,189.01114036204538,184.4886728892319,0.22615731148442478,4.44103104764225,1.2496582800863356,1.7758209771085112,1.7758209771085112,2.939812776479357,0.0,0.0,0.0,0.0019583917913645705,0.0,0.0,0.0,1.7643874991962385,1.7643874991962385,2.733126630326863,0.0,0.0,0.0,0.0020355630082252245,0.0,0.0,0.0,0.4270448121957795
0,HH,71,1.3010426069826053e-18,0.45107781684466003,0.45107781684466003,3.368550536964306,6.37817382408402,0.12837831668205868,10.343649486705695,7.467781414125455,17.688804215501584,1.7284063267179797,12.90736064274999,0.005882490985197311,0.033270289848689294,0.047740623726001616,0.04713550594234013,0.05951901253375777,14069.173784999097,7.070733541136558,26375.0,5953.125,8.11571557661887,27.671390113787655,98.21030205880892,56.158230983851276,38.83709312526555,5.870769492947194,49.624330413292675,98.21030205880892,95.10075088339856,260.32359493883746,263.73781873322207,0.23658152748284636,5.265912388282148,1.4825480439115475,1.7609817529813716,1.7609817529813716,2.9121449725880506,0.0,0.0,0.0,0.0020264873908330825,0.0,0.0,0.0,1.759920706650057,1.759920706650057,2.87051756707534,0.0,0.0,0.0,0.0019796930625940144,0.0,0.0,0.0,0.46673555027903874
0,HH,72,-6.071532165918825e-18,0.3983858064765436,0.3983858064765436,3.3748917261102043,6.37207030846305,0.18629765739911186,11.4536185391491,8.471415575646121,18.730422009805682,1.6601082310715065,14.063466725992793,0.0027377069202183905,0.030028086728700866,0.034672460909375286,0.0378522582592403,0.04942792685712946,13499.667561021877,6.948037199725722,25281.25,5953.125,12.66478184375727,59.5842788668388,86.52574982524507,23.021136568524877,38.66989959989514,5.171200310388683,19.291047291193856,86.52574982524507,137.01668087589957,201.20227272736156,95.13743522528682,0.2133219535903846,4.379253365860564,1.3171719809998526,1.7649612364990768,1.7649612364990768,2.774287224782123,0.0,0.0,0.0,0.001885444752544846,0.0,0.0,0.0,1.7769169584146498,1.7769169584146498,2.706284826029427,0.0,0.0,0.0,0.0018689463863554908,0.0,0.0,0.0,0.46927267604562445
0,HH,73,0.0,0.40322368966165195,0.40322368966165195,2.9988661388548126,5.39245605146305,0.34846818427543547,9.04324368988728,7.4372270670995215,15.879867740475403,1.6180506622589437,12.033810181320366,0.005026836539823407,0.028505862316285813,0.047409219884853734,0.04890398506599057,0.052142529001956914,13762.31639518202,7.074315319863559,25140.625,5953.125,9.431223693040154,19.191774420769946,79.37200577245844,36.07728611859617,81.45439324905884,29.554757328241088,40.55693824859877,79.37200577245844,29.618415848766727,142.96782838201926,183.1306257865795,0.21290960824718827,2.8438936441608496,1.2213921037586173,1.7728412812314351,1.7728412812314351,2.87093157601083,0.0,0.0,0.0,0.0017881400530301195,0.0,0.0,0.0,1.7542492348821126,1.7542492348821126,2.7468746867132707,0.0,0.0,0.0,0.001801796273260146,0.0,0.0,0.0,0.4250808080090149
0,HH,74,-5.204170427930421e-18,0.39553024735009434,0.39553024735009434,2.5148585422054914,4.904174801785739,0.2111646980310287,7.637790807645603,6.358195255730127,13.597289726781277,1.6131234435654103,10.256553825810567,0.004466403368459355,0.02949393128504267,0.03546010505475308,0.027923085465161743,0.04143462824859369,13462.714760987314,7.016990904715889,27046.875,5859.375,7.939297488718629,55.27051860561882,60.326721244044656,38.44837185233433,62.921206391809015,24.596007597686928,30.45664057657677,60.326721244044656,34.0214080465196,103.19580489288167,126.94587289236925,0.19937172360422303,2.3115850925308132,0.9587817111716402,1.7544870453130035,1.7544870453130035,2.8184792323452177,0.0,0.0,0.0,0.0018635697271136259,0.0,0.0,0.0,1.7709162632726037,1.7709162632726037,2.8365933848760148,0.0,0.0,0.0,0.0019078538975488026,0.0,0.0,0.0,0.3422089483008067
0,HH,75,1.734723475976807e-18,0.36336171456162597,0.36336171456162597,2.856068311571607,5.18493652034627,0.013795006486034935,9.921437226668187,7.860124490576618,16.613287666862448,1.6113439334161908,12.665363913821515,0.00306513849753448,0.02330632565021666,0.03585965092699734,0.03297132671895098,0.04192520832175976,13814.48647431542,7.073986781399691,25546.875,5843.75,11.699194324870717,30.92004052876227,43.36209792056761,36.337036896525284,65.13889579453306,24.351189712167706,28.166307027798986,43.36209792056761,23.762897178771986,69.52559189422144,146.12576700174097,0.18711555418400314,4.775005656403383,1.3178230583252108,1.7758621313861005,1.7758621313861005,2.816571125368474,0.0,0.0,0.0,0.002024321628076464,0.0,0.0,0.0,1.7651867415113813,1.7651867415113813,2.744287046476364,0.0,0.0,0.0,0.002029702282823639,0.0,0.0,0.0,0.4091868713427687
0,HH,76,8.673617379884035e-19,0.4236228089774493,0.4236228089774493,4.408522692392745,7.26318358928533,0.4124597025302854,12.408443220454753,10.406717010879879,24.106981156865793,1.7096243849330113,17.791577168939416,0.003417039578301389,0.035572505431530566,0.04033459802514508,0.04755150820518568,0.05854094981957306,14179.66768909113,7.129727856485328,26750.0,7796.875,11.803959857377905,83.33311125389075,72.72638950291653,40.48225124360326,59.88335071018105,39.77062204600256,43.112424323235814,72.72638950291653,143.77341575078648,192.91235057847797,187.97294449012088,0.23030050243810435,5.169091624698453,1.3102319161277935,1.7623098403926036,1.7623098403926036,2.9868483636470264,0.0,0.0,0.0,0.002068194280611299,0.0,0.0,0.0,1.7589287135151488,1.7589287135151488,2.8750297936598126,0.0,0.0,0.0,0.002051600101417365,0.0,0.0,0.0,0.4484904665222081
0,HH,77,-3.903127820947816e-18,0.44476969741471317,0.44476969741471317,4.407343265479301,7.66906737728533,0.3998477199835403,11.433909154768198,9.909270553024854,23.649112955555598,1.730199485945724,17.14501481697925,0.004831877361886321,0.03486049379112981,0.040830103138743135,0.04411928897819333,0.06038467774364387,14249.956132356974,7.117755587903704,26578.125,3281.25,8.450153030033293,56.61430104335912,108.71492801102642,46.34798791274831,45.07713831837333,39.43534501203124,59.86086160681596,108.71492801102642,128.88860375108345,252.27005659641242,214.05920435093716,0.2432307328896424,4.427424927216165,1.5580562922736592,1.7639121610201047,1.7639121610201047,2.8484659578773277,0.0,0.0,0.0,0.0019151211709678233,0.0,0.0,0.0,1.7765103959499406,1.7765103959499406,2.9363613007362073,0.0,0.0,0.0,0.0018746568055546433,0.0,0.0,0.0,0.44577030725377015
0,HH,78,-5.637851296924623e-18,0.38394428533611324,0.38394428533611324,3.254882243652471,5.96313476122522,-0.21517230885552516,10.951334370328077,8.477485843537425,18.381122607828626,1.6370125978964167,13.87775112439544,0.0033520653824048716,0.029399690574974702,0.033544553030198355,0.03304183517215414,0.04105114413182788,13580.950521997847,7.0703161938515855,25875.0,5828.125,10.007129692716603,59.62802843657328,107.687909702196,16.42370529940981,75.1285367778853,12.594530112062861,14.364868572669334,107.687909702196,71.78088994458535,139.66768831257306,108.88841395387618,0.2041247241186736,3.818034707972724,1.2683465127820623,1.771722736190906,1.7717227361909063,2.778818117264638,0.0,0.0,0.0,0.0018570043627748124,0.0,0.0,0.0,1.7548184393272896,1.7548184393272896,2.7497636687573306,0.0,0.0,0.0,0.001868720217445059,0.0,0.0,0.0,0.344392051209291
0,HH,79,-5.637851296924623e-18,0.38618570198684504,0.38618570198684504,2.344442157382765,4.4281005825882005,-0.0328242398626861,7.397457547999013,6.070763742197154,12.476963068917772,1.5734694891639853,9.552161524294934,0.005402851264164244,0.02637877159356395,0.046868297181969776,0.03522071141815466,0.04940122084314881,13562.146579794144,7.059243482922925,25390.625,5859.375,8.67473392876104,25.66467435067009,25.426807678251986,26.576304597802014,40.838935735051926,34.65576601249528,34.21592492006915,25.426807678251986,89.0887918872127,126.66688858956476,187.15832625569533,0.19565183313356382,2.582169700070268,0.9750598466856657,1.7531071420077753,1.7531071420077753,2.7553351328246674,0.0,0.0,0.0,0.0019367161536240414,0.0,0.0,0.0,1.7687454828328797,1.7687454828328797,2.87869651387797,0.0,0.0,0.0,0.0018891727745560774,0.0,0.0,0.0,0.4035718684228586
0,HH,80,2.6020852139652106e-18,0.4115470963101468,0.4115470963101468,2.975528685002364,5.06896972293906,-0.10960104803635415,6.60659910541354,7.230104917938092,14.953006589623786,1.5723127533771142,11.367986170756277,0.0029395694379076654,0.02706172982037266,0.046020288359918955,0.03940620924653428,0.04420011301460977,13519.155599302261,7.001550657654525,24984.375,7812.5,15.655452036887398,27.37461258810146,33.82120972111639,57.28283485582734,26.30187827497588,49.036340573928875,20.274216653838163,33.82120972111639,55.978560306082436,91.16895661187813,125.39555693930579,0.19807792753936765,1.9545063213821985,0.9381670497735728,1.7734947203729885,1.7734947203729885,2.8193407139282742,0.0,0.0,0.0,0.0020238878176593988,0.0,0.0,0.0,1.7642519448533058,1.7642519448533058,2.8560600451122204,0.0,0.0,0.0,0.0020677569137917268,0.0,0.0,0.0,0.34373215267625895
0,HH,81,-1.951563910473908e-18,0.38509263251751186,0.38509263251751186,3.000789879016055,5.09033202812858,-0.2823986869981499,8.904151966652286,7.792384547558966,16.814296425550786,1.620226182438513,12.625425467617108,0.0041254658868976855,0.02635481802684808,0.03556572167122646,0.0398960881779758,0.04986523108910122,14427.80607729526,7.142102208987567,26593.75,3312.5,8.621019452750959,19.174698214612178,25.41800606515359,53.73994922500832,72.26831426094085,21.84711127937323,36.1756388399523,25.41800606515359,45.18991018723869,80.13236922868069,134.75148266372594,0.18800648843819995,2.218618436352454,0.9709383656698768,1.7593315543948198,1.7593315543948198,2.7718030028479963,0.0,0.0,0.0,0.0020487022305489618,0.0,0.0,0.0,1.7578271135020873,1.7578271135020873,2.9125677254136084,0.0,0.0,0.0,0.002048058130252195,0.0,0.0,0.0,0.4848678755226795
0,HH,82,-5.204170427930421e-18,0.4026651042677561,0.4026651042677561,2.9992125911030976,5.64270019182604,0.14235450076169107,10.202663296471012,7.448404540914212,17.38973006503296,1.7074673255999757,12.71790738149309,0.008214194090523073,0.03388312250877192,0.028206995354236403,0.04327938886394676,0.0527114022405453,14146.15146144581,7.161539968676225,27531.25,3359.375,3.43393338895481,76.51417740684943,107.85709084764713,30.973613979035594,35.74191105440262,2.695041285643321,15.666693887601552,107.85709084764713,100.03733435864457,167.23903155514918,166.31056713337424,0.20610543733389958,3.811137206322508,1.36563687368804,1.7622154275225252,1.7622154275225252,2.8243278234021054,0.0,0.0,0.0,0.0018915195261047677,0.0,0.0,0.0,1.7735461222250204,1.7735461222250204,3.0223123830866845,0.0,0.0,0.0,0.0018761063708353917,0.0,0.0,0.0,0.5009961430813958
0,HH,83,-4.228388472693467e-18,0.44368539310410454,0.44368539310410454,4.0815658837517566,7.26928710428156,0.08915830100910026,10.970244791100924,9.199234293441965,21.678559243029017,1.7197529074357212,15.820409922364867,0.0047472173986462165,0.035209895709443724,0.04509396440492411,0.053293749386978576,0.059149277767049285,14223.018463042348,7.122013546538284,26343.75,3265.625,9.499030823464016,14.892155787884858,110.45026951898035,45.775473238936904,15.038558549214999,24.00958056801718,39.53392272775774,110.45026951898035,98.60321724779057,205.2356479219483,199.27830941531784,0.2193488999346438,3.428313276145185,1.3368511309052096,1.7748619208870864,1.7748619208870864,2.857288787473169,0.0,0.0,0.0,0.0018370357011137496,0.0,0.0,0.0,1.7517755913499031,1.7517755913499031,2.927155739834413,0.0,0.0,0.0,0.001825454389282252,0.0,0.0,0.0,0.44642051189672466
0,HH,84,7.589415207398531e-19,0.40986864463104594,0.40986864463104594,4.080484059446972,7.26928710428156,-0.1384632857461578,12.096682699597341,9.955589706331821,22.571266648065308,1.6833499716167113,16.758741649622184,0.0027837361660602144,0.023347294020050313,0.042015547061559584,0.047290169714215846,0.043305987874363336,14017.26227798685,7.118753275551566,25359.375,6000.0,15.09322167766007,83.71583200333608,54.83481310395403,12.017821756409278,39.91428766802351,8.651625728319669,51.058359018522616,54.83481310395403,134.86455537815903,140.10245592085204,150.65695949212807,0.20316589454172948,3.4994108039808767,1.0681616026383618,1.7557188064516938,1.7557188064516938,2.972399417493708,0.0,0.0,0.0,0.0019348061507959834,0.0,0.0,0.0,1.7668608373706454,1.7668608373706454,2.764355550367108,0.0,0.0,0.0,0.0019050317266037762,0.0,0.0,0.0,0.467438157941435
0,HH,85,-5.637851296924623e-18,0.38389141028049295,0.38389141028049295,2.5131970627431732,4.80346679416477,-0.12342003330824379,7.956001785242908,6.54663531257535,14.073530688448148,1.6154733139247974,10.575914643490751,0.002940216210983882,0.03255178106539505,0.03814808081444661,0.03656376270131779,0.04378577996439975,13372.543316849666,7.03950454166244,25578.125,3390.625,12.974583521769837,39.677688738775174,58.17210996928562,27.719583909541967,47.92703011880046,12.256908371992505,15.214668017322746,58.17210996928562,38.30215577870887,42.53777445100204,119.15918721681211,0.19085287365957498,2.279422011990257,0.9485780516058322,1.773609293180925,1.773609293180925,2.9797316805914296,0.0,0.0,0.0,0.002029148012318742,0.0,0.0,0.0,1.7629393553422448,1.7629393553422448,2.74755808753083,0.0,0.0,0.0,0.0020477175429557824,0.0,0.0,0.0,0.5900993905215909
0,HH,86,5.637851296924623e-18,0.40593525686791143,0.40593525686791143,2.994757143908925,5.56335448875347,-0.18052843377348185,7.020370287000837,7.377425570294874,15.403199472477676,1.581925278623975,11.670536000845107,0.005241023147738848,0.04127228469435591,0.03150718020971642,0.04267276799338178,0.042558655150006605,12983.090121695774,7.037203517019209,25906.25,3296.875,6.011646832221685,55.74573164812334,27.544445381867945,4.013628406855412,60.302471460871736,34.2639596942782,27.120604017085387,27.544445381867945,47.72887263285577,101.11981662056161,146.8707115435418,0.19622081112025852,2.191827144639533,0.9836050119964546,1.7584933630808608,1.7584933630808608,2.794851799027209,0.0,0.0,0.0,0.0020274316946445143,0.0,0.0,0.0,1.755278669090458,1.755278669090458,2.8237481771130337,0.0,0.0,0.0,0.002036341563358658,0.0,0.0,0.0,0.4294979369557213
0,HH,87,-3.469446951953614e-18,0.4186869918845092,0.4186869918845092,3.1824797368967284,5.749511714753471,-0.05580309220097124,8.960094670039561,7.601095325567182,16.16730926572964,1.6092905588453144,12.232370944347732,0.004017978519690525,0.03148874222308635,0.03369148014595459,0.044745841314876564,0.04577293351627489,13908.416916480553,7.076508230869939,26437.5,3250.0,8.385181745611822,16.32803716142437,17.0031081557614,32.55752805893015,30.655147198534547,32.03469502114939,35.17199773278777,17.0031081557614,26.361597964020902,133.32408147774038,134.6638268056508,0.2004743123622719,4.066283597117984,1.2253171269438645,1.7608413753851453,1.7608413753851453,2.9327085378770903,0.0,0.0,0.0,0.0018652476389201071,0.0,0.0,0.0,1.772531553468492,1.772531553468492,2.9002895518289966,0.0,0.0,0.0,0.001872096448474852,0.0,0.0,0.0,0.5196875295788371
0,HH,88,-2.168404344971009e-18,0.41421316945249,0.41421316945249,3.190647063338598,6.231689448809821,0.21439343697228236,10.890701688440908,7.702910719976181,17.469667985840797,1.6813256149874876,12.951101103488929,0.004205836056070882,0.02637267032359541,0.03975074881810342,0.059308194009745366,0.049711220672402245,14215.868876757444,7.1806897598300505,24718.75,3421.875,9.451331026389907,88.63894203151116,109.03186640622971,15.292597420895582,62.12911856599139,15.800122304976393,28.638435050154563,109.03186640622971,107.4138627427937,148.54627793363105,143.60051984179265,0.20483627780465713,4.739353688541788,1.2315996745814124,1.774905639625877,1.774905639625877,2.933170976790853,0.0,0.0,0.0,0.001802483498494216,0.0,0.0,0.0,1.7532508855154223,1.7532508855154223,2.887922254689066,0.0,0.0,0.0,0.0018455852455641155,0.0,0.0,0.0,0.44223473696621113
0,HH,89,-1.1275702593849246e-17,0.4296561969184021,0.4296561969184021,3.042142091170725,5.694580074809821,0.029985059014470235,8.620025402210961,7.080410134853452,15.609625705856168,1.6437350501693078,11.638318308259699,0.004152397826432816,0.03319514825701349,0.042672181910732646,0.04687777180808691,0.05198235148116445,13699.142789499423,7.106522681665274,25687.5,3296.875,10.276515807040182,36.10662232615203,102.95845068841824,51.2109978948128,34.99083953571469,21.348385526521163,19.748487342846424,102.95845068841824,173.73724091890443,232.6035145618136,123.35834959168882,0.2178485991709009,3.860652871523085,1.3185434094337753,1.7553990420843024,1.7553990420843024,3.0262325190679036,0.0,0.0,0.0,0.0018517517691762672,0.0,0.0,0.0,1.7680365572516101,1.7680365572516101,2.7614859071846642,0.0,0.0,0.0,0.0019084442909011086,0.0,0.0,0.0,0.3622765631730957
0,HH,90,-6.288372600415926e-18,0.42309780621058807,0.42309780621058807,2.64628156889733,5.07812499709221,-0.13562511532538077,7.599477945669507,6.254538619786518,13.374003880003194,1.6097214479560376,10.068064963363506,0.0034241817864894887,0.036530914734006506,0.04462790272891826,0.04021180145146892,0.04793076638483843,13258.153862669742,7.058110600986552,25531.25,3281.25,13.03315813779798,45.40227530762507,36.94542256817367,38.82178339229753,55.09162851773599,31.42876672726695,19.687965199782855,36.94542256817367,105.67304993892715,178.26567852172508,139.22326297216145,0.21114759131786642,4.144943806435855,1.3113107247938929,1.7739153407567774,1.7739153407567774,3.134449950602952,0.0,0.0,0.0,0.0020660947154544987,0.0,0.0,0.0,1.764671801716339,1.764671801716339,2.826401903923896,0.0,0.0,0.0,0.0020182648536127305,0.0,0.0,0.0,0.46151988147891126
0,HH,91,-3.903127820947816e-18,0.38438748261994427,0.38438748261994427,2.617837486474514,5.18493651956396,-0.046247095026534846,8.717584096927052,6.8104129422342305,14.653226419993308,1.6207413241015076,11.037917689703468,0.005219947133168344,0.0260171124544379,0.035685010822311194,0.04772501554742148,0.0510467015904021,14338.516617550978,7.151151314884598,26312.5,5937.5,6.836278204567798,43.589604526389856,40.36952250847506,37.117342767795144,48.681705438120176,51.7770457126285,21.258185262977108,40.36952250847506,43.343206518122805,82.59510707268966,149.0369379796938,0.18813627788270954,1.6215694620659322,0.88744537335287,1.7599409533329853,1.7599409533329853,2.736952429508127,0.0,0.0,0.0,0.0020238378269950077,0.0,0.0,0.0,1.7563168422371505,1.7563168422371505,2.7162196955838347,0.0,0.0,0.0,0.002024217367339281,0.0,0.0,0.0,0.4408788393099156
0,HH,92,3.0357660829594124e-18,0.3872704048626253,0.3872704048626253,2.5688588602219413,5.06286620756396,-0.23361340671675507,8.082608198174766,6.633243408120865,13.963125639924268,1.5994660970881411,10.609647945050115,0.004151337931517297,0.0228733783656295,0.04275998087524073,0.03361139013222763,0.044548303434276446,13862.473935121085,7.057186530523813,25859.375,5953.125,10.300289104460315,60.449177517618956,21.50960616726909,32.82770449834648,47.66807190250403,59.35046428902296,29.228994977943184,21.50960616726909,30.910513223003313,52.04445985700976,133.15265651632993,0.19548684370343003,2.307405445791507,0.9237534489499993,1.7608215222164527,1.7608215222164527,2.9494034233584894,0.0,0.0,0.0,0.0018675925337804733,0.0,0.0,0.0,1.7736639219108117,1.7736639219108117,2.918099672400003,0.0,0.0,0.0,0.0018995481360662902,0.0,0.0,0.0,0.48801820777085053
0,HH,93,-6.7220534694101275e-18,0.4285857455129258,0.4285857455129258,4.21799048501836,7.144165034414399,0.01409691655543044,9.8342074648651,9.841649026288737,21.749570657671814,1.6495191853373745,16.233988884258043,0.002157581039515514,0.025843579025617562,0.04379530364808918,0.04344384410803882,0.04911333790424722,14083.423587778407,7.104246430822952,25734.375,6015.625,20.298335416233126,27.53577327778065,48.59072469107004,16.916769723768077,3.3319636993420882,18.664988094722112,29.499967573622396,48.59072469107004,12.410351098173082,108.17510465003775,176.72890714706352,0.21540708731426209,5.346047959404162,1.66318267385156,1.7749666872440593,1.7749666872440593,2.993310064109569,0.0,0.0,0.0,0.0018363872439343897,0.0,0.0,0.0,1.7532883294829489,1.7532883294829489,2.8304868371455316,0.0,0.0,0.0,0.0018273447202552854,0.0,0.0,0.0,0.454379746532841
0,HH,94,5.637851296924623e-18,0.4315381479742697,0.4315381479742697,4.220172015018196,8.175659174414399,-0.1808283204991998,13.22831972383273,9.779371846541927,23.42580153992336,1.7435145717488938,17.050477317036247,0.0050770281669134405,0.03544377443689478,0.04922480971124139,0.04921184594529958,0.06404725011538066,14245.528566061415,7.1378848175892955,25953.125,7750.0,9.695595155910238,71.6430782833221,121.1357150611957,19.931221433068274,69.60304106595026,30.661149160379555,41.66196775447253,121.1357150611957,83.45147770003179,146.70953578598883,166.82194143579989,0.2166156371709063,6.986310603462686,1.6774777928492688,1.7548996767682317,1.7548996767682317,2.822074820506227,0.0,0.0,0.0,0.001978939739879321,0.0,0.0,0.0,1.7669237787032628,1.7669237787032628,2.7336970276898063,0.0,0.0,0.0,0.0019117767883408718,0.0,0.0,0.0,0.4545311636373241
0,HH,95,-3.903127820947816e-18,0.4165250171964879,0.4165250171964879,3.9573699211094637,6.91528319868484,-0.47908442893386344,12.182753920047892,9.5009177305505,22.049457690512725,1.7133944331991322,16.27881954984724,0.00485050851694642,0.03221445781284157,0.03789719348274894,0.052137529933592185,0.05749048057922648,14435.164595429973,7.166662994853059,26781.25,7750.0,7.8130351369414015,20.898577163659347,60.75433757846593,26.231409731935884,55.02036532428225,47.766852063927026,21.768717228710514,60.75433757846593,127.1731829592705,199.984382223935,111.34685904783326,0.2182778131567863,4.749960553721512,1.2485650840683926,1.7734242474995534,1.7734242474995534,3.051284937150293,0.0,0.0,0.0,0.0021072255664555026,0.0,0.0,0.0,1.7632875544983075,1.7632875544983075,2.7911300906644727,0.0,0.0,0.0,0.002048064839459699,0.0,0.0,0.0,0.3921049962016035
0,HH,96,2.168404344971009e-18,0.4292651951556778,0.4292651951556778,2.9641926272522556,5.51147460608009,-0.15416191656486697,9.215109977957452,6.90527128846389,15.399146748988256,1.6648061673157546,11.495938228049871,0.005723596106514142,0.0278858149363357,0.04871075432247285,0.04482457645809754,0.047170525846081265,13396.682747079603,6.984878642415918,25390.625,5937.5,8.51051566313766,56.898784163840894,26.334853019245976,48.05413242451828,33.70852174798193,18.910093543783887,46.95956456067741,26.334853019245976,64.20408827289953,188.09409202722316,81.17247928404227,0.21941368029290365,4.414882729580495,1.4653407380648744,1.762053540520115,1.762053540520115,3.013511413466373,0.0,0.0,0.0,0.0020571661697758262,0.0,0.0,0.0,1.756676845759051,1.756676845759051,2.8526157997535817,0.0,0.0,0.0,0.0020387466528700117,0.0,0.0,0.0,0.41766105315518615
0,HH,97,6.938893903907228e-18,0.39491013321439367,0.39491013321439367,2.9585674389057695,5.44128417643898,-0.061602068582454914,9.921945590835767,7.4917486031995395,16.356426869164224,1.644961966776019,12.323641516941812,0.0041194840833662805,0.0231728693481246,0.036998817181289806,0.04914683323634025,0.046099592847248086,14209.326479529853,7.129483078663108,25328.125,7734.375,8.981420105906661,23.77975438602902,93.62010318560847,30.16763590791124,54.89869984363277,35.116662355100274,24.07902587623714,93.62010318560847,30.764276290088326,102.33859204897244,114.4874559153045,0.19161104517847885,5.134612219458527,1.4911252452415003,1.7606834544761567,1.7606834544761567,2.729214228971169,0.0,0.0,0.0,0.0019211837384071225,0.0,0.0,0.0,1.7758834499337928,1.7758834499337928,2.8137902703837816,0.0,0.0,0.0,0.0018672307064242783,0.0,0.0,0.0,0.5623361465527547
0,HH,98,-6.5052130349130266e-18,0.365515887877672,0.365515887877672,2.5136716647204445,4.64782714535429,0.1537958224102313,7.772181502876039,6.877051718076955,14.10929257140793,1.5704362218359875,10.799971117537007,0.004581453642142968,0.02742476813954001,0.03560594582662881,0.034125132956244024,0.03679139379959917,13258.039392047793,6.98729922766015,25515.625,3265.625,7.771757306749135,53.74300372822565,24.089165881903874,22.23955483925401,62.01755424841564,27.142817237609968,21.728834465063578,24.089165881903874,41.00839402756029,87.59834309625458,106.91270170484493,0.1844947270171509,2.830839754752371,0.9835250390414043,1.7740611284646184,1.7740611284646184,2.9917786345967396,0.0,0.0,0.0,0.0018046467697529944,0.0,0.0,0.0,1.7544728093783324,1.7544728093783324,2.818547168918213,0.0,0.0,0.0,0.0018784361537299028,0.0,0.0,0.0,0.5354297873496265
0,HH,99,-1.734723475976807e-18,0.4080187873658823,0.4080187873658823,3.129234162886587,5.6915283160719,-0.018141100846923844,8.574901871220073,7.669338422088007,16.627302337694644,1.6253197017695271,12.465126836988205,0.005703243402547349,0.029068025615528067,0.038071000124374685,0.03307566191916512,0.047438578968429276,13705.737052525055,7.108845913833338,26406.25,5812.5,6.675324447961484,37.1951361841552,39.73413038872371,30.691432589170454,19.69402660671759,62.66521404092769,16.335038079785264,39.73413038872371,27.31232612286307,121.2300123113494,173.392386555505,0.20221323133009125,3.8297216398845313,1.3675078268532754,1.7558821467359185,1.7558821467359185,2.8827419294732515,0.0,0.0,0.0,0.0018907856515094188,0.0,0.0,0.0,1.7680707471725507,1.7680707471725507,2.739253357324713,0.0,0.0,0.0,0.0019257321095131502,0.0,0.0,0.0,0.49365865738203046
0,HH,100,-1.3010426069826053e-18,0.4115432569083062,0.4115432569083062,3.4333907045090517,6.64062499512022,-0.1908081884548677,12.275880342255553,8.342721322404476,19.798820369107084,1.7329984329303003,14.45792297813629,0.004234538118179892,0.03166042916746129,0.036045058005222376,0.05310579280554232,0.0539917923373805,14412.414371806719,7.168858711100161,26765.625,5875.0,8.512158112819932,63.55279942615398,80.18149198346332,76.42875524532435,57.43226792704503,10.830075910639085,43.62555291451905,80.18149198346332,63.16319149242634,136.86744846706432,169.65095300648906,0.21444171009882254,7.1128020299934285,1.3852302499602394,1.77395703755325,1.77395703755325,2.874039165971748,0.0,0.0,0.0,0.0020613474082433712,0.0,0.0,0.0,1.7655963720958938,1.7655963720958938,2.7265270385004627,0.0,0.0,0.0,0.002051715162689657,0.0,0.0,0.0,0.46045681822276446
0,HH,101,0.0,0.39594248822061295,0.39594248822061295,3.533641246605928,6.74438476067665,0.2988281987054935,14.09265129089238,8.924632621463232,20.691816760313166,1.7159296694312267,15.314041903981222,0.006388979908038334,0.030190866831621622,0.03671304393331622,0.041600255683639994,0.05800595447010441,14582.504266295642,7.166219340936074,27375.0,3281.25,5.746307619684195,45.53541852581445,97.38746247787743,23.952519035225915,36.19663465680754,29.008375783950537,69.70261875830798,97.38746247787743,119.8818520664796,139.59450863726397,159.51030085608753,0.20913629972348713,6.554039139179901,1.3180295632854968,1.7631222853633413,1.7631222853633413,3.142031931391087,0.0,0.0,0.0,0.001979539486610395,0.0,0.0,0.0,1.7538209877605475,1.7538209877605475,2.6459109881326395,0.0,0.0,0.0,0.0020142187608966863,0.0,0.0,0.0,0.5251369421249644
0,HH,102,-4.9873299934333204e-18,0.40326973622287726,0.40326973622287726,3.5308487689988546,5.91430663667665,0.5623906431779844,10.054345057878885,8.755551066293469,18.91219333134682,1.630950515087789,14.279870521484185,0.0026376930105824585,0.021825946763521703,0.03810546190574504,0.033758327999134724,0.03974917350279965,13657.573233406416,7.0332475184151955,25609.375,5812.5,14.446511303028412,46.758095715965325,52.877296185088504,22.808165544183645,28.151369562047897,14.885416684692732,20.111961256001162,52.877296185088504,45.63890122983265,112.466204181829,136.26328814327942,0.1991720684879732,2.5551888104104767,1.1396386243355736,1.7605568588960665,1.7605568588960665,3.0048478309603857,0.0,0.0,0.0,0.001867180799830953,0.0,0.0,0.0,1.772230564504355,1.772230564504355,2.9654043138906716,0.0,0.0,0.0,0.0018176873274282437,0.0,0.0,0.0,0.437780736657255
0,HH,103,8.673617379884035e-19,0.38530982210686093,0.38530982210686093,3.02283614631392,5.84106444883406,0.2834105554891572,9.78145055976228,7.845209161233706,17.045413419494725,1.6367441456075227,12.840600165749096,0.004907120027937638,0.026504946319975613,0.038273336987658606,0.03842735999151433,0.04639420459093081,13870.005414930834,7.0941929579156735,25718.75,3250.0,7.79955182713241,51.962921313789764,89.75386070273194,15.471573202974582,43.73587706464452,37.03681316159254,18.903231982536994,89.75386070273194,27.994804816055275,61.35277320949902,119.95379290643294,0.19801306732149349,3.96925303689346,1.1521132062777437,1.7750038914926018,1.7750038914926018,2.85353411970408,0.0,0.0,0.0,0.00183615722911408,0.0,0.0,0.0,1.753137350153783,1.753137350153783,2.8827010664279724,0.0,0.0,0.0,0.001817902214755729,0.0,0.0,0.0,0.41420561209625784
0,HH,104,0.0,0.37318106873529083,0.37318106873529083,3.0147418355570097,5.84106444883406,-0.260580472707773,9.85992931694035,8.078496172825378,17.395211047118188,1.624447519073874,13.123093065829137,0.005085830422454574,0.02728430119094943,0.03557061426681073,0.03329588390838659,0.043652430974919894,13716.150693319649,7.068080514789327,26359.375,3296.875,6.994062189483938,82.9438193709135,24.244710106678642,21.354769978771593,77.40726242709752,16.10674691566113,12.555399810256409,24.244710106678642,17.96257345251296,15.933563217909253,130.49331809929535,0.18805479641741588,4.113148953940336,1.1539367426783818,1.7557206266890728,1.7557206266890728,2.81797727592519,0.0,0.0,0.0,0.0019070324177923258,0.0,0.0,0.0,1.765014277355024,1.765014277355024,2.8284260410728868,0.0,0.0,0.0,0.0018642091491120802,0.0,0.0,0.0,0.47954316054349827
0,HH,105,8.673617379884035e-19,0.4145193813152305,0.4145193813152305,4.5626729695121115,7.15026854980589,-0.4693225632794622,11.540587307119095,11.00714025728828,24.332685748854242,1.650587069103642,18.168243376533997,0.004010988819069987,0.02417974670610085,0.04042226054127093,0.040509907250602745,0.042368666900594126,13792.303259686425,7.0406137126403685,25468.75,3359.375,10.077879135191807,73.3011867458269,68.36498376118153,21.378336439152395,74.87321816909888,40.48207115442651,13.078795711910262,68.36498376118153,131.80493448429385,161.44904617974854,132.69079873200081,0.2119089083364607,5.659811272240201,1.6358213979924219,1.773260869270345,1.773260869270345,2.862528304303847,0.0,0.0,0.0,0.0020247234968541663,0.0,0.0,0.0,1.7651175443310632,1.7651175443310634,2.7438641255080882,0.0,0.0,0.0,0.0019830566581595047,0.0,0.0,0.0,0.45897522637126675
0,HH,106,-9.324138683375338e-18,0.4242035271677422,0.4242035271677422,4.567243155647458,7.58972167451547,-0.13591669564290434,12.190251493350813,10.766631730128621,24.026837742667617,1.668833014990703,17.96771049152747,0.006777994300930878,0.03401218289164698,0.05235702321129981,0.04927724405699768,0.06404570291635675,14011.1660411171,7.137878721005239,26562.5,7843.75,7.724559933074098,20.584868563656542,110.39779949603744,50.23155132067849,75.52019130417948,23.491759289180738,47.8739247104924,110.39779949603744,86.31848392727625,183.3430331438151,158.27924444698473,0.22617500840964663,5.245640007183008,1.630395437561099,1.7648740203389555,1.7648740203389555,2.8610779272045934,0.0,0.0,0.0,0.002025941183754282,0.0,0.0,0.0,1.7558278867515427,1.7558278867515427,2.837725771941597,0.0,0.0,0.0,0.002031938711332528,0.0,0.0,0.0,0.49256840039347866
0,HH,107,-1.734723475976807e-18,0.3917227132447365,0.3917227132447365,3.023276476049089,5.59997558251547,0.075579588548497,9.933812429006455,7.717899355385399,16.92361618713742,1.648690349792027,12.724426187922496,0.002866229185986792,0.022466223174864165,0.03973646673484768,0.03978782608027415,0.048166704529218576,14043.093025835022,7.075165257297801,26093.75,5937.5,13.8636738873704,53.068437425558045,65.15189779316187,31.731710544854792,38.389528646422995,40.4973551954909,12.675404021822251,65.15189779316187,98.98751407212924,134.52507491039916,128.36342285032094,0.20077991828799407,3.092353424011634,1.1640484336088668,1.761307000866406,1.7613070008664058,2.89800157279364,0.0,0.0,0.0,0.0018647464735027973,0.0,0.0,0.0,1.771990588553683,1.771990588553683,2.814328716957387,0.0,0.0,0.0,0.0018823244917198431,0.0,0.0,0.0,0.49704445089473653
0,HH,108,2.168404344971009e-18,0.41021657696320224,0.41021657696320224,2.5953225774302293,5.09033202804782,-0.013319228842928743,8.15157089745872,6.326713066148742,13.909688500239653,1.6394328567385015,10.372221275826321,0.006735688364090107,0.033319074218148594,0.044650848461376624,0.037304765271120845,0.05324333786516638,13553.84390802503,7.074886680660249,26500.0,3281.25,6.628995589046867,2.4688291406284177,79.34966282008905,26.721041785927312,51.62058966203367,19.057100900969143,10.776262656008043,79.34966282008905,42.816917762519594,154.16657383372205,174.6714495661872,0.20868258374253978,1.8661682662661683,0.9246914262626729,1.7745184506366836,1.7745184506366836,2.839033212633846,0.0,0.0,0.0,0.0018348828886039184,0.0,0.0,0.0,1.7506384481978314,1.7506384481978314,2.6746445879264145,0.0,0.0,0.0,0.0018310281338753667,0.0,0.0,0.0,0.45378791324856677
0,HH,109,-3.903127820947816e-18,0.4168750785851087,0.4168750785851087,2.6502944507865798,5.24291991804782,-0.07477858178979166,6.9797480342300116,6.357526719456178,13.098842944347796,1.5691619722563501,9.975989165798229,0.003608627045899906,0.0333791843141428,0.049538125543307394,0.0371292459280697,0.04576270106481224,13010.883873849916,7.001293826481396,25015.625,5921.875,13.72769335802228,59.662555660039935,62.833832250771785,35.04747720895661,43.6735028663171,25.57039182667558,26.822509781597944,62.833832250771785,144.65969155167264,197.735284380501,140.68226724658697,0.21762903005562198,2.059795968187766,1.129722399506304,1.754320727534478,1.754320727534478,2.702575393468871,0.0,0.0,0.0,0.0019314424909500608,0.0,0.0,0.0,1.7643405874916571,1.7643405874916571,2.7914411859396924,0.0,0.0,0.0,0.0019048209029051224,0.0,0.0,0.0,0.38474468802068823
0,HH,110,6.505213034913027e-19,0.38784232512787864,0.38784232512787864,2.6541218144178744,4.9987792935882,-0.12712601146293415,7.148445546172013,6.843301110924186,13.877674738781396,1.5536122521479034,10.631836451096586,0.0029314145654140145,0.02906573306292726,0.04303327983678276,0.03846664509895373,0.041185025020347765,13323.795095650155,7.056669556829572,25437.5,5937.5,14.68003888969726,35.24064476783839,23.949486493825702,34.414889554129694,90.78620232054003,72.43553428230545,12.465084539664595,23.949486493825702,93.32274117681975,107.66945146529068,138.96018331405668,0.2039304601389388,3.176650129789344,1.1464115930041943,1.7737870312466986,1.7737870312466986,2.781394322239686,0.0,0.0,0.0,0.0020432889214231044,0.0,0.0,0.0,1.7661941540380426,1.7661941540380426,2.7421087074024975,0.0,0.0,0.0,0.002021277657285239,0.0,0.0,0.0,0.4557642907450895
0,HH,111,6.179952383167375e-18,0.4056547699922166,0.4056547699922166,3.1167730666678475,5.8074951131728,-0.07551296141743212,8.303147321976974,7.683314229782055,16.36419613880117,1.6062057799812097,12.340983725318234,0.004779658823191445,0.030754640694495433,0.041085118952830055,0.03677324697513069,0.05110444171272765,13745.098402970929,7.024844526759364,26390.625,5937.5,8.595826703128806,53.83888111001416,73.45224022423788,41.16097472849771,25.154608383531915,52.91300065211445,38.58631473530801,73.45224022423788,86.51498114107731,56.42607119494011,132.0372011073079,0.20770353549594345,4.549064191863654,1.260019679596462,1.7654995373933817,1.7654995373933817,2.8698788965446274,0.0,0.0,0.0,0.001993495543883253,0.0,0.0,0.0,1.7531400824041425,1.7531400824041425,2.822272576305344,0.0,0.0,0.0,0.0020050101424843713,0.0,0.0,0.0,0.34548387239695716
0,HH,112,2.168404344971009e-18,0.452056654005177,0.452056654005177,4.911459234163576,8.14819335405978,-0.3343208331155194,11.635125684884537,10.86469846342858,24.061154922127617,1.650782267097206,17.935251560825836,0.004164561079939682,0.04044667283671871,0.04738936707610433,0.05222524338548398,0.06017102526289363,13772.23019508011,7.079483349683931,25500.0,3375.0,11.379198468956421,20.027156341248823,57.9195532441717,17.401075332835514,5.569372505937329,63.63511369766406,46.681011911484234,57.9195532441717,75.72632285031162,146.61805478520466,186.86653327082865,0.22677456640398755,5.334144175734419,1.545576265099446,1.7608843908131504,1.7608843908131504,2.8595668454963334,0.0,0.0,0.0,0.0018544471013683026,0.0,0.0,0.0,1.7728732577210382,1.7728732577210382,2.9039594671221147,0.0,0.0,0.0,0.0018729158007690743,0.0,0.0,0.0,0.4426585562997946
0,HH,113,2.6020852139652106e-18,0.4135157216683582,0.4135157216683582,4.907545444179646,8.14819335405978,-0.48859734434250623,15.278392847034134,11.867856981030712,26.212874100552177,1.6623804154988182,19.728893019254098,0.006765702266956745,0.03917473018078489,0.035073433075711515,0.03150107008149172,0.05197558776215958,13594.863288655608,7.070425978743457,27656.25,3343.75,5.184004806392959,39.06819373655352,104.96126839044562,46.311678452614025,36.288281815651274,32.014182941125156,39.998746489816796,104.96126839044562,68.52555346191993,113.42101414903618,173.9716291092878,0.20923283631519904,6.786550893951187,1.5673088137547788,1.7763882484721107,1.7763882484721107,2.7481062880753013,0.0,0.0,0.0,0.0018272219160495426,0.0,0.0,0.0,1.7539189582371417,1.7539189582371417,2.7310621345109247,0.0,0.0,0.0,0.001800367489401261,0.0,0.0,0.0,0.5993429881557857
0,HH,114,-5.204170427930421e-18,0.3783934682529836,0.3783934682529836,2.928357569689746,5.6945800746244,-0.24159797186764068,10.36671012187393,7.73892208869786,16.847341179810854,1.6446834598205133,12.728077156154628,0.0035332514022454,0.024013424252216125,0.039921239167368554,0.036766981865267195,0.049894412801665955,14230.301296611282,7.122703572912154,25765.625,7781.25,11.298725907445949,18.51381741099426,30.503918587839387,32.767224818584495,76.05949827348762,17.6763004050622,27.59891606057515,30.503918587839387,76.6044293455028,134.6025414780395,146.41287403347542,0.19266191268785937,4.4497539476321,1.3175576793551427,1.755760525801216,1.755760525801216,2.840598946309661,0.0,0.0,0.0,0.0019360956919371205,0.0,0.0,0.0,1.7642320945530054,1.7642320945530054,2.782535957791554,0.0,0.0,0.0,0.001874049653331677,0.0,0.0,0.0,0.4411781748650235
0,HH,115,-4.553649124439119e-18,0.41695626101720346,0.41695626101720346,2.9484309240513893,5.3497314421769,-0.21926609241015044,7.504106946488756,7.071319463704293,15.30429873225324,1.6173698970146175,11.4369392327963,0.00416169179121809,0.024590695362394242,0.03821224706749813,0.041201362746435474,0.0478174190321074,14163.131772231012,7.15106195195233,25734.375,7750.0,9.181902210766992,58.29261506884673,62.4258725083618,40.41449681576423,56.207374604015925,67.7212508213645,33.96508438104056,62.4258725083618,67.39549703338363,110.28976324341446,129.81869354520063,0.21765028546246337,2.672223767136119,1.189844139527869,1.7738380513255678,1.7738380513255678,2.963290547590295,0.0,0.0,0.0,0.0020815765469605098,0.0,0.0,0.0,1.7670203135604097,1.7670203135604097,2.788929722256523,0.0,0.0,0.0,0.0020319533388021187,0.0,0.0,0.0,0.39281513708076266
0,HH,116,0.0,0.40117658315958704,0.40117658315958704,2.950974552270836,5.3497314421769,-0.06312885018608164,7.362463274934889,7.355799605804983,15.197652291163262,1.5710095910452522,11.556031730555318,0.004660594803526424,0.04114854181558361,0.04389521273192698,0.03442882300371762,0.04478094303344532,12800.72713138391,6.951904267512578,25687.5,3375.0,9.418371382402828,12.122069673650508,34.81076329591662,25.90007217327399,43.368021055166025,83.90939323709813,3.153931544008153,34.81076329591662,138.17388269294105,127.15160448530787,127.49406010058847,0.2114915371867083,2.2555810458916508,1.04038788115765,1.7666523753003858,1.7666523753003858,2.836750445450691,0.0,0.0,0.0,0.0020615165235568726,0.0,0.0,0.0,1.7533451788370757,1.7533451788370757,2.6840541269738645,0.0,0.0,0.0,0.0019974373308581962,0.0,0.0,0.0,0.4737146832884356
0,HH,117,-7.806255641895632e-18,0.40768075994313735,0.40768075994313735,3.522562233294566,5.8410644492938495,-0.005544855677365945,9.27165926148635,8.640491726362674,18.98476787215034,1.6433931734162293,14.199725118098659,0.004967211355842157,0.01971613423638567,0.05072393916879826,0.046555348479582405,0.0520694049898921,14110.795169239673,7.0913679099001286,24812.5,5953.125,10.211753743662998,80.80714944744713,78.29175276998829,19.531263450336805,48.92459930024773,39.791128651807625,50.32530911030701,78.29175276998829,60.718323551062454,140.71512463645172,149.64810265955518,0.2171274509203613,3.751971810040965,1.3362157898516513,1.7591417054760672,1.7591417054760672,2.8832718003830258,0.0,0.0,0.0,0.0018256057061772294,0.0,0.0,0.0,1.7728238251397725,1.7728238251397725,2.9129758488630944,0.0,0.0,0.0,0.0018582416011727672,0.0,0.0,0.0,0.3818023615038359
0,HH,118,2.3852447794681098e-18,0.427061521014342,0.427061521014342,3.517816958517201,6.423950191096139,0.01215701849232421,10.130386164927387,8.237260407244287,18.987859588687346,1.6966062637265524,13.975387602910114,0.005021379845163676,0.029988473401635896,0.04164840534001785,0.037430224430282454,0.05445746441979658,14246.269493275113,7.114241727018198,27093.75,7734.375,8.294215258747482,2.3693181918882664,73.72710715935327,1.8624235644126346,62.5725781185852,56.23331256785226,48.39602271473658,73.72710715935327,80.17137099472832,220.14924237616287,181.64974554677804,0.22675442734514634,4.568796978236668,1.3390417381426918,1.774915236640167,1.774915236640167,2.949905716095118,0.0,0.0,0.0,0.0018311779087098372,0.0,0.0,0.0,1.7545383343212149,1.7545383343212149,2.873221405633169,0.0,0.0,0.0,0.001830184248117453,0.0,0.0,0.0,0.4508204552129998
0,HH,119,2.168404344971009e-18,0.38817919485433916,0.38817919485433916,3.046642241846876,5.82885741818885,0.2368542739345771,12.120700316534656,7.8485459350346005,17.686664715616406,1.686471711747975,13.236350697824513,0.0019798019869367634,0.023766957065934652,0.03698101190391177,0.052044281192107744,0.04623907273836302,14228.956021789016,7.128199077892122,24687.5,7765.625,18.679146767829682,81.41264844482849,75.08894855388967,26.45678107973682,60.76800062732817,37.73588919384006,42.710225148876475,75.08894855388967,120.84536662851077,182.78576721103093,122.32542173445437,0.19363009998455735,5.068462609901987,1.1369714285132555,1.7543639001896283,1.7543639001896283,2.805377077091804,0.0,0.0,0.0,0.0019239703055830427,0.0,0.0,0.0,1.7648399214922599,1.7648399214922599,2.7710356906369378,0.0,0.0,0.0,0.0018770473403016247,0.0,0.0,0.0,0.35137851374003637
0,HH,120,6.505213034913027e-19,0.38737587235757,0.38737587235757,3.04400473632173,5.89294433218885,-0.010761890120177591,11.214487442028934,7.858013246380204,17.927221129113494,1.6919610298160819,13.295452184688184,0.004310755554939647,0.02201135070404116,0.038697840226986406,0.0477904363624823,0.04718611093308858,14347.50217940981,7.157007902076197,25703.125,5796.875,8.977043519358443,27.417052592325213,56.98653981302724,14.093221992823945,55.423955761493694,3.992690983066235,19.25727056207674,56.98653981302724,81.41124898273179,149.3496773891713,164.6239954901426,0.1939059298136595,6.484653936734404,1.2476458162730877,1.7699972930877172,1.7699972930877172,2.8585439304361002,0.0,0.0,0.0,0.002055479500089812,0.0,0.0,0.0,1.7682101665206036,1.7682101665206036,2.856731338253165,0.0,0.0,0.0,0.002037773260881949,0.0,0.0,0.0,0.5022646337627045
0,HH,121,-7.589415207398531e-18,0.4131656044148304,0.4131656044148304,2.8499640507004758,5.41687011375347,-0.18915323625731092,8.413290442625932,6.89787344406368,15.307413100137241,1.6449065138405994,11.346356959815896,0.0037173125499672115,0.031065403954295266,0.037825257857878505,0.04025232543576167,0.04645965858818499,13848.26418585211,7.091169072468006,26765.625,7796.875,10.17543113183655,27.2620513175194,45.23655572113681,6.248031410004006,54.68363027150751,17.517959588615685,45.537344849454264,45.23655572113681,38.62095518797811,113.93189494360122,139.9961844262185,0.20401881568191665,4.830205301653106,1.2241513348124957,1.7661461594348964,1.7661461594348964,2.842009301052044,0.0,0.0,0.0,0.0020348185339675007,0.0,0.0,0.0,1.7513457549519922,1.7513457549519922,2.8714844846840117,0.0,0.0,0.0,0.0020567260655540713,0.0,0.0,0.0,0.48455056017830794
0,HH,122,2.168404344971009e-18,0.3942117730860473,0.3942117730860473,2.568244932095374,4.949951168314,-0.05791346882696111,7.77467330059244,6.514886432699895,13.49788462663341,1.5762520017979764,10.269102781055738,0.005067291506214916,0.032296299757043234,0.03420781629252326,0.04478791818845844,0.044635406748358336,13642.025347752171,7.058526996606661,26140.625,5843.75,6.7507101661346,21.601603709925257,49.075758354717266,35.98380555080104,28.43391361425901,29.728423833751364,28.70566903434165,49.075758354717266,61.494718564040525,12.692577026128877,84.69799184358884,0.19097706734815187,1.876438355145999,0.817730765482831,1.7593623239071052,1.7593623239071052,2.8101820693333703,0.0,0.0,0.0,0.0018213261927743927,0.0,0.0,0.0,1.7703138451401388,1.7703138451401388,2.772418299181164,0.0,0.0,0.0,0.0018496465917118765,0.0,0.0,0.0,0.5182199852111391
0,HH,123,1.5178830414797062e-18,0.38968797466976546,0.38968797466976546,3.511517492592835,6.353759761003261,0.20191326376900356,9.845957623856412,9.011100472267847,19.304475290190073,1.616174868599509,14.563514121741832,0.0022661606306573056,0.0243386902144024,0.03640146324973138,0.041758504179852815,0.04727574089268928,14361.72255834123,7.142597101657854,26125.0,6015.625,16.06305516970789,15.169237091335622,43.06323653666971,14.322978325901644,90.32698430448622,27.764085066457262,28.38205148816072,43.06323653666971,87.04190623347787,78.41082608535444,159.18479407695844,0.19764910533979332,3.4725488801166025,1.3104983537839452,1.7769632853474973,1.7769632853474973,2.7923329363263285,0.0,0.0,0.0,0.0018132071533582482,0.0,0.0,0.0,1.7531386479809723,1.7531386479809723,2.881385722667089,0.0,0.0,0.0,0.001823823728736277,0.0,0.0,0.0,0.45647838667154444
0,HH,124,-3.469446951953614e-18,0.2876362352827121,0.2876362352827121,3.501863030261986,6.353759761003261,0.2645435936476147,25.279495209271175,12.174624058780001,54.12083611122429,2.3108407759816636,28.133617707374015,0.0016654563417655057,0.01209347864704311,0.01760407836948759,0.020444561667813388,0.024329526624524193,14219.231700584514,7.139532431524305,25828.125,5843.75,10.570122985184861,61.26613229809242,48.88975032366038,9.962203127403827,82.70695401199772,22.331728308573897,14.402344819095923,48.88975032366038,41.097953937401634,86.28569703675491,156.28052261855785,0.2056861647623489,5.036385832540899,1.4616773997440085,1.2528578862400457,1.2528578862400457,2.729435695568424,0.0,0.0,0.0,0.009823114894643,0.0,0.0,0.0,1.2199640687885702,1.2199640687885702,2.7930693076207516,0.0,0.0,0.0,0.010993697134215791,0.0,0.0,0.0,0.40140278705653054
1,IR,0,-2.3852447794681098e-18,0.749336463338579,0.749336463338579,5.9825353286995036,10.964965813277129,-0.4815126952141239,9.945318773491097,7.983777143363676,17.939905705255736,1.6453563015266597,13.13615803283547,0.031058198809936682,0.05649456778276128,0.09989137100271048,0.043429439448759655,0.03897068475770812,9846.804992068634,6.384840527978875,19750.0,9765.625,3.2162641372343597,500.9624105720237,475.0106798594753,311.8288485304344,349.55535825644785,182.1470854579171,95.94591585296789,475.0106798594753,443.51426336370974,546.9742292520878,523.4121307467257,0.5832661479892819,11.16237633752618,3.6286771304300007,1.7648931245644608,1.7648931245644608,2.8113975269376272,0.0,0.0,0.0,0.002062035180312987,0.0,0.0,0.0,1.753379630933407,1.753379630933407,2.771941566422428,0.0,0.0,0.0,0.0020385972129472536,0.0,0.0,0.0,0.36877309942560826
1,IR,1,-3.469446951953614e-18,0.7254992032268128,0.7254992032268128,6.344554569105216,11.569213859510711,-0.1375388359085033,11.129945993800204,8.7450882659522,20.312089688783797,1.6807989870485387,14.69873549908278,0.05716788560922232,0.08534852682890309,0.1710852184685263,0.04843299506729162,0.04427061555904746,8810.797373914436,6.053955308022358,15468.75,9890.625,2.992680534575065,362.461488702961,531.577424313252,216.598679561249,408.07280426899587,261.0115402113815,75.42422402032201,531.577424313252,500.6419440096292,516.0297182614632,521.9141430687605,0.55708338361272,10.265381145837612,3.5259058256862215,1.7625447128725789,1.7625447128725789,2.716531800199064,0.0,0.0,0.0,0.0018896388135490833,0.0,0.0,0.0,1.772348578961998,1.772348578961998,2.8111752199415942,0.0,0.0,0.0,0.001902870752148253,0.0,0.0,0.0,0.34141466961241373
1,IR,2,-5.204170427930421e-18,0.6117808833504795,0.6117808833504795,6.343153859953544,11.55090331251071,0.09347407533057185,13.4714582945156,10.368342706630935,24.10622178253666,1.6896737045515713,17.519116031201996,0.10923651908831637,0.1378538560907786,0.2838162203442367,0.07698543156009355,0.046825613682329265,7848.773354642714,5.787744533050286,10640.625,9953.125,2.5981807431283728,179.8771381377711,229.35557416079357,126.97610480873377,222.78383959857308,121.4749053074928,42.20593680293738,229.35557416079357,353.1420622312133,418.11216062055746,120.94127461337892,0.4345025804676128,17.058334051582467,3.593231419019344,1.7746956215062832,1.7746956215062832,2.7543401321949865,0.0,0.0,0.0,0.0017795523470234967,0.0,0.0,0.0,1.7523063273890498,1.7523063273890498,2.9446724209898116,0.0,0.0,0.0,0.001784399174442829,0.0,0.0,0.0,0.3053264766617358
1,IR,3,4.7704895589362195e-18,0.6395531153408684,0.6395531153408684,6.064787503048876,10.90393065718819,0.15106022312754083,10.665142423687323,9.48285194390303,21.11232369477693,1.6366719311413165,15.520317603779228,0.11473351738029258,0.1473019708547339,0.22788733439869224,0.07292813468091766,0.05597027178313013,7784.034972318703,5.992835379898739,11031.25,9781.25,1.9862315703383944,103.21212343518728,235.20334962247443,72.36807800185629,230.62483171267712,194.99159518104648,124.55483089299145,235.20334962247443,386.2124510306301,409.61153047592495,145.55102373558537,0.4437331653872244,11.401708508408971,3.338233152033445,1.753784225503468,1.753784225503468,2.72630187256751,0.0,0.0,0.0,0.0018177100676603508,0.0,0.0,0.0,1.7661222352521424,1.7661222352521424,3.074184239494278,0.0,0.0,0.0,0.0017929580703963776,0.0,0.0,0.0,0.3221656682084833
1,IR,4,4.336808689942018e-19,0.7511412274766224,0.7511412274766224,7.084144647206105,11.91406249245813,0.6824203902447576,12.054251315686448,9.43117537429691,21.412258445833483,1.6587874944368117,15.644315768744956,0.0642815786498088,0.11636855495536068,0.118873666272783,0.06934170524200416,0.05132070038603879,8660.209874765207,6.424868981404462,17250.0,1265.625,1.8492648868897577,334.3680538202833,497.10625957871827,302.7332974355161,265.93536370988534,291.02166346603946,91.66075576316885,497.10625957871827,415.8417433816128,518.7683314136813,308.4693328323471,0.5556465006173748,14.101609882265262,4.567047918480404,1.773839352947281,1.7738393529472811,2.806763888806569,0.0,0.0,0.0,0.002002093870781467,0.0,0.0,0.0,1.7645809729241304,1.7645809729241304,2.7122528104355577,0.0,0.0,0.0,0.0019066661671764112,0.0,0.0,0.0,0.39087905796394556
1,IR,5,4.119968255444917e-18,0.765589128153664,0.765589128153664,7.086710627154654,12.10632323445813,0.9394707366617139,12.019030010861568,9.256545536685051,21.864108075805472,1.69592013320075,15.698361939574223,0.028105237615330916,0.07913230158049389,0.08493291931857505,0.04916149459854231,0.04263898780050135,9507.235226068287,6.532961316746711,20046.875,1234.375,3.0219605497739566,402.41799633656973,475.9635820396919,242.61274904002786,450.75197672150455,428.60753789964264,131.2577335675193,475.9635820396919,473.97648556024706,479.5278336193829,452.4657271974412,0.5949248353559192,13.470930190146667,4.560566580040572,1.7662814987861721,1.7662814987861721,2.8345679022060377,0.0,0.0,0.0,0.0020357325307530623,0.0,0.0,0.0,1.7537950170366046,1.7537950170366046,2.7388141244440427,0.0,0.0,0.0,0.00203055933493042,0.0,0.0,0.0,0.34039534773960034
1,IR,6,2.168404344971009e-18,0.7299112969958982,0.7299112969958982,6.287154551155781,11.309814445922012,0.7346065301869601,11.791364945625816,8.613587126303237,21.061376163804788,1.7351709904710406,14.94604650547667,0.05862557232543299,0.16637567953094015,0.1749778140736965,0.06915552338465344,0.038573307590167825,7718.295786960492,6.012668962643135,11187.5,9796.875,2.984667051084853,413.4885169628082,334.7507728514946,285.83694409926784,295.00516370776313,216.4482675279511,6.539517643078996,334.7507728514946,498.582300530114,449.58175579753555,479.83763380245006,0.5654441724640361,12.676930370697754,3.9002271996212996,1.764249322248883,1.764249322248883,2.6778550906993104,0.0,0.0,0.0,0.0019574740710924473,0.0,0.0,0.0,1.7742211517703632,1.7742211517703632,2.8171376550234086,0.0,0.0,0.0,0.0019294937890424505,0.0,0.0,0.0,0.31087218512002696
1,IR,7,-3.2526065174565133e-18,0.5855058389607685,0.5855058389607685,6.286919857872711,10.23864745392201,0.7700766400412368,14.293365028591314,10.737586953907774,23.73050016193586,1.648008791393086,17.69563769841794,0.08634666175659986,0.23441108111290188,0.19888793249769257,0.06416637273456745,0.040539696239744676,6771.234673227087,5.697909341193316,10093.75,9875.0,2.303365624672656,184.85447167245272,152.6189448884749,167.64264908160462,291.5011748971571,178.5748446921088,148.13909601834462,152.6189448884749,264.3127970823467,343.5446736662096,244.91955611866882,0.4129162757181024,22.89667825051659,3.973683785372759,1.778072953113266,1.778072953113266,2.77370875569972,0.0,0.0,0.0,0.0017999121600762898,0.0,0.0,0.0,1.752825394600393,1.752825394600393,2.6974130617881515,0.0,0.0,0.0,0.0017944905892707448,0.0,0.0,0.0,0.3411307258413034
1,IR,8,-5.204170427930421e-18,0.7172388616033283,0.7172388616033283,5.973591651542123,11.041259758252721,0.4604799764951263,10.870111380413647,8.32859451895889,18.80082415290349,1.6637227763929532,13.856472396552737,0.0627899882925064,0.2101337205571666,0.28141162282684395,0.11117317003448103,0.04493008268261957,8029.579807342573,5.866243721331786,10328.125,9765.625,4.481791293086559,120.28596206766012,305.6487814380594,353.81412772954684,414.3261970451416,357.0151979615573,124.54667787097597,305.6487814380594,465.9692343598158,564.4632371017378,205.50860962084224,0.5969833885168893,17.6686815112595,5.01932778863218,1.7534687019179946,1.7534687019179946,2.876065320556233,0.0,0.0,0.0,0.0018317175693745571,0.0,0.0,0.0,1.765364241244652,1.765364241244652,3.008942012598015,0.0,0.0,0.0,0.001782713676623019,0.0,0.0,0.0,0.3477154805532989
1,IR,9,-3.469446951953614e-18,0.8281632509363414,0.8281632509363414,5.973978336676963,11.041259758252721,0.5573500699128398,7.6287201381053205,7.213527441498311,16.26535787933538,1.637365031435148,11.811177586021445,0.02451943173885887,0.11575905381883483,0.10919894344796455,0.06909864735821136,0.05703017914045029,9754.210520269402,6.539500771506161,20296.875,3343.75,4.453567464634606,187.92767263881075,335.1213747787579,408.30039720931984,535.6119223314506,458.2634831206319,77.30113074774613,335.1213747787579,481.9375481164542,646.9121163345517,325.3989304347673,0.6638972962040058,11.59742495063305,4.950855830421995,1.7723316992295546,1.7723316992295546,2.887903924839483,0.0,0.0,0.0,0.001943128103475024,0.0,0.0,0.0,1.7677757200162358,1.7677757200162358,3.009344923007472,0.0,0.0,0.0,0.0019056263730959015,0.0,0.0,0.0,0.33786693998308165
1,IR,10,3.469446951953614e-18,0.7230137654659788,0.7230137654659788,5.500541623772295,9.24377440762783,0.7614698336023047,8.278241328242876,7.607796540664223,16.619446769069107,1.6107121842361387,12.25397058325436,0.026912829672182607,0.09219404848438749,0.09713621999356195,0.07928721925880841,0.0500859843314964,9949.695870238224,6.503302768348813,19562.5,1234.375,3.6092904823885434,123.62070231516044,248.49422767980724,247.89242854971923,357.1224265886523,246.86632841015262,82.3029217925424,248.49422767980724,340.34320759668225,299.24223294383637,349.77719625207106,0.5380188228638711,15.071796174575162,4.573815918569753,1.7696489469819034,1.7696489469819034,2.810601795317536,0.0,0.0,0.0,0.0020321694995728687,0.0,0.0,0.0,1.7541679453328767,1.7541679453328767,2.8528729159893245,0.0,0.0,0.0,0.0020613620662341403,0.0,0.0,0.0,0.37417374333366993
1,IR,11,-4.9873299934333204e-18,0.6373420882934182,0.6373420882934182,5.494955178440629,9.243774407627829,1.0952117320317891,13.36173214642514,8.621673163223221,19.856462067195885,1.6904004819261669,14.574080470145299,0.039784140918474556,0.16508024641589525,0.12916078871664666,0.06723434955203669,0.045453997629830045,8085.220035528686,6.147906491659568,12093.75,3281.25,3.2465395942085493,300.76049011925636,363.20369362411935,283.8519350413011,260.87996593809777,253.6289941882113,113.82673272768292,363.20369362411935,249.0994995216672,292.0280675154732,290.0247120223905,0.5135043239951143,21.24663082069828,4.6520286078498305,1.7640885242383249,1.7640885242383249,2.870428610685284,0.0,0.0,0.0,0.0019040851519237783,0.0,0.0,0.0,1.7755114910419312,1.7755114910419312,2.81347665227856,0.0,0.0,0.0,0.00192955045414873,0.0,0.0,0.0,0.4078355225634121
1,IR,12,-7.15573433840433e-18,0.5524703914842076,0.5524703914842076,5.4268732631063905,8.7921142517972,0.7367136488370399,12.186393386880773,9.822921457414783,21.328499120389434,1.6252415593943064,15.964620187285488,0.03684407181884794,0.1386413902596696,0.18427314800170796,0.0786321158697592,0.04090023245660889,8348.437700140039,6.120546037081075,11437.5,9796.875,5.001432765160333,114.16383526310503,207.688667579798,128.02951219061367,257.34311480874896,181.58003233537642,143.6162674323201,207.688667579798,228.76506320359454,204.63480186442715,12.603892826364135,0.41111633816583903,22.00180731283736,3.870753863454034,1.7794998631146524,1.7794998631146524,2.8304246181667203,0.0,0.0,0.0,0.0018055204633853352,0.0,0.0,0.0,1.7552945584643078,1.7552945584643078,2.808299522610297,0.0,0.0,0.0,0.0017615236718102902,0.0,0.0,0.0,0.3607718663939785
1,IR,13,-1.1492543028346347e-17,0.5553768933612,0.5553768933612,4.96511831551291,8.09936522941423,0.5550541145921156,9.142772196172142,8.940088028247892,18.720478285039437,1.5780628548036708,14.108020836078392,0.032353687306077926,0.10923484765904638,0.17265583831801062,0.07733611838102937,0.039308649225048106,8531.802567832105,6.109126132138819,11046.875,9906.25,5.3365119307510644,144.39144352385853,155.42858725288298,115.96033766500754,198.82710404189552,198.4994828761757,39.97573586719418,155.42858725288298,148.0218152473764,163.79108069260656,61.76385306370111,0.3914958111448433,16.11635341517517,3.450383573403731,1.7555249270193265,1.7555249270193265,2.713388392325981,0.0,0.0,0.0,0.001828380656719934,0.0,0.0,0.0,1.763303692120488,1.763303692120488,2.7470847185805627,0.0,0.0,0.0,0.001802263340625949,0.0,0.0,0.0,0.35051039097899245
1,IR,14,-8.673617379884035e-18,0.6618452586205245,0.6618452586205245,5.145139243440832,10.11657714141423,0.2903494490172547,8.66285133857651,7.773930803942006,16.982581037534853,1.6141660058725684,12.548414835747751,0.025687731581454334,0.06596846213732988,0.14156731185247998,0.07933212570005888,0.04869882727370611,10251.302714664498,6.439677347595501,18421.875,9875.0,5.51108654331999,31.792287630858628,468.34400213922237,146.5258141236211,356.64548519807045,335.4978174138432,124.98251740580368,468.34400213922237,237.79799731183434,146.02015416792983,106.38569604637142,0.4915780458402266,11.089447299760797,3.376410994986056,1.7739748477140187,1.7739748477140187,2.987137093204528,0.0,0.0,0.0,0.0019357346388124256,0.0,0.0,0.0,1.767412915370898,1.767412915370898,3.0518417142771037,0.0,0.0,0.0,0.0018963868440987643,0.0,0.0,0.0,0.36805893356583247
1,IR,15,-4.336808689942018e-18,0.7886551726434682,0.7886551726434682,7.097510243873611,12.469482413777051,-0.4670434966231497,11.05711747739833,8.999510166242482,20.740955261499384,1.6720659912210727,15.047774886641434,0.02360004030036603,0.06680823051814844,0.16548743595589366,0.07591437498600881,0.062181456359362994,10745.608716831619,6.460771314570881,20687.5,9906.25,7.0121675150832194,281.4918101703823,646.0618977339456,176.5417079858303,578.3053641521711,434.85251171393196,183.68442607116725,646.0618977339456,464.5203454112222,543.7684601542902,215.62321417236504,0.6542362153338567,19.010442654250934,5.334628979866832,1.7725476160567721,1.7725476160567721,2.976095060971301,0.0,0.0,0.0,0.0020773246876425035,0.0,0.0,0.0,1.7531320957699141,1.7531320957699141,2.9303546402317973,0.0,0.0,0.0,0.0020587138961768946,0.0,0.0,0.0,0.41174590153676827
1,IR,16,-2.6020852139652106e-18,0.7447077031891711,0.7447077031891711,7.093930984962281,12.469482413777051,-0.8669103500691797,14.614735591342061,9.525792407643124,23.07935799822277,1.7408444432837902,16.582922780742717,0.03134620820041312,0.09257549331806836,0.2021762759009298,0.07771973624467075,0.053163359186689615,9635.057792918622,6.147393397154569,16890.625,1234.375,6.4497841206776485,420.74380861360765,472.021369422985,356.01799789983687,415.9234073109233,297.0795072927756,74.83050369201415,472.021369422985,516.2519035585997,687.3913978073491,361.5461281134016,0.6335203765442431,23.33796658123947,5.406177875093332,1.7613520987540363,1.7613520987540363,2.990345241950338,0.0,0.0,0.0,0.0019080259556448868,0.0,0.0,0.0,1.7757090737240588,1.7757090737240588,2.753920742463705,0.0,0.0,0.0,0.001955096656616472,0.0,0.0,0.0,0.4091928897873783
1,IR,17,-7.15573433840433e-18,0.5393042309414983,0.5393042309414983,6.134662772963217,9.484863274805718,-0.9593697917114064,14.886882659011153,11.375143047259549,25.261274131629367,1.655473241549369,18.831244933569447,0.0890632693515685,0.09862947300069441,0.15660582611733143,0.08862845531404426,0.03740689223517526,7840.806043855301,6.068969469313891,11187.5,1234.375,1.7583660161563006,185.4456228099268,200.07228701406328,160.32093842679805,265.4804209506243,133.4090590355548,87.69798010255595,200.07228701406328,230.24992709729318,294.90865138000936,149.11561677519515,0.3682665103674037,24.26569166340737,3.4975902977715267,1.7794996231295672,1.7794996231295672,3.0275976396428486,0.0,0.0,0.0,0.0017562826885090875,0.0,0.0,0.0,1.7567635019343892,1.7567635019343892,2.749753579315487,0.0,0.0,0.0,0.0017940789771355515,0.0,0.0,0.0,0.4152799703277575
1,IR,18,-2.6020852139652106e-18,0.5995198800371692,0.5995198800371692,5.3138993646266925,9.44824218134184,-0.4099554614295965,11.89472706773288,8.86359158646812,20.042505240528868,1.6627429235913855,14.73787418802859,0.09684060654624818,0.10890396313900017,0.26033863997036416,0.08339677750181548,0.04559798785027444,8229.0935238692,5.961599990625167,10718.75,1234.375,2.688321038585667,162.25092694587292,315.75718138180224,139.4063867181591,287.5454677988473,167.7943082871169,77.14381296822657,315.75718138180224,292.1380861576211,201.40670374700332,220.74678429055584,0.4256169204084645,22.293596978551943,3.531456057076488,1.7567441135684974,1.7567441135684974,2.9302707278701576,0.0,0.0,0.0,0.0017838452979691245,0.0,0.0,0.0,1.7638417672841469,1.7638417672841469,2.95221522039242,0.0,0.0,0.0,0.001835222301332851,0.0,0.0,0.0,0.3133821296604899
1,IR,19,-2.6020852139652106e-18,0.7750080662529181,0.7750080662529181,6.347973640871484,11.0717773367651,-0.6167138394961225,11.6222901754741,8.190848479235932,19.283024911336163,1.7006857681815992,13.930059437986417,0.06554395243920674,0.0705720177177353,0.2703295493009524,0.07278191400309095,0.03932036717016159,8971.529043442953,5.777015252911534,10953.125,9859.375,4.124401096311116,462.5315834001861,531.7837945648429,291.63736956528254,486.45839858519355,253.37573040478992,54.4267604879528,531.7837945648429,555.7293942099813,535.6393656148357,616.6371366516557,0.6415516910728075,13.802510081166304,4.749822588236499,1.7731516032992785,1.7731516032992785,2.8825524135948113,0.0,0.0,0.0,0.001966346208732998,0.0,0.0,0.0,1.770563485232333,1.770563485232333,2.9742685116503402,0.0,0.0,0.0,0.0019178296867175054,0.0,0.0,0.0,0.36389478459551206
1,IR,20,-5.204170427930421e-18,0.7582575333027807,0.7582575333027807,6.334707137064233,11.35864257095052,-0.5347618692423873,11.777629783878448,8.354295023569993,19.315209273413796,1.6861642151887761,14.086713311891973,0.0253838727263341,0.07207723539055702,0.0928406671394032,0.04435633702585279,0.04530712531729969,9860.880810075649,6.528802277880235,20703.125,1234.375,3.657466618142536,490.85992990565165,484.9383238855493,239.64171649644942,316.59812746931806,221.94519333060876,89.3102701900762,484.9383238855493,544.316347638267,591.6244370661943,574.9062323638461,0.5907166111819585,16.65090415410707,4.769813895984627,1.7752624875564524,1.7752624875564524,2.7829131397753875,0.0,0.0,0.0,0.0020377839241358013,0.0,0.0,0.0,1.7529473320773703,1.7529473320773703,2.838843696227065,0.0,0.0,0.0,0.002065674008318436,0.0,0.0,0.0,0.3439915991569528
1,IR,21,-1.1275702593849246e-17,0.7099818732067235,0.7099818732067235,7.9963199741486495,12.802124015171628,0.5146595982741311,12.767957184829939,11.262710043597297,26.48369030140805,1.6965866951054938,19.108164010825103,0.0589741454546913,0.11172920186290687,0.11572953982763456,0.06831658799438801,0.06070843085010037,9010.16266321264,6.378502755656482,19656.25,1234.375,1.9623775628013969,322.7131785900388,410.28291672120133,184.8768277458149,169.8298124547028,145.3732844266248,66.27466527289148,410.28291672120133,393.546507851854,524.3359517137407,431.57295569562467,0.4580845106755144,14.691809484935341,3.8492064318211057,1.762770313679422,1.762770313679422,2.9333043272987775,0.0,0.0,0.0,0.0019739562357035806,0.0,0.0,0.0,1.7744767744563674,1.7744767744563674,2.7488199571979663,0.0,0.0,0.0,0.0019117157937640938,0.0,0.0,0.0,0.4050073757081126
1,IR,22,5.637851296924623e-18,0.5971150320989441,0.5971150320989441,7.983893150771078,12.216186515171628,1.1294272357577821,18.824487025161233,13.370779031794243,31.393248913895977,1.717905333614197,22.969732613334664,0.13056339422315932,0.16996428569410146,0.17169434818365828,0.060945220306403876,0.055225060626470465,7119.226698577619,6.051609715804152,13000.0,1234.375,1.3150266903208934,128.43018973486696,233.53367426909097,160.59659900266232,183.5808591592656,101.76334687579576,113.90543708777393,233.53367426909097,265.77769656739736,343.3764401337987,296.094745100148,0.38020049978416115,26.400007797398807,3.906592107866181,1.7800028734705782,1.7800028734705782,3.016132685506554,0.0,0.0,0.0,0.0018170865299837397,0.0,0.0,0.0,1.7584878314856722,1.7584878314856722,2.8004955712799293,0.0,0.0,0.0,0.0018066480894518306,0.0,0.0,0.0,0.35867801971508406
1,IR,23,-5.204170427930421e-18,0.5819449161427706,0.5819449161427706,5.6759677789778165,9.786987298014889,0.4600211552172311,11.274798593162057,9.753445079629424,20.638393041877666,1.592381550498205,15.53120599862608,0.09111971963996887,0.16652303628059162,0.16236508059239835,0.08074003816353448,0.04947575843527527,7349.540420917054,6.000513932442875,11250.0,1234.375,1.7818874029919252,137.38240225746551,114.7687224944163,134.1999212513999,139.72221553292422,145.42673532140907,91.71586361937366,114.7687224944163,213.95636404280563,174.99049854389594,187.31720298255368,0.37179509502865804,20.690801722179824,3.539498416901343,1.7590080709310487,1.7590080709310487,3.0120287505201038,0.0,0.0,0.0,0.0018818666345878435,0.0,0.0,0.0,1.7634129029172005,1.7634129029172005,2.792795375013038,0.0,0.0,0.0,0.0018828547785114539,0.0,0.0,0.0,0.33450879970007963
1,IR,24,-5.637851296924623e-18,0.7571886297887895,0.7571886297887895,7.399479294889453,13.05236815550645,0.4398070347107144,11.19650569112677,9.77230640262479,21.328619329623066,1.614212167716302,15.774575901789692,0.046756577952072526,0.1197703082255311,0.1331854095255208,0.06820026184755616,0.04037528382071453,8578.07418557266,6.091162741928759,15109.375,9890.625,2.848484969520075,402.9132997422311,470.0021339220719,207.4323243170604,436.20139909834484,328.30239195189745,131.67116931839408,470.0021339220719,460.14212241224214,472.2727851300984,399.5330121338921,0.5689493090482647,14.358117830908906,4.569505393213721,1.7722997381584602,1.7722997381584602,2.880491785905242,0.0,0.0,0.0,0.002012725504233,0.0,0.0,0.0,1.7711492578206913,1.7711492578206913,2.7421379675923503,0.0,0.0,0.0,0.002003550792814135,0.0,0.0,0.0,0.2868543626281418
1,IR,25,-9.107298248878237e-18,0.8113938844678856,0.8113938844678856,7.386537636406241,13.05236815550645,0.6151488626514757,9.966777737682888,9.103516526059659,21.2279484621268,1.671757895396122,15.218875628328068,0.023173197115306344,0.08404575022255503,0.09360128514680012,0.04798256607414339,0.035072419523251505,9119.797246384296,6.239949560342575,18234.375,9875.0,4.0392046327062685,436.84301988481764,515.9551236568501,393.05861864734356,450.5162921223562,370.06980074389264,75.82296455913351,515.9551236568501,457.46984817599474,710.1272326064707,395.1910810810678,0.6609142308677517,10.319025503935261,4.535769739152877,1.7743754132131007,1.7743754132131007,2.9015853902169635,0.0,0.0,0.0,0.002140718843522116,0.0,0.0,0.0,1.7526627845978036,1.7526627845978036,2.720969027393813,0.0,0.0,0.0,0.0020852791058060096,0.0,0.0,0.0,0.36705519407365167
1,IR,26,8.673617379884035e-19,0.7445586395469093,0.7445586395469093,5.865200605092038,9.64050292288581,0.880864939097137,10.070630787363001,7.877419310658119,19.622057087867628,1.7426017648367373,13.72720479313027,0.06048498426584882,0.21245059647992398,0.2430352834216335,0.10782265119450662,0.05647462668972344,8113.876038056058,6.005297178182791,10640.625,1234.375,4.018109393058709,261.37905730399757,367.5986051450596,324.5541353753285,335.28139875361745,254.8058395986021,58.790901991235714,367.5986051450596,567.8380210939353,576.5409015774117,160.1465960958696,0.5865324234998461,11.576221468935751,3.635845236564374,1.761738336622846,1.761738336622846,2.7755723004355723,0.0,0.0,0.0,0.0019620642302070512,0.0,0.0,0.0,1.7730038839058437,1.7730038839058437,2.751943521836699,0.0,0.0,0.0,0.0019284081327684132,0.0,0.0,0.0,0.4020780657977609
1,IR,27,2.168404344971009e-18,0.6531650093031159,0.6531650093031159,5.870355661800732,10.17150878188581,0.5060647364534425,10.418423622529232,8.987553800616215,20.554421945724155,1.6691332059502793,15.001424488896125,0.1071735675726459,0.3112806888172506,0.1943621653436092,0.0732572077875213,0.06514121335095215,6953.312958808989,5.991188546499504,10500.0,1250.0,1.81352706403144,221.19654320269188,240.18280567760848,196.514194817449,331.3347249810452,161.64313204175468,127.8064750779239,240.18280567760848,329.5055508271504,436.74608116611734,210.32075600867302,0.45939788487955224,15.402294937399777,3.5062655354658627,1.7813039330740301,1.7813039330740301,2.968961058100941,0.0,0.0,0.0,0.0018087929270780066,0.0,0.0,0.0,1.758619030455679,1.758619030455679,2.715778781479596,0.0,0.0,0.0,0.0018184868248756147,0.0,0.0,0.0,0.4367457547240437
1,IR,28,-2.8189256484623115e-18,0.7225358794787778,0.7225358794787778,6.645447756426411,10.94665526574854,0.9065459367448261,11.954007840887485,9.1973948217092,20.736484571632676,1.6570065387121626,15.240143358710622,0.0527846398343999,0.20094709060910543,0.21773078496776954,0.14206383255748128,0.05087286136288381,8288.41783249732,6.066424873229117,12687.5,1250.0,4.124889089832321,88.92719222240582,291.49574070006406,242.59079849384818,319.14403262272555,220.5857346948564,79.6768219566274,291.49574070006406,399.80098166376206,353.3563965618304,236.93623633283045,0.5472949568582467,20.08372842536182,4.965730782713435,1.7603463065561544,1.7603463065561544,2.9262782828434446,0.0,0.0,0.0,0.0018840260764336064,0.0,0.0,0.0,1.7634168392888365,1.7634168392888365,2.8555224392403264,0.0,0.0,0.0,0.0018537414382457107,0.0,0.0,0.0,0.33286079135820407
1,IR,29,-9.107298248878237e-18,0.7481202660713022,0.7481202660713022,6.643298263924428,11.068725578748541,1.1956561751299737,12.590098371383064,8.87998703577746,20.713381343721625,1.6894284174585714,15.002102444926198,0.025839381328980837,0.09270035318430908,0.08406362976557086,0.058391111002420344,0.04050346011994729,9277.543398901398,6.460479149574477,19046.875,1312.5,3.2533143379881846,285.102502310879,325.85704945470707,278.80242605143184,527.9766334075758,322.5649905577036,102.99187746480625,325.85704945470707,335.9351500792486,454.0587976323752,435.1857668821479,0.5761724433219391,16.69061603959735,4.95305855976574,1.772528899322729,1.772528899322729,2.7978556340901077,0.0,0.0,0.0,0.002051407184470117,0.0,0.0,0.0,1.772189162484514,1.772189162484514,2.772712577803673,0.0,0.0,0.0,0.001959833225832708,0.0,0.0,0.0,0.37274500998679577
1,IR,30,2.6020852139652106e-18,0.7122663623910993,0.7122663623910993,7.197511936434715,12.060546867256491,1.0025544288927741,13.163003512775347,10.105084721763848,22.525431698466374,1.6533792938798202,16.707537841889128,0.020415929263359316,0.08425609451646429,0.11102753695856245,0.05973691010790587,0.04144021496357626,9599.089133395182,6.3535290448307755,18718.75,9875.0,5.4382798608332985,193.10120671524479,344.9541409070569,300.3000945735123,351.17659417006007,240.32624894767133,28.644340008502773,344.9541409070569,385.8119136549489,477.62279706349364,459.65045429116174,0.5506661283040343,17.210896353208618,4.935905030753774,1.7739575614165697,1.7739575614165697,2.809028494437104,0.0,0.0,0.0,0.002071106220692469,0.0,0.0,0.0,1.752380427507118,1.752380427507118,2.8602672299697858,0.0,0.0,0.0,0.0020707327858567924,0.0,0.0,0.0,0.4069053199178204
1,IR,31,-3.469446951953614e-18,0.6623974869600042,0.6623974869600042,7.1907140267074,12.060546867256491,1.2303056379677344,16.27684119550535,10.855587722256443,24.8987803889973,1.6911217160634724,18.358120137767592,0.031349628675906634,0.1108448158983717,0.2053040015100858,0.08777209408887986,0.03814265919498025,8846.245022859574,5.967606494889271,11218.75,9921.875,6.548849545427656,229.5285063757721,395.24516124276647,246.8570277400275,325.5404195875414,264.6157896273043,46.26579199626172,395.24516124276647,285.6902229304448,390.81455891254546,376.5155165506219,0.5441712947345445,22.526111728841865,4.972277593759715,1.7586698445524818,1.7586698445524818,2.877871018379298,0.0,0.0,0.0,0.001931199613305052,0.0,0.0,0.0,1.772965212053515,1.772965212053515,2.7779019835271885,0.0,0.0,0.0,0.0019622034819001795,0.0,0.0,0.0,0.3833737845699805
1,IR,32,-1.734723475976807e-18,0.5431123069498534,0.5431123069498534,6.048250939426207,9.49401854832529,0.8688394481454437,14.258864668060959,11.136280400977027,24.317293619736247,1.634431282534687,18.201485058468293,0.037482992343849365,0.15408521050852036,0.18790155010843407,0.08778896149667714,0.04524297962989221,8534.84500869208,6.172294529432701,12203.125,9921.875,5.012981577876989,120.86523703872088,158.6415678214093,98.60412572280545,286.2998594209547,176.3394949199406,102.23622684661697,158.6415678214093,162.729972626665,133.3618340739841,180.7740607162142,0.4071064077235462,28.259645439662194,4.265836343962169,1.7806078146048963,1.7806078146048963,2.831466198762011,0.0,0.0,0.0,0.0018135224454279247,0.0,0.0,0.0,1.758515804476658,1.758515804476658,2.8298604424430445,0.0,0.0,0.0,0.0018398200318356633,0.0,0.0,0.0,0.3486715068870414
1,IR,33,-4.336808689942018e-18,0.6084821389464666,0.6084821389464666,4.296614226838495,8.255004876866,-0.027655655812511597,6.958420185795186,7.061200242082116,14.749082115099672,1.5725925256859437,11.10439072308836,0.033539508717132724,0.10747592753615215,0.19066369332828587,0.10310318718074621,0.061619803902584196,9630.63568367894,6.338900578644815,16906.25,9765.625,5.684749139608175,161.0221291066762,217.55859800733316,155.18557070354692,228.02438280172407,143.1082161691164,21.009376716569527,217.55859800733316,171.3659064644048,126.89156493140672,116.75675285035295,0.4104130264413122,10.422821205006821,3.0087471486681165,1.7609776390325278,1.7609776390325278,2.8097298881603345,0.0,0.0,0.0,0.0018891323292370022,0.0,0.0,0.0,1.7619303212223614,1.7619303212223614,2.8600050694266494,0.0,0.0,0.0,0.001877005488185932,0.0,0.0,0.0,0.36754579990453573
1,IR,34,1.3010426069826053e-18,0.7141947686567298,0.7141947686567298,4.945158209834747,9.240722649866001,-0.08960930297848321,7.373627910494028,6.924103097434842,14.745907343059391,1.5900538198795164,11.009696579331278,0.029181988033270028,0.057600927402120264,0.19016693301623352,0.0987197091650232,0.05293922192143634,10471.589456630943,6.443103932840092,18140.625,9843.75,6.516585943113607,170.54803116870207,487.49704986711527,141.63072042501858,345.85352936206476,313.64730165511315,54.7265451614848,487.49704986711527,323.7937175759787,401.85245921208036,276.35602125861476,0.5390367509397,12.169011147786321,3.6404006704299485,1.771628947829203,1.771628947829203,2.9506193850254365,0.0,0.0,0.0,0.0019995496194893676,0.0,0.0,0.0,1.7724190020869262,1.7724190020869262,2.891693569669854,0.0,0.0,0.0,0.001969765134502481,0.0,0.0,0.0,0.35270969930949003
1,IR,35,8.890457814381136e-18,0.7057915927731252,0.7057915927731252,5.933713163926739,9.704589837273371,-0.623947393908842,10.2799971034796,8.407174617374208,18.820288131894007,1.6471837514576053,13.848161425425227,0.023163285849263738,0.06314373378544573,0.09722385469845013,0.05494432851838187,0.04098403368512162,9845.66277812572,6.49892501902084,19859.375,9921.875,4.197325687164679,378.2992183600906,538.9062706298398,232.02566705923678,326.3693515162781,269.8580145577158,57.321507816959915,538.9062706298398,497.379964214719,524.3797815791796,464.3419301249429,0.5714359737530312,13.831257547649948,4.019899822314128,1.775475835904624,1.775475835904624,2.9470594462128954,0.0,0.0,0.0,0.0020872499528036413,0.0,0.0,0.0,1.751905547646962,1.751905547646962,2.6821426563129074,0.0,0.0,0.0,0.0020455728302965614,0.0,0.0,0.0,0.3252224522838863
1,IR,36,-9.540979117872439e-18,0.6497340800282363,0.6497340800282363,5.93898295957704,9.17663573605978,-0.85218539953726,10.63254980857357,9.140636365126179,20.03939125143081,1.6263627915364904,14.865990875229452,0.039061996636509506,0.08801251122984796,0.13754342574092276,0.06075741035387851,0.038712872699769224,8687.442992738694,6.275430091513025,15281.25,1234.375,3.5211570728784998,333.1263883123875,340.3390868773658,235.5197215174424,333.76500117627,209.12422792290832,28.670110772796235,340.3390868773658,360.3778448116031,371.2193142980901,449.7103488764388,0.476272860578605,16.76900845686401,4.064712831142713,1.7612701199905187,1.7612701199905187,2.8137024902679784,0.0,0.0,0.0,0.001969376887019696,0.0,0.0,0.0,1.7721228057389866,1.7721228057389866,2.769379823021061,0.0,0.0,0.0,0.0019456183972835623,0.0,0.0,0.0,0.3873692395437036
1,IR,37,-5.637851296924623e-18,0.5457343740416842,0.5457343740416842,4.643108692501778,7.501220697991309,-0.2944530535042544,7.094378653847306,8.50800116933558,16.95953040540923,1.5251853876124513,12.976279061284053,0.09468092502751049,0.12566331873856076,0.13447839737832532,0.0722266631357846,0.033159542942392956,6916.49707612489,5.961315258697055,10390.625,1234.375,1.4203325256679835,141.4657060217505,142.82329334203158,127.39752166256591,110.17261820713958,112.02537868662773,44.819597160534094,142.82329334203158,176.01612107058577,124.63889099390954,88.40161836214077,0.3237882645510333,12.344076229540402,2.7770096624873095,1.7801770477901846,1.7801770477901846,2.765949198708317,0.0,0.0,0.0,0.0018837275353819141,0.0,0.0,0.0,1.7595604410950378,1.7595604410950378,2.7393498809442125,0.0,0.0,0.0,0.0018546540216990682,0.0,0.0,0.0,0.3383555597344227
1,IR,38,3.469446951953614e-18,0.6522680300852227,0.6522680300852227,6.39460458927654,10.75744628193856,-0.5158188239577406,12.936603849588746,9.80364557869139,21.970641721875598,1.6525928903930147,16.20143498330314,0.11711387699702419,0.10734277963424378,0.3231201628887086,0.1331817316160964,0.046168119012545195,8309.474553439146,5.711453999222368,10250.0,9890.625,2.7590254133091325,264.4929229397289,338.1708417155658,106.1546998778829,307.3556910678311,239.24167234782644,41.14727977626444,338.1708417155658,323.142267668433,377.46260189897436,97.35861814618086,0.49141517942422674,20.453988705361663,4.091388440872799,1.760421660231369,1.7604216602313691,2.816548255610256,0.0,0.0,0.0,0.0019113567719145443,0.0,0.0,0.0,1.760855957131141,1.760855957131141,2.85072770423733,0.0,0.0,0.0,0.0018459889415995082,0.0,0.0,0.0,0.35705468870919843
1,IR,39,-8.673617379884035e-19,0.8156639373106694,0.8156639373106694,6.374920155349835,11.48376464083356,-0.45297350940622255,9.698897419781849,7.815620948451892,18.362946879213045,1.6856592552357827,13.17447378718875,0.06696120660703042,0.07775581157727515,0.2274047069189839,0.07473549114001464,0.053841827999719476,9588.021375345474,6.140790436249057,16515.625,9843.75,3.3960664456084046,514.7691623341466,604.479958800499,271.60124035503725,418.01667170333735,302.77005050973446,52.82494467008146,604.479958800499,630.468567279125,660.8193209234469,364.1259922517923,0.6437919803924728,10.343237450209271,3.9934600120462154,1.7719204341718222,1.7719204341718222,2.734977899858686,0.0,0.0,0.0,0.002040728775576558,0.0,0.0,0.0,1.7703277542525535,1.7703277542525535,2.8359072937723036,0.0,0.0,0.0,0.002006532456658308,0.0,0.0,0.0,0.3931133605263061
1,IR,40,6.938893903907228e-18,0.770058112459584,0.770058112459584,6.092075999696883,11.45019530510367,0.007248396994731492,8.84739476731663,7.9111899493282865,17.544425383451344,1.6256239551137661,12.860619895100024,0.02980288678351152,0.06735780333673931,0.10170462400267474,0.06765834395988252,0.05501880096028466,10694.070139585308,6.673395571186297,21140.625,640.625,3.4125762627642624,385.5517986492556,527.302333525742,242.70188071933134,264.35685799711985,155.07351183446227,67.24042424266463,527.302333525742,395.21985235560555,579.6569437578652,314.44944147632117,0.5546638577119863,11.462933495336257,3.5937658584264396,1.7742764815526706,1.7742764815526706,2.7331560582474266,0.0,0.0,0.0,0.0020613831242350146,0.0,0.0,0.0,1.7527196858356322,1.7527196858356322,2.7599211816341516,0.0,0.0,0.0,0.0020989552093951583,0.0,0.0,0.0,0.360770672644451
1,IR,41,-5.421010862427522e-18,0.6532998037021296,0.6532998037021296,6.161547448135027,10.99243163331317,0.8716750872366525,10.875892264655926,9.431424000450088,21.224582123780827,1.6469677766543214,15.533251416729263,0.06470591319472467,0.11213419658377484,0.11867437126227759,0.05326064720759132,0.03586960999377203,7617.364440065738,6.176575854676775,13687.5,1234.375,1.8340575907383807,259.821926257992,381.54538620926706,128.10786074132318,235.85333514368187,179.92103872160928,23.44769784402719,381.54538620926706,317.33939038764464,282.11741299819596,203.83208998949408,0.4328450370740947,16.332832351743544,3.6369163249161858,1.760826309519049,1.760826309519049,2.9454693293936343,0.0,0.0,0.0,0.0020068195386602956,0.0,0.0,0.0,1.7731828960852019,1.7731828960852019,2.7875128094279686,0.0,0.0,0.0,0.0019854231468674336,0.0,0.0,0.0,0.34477561832819886
1,IR,42,5.204170427930421e-18,0.5448607226404334,0.5448607226404334,6.159365173084071,9.24682616531317,1.0219960426961896,13.471780081561732,11.30447638659665,25.005762657209733,1.6400958719248702,18.540425055963368,0.10259647179529274,0.17766398952849496,0.13254808457565634,0.06662341794713306,0.04043418099469995,6838.327519621316,6.046892981639651,10421.875,1234.375,1.2919360895648837,235.941726733698,135.58882868206436,80.59464120158177,120.55044775661624,120.33406118425701,94.33730589130458,135.58882868206436,191.8721244573217,178.70388528456314,216.5079975595595,0.3623709838550196,24.703200627946295,3.691861273634812,1.77906291866807,1.77906291866807,3.03050696848023,0.0,0.0,0.0,0.0018577058796554727,0.0,0.0,0.0,1.7579494180041288,1.7579494180041288,2.733469339591022,0.0,0.0,0.0,0.001849947785540817,0.0,0.0,0.0,0.3891032280473916
1,IR,43,5.9631119486702744e-18,0.6109369388583944,0.6109369388583944,7.01890363825533,11.54479979686943,0.7326731676986346,13.39008322324663,11.488753080407065,24.635437501671774,1.6054202980092585,18.444277394132087,0.10297440587271608,0.19179112649584423,0.15378218090433796,0.07645304255062474,0.04026479004869191,6892.031343589235,5.896667069929072,10203.125,1312.5,1.4934019730391122,151.12603540278982,140.05709653047685,83.24971244068101,167.565599148082,192.312800597451,97.0142186315121,140.05709653047685,313.75949651101513,304.35799201148865,116.23610529716036,0.41619830147917625,23.090771355330833,4.261185393647801,1.7581676540601399,1.7581676540601399,2.8264832931707935,0.0,0.0,0.0,0.0018744540015234621,0.0,0.0,0.0,1.7603753343340545,1.7603753343340545,2.745122463992975,0.0,0.0,0.0,0.0018366773635417415,0.0,0.0,0.0,0.3407346118231634
1,IR,44,-3.7947076036992655e-18,0.7699985727603851,0.7699985727603851,7.705147559319348,12.82653807722815,0.5534918681240628,12.538727006338211,10.006703689965276,23.045917376435305,1.6733208221260503,16.74442564528622,0.04286091240960693,0.11699096972839751,0.12234114597561159,0.06069721090435899,0.04402228522038176,8814.446773302821,6.2351926968230424,16578.125,9921.875,2.8543756792572483,400.72035899792706,428.8275850377464,204.95637942608542,421.2481556452211,304.73524284623426,67.01157628197022,428.8275850377464,467.89789347753594,613.8577869220024,535.570459463393,0.5784940962109556,14.06327151068568,4.570879828710037,1.7707846266048657,1.7707846266048657,2.9984209389544416,0.0,0.0,0.0,0.002037219373241358,0.0,0.0,0.0,1.7711784351248214,1.7711784351248214,2.804206686396948,0.0,0.0,0.0,0.0020080719311942885,0.0,0.0,0.0,0.37176137084049055
1,IR,45,1.734723475976807e-18,0.801470647890398,0.801470647890398,7.71043970671701,12.82653807722815,0.5792563290404354,10.296596415100565,9.620364422580577,22.835648464698696,1.6866804171149454,16.226480277096236,0.025879342709673167,0.0957976521522641,0.09311969495324116,0.06458066956201655,0.053464642629571416,10161.525413456235,6.487054618602961,21406.25,9921.875,3.5982248851643632,473.6458420670515,299.0098920447915,386.74358210054953,364.2843789088407,358.4070107740695,23.083700418133315,299.0098920447915,387.9893816242979,634.6712108327605,495.4266159075888,0.6334469929338566,9.524414371658391,4.534170944426983,1.7745533611368238,1.7745533611368238,3.004780735179072,0.0,0.0,0.0,0.002130931462510949,0.0,0.0,0.0,1.7510225465275173,1.7510225465275173,2.6885925865204063,0.0,0.0,0.0,0.0020463887768842623,0.0,0.0,0.0,0.33087213266141663
1,IR,46,8.239936510889834e-18,0.7340491897377693,0.7340491897377693,6.255807723441043,10.25085448562766,0.93954516852946,10.867600418358437,8.522327673527352,20.378933771353672,1.7053144300949525,14.533248359683535,0.0612208695640902,0.17694176484979468,0.24567708841787947,0.09626242928625724,0.05158151205070821,8169.454830612749,5.938150794051517,10484.375,9843.75,4.0129630657512125,188.97234359988926,254.91212764701658,334.95591419831976,385.9161296082031,270.2654586578217,27.167261532481408,254.91212764701658,482.55300279834046,336.8288113085412,275.5664575624185,0.5894449592674689,12.235529633708863,4.211292189081294,1.7595970679720172,1.7595970679720172,3.075395997184713,0.0,0.0,0.0,0.0019162036025597259,0.0,0.0,0.0,1.7721516164367097,1.7721516164367097,2.7535803874281,0.0,0.0,0.0,0.0019999049036800195,0.0,0.0,0.0,0.39442974771806555
1,IR,47,8.673617379884035e-19,0.6596973105995,0.6596973105995,6.255957480108274,10.14404296162766,0.9321339484604062,12.468841039810354,9.483072584324603,22.293122565253174,1.7034146425938144,16.15360469694298,0.08600157995571692,0.20574580058553943,0.30899312425214814,0.15605774570172315,0.04144636885079435,7891.222345263913,5.80064809583912,10218.75,9843.75,3.5928772983898543,147.37976246607656,275.8439816294928,267.3057314072635,388.90550329290795,327.54510748937645,205.5966708542653,275.8439816294928,286.4636446923516,234.69253401596472,71.6854069408759,0.5442604521142378,18.327090764282456,4.268182723901253,1.7783273594292004,1.7783273594292004,3.1593150385871467,0.0,0.0,0.0,0.001807707402038853,0.0,0.0,0.0,1.7588633257893183,1.7588633257893183,2.757329505794616,0.0,0.0,0.0,0.0018781860377746467,0.0,0.0,0.0,0.286064235174064
1,IR,48,-6.071532165918825e-18,0.7011722443374837,0.7011722443374837,5.610686536891126,9.27734374380522,0.7066186485571768,7.992517083481657,8.001866277785268,18.337846992310208,1.6515102682082239,13.215164322610338,0.05374783573317604,0.1803561053671961,0.16846404204057752,0.0784796050440762,0.04416747048831444,7860.1296137196105,6.015985051935467,11078.125,9890.625,3.1343409411638534,114.91370379505176,247.37634139089647,333.82931559575303,339.9349186137578,340.1822210802367,50.721953816009005,247.37634139089647,319.1865430270133,337.57665790506667,345.41612719374615,0.5843343336258532,10.870238194356853,4.172190873983659,1.7584716345393476,1.7584716345393476,2.6929250501185713,0.0,0.0,0.0,0.0018590695494003077,0.0,0.0,0.0,1.7624848521337557,1.7624848521337557,2.820944956456213,0.0,0.0,0.0,0.001851088011843461,0.0,0.0,0.0,0.3947346502130556
1,IR,49,3.469446951953614e-18,0.7193910785584283,0.7193910785584283,6.21324553674893,9.82055663409138,0.887170930930336,9.441197269734602,8.636812051090315,18.878265314070227,1.6136243060634645,13.93656985256055,0.01830402954131968,0.07401269935076513,0.12357991776581095,0.05391319105840869,0.03297169286553196,9392.490628484926,6.183689430830518,15656.25,9843.75,6.75151433077012,126.31052666151362,333.6297431262779,346.0658570277574,423.4677300339637,331.997162159659,38.06423153888088,333.6297431262779,397.03662562034157,452.66450542798884,274.9054769777929,0.5715123250311421,10.462323418267852,4.139843919709085,1.7692344973329988,1.769234497332999,2.9622773863168366,0.0,0.0,0.0,0.0020163813819315743,0.0,0.0,0.0,1.7731616646279418,1.7731616646279418,2.9174009695670855,0.0,0.0,0.0,0.001979781365603473,0.0,0.0,0.0,0.2835117035772188
1,IR,50,-1.734723475976807e-18,0.6829323097380315,0.6829323097380315,6.22358247226717,9.63439940809138,0.94450256658566,11.361316686426974,9.113029773983579,19.87112972399661,1.6190855565988973,14.75477488393413,0.018325118520654316,0.06867757749636727,0.09121994398446773,0.05860290220513916,0.04245799102061111,10142.397842203738,6.5748210173433,20218.75,9843.75,4.977863792622978,260.40819904398296,384.2509265407575,273.94621301178137,338.017840080554,287.38515017198364,14.63343841282822,384.2509265407575,254.62662307675134,384.83956554195987,305.4347854556828,0.5088228203127998,15.474478798985736,4.15477439039671,1.7750988494338857,1.7750988494338857,2.9715418033772134,0.0,0.0,0.0,0.002113755571530954,0.0,0.0,0.0,1.7532692660085518,1.7532692660085518,2.87481286753414,0.0,0.0,0.0,0.002049424655793138,0.0,0.0,0.0,0.3227158312927525
1,IR,51,-2.6020852139652106e-18,0.6193271144461889,0.6193271144461889,5.749595906509915,9.051513665656,0.6838008157256448,10.592311075829734,9.283617287839887,21.174986496211226,1.6691764174780286,15.495995045778697,0.027735417665755317,0.13121418268029827,0.14819270726040082,0.08674965997105052,0.05556873069700398,9186.62640275442,6.438489191333604,17687.5,1296.875,5.343085474354692,203.51642514866978,370.13947470026267,132.08471367686576,337.2292026014714,257.760640085004,103.87696293511665,370.13947470026267,153.72271169376793,67.91028552141519,193.812641123252,0.4434014674770119,15.899283219715773,3.8150637871986457,1.760184950522819,1.760184950522819,2.7775226151425843,0.0,0.0,0.0,0.0020013662226495425,0.0,0.0,0.0,1.7739224647000296,1.7739224647000296,2.7647904108076657,0.0,0.0,0.0,0.0019542144151614023,0.0,0.0,0.0,0.33929319162517063
1,IR,52,8.239936510889834e-18,0.5298136920013718,0.5298136920013718,3.644137827130601,6.842041010664531,0.33947472442331733,7.858507032004306,6.878149587561597,14.425503158935353,1.5896964508590572,10.934169987844996,0.0338542956503311,0.14330687879200887,0.13151851731953884,0.08216169848495748,0.050190833324753936,8595.733070636772,6.342681353834788,16140.625,1296.875,3.88483986416559,49.6278776962247,154.31024683599412,37.48198037542174,205.06263352801022,132.2789037180609,36.45853021829484,154.31024683599412,141.74333011586302,188.62583569990773,146.58134390755936,0.3318585217669773,11.150426443555064,2.7224083837142916,1.7776944467410487,1.7776944467410487,2.942110341268531,0.0,0.0,0.0,0.001776225669690473,0.0,0.0,0.0,1.7580792823743698,1.7580792823743698,2.715560509926567,0.0,0.0,0.0,0.0017871435538299757,0.0,0.0,0.0,0.36638343293647624
1,IR,53,-7.806255641895632e-18,0.5750887442950587,0.5750887442950587,3.9049081478533214,7.57446288574511,0.026494992182435832,6.39269251049291,6.790096635664728,14.035403244637925,1.5608796904204418,10.598523934619674,0.0423385320351957,0.0790266671485019,0.17595988874983368,0.09333559986626302,0.03774075130095263,8909.476214988354,6.201138501955325,13046.875,9921.875,4.156022428916608,109.31648357029984,226.5516011639613,79.57661761378074,235.29173353192263,146.7493065678924,21.18673605601241,226.5516011639613,224.15671795098444,281.3479582360253,150.84974687199585,0.3904637200344253,12.175700452023975,2.746208188528743,1.7588036471731647,1.7588036471731647,2.867692821969439,0.0,0.0,0.0,0.0018330264144260453,0.0,0.0,0.0,1.7588396932499335,1.7588396932499335,2.751708098553855,0.0,0.0,0.0,0.0018300002376260708,0.0,0.0,0.0,0.3412468638767108
1,IR,54,-5.204170427930421e-18,0.6975948257751391,0.6975948257751391,6.472492213409691,10.78491210191841,-0.7048153879475829,11.85830258623594,9.278297335718397,21.203484557824556,1.668354037040382,15.479484816928998,0.055788282374935105,0.06403486422122409,0.21916173631703684,0.08437647880872061,0.03862305578177733,9266.362650968884,6.076972400968915,12062.5,9796.875,3.9284546321070226,261.5555155290706,539.4666578138697,122.01149014056399,373.71206838300793,270.47176498343106,123.11117181248581,539.4666578138697,472.37976296191215,403.1805358440897,331.93782917114464,0.5665497316352603,18.217052051547537,4.914823610584798,1.7706991876682137,1.7706991876682137,2.8067146182887033,0.0,0.0,0.0,0.002006722978273311,0.0,0.0,0.0,1.7728106644909392,1.7728106644909392,3.016545012580854,0.0,0.0,0.0,0.0019594429025819268,0.0,0.0,0.0,0.40452940109624785
1,IR,55,-4.336808689942018e-18,0.7460715515592982,0.7460715515592982,6.473615015909669,10.78491210191841,-0.836325238713168,11.205472388235192,8.676935881513057,19.703119536282912,1.6594665540087195,14.399084886668382,0.026256971990074107,0.06404961391986089,0.09990502321159313,0.04681925425275027,0.03821613210967589,9716.763445140423,6.427767465822217,19453.125,9796.875,3.8048950673198427,415.13264400276734,628.7698105109829,255.22181602539925,380.9040756445635,227.71033226203866,64.23744103455415,628.7698105109829,413.90338830018584,508.14355224218633,536.2234658838283,0.6105905841065578,15.70051133598718,4.881938988106587,1.7778827518440712,1.7778827518440712,3.0204535465818836,0.0,0.0,0.0,0.002097803780711612,0.0,0.0,0.0,1.751841934421887,1.751841934421887,2.9054436438336455,0.0,0.0,0.0,0.0020416345818234194,0.0,0.0,0.0,0.3524652899202083
1,IR,56,-8.673617379884035e-18,0.7079732176882508,0.7079732176882508,5.461909617965054,9.56115721985797,-0.32428024341491113,9.659598648739795,7.714853445716697,17.54822821513837,1.656334339598735,12.778376687130239,0.043321059336786094,0.08365384759999436,0.17711539915857796,0.06056804187873542,0.04927935195788145,9281.04458064419,6.265418942310278,17218.75,9781.25,4.088436475607879,379.19234744833244,493.900284260961,174.44047403334375,356.5299898842047,205.32002557154098,39.255879915660245,493.900284260961,433.10268569906714,467.61141944353994,508.1723274532478,0.5373426287159759,11.769720015234347,3.798883276159594,1.7606819104203182,1.7606819104203182,2.892758692602716,0.0,0.0,0.0,0.001979054484966172,0.0,0.0,0.0,1.7725512604428515,1.7725512604428515,2.8553635278190734,0.0,0.0,0.0,0.0019231046392350207,0.0,0.0,0.0,0.37945892156898636
1,IR,57,-1.734723475976807e-18,0.5745522058334435,0.5745522058334435,5.462528761212146,9.44824218087009,0.021869812483548166,12.604271411341905,9.507454162983697,21.595970167800633,1.6742382898562551,15.917743798748264,0.09573233289583236,0.12326623325505899,0.19409709018245785,0.08135670628812933,0.05117729565971041,8356.984110929387,6.168854317599511,15046.875,625.0,2.027497756600479,187.08140644196726,238.20864905822032,119.85190480302624,215.93427194925346,130.7310554445357,35.89089570222421,238.20864905822032,322.47125190531847,365.37361249512554,322.42129715530336,0.3894554656720606,19.472395797110075,3.5298326728757496,1.779494145814623,1.779494145814623,2.9113869089755853,0.0,0.0,0.0,0.001754268660099551,0.0,0.0,0.0,1.7618675319604036,1.7618675319604036,2.8968607777634356,0.0,0.0,0.0,0.0018027177561281485,0.0,0.0,0.0,0.40029488476295966
1,IR,58,-6.071532165918825e-18,0.5754575384950585,0.5754575384950585,5.839736755804625,9.93957518840195,0.6635108857607038,10.968474107363612,10.147988974245791,20.948188408561787,1.5711522799032849,15.944036013347379,0.13760413661263124,0.1114720278084209,0.11069707080518926,0.07844709833225819,0.04794461703781258,7114.171075566536,6.090583940993943,13843.75,1234.375,0.8044603420317777,70.45532003483767,204.88154607867,96.52224010909144,159.2268863413562,104.77425627141409,80.30647483750268,204.88154607867,188.9612609222104,281.75312244331644,91.81221759559286,0.3153219907379758,12.949293568084492,2.3145999189392263,1.7616872633414138,1.7616872633414138,2.9950826344097674,0.0,0.0,0.0,0.0018607706442470343,0.0,0.0,0.0,1.7603704424532276,1.7603704424532276,2.899235023045121,0.0,0.0,0.0,0.0018509881278985301,0.0,0.0,0.0,0.3222453428313735
1,IR,59,-9.540979117872439e-18,0.6906661050102418,0.6906661050102418,5.838703360280334,9.93957518840195,0.5507302019753103,8.839862842001317,8.453727956123313,17.629771259138842,1.5723838025190764,13.29250490913024,0.06167152666296649,0.09237615759220949,0.1177767584233875,0.05054513858680209,0.041609977620551075,8348.089745773701,6.312318830075892,16687.5,1234.375,1.9097428715381914,206.51553968505328,294.9875717524311,141.98413833098323,272.3030187298996,232.7612410068754,85.03136062607284,294.9875717524311,375.1802881212502,375.3391407979384,276.60831157422115,0.4285380237399166,10.523137087539006,3.0434267916643045,1.769843063272119,1.769843063272119,2.8622654707300907,0.0,0.0,0.0,0.001995052723908694,0.0,0.0,0.0,1.7714358560131196,1.7714358560131196,2.9824405634556195,0.0,0.0,0.0,0.0020052773111907196,0.0,0.0,0.0,0.385590229614632
1,IR,60,1.5178830414797062e-18,0.6976099732604177,0.6976099732604177,6.262230123910803,10.16540526624863,0.6679100122961599,9.17631067125607,8.976692369568713,19.612434265811547,1.611496196530707,14.465905611006939,0.02754506812401648,0.06502506016640779,0.06472315067259315,0.04463033720573259,0.04250065969712385,10119.34594034519,6.6009749758275476,21250.0,1234.375,2.349718300889279,264.8345324154248,388.331967927203,224.21482161554692,292.14880730425244,224.54247962353114,46.002390506878406,388.331967927203,342.8017135413017,372.47489131396145,297.78162858030333,0.4760486068900544,13.249756814795646,3.8294607039467197,1.7767114148273093,1.7767114148273093,2.7894915434918572,0.0,0.0,0.0,0.0020631045511006357,0.0,0.0,0.0,1.7495414255899584,1.7495414255899584,2.8777995503786458,0.0,0.0,0.0,0.0020405061583634743,0.0,0.0,0.0,0.2990185430618739
1,IR,61,-8.673617379884035e-19,0.683501546106019,0.683501546106019,7.84528180437639,11.52038573451038,1.3943197067474402,15.881537672540833,11.478074700869833,27.214019689185463,1.7061179889797973,19.582949726036578,0.06306982146941238,0.12927933518436718,0.12077943446183534,0.054682247264593295,0.03879560062678701,7611.909937228335,6.094650900607745,13390.625,1234.375,1.915011516538,305.6867374526369,376.0477199579645,164.02715106175827,251.48636465150327,246.20971414460948,87.87712506545039,376.0477199579645,388.94338866867923,374.24933770313567,268.13443383733227,0.5012950002658948,22.65732957446934,4.917558074725421,1.7607100923835297,1.7607100923835297,2.8105614373879413,0.0,0.0,0.0,0.002003543993304631,0.0,0.0,0.0,1.7711249431473897,1.7711249431473897,2.7880196424689774,0.0,0.0,0.0,0.0019296045148809767,0.0,0.0,0.0,0.33806170676373737
1,IR,62,-6.938893903907228e-18,0.6021924914221,0.6021924914221,7.8484818287392,11.52038573451038,1.3268832827152293,18.923169152951683,13.033177830217852,29.79829428945165,1.677827328270197,21.867421937781096,0.10968157436724292,0.2087525811474531,0.19573393371436373,0.08232439946326701,0.0481308912017334,7185.454761356508,6.027207670580137,10718.75,1234.375,1.7845653186670185,200.24047788996327,163.77521191451243,67.85250197320443,195.3185145729206,105.62069056187046,163.37091868214702,163.77521191451243,253.74477303187382,348.3586858683625,89.03548804987376,0.4231530790727118,33.4327170220546,4.951796991130836,1.7796903076762292,1.7796903076762292,2.840943673754804,0.0,0.0,0.0,0.001794899550176489,0.0,0.0,0.0,1.7622360449622343,1.7622360449622343,2.8006618813801767,0.0,0.0,0.0,0.0018152185620078265,0.0,0.0,0.0,0.30564823736503366
1,IR,63,-3.469446951953614e-18,0.6744127842359342,0.6744127842359342,5.756633724934452,10.623168938708421,0.18271724111183024,9.124933195033309,8.535771947810579,18.849233200517016,1.6250848887012792,13.871354005807826,0.09322797792937164,0.23103603551576352,0.18877027259395138,0.09312823794465745,0.05453885839177183,7602.955812174209,5.961019022294468,12921.875,9859.375,2.0248242725476313,193.92467775981987,257.6125108452139,169.22597908463274,266.938631344736,174.97511581250328,20.83683780482222,257.6125108452139,349.5696577923347,347.019337260148,185.82187650079288,0.4706617948709266,13.062626087590104,3.399623615984006,1.759928177032007,1.759928177032007,2.7962697208570737,0.0,0.0,0.0,0.0017987264905950304,0.0,0.0,0.0,1.7600258053538254,1.7600258053538254,2.9395832386777236,0.0,0.0,0.0,0.0018491692073758464,0.0,0.0,0.0,0.34697219022038017
1,IR,64,4.336808689942018e-19,0.8261337481333174,0.8261337481333174,5.85573166221687,10.72387694645436,0.5317197467300228,8.225868373719829,7.088115786869916,16.49835134995992,1.6660252183685937,11.808979651656124,0.03684555008020388,0.15769516440138054,0.08484541045805893,0.06256108444802715,0.05225987031773152,8603.67768515498,6.484275490984639,18687.5,1234.375,2.302731544815268,455.8960257602146,479.60317885198424,376.74973710687357,513.5742490781797,352.7269993520357,65.60781124809375,479.60317885198424,443.0219086993539,681.2942713063052,448.88366218237513,0.6548856176292834,10.074144098726217,4.687295105102926,1.7671730086187558,1.7671730086187558,2.856865360965807,0.0,0.0,0.0,0.002006860075691219,0.0,0.0,0.0,1.773527653963982,1.773527653963982,2.739072249397342,0.0,0.0,0.0,0.0019676603433149346,0.0,0.0,0.0,0.3343894241892407
1,IR,65,-4.336808689942018e-19,0.8102123193281912,0.8102123193281912,6.195746358117502,10.241699212228479,0.8484380681034903,8.727245791994003,7.647065109115128,17.997829570638583,1.6755973966838433,12.813402389120972,0.026929273069021428,0.10446772856606412,0.18282979554634965,0.07152120101781169,0.04451041445899004,9307.713955732068,6.146831998043401,14640.625,9875.0,6.789258479831821,307.61481002039477,330.3372782628989,434.2075613794613,514.581134334009,327.73727659872714,33.00766482772639,330.3372782628989,478.109417114523,539.2893339750494,416.542715601632,0.6433236768072785,10.83355518680656,4.706153458263769,1.7760112682288978,1.7760112682288978,2.8320421447060258,0.0,0.0,0.0,0.0020969959784657385,0.0,0.0,0.0,1.7515908891040737,1.7515908891040737,2.665597096558971,0.0,0.0,0.0,0.0020582643587448144,0.0,0.0,0.0,0.3349306612963496
1,IR,66,-6.071532165918825e-18,0.7060403237837974,0.7060403237837974,6.188065554583596,10.00976561822848,1.2800144476075117,12.435110800986727,8.76446478497414,20.676322689643158,1.7033243002116083,14.928725846616503,0.06752460177893611,0.1950747469330511,0.18789433017362367,0.07796558715856462,0.047805804937751536,7469.838235653133,5.884133146544636,10687.5,1296.875,2.7826055277745234,226.66606209973958,234.71238791906302,246.6816623370147,308.7874204960983,222.9892464835237,79.54743900043577,234.71238791906302,340.28622378582776,340.84033716126305,324.42926760805113,0.5223904829213333,13.750938060286884,4.011462657366689,1.7617166794884371,1.7617166794884371,2.8685664111795868,0.0,0.0,0.0,0.0019057002759332608,0.0,0.0,0.0,1.771185548072064,1.771185548072064,2.78147487069314,0.0,0.0,0.0,0.001928022528617182,0.0,0.0,0.0,0.3533794403260706
1,IR,67,-3.903127820947816e-18,0.5821062637074671,0.5821062637074671,6.1077482958016,9.619140618155921,1.456503144859792,15.074507482448283,10.49249712052662,22.835213403718008,1.634000222271583,17.144742627153892,0.07526921824242179,0.24091234737289313,0.16641513458586113,0.09159106264647118,0.03714916684448746,6744.426860034947,5.947749936772556,10250.0,1250.0,2.2109321508783584,75.85328544141422,127.93010488453278,167.13780201164695,231.6570386009338,154.19451093295416,83.66956962522322,127.93010488453278,213.4586900066029,213.58047204297185,243.64647469233716,0.40128384693954594,23.856778674849323,4.070724415073896,1.7817649066795365,1.7817649066795365,2.80391593800296,0.0,0.0,0.0,0.0018105406604530495,0.0,0.0,0.0,1.7618328661844695,1.7618328661844695,2.7460676889653497,0.0,0.0,0.0,0.0017936954954951212,0.0,0.0,0.0,0.4223723153759421
1,IR,68,-5.204170427930421e-18,0.6107806772610569,0.6107806772610569,5.960905547973019,9.25292968101079,0.7654051271077417,10.499859384873995,9.759486129610284,20.739987129994482,1.5879813830225693,15.497882281713494,0.03979980459858467,0.14143296932819888,0.13084183588253834,0.08657103617071706,0.04741656509184068,8472.74440085541,6.2854553460367235,14125.0,1265.625,3.2874994538014324,166.01140340829795,156.01268642271828,227.06453140545966,224.7294687773365,186.51606538464497,92.5648478185442,156.01268642271828,194.63451431614374,259.9996123810083,149.91145173772273,0.4180977842997394,24.587892034686835,4.233901898643466,1.764107514465285,1.764107514465285,2.8697643797211483,0.0,0.0,0.0,0.0018774836272530335,0.0,0.0,0.0,1.7582766803100083,1.7582766803100083,3.0103141949744603,0.0,0.0,0.0,0.0018290296739590472,0.0,0.0,0.0,0.3889941694236204
1,IR,69,6.071532165918825e-18,0.6740298896169065,0.6740298896169065,5.961029972666604,9.25292968101079,0.8051000910601611,9.046108399698332,8.843865924174057,19.045928306788912,1.5942353587298166,14.099203764204946,0.017602675122560533,0.0785457084282778,0.07589032845583785,0.05853301547905233,0.05141250636191447,10685.726157411691,6.703889810121018,22531.25,1234.375,4.3112951823022305,213.81025976356148,242.6780350561409,319.57257361284525,371.90345826077584,159.13371884576873,16.622805516690626,242.6780350561409,262.4416898312789,272.86419142175146,312.34740644129187,0.4582325928653738,19.370988508431772,4.191394142004729,1.7695864905992982,1.7695864905992982,2.9807076789121862,0.0,0.0,0.0,0.0019649399872252783,0.0,0.0,0.0,1.7734414816067727,1.7734414816067727,3.06324360743867,0.0,0.0,0.0,0.00196810363365116,0.0,0.0,0.0,0.3539503647853935
1,IR,70,2.168404344971009e-18,0.6349347666552351,0.6349347666552351,4.88400235449102,7.90100097153119,0.7126981583487673,7.706852431736918,7.6921325008106,16.47970288312386,1.5917746904924617,12.244141830724082,0.016543013903004077,0.073599348659567,0.07868762099110477,0.053123115478626595,0.04934641874135982,10604.448825295074,6.600846865151292,22640.625,9765.625,4.756546869132426,107.00923873223864,301.34427035939854,108.88708248870059,342.715798568206,304.00435361171185,68.63292729694766,301.34427035939854,298.8104429834298,314.5487619261673,226.32576900130363,0.4367455644606418,12.041673857693333,3.2779418593851397,1.7778581526760726,1.7778581526760726,2.843464049942977,0.0,0.0,0.0,0.002087365380582615,0.0,0.0,0.0,1.7523155305602915,1.7523155305602915,2.7607253211543825,0.0,0.0,0.0,0.002065901206646705,0.0,0.0,0.0,0.35889382362655015
1,IR,71,-2.6020852139652106e-18,0.642305514734344,0.642305514734344,7.546591008688902,12.081909171704648,-0.3364054047366314,15.296395744236253,11.749223438939964,28.46201982796038,1.742674822323672,20.4750758689277,0.028655320456645844,0.11289438054341898,0.1135579288669883,0.066512304200503,0.047199183223464565,8893.955001361932,6.341802588324687,17343.75,1234.375,3.962891604539312,164.66395991858724,508.1826111511721,106.0594298361014,374.7836556189401,356.97900016963234,183.2564714500117,508.1826111511721,420.8300538140413,444.8090071102525,291.882164630907,0.5642790637919904,20.708826413562694,5.049615637334161,1.759025046839638,1.759025046839638,2.7865751511107644,0.0,0.0,0.0,0.0019740487771901178,0.0,0.0,0.0,1.772686224812781,1.772686224812781,2.7804630543509172,0.0,0.0,0.0,0.0019654229716682577,0.0,0.0,0.0,0.3565781702196361
1,IR,72,2.6020852139652106e-18,0.6133620328696477,0.6133620328696477,7.551890606658011,12.65258788226501,-0.33653108079884597,18.058587442230664,12.312288994011851,29.259383842794815,1.7315924006114098,21.31986605619718,0.03666340429247296,0.11966258976296038,0.35339809455488314,0.12096045762461216,0.03866944666243671,8714.305789858345,5.705715170208826,10281.25,9843.75,9.63898746897863,144.4696701385984,371.52295717739787,149.0158556425378,359.27671802253354,259.41267737089896,89.06715397478284,371.52295717739787,275.9450329744884,309.09845145584063,218.62172772018886,0.5234630431962999,27.590730232532906,5.074849834656998,1.779308498569758,1.779308498569758,2.8938665277048568,0.0,0.0,0.0,0.0017694744659179928,0.0,0.0,0.0,1.7640988494108114,1.7640988494108114,2.7932282176084713,0.0,0.0,0.0,0.001868531934490508,0.0,0.0,0.0,0.32609233477409894
1,IR,73,-7.15573433840433e-18,0.6376731763473512,0.6376731763473512,6.660357113343722,11.75231932826501,-0.22110956268212348,12.87889514788294,10.444781685007353,23.20771462752551,1.6434898541762415,17.165892728422328,0.06774244166708618,0.0854688132512944,0.29668132655649165,0.10507688308758859,0.035052422145957565,8477.354526005785,5.933411477389212,10296.875,9843.75,4.379548762209139,123.99152808087631,387.8457899886041,64.0737232812102,346.10492397440663,249.0305924976062,148.40231774986367,387.8457899886041,364.55602103523375,174.24577752721822,33.08341915163215,0.5190457863109541,22.503248701309285,4.6670758203213705,1.7627048318275509,1.7627048318275509,2.825922144569546,0.0,0.0,0.0,0.0018621366886458117,0.0,0.0,0.0,1.7589305586614703,1.7589305586614703,2.7107642613644694,0.0,0.0,0.0,0.0018382821357106043,0.0,0.0,0.0,0.3764961556749218
1,IR,74,-1.0625181290357943e-17,0.6892166320823245,0.6892166320823245,6.657794858679722,10.47668456348303,-0.6594502292960314,9.207776500430388,9.659945144612836,20.62650634387323,1.5888618268647632,15.34831808990522,0.0530330925459012,0.06731792190676002,0.09405773492832481,0.06266105775491428,0.04378797386204808,9034.351506917978,6.516920759801332,18843.75,1234.375,1.773566850644103,349.65088901282866,507.5249736002336,239.7781086232379,302.0018337264633,230.43222284825598,71.3831356505606,507.5249736002336,376.70058523601494,294.19972204955064,218.08175139644447,0.5160910743186005,18.359897146470978,4.627663398524671,1.765603306179691,1.765603306179691,2.73729799744988,0.0,0.0,0.0,0.0020185147954754653,0.0,0.0,0.0,1.7753444897779838,1.7753444897779838,3.050660224344236,0.0,0.0,0.0,0.001954613331298777,0.0,0.0,0.0,0.32120045454336976
1,IR,75,-1.0408340855860843e-17,0.7552208391777453,0.7552208391777453,6.136453147903872,10.73608397753528,-0.6144678161285433,10.048219086655067,8.125375823284848,17.904538977409622,1.6260650187905663,13.212389390787585,0.03004149135753778,0.0633695351737515,0.1158002799542823,0.06690133744321766,0.05377659867599456,10556.634966402631,6.5117453646594825,21156.25,9843.75,3.8546781373878733,325.4601056802984,532.6189588979571,218.39084728149808,409.7854283275328,232.77401348991236,33.417114090572916,532.6189588979571,410.1986579887544,559.6751470067699,225.34966261423932,0.5670374891316202,17.824571520100402,4.588267433346183,1.780125233235675,1.780125233235675,2.8120055918073823,0.0,0.0,0.0,0.002050989315451221,0.0,0.0,0.0,1.7548002613517535,1.7548002613517535,2.950517816996845,0.0,0.0,0.0,0.002061842833813508,0.0,0.0,0.0,0.40281204973041324
1,IR,76,-8.673617379884035e-19,0.7557965288752108,0.7557965288752108,6.1296664140436405,10.809326164986881,-0.5032781535076752,12.352173470547086,8.110207152125724,19.33786220795116,1.718142149758197,13.934488751356033,0.0572502321542448,0.0869607816224569,0.19935619610165528,0.0844323795376476,0.05136619838778905,9136.449006640227,5.99452288390355,14609.375,9875.0,3.482190178042656,456.545188127848,556.3313672802312,261.9851654089374,418.3642824741084,286.45747609272695,19.1492062048254,556.3313672802312,593.1573816476633,686.0402993649234,423.47801410691386,0.6074820063803201,15.067782407098548,4.599431389741762,1.7622495008871626,1.7622495008871626,2.9289725356888097,0.0,0.0,0.0,0.0019449541663657652,0.0,0.0,0.0,1.774443278057675,1.774443278057675,2.755947065686595,0.0,0.0,0.0,0.001961526112724976,0.0,0.0,0.0,0.3529320948215946
1,IR,77,1.951563910473908e-18,0.5963112090207703,0.5963112090207703,6.005983796215069,11.18469237590612,0.06301733368209862,14.155445392573746,10.071894851796758,22.81845101997518,1.6772281214125042,16.892865281371677,0.09884905344714282,0.12928141819699565,0.29372535328536215,0.0657596474241815,0.0495510904022126,7917.66512958111,5.810202835284004,10515.625,1250.0,2.9714533729900947,226.16790869051596,343.9778405124373,71.71819240249287,278.6365181932566,133.43750611203717,62.41466729142763,343.9778405124373,225.8975095252097,328.9148099555703,240.98822014392715,0.4266951032846807,14.848914706970387,3.0053923603652284,1.7795546685332237,1.7795546685332237,2.870355461494409,0.0,0.0,0.0,0.0018417075953834157,0.0,0.0,0.0,1.7659244141138093,1.7659244141138093,2.8101519689138033,0.0,0.0,0.0,0.001794443171365746,0.0,0.0,0.0,0.3786628479883001
1,IR,78,8.673617379884035e-19,0.6046877294279216,0.6046877294279216,5.173772570046278,8.95080565790612,0.3537562536482223,8.740185105809113,8.556106430227196,17.73310230773173,1.5674899025981675,13.41161043495856,0.11571336047979697,0.12387820035341147,0.13856545774780726,0.051798553687195215,0.04294740748738349,6938.040173382366,6.156861085203049,13703.125,1234.375,1.19748883942233,152.31686413375454,183.7859269155666,23.729496387004744,158.8975158061474,188.09031120097018,99.55010858585175,183.7859269155666,282.3774454496057,67.59207641082754,121.37606288798699,0.36641037901386314,12.741962212226992,2.6808192797704584,1.7649540045669412,1.7649540045669412,2.8120409052555235,0.0,0.0,0.0,0.0018984365810738426,0.0,0.0,0.0,1.7585970075484365,1.7585970075484365,2.9485614483789515,0.0,0.0,0.0,0.0018479953632886935,0.0,0.0,0.0,0.3365753777909994
1,IR,79,9.107298248878237e-18,0.6999755661866991,0.6999755661866991,6.338953222613286,12.58544921051071,0.2230571213890677,10.990782355682098,9.055963563324566,19.557146612019558,1.6095110039963405,14.575673006981624,0.0615004339179806,0.08539690619204673,0.14762727814101403,0.05320085450412366,0.03726690868859628,8391.973613302194,6.130644843194008,13859.375,9890.625,2.4004266105747343,379.51277376819604,303.94789256994227,190.76257905780486,267.5592101704712,249.51989302256482,54.838006479963326,303.94789256994227,384.8077839508994,479.03804266197864,380.79057451187765,0.4850154523899783,12.294266455281946,3.546959517355253,1.76835629871893,1.76835629871893,2.9334435635020237,0.0,0.0,0.0,0.0019964148210940545,0.0,0.0,0.0,1.7757488555951622,1.7757488555951622,2.735315058956926,0.0,0.0,0.0,0.002051190645744178,0.0,0.0,0.0,0.32977375450576346
1,IR,80,8.239936510889834e-18,0.7175992811974209,0.7175992811974209,6.545594330275852,12.78381346819212,0.5535117330280329,13.671796606590394,9.12151740083189,21.350061364517774,1.6976010166943578,15.484697213469069,0.029194923203661887,0.0712581754029906,0.08732141921005718,0.04364344160518953,0.04402841476780712,9615.117303141104,6.504627445148503,20593.75,1234.375,2.990979582234817,366.7930511540461,449.76925094531725,257.23889687780945,206.32596249333858,212.14655183024448,15.309531508067737,449.76925094531725,427.8153603640844,521.0834667755942,526.6593178425366,0.515504683911766,14.166692952604137,3.65684549344297,1.7805760290820882,1.7805760290820882,2.921143865593116,0.0,0.0,0.0,0.00215779038057641,0.0,0.0,0.0,1.7520882304636638,1.7520882304636638,2.7845320126847164,0.0,0.0,0.0,0.0020491311941768214,0.0,0.0,0.0,0.28463899043751933
1,IR,81,-1.951563910473908e-18,0.7146865940207259,0.7146865940207259,7.329765702411435,11.6210937424863,0.9944209343832205,14.144227513663797,10.255916038896087,24.4728008445471,1.714799983967828,17.58684465909901,0.06511432982673337,0.1663975297934015,0.10046704874966715,0.06833852234700166,0.05104747862840752,7770.400135016162,6.240252620812429,16671.875,1265.625,1.5429330074572372,366.0310526012335,375.38233706674583,169.14752473063768,195.4923908419053,145.74442420686017,79.21451446058148,375.38233706674583,355.4367892986011,482.69240198288264,481.52596685352773,0.4988970307150779,19.628700558095808,4.503064740864267,1.7614802024725085,1.7614802024725085,2.9507069965191257,0.0,0.0,0.0,0.0019445529871893238,0.0,0.0,0.0,1.7698333190160005,1.7698333190160005,2.7312844418591635,0.0,0.0,0.0,0.0019486348828194429,0.0,0.0,0.0,0.37521309501015676
1,IR,82,-7.806255641895632e-18,0.6218712657253878,0.6218712657253878,7.321377838779602,11.6210937424863,0.7885819472364474,14.815182853417781,11.773140587590484,26.70501470842483,1.663728786544562,19.587312903641944,0.10662396374792993,0.1925036562386803,0.20909585818984966,0.12389613405819197,0.05868304632424211,7586.412895225785,5.919228640323653,10781.25,3296.875,1.9610587605072798,180.55499097112528,110.52645058892395,212.45900548834084,217.2309884495566,164.14387932150788,107.66755567845865,110.52645058892395,239.54741187082342,330.848674376879,210.56891131601284,0.43618631361823484,22.70185177518561,4.522775849695142,1.7817780557805931,1.7817780557805931,3.091141286317942,0.0,0.0,0.0,0.001801422686631521,0.0,0.0,0.0,1.7669740440276986,1.7669740440276986,2.7264074770280255,0.0,0.0,0.0,0.0018009071132893857,0.0,0.0,0.0,0.2947372491772692
1,IR,83,-6.5052130349130266e-18,0.6532038642240512,0.6532038642240512,8.226498210945417,12.908935538389319,1.1370508096949308,18.49618678717077,12.59407462432143,28.65580046736539,1.673355524153268,21.074364344239022,0.08743080928999719,0.1509579318915824,0.2361669831054168,0.0951790021868949,0.047320358416469796,7958.733164073071,6.061310149726877,10671.875,9906.25,2.701187201863578,213.15687859399986,235.9927305338345,246.49021804364486,265.0067814703707,226.0129677970471,143.02448495079716,235.9927305338345,326.76286864608005,264.47658121014547,65.60545652333217,0.5051602001547424,29.538605429551694,5.599887838947853,1.7661382869053153,1.7661382869053153,3.04322353453036,0.0,0.0,0.0,0.0018983964769488056,0.0,0.0,0.0,1.758746148773959,1.758746148773959,2.808979895822205,0.0,0.0,0.0,0.0018580508190695543,0.0,0.0,0.0,0.3180958916111303
1,IR,84,4.336808689942018e-18,0.7885215599878052,0.7885215599878052,8.226219559229866,12.908935538389319,1.081680959303524,12.457770885723171,10.432459905530873,24.721829538331182,1.698560516213708,17.720164482539804,0.0330336291798744,0.10718108345488933,0.06874265656437428,0.048090650304750945,0.04713293608498059,9105.463298969415,6.519957217471287,20312.5,1281.25,2.080990138503294,456.8902521046317,495.9703917223184,346.976116123468,598.7243095907065,413.1096572496192,144.57603396916846,495.9703917223184,468.0869694291992,595.113591636761,267.4039638812245,0.6524347186706408,15.08708107686833,5.517884052702468,1.765932909962432,1.765932909962432,2.872830266090554,0.0,0.0,0.0,0.0019910421116750123,0.0,0.0,0.0,1.7754784012579168,1.775478401257917,2.7400544698586136,0.0,0.0,0.0,0.00195479626814488,0.0,0.0,0.0,0.3787906165014061
1,IR,85,1.0408340855860843e-17,0.772167901526774,0.772167901526774,5.713842060361369,10.26611327455117,0.7825733019297725,8.322750264446832,7.399740456779203,16.90824115813849,1.6513909613353588,12.219864506568582,0.029587974571685906,0.10801385319424546,0.18029405342499577,0.06895040429436539,0.03837148672461265,8944.20269397029,6.1388135060702815,12390.625,9890.625,6.093490887052267,211.321252384896,461.96204568271753,387.0367775537026,446.6390019549702,343.77643589479214,14.551602848480476,461.96204568271753,521.4188656649732,670.5473526838158,233.2357609446284,0.6287836387143467,10.136366789351518,4.309099764414644,1.7789393386651213,1.7789393386651213,2.9151847937010316,0.0,0.0,0.0,0.0020741263487709573,0.0,0.0,0.0,1.755710500324474,1.755710500324474,2.8143737841780587,0.0,0.0,0.0,0.002070261889413556,0.0,0.0,0.0,0.33183639391217024
1,IR,86,1.0625181290357943e-17,0.6880873674675573,0.6880873674675573,6.853130455254432,10.84899901642995,1.0524056647544022,13.046528725926521,9.95968067320694,23.09972688285146,1.691639658191507,16.848190809744832,0.05604273535459428,0.18948341591828444,0.16508778918181494,0.08316744669484845,0.04417208598057713,7650.791298349848,5.8742262474888625,10343.75,9796.875,2.9457482425567507,274.15486030808916,408.8700870511888,283.2141667810879,358.77951764884034,285.5623290255584,86.42516052879405,408.8700870511888,459.2390183280499,483.6046891306678,219.0370590451686,0.5531419076517069,15.115475488798339,4.399580856901651,1.7589345599908162,1.7589345599908162,2.739162214344216,0.0,0.0,0.0,0.0019495574383325785,0.0,0.0,0.0,1.7715867844325355,1.7715867844325355,2.830990307295048,0.0,0.0,0.0,0.001959904231395764,0.0,0.0,0.0,0.3291246026119903
1,IR,87,7.806255641895632e-18,0.6117302848327485,0.6117302848327485,6.839399035223438,10.49499511042995,0.9769249756436075,14.069009411787093,11.18041595256674,25.20552639583964,1.6640042392197647,18.60425954134175,0.059544871213897246,0.18855707711495867,0.2354069618506604,0.11329356490228802,0.05926530779906065,8400.21985086704,5.957491354914068,11578.125,9875.0,3.9534380887495324,187.28039274556014,228.2677401139365,211.09577178430774,218.67589091859253,166.3529371551218,156.13756226873812,228.2677401139365,129.22987039993612,143.1297790449882,245.8615881178268,0.42377861452268795,27.934449014582032,4.452060943521289,1.7782430082284413,1.7782430082284413,2.886505173092849,0.0,0.0,0.0,0.0018469570541221733,0.0,0.0,0.0,1.7652372566289296,1.7652372566289296,2.8487540152187236,0.0,0.0,0.0,0.0018577331967577935,0.0,0.0,0.0,0.44796867078060737
1,IR,88,0.0,0.6370987104148492,0.6370987104148492,6.160954381922595,9.64660643912365,0.7783139616523089,9.370081225950718,9.670329387264331,21.40292840398796,1.6224430027810235,15.689558248979345,0.04143915182212479,0.11748070577870076,0.153379375236953,0.09646969645828926,0.05924230851983622,9477.913004823067,6.357973663687186,17250.0,9843.75,3.70131550692987,211.32913780050785,112.61910241907847,236.9853791859729,180.20371323208317,124.24710050498015,116.599750981783,112.61910241907847,68.82262697612272,19.740241492423905,387.62609919533776,0.42570548889720655,16.78729834825943,3.9418595298260324,1.7646820652837711,1.7646820652837711,2.8417340238147606,0.0,0.0,0.0,0.0018704904976845362,0.0,0.0,0.0,1.7587193189378534,1.7587193189378536,2.9211899408321886,0.0,0.0,0.0,0.0018887090169957532,0.0,0.0,0.0,0.4149816940755928
1,IR,89,7.15573433840433e-18,0.6760565900307418,0.6760565900307418,6.564711775016088,10.119628899486461,1.078858619814087,12.026442497145222,9.710299214312615,21.767988786824986,1.6479196066679829,16.001792461902134,0.01895239672923388,0.06539524158273465,0.1002306214379727,0.06930655061375518,0.04475470637703609,10300.239595100467,6.542777448843454,19937.5,3375.0,5.288545974667121,225.42684682412187,251.37928139759202,317.18499795823493,416.2106102225271,305.7845714140228,90.55130263543637,251.37928139759202,253.70728413318412,329.80112564523927,371.33373322445664,0.5171300253117084,15.421397575326466,4.189155182260578,1.7657455895619711,1.7657455895619711,2.8776102027989143,0.0,0.0,0.0,0.00202587789118476,0.0,0.0,0.0,1.7754643086140072,1.7754643086140072,2.989220085734549,0.0,0.0,0.0,0.001989682343359652,0.0,0.0,0.0,0.3226914927001695
1,IR,90,3.686287386450715e-18,0.6420086268514738,0.6420086268514738,6.567620481675176,10.119628899486461,0.8385140591433632,11.759582846654302,10.229800982385148,21.9671885279545,1.6125450486091828,16.49601492242822,0.021133520186004794,0.07001365438969888,0.09278291005713807,0.05809760423370754,0.0432334754394921,10189.772505916584,6.548068203835056,20187.5,9875.0,4.3903197023556535,115.61631226258613,409.7052868688175,169.99511728813118,343.05677766900135,302.5471984525154,27.233332575739627,409.7052868688175,355.16720215521417,471.99557823478204,282.96654856537106,0.48969779094818616,16.54787899729506,4.217342324972293,1.7772388181919008,1.7772388181919008,2.9421925713767028,0.0,0.0,0.0,0.002069545949773229,0.0,0.0,0.0,1.7527382937059466,1.7527382937059466,2.748258135631252,0.0,0.0,0.0,0.002039642113159386,0.0,0.0,0.0,0.3148269030521364
1,IR,91,-3.0357660829594124e-18,0.606887101617115,0.606887101617115,5.2998229826171155,10.04638671170449,-0.18095458096865571,9.99394750801554,8.732798849219966,18.70566912886864,1.607619635954651,14.039018906871332,0.024575732671277918,0.11389095672950356,0.11661415313508362,0.06425623570241425,0.041558150636326174,9012.51399623686,6.4020232402935076,17140.625,3296.875,4.745093653571009,104.13648150708458,363.4842450292854,167.81054073147828,363.7207294287007,283.4118833719983,133.65060801505246,363.4842450292854,380.8326967526061,284.2164751186505,213.5013396899326,0.45396755451766313,16.647102763059806,3.8281947849610356,1.7567367303702663,1.7567367303702663,2.8281208313893336,0.0,0.0,0.0,0.0019923558374431815,0.0,0.0,0.0,1.7701888111007935,1.7701888111007935,2.7298074960530325,0.0,0.0,0.0,0.0019622432588995535,0.0,0.0,0.0,0.4234980947624053
1,IR,92,6.938893903907228e-18,0.5640372271929638,0.5640372271929638,4.7584496403046,8.05358886145896,-0.2700144160654428,9.390578356008234,8.436410596473346,18.230095731679064,1.6149196311723841,13.624125088899685,0.05446692318781603,0.10620566464821105,0.20200241286656911,0.10188468080602764,0.046733224821630934,8673.870789723629,6.205435193509963,12609.375,9859.375,3.7087171633746205,142.26058291459185,204.75712337250266,212.4864848774071,233.24217082858814,176.5199584903081,134.3764002339174,204.75712337250266,204.89663243345433,215.72613565986526,268.295257082946,0.3964931883014128,19.579779005416864,3.3630859669761017,1.7769588320834229,1.7769588320834229,2.850105513231263,0.0,0.0,0.0,0.001804054691370661,0.0,0.0,0.0,1.7656726042526867,1.7656726042526867,2.714321846284469,0.0,0.0,0.0,0.0017856762844274676,0.0,0.0,0.0,0.3387716870546534
1,IR,93,-3.469446951953614e-18,0.7196140129483938,0.7196140129483938,7.654218370697723,12.56103514801505,-0.720418573466428,15.272343512473935,10.636561035444984,25.036071572739562,1.7109013745903034,18.19810689648177,0.09856611515426313,0.1003672496243504,0.4150949770227229,0.14893571948970924,0.060339374548102676,9052.22647452272,5.910669446773577,10625.0,9937.5,4.211335471311391,132.28685956898138,456.09719022873696,111.13471085406947,372.40982155667746,279.51375970192953,164.08543571963307,456.09719022873696,525.9748693135866,412.790343197645,364.2508804218464,0.5776291211959033,27.626901490989294,5.581274944808127,1.7646844001092852,1.7646844001092852,2.904697519712859,0.0,0.0,0.0,0.0019285839615337866,0.0,0.0,0.0,1.7580785154942133,1.7580785154942133,2.797595322598265,0.0,0.0,0.0,0.0018611440265551508,0.0,0.0,0.0,0.3987811403782284
1,IR,94,-5.204170427930421e-18,0.8106383493959068,0.8106383493959068,7.6461233148823124,12.56103514801505,-0.7735393958879315,11.57865523995798,9.43222501201778,21.516080253209566,1.6675556835627734,15.728760427452599,0.055826066419739966,0.08754094396889853,0.17392845346150126,0.0706908209800198,0.05459309968155074,9365.828610763723,6.3256375372930265,17593.75,1296.875,3.115541979093928,438.46895495122664,586.4755650258917,254.862439291297,300.1894700227941,305.4593772033682,49.01301284597387,586.4755650258917,566.174227310327,638.6180300527495,628.6138109435003,0.6507853880600537,18.32006994238697,5.5005520386558,1.764023682062168,1.764023682062168,2.7681425043568195,0.0,0.0,0.0,0.002003091320495656,0.0,0.0,0.0,1.777021862603293,1.777021862603293,2.865160169873457,0.0,0.0,0.0,0.001961714427049692,0.0,0.0,0.0,0.3509573348214956
1,IR,95,1.3010426069826053e-18,0.7683109356271942,0.7683109356271942,6.011355664441554,11.178588859906121,-0.39157846133244384,10.267293631449123,7.8241183167938235,17.930097794616884,1.6662890977628046,13.037243050896782,0.028213368762043913,0.06788052639291545,0.11688351979646162,0.04989270695631559,0.049606006134381875,10013.064345435434,6.377613864860229,20640.625,9687.5,4.142841671199678,547.5444085065469,535.0880983237939,274.2292635577294,357.1057350059803,213.6271536373014,28.497072787650268,535.0880983237939,487.87690043675894,544.205900655777,632.949886340314,0.6100275583992848,11.816237186838704,3.797063850703,1.7775876724557595,1.7775876724557595,2.7365542275259576,0.0,0.0,0.0,0.0020882084970690615,0.0,0.0,0.0,1.7532358008190074,1.7532358008190074,2.745119772837655,0.0,0.0,0.0,0.0020938427244673,0.0,0.0,0.0,0.37464359055236207
1,IR,96,-3.0357660829594124e-18,0.7029881457890005,0.7029881457890005,6.011283393812374,11.178588859906121,-0.24335060026220554,11.648916812013526,8.551045177379264,20.654517172355092,1.7157728172149633,14.671650874145316,0.05711379871796986,0.08758983226463493,0.21436182943559656,0.059502784071442744,0.04157541084055799,8822.341390727775,5.944902960243826,13718.75,9828.125,3.7532406221195393,414.0081113707596,387.9183537131597,222.61075203766805,375.82793115968815,215.86723380708568,47.71257665608059,387.9183537131597,381.6097112077983,406.4410328971061,492.87476700528754,0.5389845385609208,14.96919990228999,3.868222100385777,1.7597543326149752,1.7597543326149752,2.790154596814275,0.0,0.0,0.0,0.001982728881153464,0.0,0.0,0.0,1.7681526678075954,1.7681526678075954,2.7802141781444156,0.0,0.0,0.0,0.001950330875884393,0.0,0.0,0.0,0.42360039821321693
1,IR,97,1.0408340855860843e-17,0.5811455552467859,0.5811455552467859,4.380144175968845,8.41064452537001,0.2368392978180151,8.646563149381775,7.537086253892558,17.24633865952432,1.6579445167531415,12.496070826958146,0.11063685205267437,0.12123616972589349,0.2526665846174476,0.071395456572354,0.0381801994580471,7456.167210765808,5.7686883001700995,10250.0,9859.375,2.2837470510718156,66.52133224003869,223.95364771135678,120.48992837348965,222.49058466348882,165.6628151334494,109.4564137167388,223.95364771135678,218.91028210467817,163.75640618302984,95.24435337399464,0.3959858879665015,14.416989470645412,3.1913874761682597,1.7787702199428153,1.7787702199428153,2.763620860974648,0.0,0.0,0.0,0.001838145359102434,0.0,0.0,0.0,1.7663766454307626,1.7663766454307626,2.7711914064298377,0.0,0.0,0.0,0.0017967192981338525,0.0,0.0,0.0,0.4043482999550237
1,IR,98,-6.071532165918825e-18,0.6674342981952043,0.6674342981952043,5.575677003329059,10.8459472580311,0.05290217858558766,10.857186693621422,8.353896433548263,19.40758956754537,1.680730797158577,14.040651012158802,0.10841490437385376,0.11700109004065434,0.2966512721486999,0.0832272340087093,0.044715664763404564,7929.891327250329,5.75751067683291,10125.0,9796.875,2.736259132074709,125.19997794527981,297.3503136355081,77.12974864586263,446.0051703068901,210.74044330221582,131.01795009433943,297.3503136355081,540.969168213456,367.4953750436031,126.10313983257824,0.5291861812451637,12.839526974008502,3.543236896660167,1.7647778295053687,1.7647778295053687,2.729708113573138,0.0,0.0,0.0,0.0018887176783060336,0.0,0.0,0.0,1.756519865620635,1.756519865620635,2.8384873661234473,0.0,0.0,0.0,0.0018671788450690715,0.0,0.0,0.0,0.3947958411327913
1,IR,99,-1.1275702593849246e-17,0.7938611176734633,0.7938611176734633,6.857769186729856,12.43896483510334,0.1018011688202436,9.851262969673448,8.638499901366885,20.224551189366185,1.6760446972369274,14.478511951785924,0.05611921833795634,0.08893624098179506,0.1700326753886778,0.060149726338074846,0.0611191737516754,9494.227067580385,6.3227596951103235,18968.75,9812.5,3.029847535681837,515.5645461648392,442.31795452133906,355.7646048817832,312.9487957813238,238.5296017376523,86.33935395918031,442.31795452133906,585.2645863309931,797.8397219357149,347.6430748084245,0.6161638743195929,9.126638649874826,4.348612134653309,1.7638344577214795,1.7638344577214795,2.8186509231368313,0.0,0.0,0.0,0.002003759765673985,0.0,0.0,0.0,1.7742391420299564,1.7742391420299564,2.841323883054465,0.0,0.0,0.0,0.0019764868626102098,0.0,0.0,0.0,0.3573603764820067
1,IR,100,-1.734723475976807e-18,0.8082820792306563,0.8082820792306563,6.864073122971433,12.01782225810334,0.6776897467122999,9.820184947438213,8.492175317676649,20.103879354602306,1.6852627404909817,14.311546648615328,0.024852633570155373,0.08702108768863587,0.10461757603419712,0.06392496391321174,0.04997403704684017,10059.828941918782,6.557202472602008,20203.125,1234.375,4.209516699092166,484.90874308573035,508.242023133486,393.62461542753266,453.56907771684484,348.76771878159394,71.58311054615012,508.242023133486,514.2034320118878,719.7529619346101,382.9813346636481,0.6306643785374061,10.342484566142517,4.344292965063308,1.7800397833364265,1.7800397833364265,2.7944120616583255,0.0,0.0,0.0,0.002046871332057699,0.0,0.0,0.0,1.7538818133346719,1.7538818133346719,2.7535813967319864,0.0,0.0,0.0,0.0020353112805556557,0.0,0.0,0.0,0.3360499978090451
1,IR,101,-5.204170427930421e-18,0.7470252807937479,0.7470252807937479,6.527138497089905,10.5255126881397,0.9659778618542181,10.669102387545363,8.737506835305213,21.12776238532096,1.719140543295742,15.021002247916972,0.0690652702312074,0.1554196340752274,0.23576969536114845,0.11440498975400268,0.042408207326357195,8183.347622440217,5.973626870774958,10453.125,1234.375,3.413722911217993,338.5454871630222,378.81523277036814,313.6158121422119,346.5426058059756,272.6191808846373,77.50748421028341,378.81523277036814,541.3425553995307,448.8152207348732,285.173746136527,0.583077063760652,12.744708473745144,4.356351760714412,1.7601801959015086,1.7601801959015086,2.7958489850266472,0.0,0.0,0.0,0.001956740999245716,0.0,0.0,0.0,1.7699988079161748,1.7699988079161748,2.878187831084476,0.0,0.0,0.0,0.0019213177268949462,0.0,0.0,0.0,0.31228107120892346
1,IR,102,8.673617379884035e-18,0.6006892345455128,0.6006892345455128,6.02501108844228,10.02807616503094,0.6682487220850913,11.504884136560174,10.030163255698815,22.04716781335585,1.6375061918469727,16.424454436470143,0.11745528670722033,0.2683086386477722,0.15904192100553233,0.06553696695820334,0.04571977478568659,6360.972725233419,5.864906444547051,10156.25,1234.375,1.3540635373920675,205.00444790140298,140.27438242366068,62.817438849066725,136.76447616371433,169.36823450691585,81.6300421950542,140.27438242366068,187.2998632737409,250.77871124770792,249.33395448797108,0.4169066040849686,17.653460686699916,3.7094127321676957,1.7779132699201041,1.7779132699201041,2.833713315310147,0.0,0.0,0.0,0.001836455947848815,0.0,0.0,0.0,1.7675315906774043,1.7675315906774043,2.7375522547745916,0.0,0.0,0.0,0.0018100069094555676,0.0,0.0,0.0,0.32064699281249215
1,IR,103,-8.673617379884035e-19,0.6718735569499942,0.6718735569499942,6.811153139142378,11.27624510975657,0.9438049767200715,11.144567899565882,10.137552026979352,22.09706524040991,1.621902129226447,16.442117217726164,0.0861287937320905,0.2735319147222741,0.14009973888759703,0.06989562715066255,0.03999544972100702,6419.158484653148,5.80189215908143,10187.5,3328.125,1.6266306866175348,37.64239355503228,219.8967983723673,202.51966631919018,390.34679414387256,254.8070804679079,124.77764310009226,219.8967983723673,348.0761676466357,381.6619758804032,275.12893499628655,0.5051640719374879,15.599038259079226,4.108412382898899,1.765093501154357,1.765093501154357,2.8727261753036495,0.0,0.0,0.0,0.0019142507997215047,0.0,0.0,0.0,1.7563435905720184,1.7563435905720184,2.9851924953744904,0.0,0.0,0.0,0.0018170359931009058,0.0,0.0,0.0,0.386202929471528
1,IR,104,-1.214306433183765e-17,0.8085022373524728,0.8085022373524728,6.812971825859939,11.27624510975657,0.7953333106494386,8.467408529806573,8.426657974579413,19.079472914710777,1.6397909460389204,13.817957452099078,0.0316092597688341,0.1124777728182834,0.0893810835793161,0.05329884968528505,0.041492096214808566,8748.742013298286,6.312921045959673,17718.75,9750.0,2.827686704154199,231.53343072021667,320.34742260495096,361.0408518339643,462.4173217176545,310.3822775861867,104.77511529350268,320.34742260495096,452.83286437469286,689.3475688970784,408.31911679866096,0.6318200342229694,8.566344585762383,4.012872730537595,1.763696349574561,1.7636963495745608,3.0069753861634902,0.0,0.0,0.0,0.002005165220621207,0.0,0.0,0.0,1.7756205028358156,1.7756205028358156,3.062061949858809,0.0,0.0,0.0,0.0019755296827611503,0.0,0.0,0.0,0.3819723824877461
1,IR,105,-9.540979117872439e-18,0.7730749191624832,0.7730749191624832,6.837739045863191,10.992431633808991,0.740307994932346,9.90232373317508,8.844859503736151,20.72068582779781,1.6811927282486148,14.869913480081102,0.03390058913548727,0.09791892629157223,0.1373228018520646,0.09482238726853012,0.05206969834689992,9928.632361718497,6.3909187050673015,18156.25,9937.5,4.050749717038511,273.4831376446391,281.248555664959,346.3172721858859,466.17140614683996,287.1840573453499,55.79277649046352,281.248555664959,438.10669027985006,465.19756639361293,395.69652159060314,0.6087942722465695,12.479754858570747,4.886287156821724,1.780172459637356,1.780172459637356,2.806378971714737,0.0,0.0,0.0,0.0020530295614897926,0.0,0.0,0.0,1.75441152131633,1.75441152131633,2.944080499708951,0.0,0.0,0.0,0.002051483426820254,0.0,0.0,0.0,0.4165765515062147
1,IR,106,3.903127820947816e-18,0.6969366969631043,0.6969366969631043,6.831640000594109,10.964965812808991,1.0955416685046175,14.673674156944543,9.802382383296962,24.499431902362712,1.7760849060624182,17.409863394450866,0.05653666231584475,0.20188156944576713,0.14809742708818813,0.0913148178592395,0.056766296989684564,8119.214869587142,6.147735504192262,13890.625,1265.625,2.619493635089658,310.68644445644435,366.52563582490706,311.55890994844714,301.5309071549813,277.76223997594093,59.88516470479845,366.52563582490706,311.1724463304326,262.52720724528876,401.26935624820055,0.562382062007166,22.23778149420389,4.969995802700547,1.7582735173933974,1.7582735173933974,3.070044654364699,0.0,0.0,0.0,0.0019208501008918218,0.0,0.0,0.0,1.7692474202674666,1.7692474202674666,2.7809258297178485,0.0,0.0,0.0,0.0019356390561946683,0.0,0.0,0.0,0.3852917395463548
1,IR,107,-8.673617379884035e-19,0.597671548005816,0.597671548005816,6.455316390301537,10.53161620411955,0.6978186064824846,14.059949398426369,10.800775797056879,24.231810840718783,1.662737355946875,17.9588533910034,0.056385133753738645,0.2364142493985351,0.18319995949551449,0.0960153431260747,0.04142263014670257,7289.969433543821,6.015159773636595,10671.875,1250.0,3.2490826445919043,183.35440757521127,295.3342835977846,198.8953715964717,215.90898315226588,227.31932220468985,128.12219152861314,295.3342835977846,201.25176027038782,174.9765606750882,160.79677944367364,0.43352751234256454,31.610740823297384,4.528060394155796,1.77644531202751,1.77644531202751,3.188486189821243,0.0,0.0,0.0,0.0018251953149458235,0.0,0.0,0.0,1.7691939603709532,1.7691939603709532,2.782837972435767,0.0,0.0,0.0,0.0017519996319792723,0.0,0.0,0.0,0.34668991439401703
1,IR,108,1.3552527156068805e-17,0.5744084388769758,0.5744084388769758,4.737783965315867,8.63647460319654,0.4020398218818629,8.732708263857228,8.248109959126724,16.789810609160327,1.550981097848419,12.792662639603117,0.03583294803628065,0.09412836909228092,0.11873859879989669,0.06542065024625046,0.04248115063855362,8776.487687639554,6.358184805935608,16343.75,1250.0,3.3136709454204243,169.58005775465895,151.98994594119713,173.51169141596577,120.85204403644022,102.48827675285752,130.8061944470152,151.98994594119713,151.1141995837108,210.92674009844808,173.4363676941138,0.3527824964615029,12.250461132020272,2.9094389075943683,1.7674603759094214,1.7674603759094214,2.8140406595527665,0.0,0.0,0.0,0.0018661552398270206,0.0,0.0,0.0,1.7574080406928736,1.7574080406928736,2.723351008098973,0.0,0.0,0.0,0.0018217006759663555,0.0,0.0,0.0,0.40755338858430223
1,IR,109,1.1275702593849246e-17,0.6383613334218993,0.6383613334218993,4.735832658260513,7.85217284619654,0.7907860961963281,8.058103335572689,7.418733576588882,15.515926990255537,1.5709635142296225,11.654559770629623,0.02029997433461913,0.06609871908580903,0.10342580748944503,0.05613325905879214,0.04860783033938129,10394.395730224087,6.564145875348166,20750.0,9734.375,5.094873805232851,70.8943513112117,273.16171200023905,179.4436712975226,280.3601287258551,319.21456193630803,78.52104890489612,273.16171200023905,243.13852489808264,319.3641939307022,212.04760031449487,0.43877608250605027,10.482719480179853,3.21488163587017,1.7643579919534553,1.7643579919534553,2.9570792366390792,0.0,0.0,0.0,0.0020274071171828647,0.0,0.0,0.0,1.77657707536904,1.77657707536904,2.8457444618768286,0.0,0.0,0.0,0.0019926912043210007,0.0,0.0,0.0,0.35904327227149757
1,IR,110,-3.903127820947816e-18,0.69155566253586,0.69155566253586,4.723794010142721,9.271240228386059,0.21970152874157664,7.244690693167579,6.8306779425596025,14.578639448621914,1.589147302629011,10.854953427561771,0.020169414990322754,0.061151897687969275,0.12151271613497398,0.056009635008721664,0.04658639760290179,10242.053600425097,6.469218613857528,20156.25,9968.75,6.024602904310856,167.519500726154,448.45860599130145,164.72121894078938,452.8639284996501,381.5925018876289,108.79998796227295,448.45860599130145,342.6116798530886,303.4059382007513,19.906389886117378,0.5184079216427707,9.642294810671906,3.181572068438193,1.780283470699288,1.780283470699288,3.015702701459346,0.0,0.0,0.0,0.0020943753901138647,0.0,0.0,0.0,1.754964376678416,1.754964376678416,2.7665164007914522,0.0,0.0,0.0,0.00202811772705691,0.0,0.0,0.0,0.31933910067171406
1,IR,111,8.673617379884035e-19,0.6979332891774901,0.6979332891774901,6.114301080976428,10.47973632074904,-0.607229466481561,12.098014303398974,8.76058095491237,20.602801595170103,1.7104426542511693,14.98447134132403,0.027090643905330544,0.08835199385461796,0.15833865356687832,0.07854451096930531,0.06375332948264315,10111.603405500893,6.50160933934542,20265.625,9812.5,5.844772612801489,210.20456262899646,511.03460033998607,233.83321707731835,425.6978667726835,406.9872360418589,170.7014561905645,511.03460033998607,492.1714262561058,511.3592062963621,260.4515177612359,0.5925461907498585,15.859023991709414,4.2904288617892465,1.757289018089095,1.757289018089095,2.874874582078463,0.0,0.0,0.0,0.0019235278659618616,0.0,0.0,0.0,1.7688641662376658,1.7688641662376658,2.7353293529665637,0.0,0.0,0.0,0.0019161928615243572,0.0,0.0,0.0,0.3538749039213519
1,IR,112,4.662069341687669e-18,0.6292851248048654,0.6292851248048654,6.107357884924226,10.375976555192619,-0.5211900236769142,14.459406862556214,9.705231609929358,22.895758188875067,1.7200469736835415,16.693454259583365,0.06362444486257729,0.1399722558159191,0.30633434084835354,0.16277579675421786,0.04379962344225883,8547.651602043496,5.840672420476229,10562.5,1250.0,4.814727130510791,172.28671380050483,280.67714474350714,208.50073858333718,328.65460439171216,203.70271776868364,70.10623457460592,280.67714474350714,333.85231232243984,443.801419177376,73.2206751346996,0.50385600406482,26.498713379406038,4.3495163194181705,1.775996707773014,1.775996707773014,3.1213101276452577,0.0,0.0,0.0,0.0017901394882784832,0.0,0.0,0.0,1.7720078508579267,1.7720078508579267,2.8179871973436863,0.0,0.0,0.0,0.0017994702906769175,0.0,0.0,0.0,0.40845347041695645
1,IR,113,-4.336808689942018e-19,0.6335741219628003,0.6335741219628003,4.83550056528766,8.70056151801932,-0.22538060712185393,8.19219983426403,7.632099225106829,16.945133173584598,1.6248722575462737,12.401186297736073,0.08728703412120642,0.11051593980550892,0.17862871343262948,0.0901545806760197,0.04651703327331437,8120.3638337028515,6.122204825633394,11703.125,1250.0,2.046451861138275,16.965091991755983,304.642371888655,76.67418625238815,234.2101063214729,190.9976817079645,134.36707333464307,304.642371888655,302.7221895880063,311.74892094122043,170.14908970849643,0.43353033547229863,13.813411352192954,3.2410847279663146,1.768933013393084,1.768933013393084,3.093883800716243,0.0,0.0,0.0,0.001849917450288164,0.0,0.0,0.0,1.7581382521569247,1.7581382521569247,2.8926830208775742,0.0,0.0,0.0,0.001839744356238958,0.0,0.0,0.0,0.38788323010133785
1,IR,114,-5.204170427930421e-18,0.6925680309392915,0.6925680309392915,5.45955150938842,8.770751947132341,-0.7520368941481301,8.954953279653711,7.8830544661093445,17.1898919070204,1.6080628819202099,12.676447283124077,0.05991830209508841,0.06399031014524319,0.13658606030380005,0.06955923884201035,0.041466474658157344,9005.693215841013,6.322621895172729,16734.375,9843.75,2.279538229984602,311.96720433069254,478.19765179503014,206.92962950124897,321.86474363926766,256.29853559877074,70.97572582337679,478.19765179503014,401.9753127101036,345.8896966160336,377.66134005148615,0.5160640562022298,12.306520135834244,3.266589987642777,1.763848480642698,1.763848480642698,2.7485646909209396,0.0,0.0,0.0,0.001975664872735785,0.0,0.0,0.0,1.7774285123958489,1.7774285123958489,2.7130026346183143,0.0,0.0,0.0,0.0019877019238094297,0.0,0.0,0.0,0.40254023115356524
1,IR,115,-7.806255641895632e-18,0.7186232126595468,0.7186232126595468,5.462276931766453,10.07690429001915,-0.5916235744713921,10.350924365530284,7.601030464272863,16.993911224325668,1.6455216691240084,12.507660336650124,0.02556269532537538,0.07641077809952634,0.0898171199652392,0.0375260529989367,0.036318164028136535,9070.003880699249,6.243796131997528,18812.5,3265.625,3.5136013170163096,475.5634536108502,485.67604984753655,263.18841653569365,434.1683781046257,257.0558949296684,22.645024306978133,485.67604984753655,460.50447813867515,479.85675510239605,476.67167185683434,0.5583954032569016,11.955632468579196,3.3723845123389173,1.7819382267144204,1.7819382267144204,2.9210799649459944,0.0,0.0,0.0,0.0021042539715287046,0.0,0.0,0.0,1.7571537072335444,1.7571537072335444,2.9849416014515744,0.0,0.0,0.0,0.002134475789665963,0.0,0.0,0.0,0.3398622977913889
1,IR,116,6.938893903907228e-18,0.714669212405936,0.714669212405936,5.405693497861243,10.63842772754724,-0.1403911360137247,11.3570887746629,7.5639098537005625,18.42275883366611,1.7344383706658726,13.119135482534299,0.0597421600343581,0.09680465760453658,0.18090694462939577,0.050986184484623914,0.045826105154019206,8751.911254116525,6.02127450282336,14796.875,1218.75,3.0281286200955386,428.03745954512635,467.91563946130896,268.7467679798332,244.64309054540314,214.89593101731126,30.278961102335053,467.91563946130896,444.49512061052656,570.299608930739,527.9069637223515,0.542619712477207,13.167463247077428,3.709062891711681,1.7596954132812994,1.7596954132812994,2.8224326646332587,0.0,0.0,0.0,0.0019482419853414344,0.0,0.0,0.0,1.768335629185927,1.768335629185927,2.851745574186722,0.0,0.0,0.0,0.0019628583821789595,0.0,0.0,0.0,0.4623543026365674
1,IR,117,-2.168404344971009e-18,0.5790732185202618,0.5790732185202618,5.232639607303292,9.60998534554724,0.20169065372552952,13.211402831976784,9.036231412437813,20.303137015641546,1.6614079500770484,15.012866707386065,0.08317747540836298,0.15375841127296871,0.19886508589824625,0.07769995113645409,0.058915101684870685,7891.147855478034,6.148269094840557,13859.375,1250.0,2.390852630709452,157.40352371625755,272.56618276539615,118.51591334199847,189.4027716546563,54.203384358693754,54.66187001158879,272.56618276539615,266.38024284927076,353.83870124077566,240.59036149826045,0.3875538818633753,23.441159646498065,3.7788272516630665,1.7757239163380436,1.7757239163380436,2.93720176293319,0.0,0.0,0.0,0.0018357085984582462,0.0,0.0,0.0,1.7721183698146572,1.7721183698146572,2.7170894170504396,0.0,0.0,0.0,0.001777657032124398,0.0,0.0,0.0,0.3897991695979998
1,IR,118,-2.8189256484623115e-18,0.6587345151295407,0.6587345151295407,6.545850630244505,11.63024901605501,0.36030182304522895,12.585054763647769,9.937008734007692,21.447202541481516,1.6151116189725994,16.049378264152388,0.11436860195748316,0.15017775889882512,0.3150520059568339,0.07877019985861221,0.04575093759117735,7777.066189182456,5.745895535756614,10156.25,9890.625,2.7547071535525163,206.13146169653803,228.33135902626933,151.14580706955957,211.67436701036686,178.8511145453586,70.05527257916151,228.33135902626933,368.0159263934394,412.9693909928792,314.18319167650156,0.48289069172789456,16.861953193374944,3.9682019557220136,1.7694035910356758,1.7694035910356758,3.1367426389199715,0.0,0.0,0.0,0.001850800641153877,0.0,0.0,0.0,1.757070117088737,1.757070117088737,2.792274921289451,0.0,0.0,0.0,0.0019015060867876956,0.0,0.0,0.0,0.3743045505153939
1,IR,119,-1.0408340855860843e-17,0.8002111325985201,0.8002111325985201,6.830514962927508,11.9049072189985,0.662245509216385,9.415796323893147,8.535890947603152,18.364302475902047,1.5992277451758663,13.650833633219536,0.05155590376263492,0.10186577654272697,0.10695012363944668,0.06574716460106911,0.04529451658935729,8682.686889593519,6.369209358944142,17031.25,9890.625,2.0744495941681893,451.4896009156622,406.73087058427024,266.29188570714064,397.33852717366835,233.85745894071775,87.18354842996447,406.73087058427024,488.41129818038064,516.6020796552763,407.7786153274324,0.6004092983365003,11.093374632113283,4.29907257671473,1.7636626818560681,1.7636626818560681,3.004474516349355,0.0,0.0,0.0,0.002020716132278775,0.0,0.0,0.0,1.7767902421352741,1.7767902421352741,2.768627140456977,0.0,0.0,0.0,0.002015453961659533,0.0,0.0,0.0,0.3918702258707567
1,IR,120,-2.6020852139652106e-18,0.7613260559856607,0.7613260559856607,6.833986933483593,11.4471435469985,0.8240714924037607,10.705521494156201,8.976425908117523,20.379939282265912,1.6525175558942677,14.833701402367836,0.029042816726004,0.08252074195059589,0.12372162324955097,0.05234383855721987,0.04277954408465666,9488.786515624482,6.300353564540428,18062.5,9718.75,4.259973280570774,329.8070289598817,427.2036891957826,143.80247387491445,414.59644983337125,369.0336125887619,126.77563346924168,427.2036891957826,458.747130668472,464.8679690553999,278.6850432665477,0.5888272918992593,12.406313692657772,4.3496238118173505,1.782264380282646,1.782264380282646,2.8552387536069386,0.0,0.0,0.0,0.0021359006981997723,0.0,0.0,0.0,1.7572055801620337,1.7572055801620337,2.6949414517525776,0.0,0.0,0.0,0.0020411015227617944,0.0,0.0,0.0,0.34592288187798304
1,IR,121,1.5178830414797062e-18,0.7305852103793369,0.7305852103793369,7.269460703099938,12.167358390708081,0.7241664843516622,14.482295909240996,9.950188697791342,25.058506367325016,1.773356243057922,17.645229246856804,0.06853621024958921,0.1864141383724772,0.17838292744176107,0.052867762157886466,0.041459529322012835,7265.088016982949,5.987490818414166,10250.0,9906.25,2.602754467886959,442.07245882487,402.0044591677464,281.6925782450264,330.6044155387888,238.4528192196083,24.555476869605762,402.0044591677464,488.8290229093593,538.6988743849565,363.92424680882164,0.5929614801212878,14.024793016882654,4.55754211612191,1.7605065876019348,1.7605065876019348,2.9905542645172605,0.0,0.0,0.0,0.001967313377095125,0.0,0.0,0.0,1.7676683992443583,1.7676683992443583,2.8413914826962325,0.0,0.0,0.0,0.001926255044046062,0.0,0.0,0.0,0.42118584942549453
1,IR,122,-4.336808689942018e-18,0.6362652463407141,0.6362652463407141,7.267186040842722,12.167358390708081,0.6707277804183824,15.826589606648255,11.42162970966324,26.872844358935698,1.711118630648535,19.543763388604305,0.10329470408140895,0.22975399839007424,0.2597571690907219,0.08319356556077595,0.05494169188166166,7455.215809416741,5.914923458265694,10218.75,9921.875,2.5147191368444846,279.2711159413285,235.3725150197273,211.911743415254,336.71399397113714,239.21924199299076,118.95877307704887,235.3725150197273,237.04109923490157,422.11166569367185,135.1016427288362,0.4848769559408626,20.747642913827065,4.605507381727777,1.7736759494951038,1.7736759494951038,2.8674802682958025,0.0,0.0,0.0,0.0018192219329943302,0.0,0.0,0.0,1.772021071693896,1.772021071693896,2.833176213404299,0.0,0.0,0.0,0.0018158392646036004,0.0,0.0,0.0,0.33088168753281333
1,IR,123,-2.3852447794681098e-18,0.6601324928591584,0.6601324928591584,6.404969837010164,10.626220696151819,0.5969172444465263,10.546109679238933,9.702551997189728,22.844994340657585,1.6880951981341106,16.378831436127314,0.06753188199172502,0.2486008781702017,0.12237084854904735,0.07025860699962944,0.04913936322480923,7050.317830332789,6.069251213431571,11718.75,1250.0,1.812045584072867,127.9525769007093,369.00767530968335,215.53177433606547,331.81104136094694,252.10660193889856,115.20514259089404,369.00767530968335,368.16221510778763,383.99279941308856,286.1237113687959,0.49305271609691015,13.080108396591545,3.8041929310575084,1.767461428480801,1.767461428480801,2.9498508955670584,0.0,0.0,0.0,0.0018798082880982815,0.0,0.0,0.0,1.7548077154121267,1.7548077154121267,2.7764869205719673,0.0,0.0,0.0,0.0018608983838386234,0.0,0.0,0.0,0.3477525699664725
1,IR,124,-7.806255641895632e-18,0.5422430521367285,0.5422430521367285,6.39893933707969,10.626220696151819,0.9593694569616545,21.99596160843833,11.800869207733756,61.44554554879885,2.406133283693238,28.394464177291205,0.006280079451609471,0.022924227125129985,0.031121518523680024,0.023379078097907097,0.02646253641789864,11960.167753466858,6.917826748558836,24046.875,1234.375,4.955593119247647,221.48640802619477,239.84641817888252,167.37733962618702,403.4895180101375,232.07903907551886,149.4971596541898,239.84641817888252,230.80817845114535,274.4350548204858,309.05086670447173,0.497865803837598,16.732061434536583,4.004150149516404,1.2235505243876872,1.2235505243876872,2.9105070975078426,0.0,0.0,0.0,0.01000822089738303,0.0,0.0,0.0,1.2511481838860656,1.2511481838860656,2.6420011087020034,0.0,0.0,0.0,0.012898138045172217,0.0,0.0,0.0,0.26996643735282155
2,OR,0,-2.168404344971009e-19,0.5369117703793232,0.5369117703793232,3.8001775716397925,7.14721679218869,0.6996075364077192,11.928354594758456,7.077843663117917,17.690421784330887,1.7871719948124998,12.649323978409017,0.005534911768471243,0.2072675889835908,0.06763243754414394,0.01029882385355712,0.0052781314631445446,4917.180177962909,5.444221249625253,6156.25,3437.5,12.219244020687423,746.3512286214655,530.723437637716,516.2371073188115,186.34949420593875,177.2557401989572,64.27335926455855,530.723437637716,93.92774709921746,176.96366857695085,65.87051878703313,0.5720811547404031,11.401914759470367,3.4349917408464403,1.788568973662376,1.788568973662376,2.871873942682497,0.0,0.0,0.0,0.0019241987915292705,0.0,0.0,0.0,1.8194647711382002,1.8194647711382002,2.8891222407211132,0.0,0.0,0.0,0.0018938636930007937,0.0,0.0,0.0,0.38038267862802716
2,OR,1,-1.734723475976807e-18,0.5023866947263483,0.5023866947263483,3.801552948822726,7.107543940188689,0.6332982372698404,12.55523019506273,7.566985727768682,18.154489268641726,1.7448891133809146,13.203551017518611,0.00697435495254725,0.18610973727783758,0.07177583111936138,0.009531058110696815,0.007704392549519254,5178.963593934391,5.57528902571725,6531.25,3750.0,10.29139348332927,596.7027762607382,502.46286409076146,490.9919742576192,22.468431629928578,142.5562817546067,72.76297915333141,502.46286409076146,39.39871830029883,108.66491779374236,96.53349607337456,0.5201727009580877,14.33016038266351,3.395590794209275,1.8085214000338325,1.8085214000338325,2.9493891297886012,0.0,0.0,0.0,0.0018795885716584749,0.0,0.0,0.0,1.802900607008904,1.802900607008904,2.7508974006110294,0.0,0.0,0.0,0.0018698823190265877,0.0,0.0,0.0,0.31348344043342663
2,OR,2,7.806255641895632e-18,0.5386317465372179,0.5386317465372179,3.453432021248204,6.66809081560408,0.6219293730645157,11.50246947679784,6.411489934344541,15.857973833104717,1.7743387776949708,11.376155213329621,0.006903748639175485,0.1958060070909582,0.06073184213119035,0.009980684048349665,0.004544033610819912,4867.522851293737,5.5261146211188406,6140.625,3437.5,8.796937040518703,659.1176905290292,588.8532078081404,589.3778843234606,95.91927059619984,121.19953712057632,173.35444708381172,588.8532078081404,114.57986477787573,227.37001910416717,70.96310813545638,0.5669266646447529,11.61512682427779,3.2792989358687437,1.788388049428584,1.788388049428584,2.8662917162175945,0.0,0.0,0.0,0.0019205482613515199,0.0,0.0,0.0,1.809001096441129,1.809001096441129,2.854187587923679,0.0,0.0,0.0,0.001960576709756467,0.0,0.0,0.0,0.2686108467880053
2,OR,3,2.6020852139652106e-18,0.5406077387768201,0.5406077387768201,3.6784954339808014,7.13195800260408,0.5819751879185433,11.606740140597957,6.804370655693843,16.83710155545016,1.7790007216253336,12.104980306707981,0.0057375642675070535,0.19409016146136648,0.06159554750014406,0.009128396561864593,0.004755976708528481,4897.588483164955,5.517463401727216,6250.0,3515.625,10.735487154058767,725.6754840655525,557.8452365894577,532.7508121904766,27.667656057799675,133.42493039982756,155.73385067111133,557.8452365894577,58.209181296837286,104.2641225009099,65.58227358330768,0.5757763379000557,11.35957224439592,3.354918352510052,1.8035690387778187,1.8035690387778187,2.816899709072831,0.0,0.0,0.0,0.002080496994288094,0.0,0.0,0.0,1.8165795623422407,1.8165795623422407,2.804190710792284,0.0,0.0,0.0,0.002104709251586847,0.0,0.0,0.0,0.3569249498547865
2,OR,4,-4.553649124439119e-18,0.5373094992999121,0.5373094992999121,3.6779545218273997,6.97326659645896,0.5980728213993818,11.770175930917068,6.845132138204794,16.871003925885425,1.7745914492238235,12.147312961288023,0.004980653318862008,0.21037760818638646,0.05987362111347274,0.008767820311438706,0.003950212831072687,4731.129069657083,5.1911627918465815,6031.25,3437.5,12.021238433662267,713.0976004483531,583.5048635697804,537.9086722647482,96.27799520323842,100.10176051210223,121.29984973678671,583.5048635697804,78.95883216038044,76.39183630804692,54.02346110259046,0.5734047032993882,11.653395988133225,3.485355478017329,1.8039199632191283,1.8039199632191283,2.9001728493700196,0.0,0.0,0.0,0.0020298204297768186,0.0,0.0,0.0,1.7976074558590698,1.7976074558590698,2.692082738614752,0.0,0.0,0.0,0.0020226968645987798,0.0,0.0,0.0,0.33208544477751467
2,OR,5,-7.26415455565288e-18,0.5368845012137773,0.5368845012137773,3.2947726525941925,6.369018550458961,0.6963996336363371,10.810897471062495,6.136836964261964,14.330077760744018,1.7174884846842606,10.539946818524271,0.006308614108413202,0.20526244545807765,0.07328847917703019,0.007819152081599149,0.004430343390856672,4801.126651378801,5.414367969330691,6078.125,3453.125,11.617207504842476,614.1039163224463,536.8177521867058,536.8180952669198,64.11769723747726,82.57377471178853,88.77694222189014,536.8177521867058,140.85442425459087,172.57556044717586,44.073140993070254,0.5569669107204108,11.259776937291809,3.4716831640239194,1.7907386600741497,1.7907386600741497,2.773491325165399,0.0,0.0,0.0,0.001927902873034704,0.0,0.0,0.0,1.821584306276871,1.821584306276871,2.8151113320892893,0.0,0.0,0.0,0.0019479585755025593,0.0,0.0,0.0,0.33570444739834515
2,OR,6,-1.5178830414797062e-18,0.5522524437142426,0.5522524437142426,3.3855020977487094,6.384277339773449,0.7318148100966974,10.490426326771113,6.130352407266797,14.357059996069319,1.7200375743503558,10.54443648452714,0.005947009936778205,0.21480823260723764,0.06618578621010082,0.009397600320154124,0.004495577310499805,4758.893045871881,5.352538776998944,6140.625,3484.375,11.129254348417609,681.127655736186,518.8648210327376,507.3158371072031,210.45147948601505,187.03089951539854,126.75102181537815,518.8648210327376,42.43214693400125,108.32529427558883,26.57587614711963,0.5704654370987376,10.487714449602505,3.3638276506123037,1.8106211423739638,1.8106211423739638,2.807518757509491,0.0,0.0,0.0,0.0018945528715263204,0.0,0.0,0.0,1.806914855415322,1.806914855415322,2.7600639494083268,0.0,0.0,0.0,0.0018955715130645648,0.0,0.0,0.0,0.3700228611047153
2,OR,7,-6.938893903907228e-18,0.5577374101022923,0.5577374101022923,3.388738629958379,6.46362304277345,0.7736910215926746,11.45117335356092,6.075867547293965,14.660403492366735,1.757860508647069,10.680527617177539,0.007024306059704041,0.20816242417983677,0.07383657264015236,0.01340458402926335,0.006984778023584614,5144.682274348854,5.416963043445696,7156.25,3500.0,10.511582496841228,749.0637296600028,551.4364589338422,575.1191148272044,197.05688898869278,77.77562401085014,120.43277928110386,551.4364589338422,110.14014644712198,174.1344757448068,80.06615686970837,0.5843505456876348,11.310551014220138,3.376725269844602,1.7889940538291467,1.7889940538291467,2.882583859443281,0.0,0.0,0.0,0.0019112020425258787,0.0,0.0,0.0,1.8086045308321734,1.8086045308321734,2.81838018633212,0.0,0.0,0.0,0.0019808284023106627,0.0,0.0,0.0,0.32456523270223697
2,OR,8,2.168404344971009e-19,0.5479486797026226,0.5479486797026226,3.367053715145026,6.43920898028959,0.852645488790874,11.830764111073757,6.144834069070512,15.211552083169185,1.7900172903285307,10.999359229856111,0.006555845638017279,0.21326061995757906,0.0689695191296647,0.009394198569977308,0.005162191976400455,4778.575147212541,5.304023509627301,6140.625,3468.75,10.52030858066439,748.5876277591528,541.9873325551948,559.6936778401849,96.05454829013563,178.54665240444942,104.38631534425073,541.9873325551948,51.04470079722389,122.31934976631518,53.29740831216245,0.5840638796866737,11.388452127653851,3.2511293028058534,1.8003550975233729,1.8003550975233729,2.7497197792359835,0.0,0.0,0.0,0.002118657663071367,0.0,0.0,0.0,1.8174247845417255,1.8174247845417255,2.852680373389755,0.0,0.0,0.0,0.002182907817422659,0.0,0.0,0.0,0.3559639862724173
2,OR,9,3.469446951953614e-18,0.5466195614761096,0.5466195614761096,3.3533684887151205,6.22253417585814,0.8443869522943048,11.009893153202048,6.134739268483987,14.96708786707943,1.7674383175794766,10.84277325149792,0.0048135685344663,0.19765843599711205,0.06171092507095395,0.009867955930635434,0.004247807426796351,4856.046195223504,5.401502102236236,6796.875,3453.125,12.820202852887371,750.4617760761192,605.9603570760055,581.0110173195061,172.25769685390924,64.49792850732683,60.59971813411393,605.9603570760055,143.91791378354245,272.35133656392793,13.665834352368972,0.579902395708298,10.727471365721366,3.2155629526429497,1.8045839189390755,1.8045839189390755,2.769670234618027,0.0,0.0,0.0,0.0020575170066953743,0.0,0.0,0.0,1.797601524506885,1.797601524506885,2.9373409990767927,0.0,0.0,0.0,0.002116772203932575,0.0,0.0,0.0,0.3182753904162499
2,OR,10,3.0357660829594124e-18,0.5031926815046117,0.5031926815046117,3.42794283997415,6.62536620630973,0.7369174870277324,12.670385897721289,6.812386121589332,16.06852919722792,1.7372853356993814,11.835058510182648,0.004628423539851407,0.20883463254604395,0.06696005458868615,0.00703453622385633,0.0034475789994426525,4645.868052846985,5.38525141724628,6062.5,3453.125,14.467140700863498,638.4453065154564,456.49348425764776,470.44367130783417,22.122507678339396,243.17212169522273,126.86514087570039,456.49348425764776,55.31437172522327,174.3787780607172,101.10418518445358,0.5246316704313041,14.077473238106467,3.4947423781398346,1.7902671506635868,1.7902671506635868,2.711858308535848,0.0,0.0,0.0,0.0019387152247428352,0.0,0.0,0.0,1.819895640463481,1.819895640463481,2.8110353108703423,0.0,0.0,0.0,0.0019328639629750863,0.0,0.0,0.0,0.33927464044935823
2,OR,11,1.734723475976807e-18,0.5501038962097444,0.5501038962097444,3.4228429175565,6.62536620630973,0.6380601365789689,10.786261123999308,6.222175376567795,15.622953962674368,1.7848843515789516,11.105863462435916,0.007311165846559185,0.22111692752284245,0.055471097816610124,0.007859027414728699,0.004063283148172215,4548.814906763788,5.30790472149466,5968.75,3453.125,7.587175420884346,779.9607761499504,598.62567571186,569.6395793047556,176.50266312580115,102.24205987282919,127.30328279543988,598.62567571186,109.38233494668088,202.7469793228105,13.519532235540327,0.5866498981545676,10.606383169610702,3.467197175769355,1.8093724090120933,1.8093724090120933,2.814314423428216,0.0,0.0,0.0,0.0019142705238375972,0.0,0.0,0.0,1.8054604110042074,1.8054604110042074,2.767979725918406,0.0,0.0,0.0,0.0019142686772803449,0.0,0.0,0.0,0.29660794877951846
2,OR,12,-2.168404344971009e-18,0.5396352324725787,0.5396352324725787,3.4908130741806653,6.63757323776133,0.6438606775833798,10.911062594797693,6.468838326547888,16.75864347245672,1.8187364443049319,11.765112016830972,0.007052651527986792,0.21835320344892664,0.05788879668870229,0.011771802708588228,0.005992535253594297,4954.596521192363,5.291638339134818,7656.25,3484.375,8.208089744796846,770.2803526331443,533.2429197410057,525.6401535144205,131.20072996601053,194.4658085194765,145.85721593343754,533.2429197410057,50.71026202481982,64.98317440960392,64.85083340239892,0.5838825379798362,10.881082344464863,3.4949364828499143,1.7905052312618743,1.7905052312618743,2.752751696899153,0.0,0.0,0.0,0.0020065246485143997,0.0,0.0,0.0,1.8071689409727674,1.8071689409727674,2.867683236931367,0.0,0.0,0.0,0.002018698257071697,0.0,0.0,0.0,0.30392982248085043
2,OR,13,6.7220534694101275e-18,0.5433830171609675,0.5433830171609675,3.766563532238996,6.86645507408385,0.6719761024969347,11.55770593724349,6.931691667346106,17.80671787804384,1.8180591374153745,12.602225373587792,0.005799170340913048,0.19654828200466865,0.06639851844431416,0.012680377115534441,0.0061124151728708855,5207.9460649611365,5.404106723091061,8656.25,3500.0,11.44965823204469,773.5255602150052,576.7017907221122,605.2533380557323,148.49717691011776,109.79107187112803,110.5835621681398,576.7017907221122,86.55498887277213,110.16806849379402,109.52532510566363,0.5841825198947643,10.813315718588061,3.417766494173315,1.8011153797392474,1.8011153797392474,2.76950560640144,0.0,0.0,0.0,0.0020898652326527354,0.0,0.0,0.0,1.821420727827507,1.821420727827507,2.8807971636468763,0.0,0.0,0.0,0.0020963167040605538,0.0,0.0,0.0,0.33550636759173896
2,OR,14,6.7220534694101275e-18,0.5464704300048024,0.5464704300048024,3.7670671914885534,6.86645507408385,0.6578732754753831,11.077121066136625,6.893451108504727,17.52005509378714,1.8027116792486173,12.426904823653539,0.004285234381285587,0.2393475928912655,0.058998433570291914,0.01051066624373666,0.003906756334147895,4593.376212131255,5.197596903050043,5921.875,3500.0,13.767842854566172,797.3863148817912,493.3858499201949,522.334487404188,92.39010482295895,231.31004962377457,55.342153247074506,493.3858499201949,114.05962669242375,146.33719872393408,15.746696833821831,0.5881549122737655,10.434694691373522,3.407396695367778,1.8059251284958462,1.8059251284958462,2.756545041246662,0.0,0.0,0.0,0.0020436220459367003,0.0,0.0,0.0,1.800959326602058,1.800959326602058,2.899115293848605,0.0,0.0,0.0,0.002095472440640434,0.0,0.0,0.0,0.3700925545226948
2,OR,15,1.4094628242311558e-18,0.5390838765345595,0.5390838765345595,3.5579770779874402,6.658935542971,0.6967001830949825,10.910707065769488,6.600043579216093,16.66037560591385,1.7931292712619131,11.834731333518574,0.005527609168068737,0.19314211882926055,0.059012307038342926,0.009474273028074427,0.004710859212611043,4877.503853257244,5.29374124598095,6156.25,3484.375,10.675918870777366,814.0540252489756,543.8971896206875,579.8786927119465,184.6365305354297,45.647159243913194,47.72253674048706,543.8971896206875,151.70376867059434,214.3791313978396,38.87352260811378,0.5827702137025504,9.845579762243034,3.3933984136240545,1.790042015012977,1.790042015012977,2.702719506248992,0.0,0.0,0.0,0.0019205025255313508,0.0,0.0,0.0,1.821026292448974,1.821026292448974,3.0135137679451183,0.0,0.0,0.0,0.0019604747528565764,0.0,0.0,0.0,0.3591682657394362
2,OR,16,-1.5178830414797062e-18,0.5443363302068631,0.5443363302068631,3.7856779967537313,6.96105956594675,0.7087792156518955,11.588593606981773,6.954667154602951,17.541284756189818,1.7986585940111504,12.50907184613665,0.007107061074608926,0.2090303845059525,0.06494066665737994,0.00944629801661499,0.004064071208334952,4770.281127679588,5.39466170948876,6140.625,3453.125,9.137485377781966,798.4403542364761,550.8949465473715,567.158440822241,102.17793267115094,153.33967475155575,200.20099188104223,550.8949465473715,74.62966230603884,148.7532177235823,40.63230876958905,0.5855867303896115,10.179730360295121,3.3923013669019944,1.810335541494625,1.810335541494625,2.7982511454193864,0.0,0.0,0.0,0.0018940469462416047,0.0,0.0,0.0,1.8093741959172494,1.8093741959172494,2.8469427677861177,0.0,0.0,0.0,0.001926792661014039,0.0,0.0,0.0,0.3427326466292524
2,OR,17,1.0842021724855044e-18,0.5432096564157612,0.5432096564157612,3.7872113262422555,7.14416503394675,0.6755143641907062,12.002871079486606,6.971914584921576,17.763119966673784,1.809161383535204,12.613318636369206,0.006122977990314989,0.20103708847714893,0.06263029537853718,0.009013700172360448,0.004315881698494105,4843.2911291634,5.129285847665156,6109.375,3515.625,10.228731095779507,773.2670924762839,520.0212507410874,547.6996881015026,95.81035192572064,96.67048096220744,156.68014553008695,520.0212507410874,89.72473582631835,142.61533571194272,75.06381942586592,0.5860167102192334,10.874649975321445,3.397481837455128,1.791167778860247,1.7911677788602467,2.7558713934829773,0.0,0.0,0.0,0.0020058684638628384,0.0,0.0,0.0,1.8072729844824489,1.8072729844824489,2.895979453496352,0.0,0.0,0.0,0.002016744012297091,0.0,0.0,0.0,0.32340295682111664
2,OR,18,-4.336808689942018e-19,0.547161056831058,0.547161056831058,3.6543242609118867,7.00988769028549,0.6669630674607169,11.194683469656374,6.678699471175123,16.31486573316918,1.7565237713980217,11.73129438316394,0.005344349320318388,0.20623678996864425,0.0648019254483431,0.012810922642687789,0.005291041289644987,5052.514217112798,5.449912973491793,7812.5,3796.875,12.125316208252125,744.1265966257506,540.5080274363796,529.9309096750359,127.58740153017764,124.1762507569816,158.91101660104445,540.5080274363796,102.0748475826923,190.47063923485354,49.023880433214984,0.5792868158820799,10.543303124686815,3.222896484708825,1.7979653826743074,1.7979653826743074,2.751433325734433,0.0,0.0,0.0,0.0021205586884494904,0.0,0.0,0.0,1.819758165361049,1.819758165361049,2.94274598463419,0.0,0.0,0.0,0.0021278076468606885,0.0,0.0,0.0,0.3904054871360033
2,OR,19,3.577867169202165e-18,0.515351339340799,0.515351339340799,3.512773660475202,6.7596435500032594,0.7682057373840081,11.483031603118427,6.81626958602975,16.390725221346006,1.7423897539959536,11.876598287195524,0.0046497039864964885,0.20620493413186702,0.07131298086117757,0.010248325758460155,0.006666529284182508,5064.830193578079,5.195810151166123,6328.125,3437.5,15.337101254820777,666.4299141420324,494.68590488154285,466.12094029449327,95.5585096160985,160.63756508503434,110.97443997998937,494.68590488154285,93.17253974839738,103.88776375222143,57.59217165061651,0.5422700648058612,12.584892721480172,3.5011350760431545,1.8053893593987125,1.8053893593987125,2.8152234942419585,0.0,0.0,0.0,0.002102584480150044,0.0,0.0,0.0,1.7979326003536562,1.7979326003536562,2.8047525322661206,0.0,0.0,0.0,0.0020468418238378324,0.0,0.0,0.0,0.339722080194786
2,OR,20,4.336808689942018e-18,0.5246114666912798,0.5246114666912798,3.256205467385927,6.49414062087026,0.7037673883359468,10.872200719598343,6.206889620458701,15.43879660086741,1.7749549545402084,11.016949484138365,0.005581720606770452,0.20295480701907398,0.05649465054553401,0.00975960210883216,0.004129888048643609,4778.288196079035,5.422823813326562,6140.625,3812.5,10.121368394341774,721.9721329874691,576.1104174817644,509.12887833437435,181.75713263579175,113.96507803251134,58.61402509318847,576.1104174817644,81.49862291067234,153.27127270882772,37.5531466202543,0.556851139298331,10.678002985268902,3.2878892338276002,1.7891145290306707,1.7891145290306707,2.9376916114148526,0.0,0.0,0.0,0.0018975757734342102,0.0,0.0,0.0,1.8178525861816284,1.8178525861816284,3.0336614749676905,0.0,0.0,0.0,0.001912962106196481,0.0,0.0,0.0,0.3771847777511883
2,OR,21,-5.312590645178972e-18,0.5146894945565617,0.5146894945565617,3.6746196424475923,6.99157714376936,0.6145793581934602,12.281859538608664,7.139488334818988,17.520984581907122,1.7709231365132538,12.643485075021994,0.007351911273429501,0.20571249209534861,0.06637400505617091,0.010439545882201137,0.004294571303039372,4743.437384538702,5.433332392118176,6000.0,3484.375,9.028129227705001,691.8950764777087,447.32262721792756,424.5533996897727,70.45166452909626,263.12823944271014,135.2060856139263,447.32262721792756,42.470973022643165,115.26453107883395,86.16357437708335,0.5400282553060792,12.223433136305777,3.398062316072579,1.811969521683331,1.811969521683331,2.802609001559036,0.0,0.0,0.0,0.0018328125659757089,0.0,0.0,0.0,1.8098726828327873,1.8098726828327873,3.0000571323515954,0.0,0.0,0.0,0.0019042778188111634,0.0,0.0,0.0,0.34872103607696686
2,OR,22,-8.61940727125976e-18,0.5403952626206423,0.5403952626206423,3.677267578795602,6.99157714376936,0.706482411714452,11.855333995291197,6.8047739000447915,16.79193248031433,1.7766683419792288,12.089826362558481,0.006830927209725078,0.18335098678081546,0.06511356420297973,0.007520444274294189,0.004488076696756658,4880.451617383463,5.512620352069043,6156.25,3578.125,9.532170698693209,723.8322732426886,591.8843783667442,581.1526909916477,135.8998574034106,76.6905826486743,144.09891491396263,591.8843783667442,118.0500480849505,231.66828682090025,60.134904961707576,0.5754328039667771,11.28051072441359,3.3831051130588725,1.7952529768038517,1.7952529768038517,2.74223079127734,0.0,0.0,0.0,0.0020325675355243513,0.0,0.0,0.0,1.8045017468750133,1.8045017468750133,2.7491174315363707,0.0,0.0,0.0,0.002046608626156137,0.0,0.0,0.0,0.3418417975172153
2,OR,23,-6.505213034913027e-19,0.5387839121689473,0.5387839121689473,3.6745883500173337,6.69250487795887,0.6885934728734654,11.41566847951558,6.820152322696427,16.96694619875405,1.7782863968132692,12.128184099667989,0.0051224517514810546,0.1998491135287812,0.05571392828753301,0.00978837679054133,0.00477367967663447,4837.219262028913,5.4520181187097085,6140.625,3421.875,10.876418359733309,703.3130983690455,601.6678157201665,540.8959135501607,62.20830680600376,143.71991547409732,142.39698291293607,601.6678157201665,76.20373760395391,131.54117023586826,43.83702361956077,0.5734216512084169,11.110015746192353,3.3665554653900642,1.7984818564158314,1.7984818564158314,2.854316061364908,0.0,0.0,0.0,0.002094785479288944,0.0,0.0,0.0,1.8180800012682905,1.8180800012682905,2.9513498707747003,0.0,0.0,0.0,0.0021138484908373393,0.0,0.0,0.0,0.3492588818977523
2,OR,24,5.312590645178972e-18,0.5469840432213269,0.5469840432213269,3.553573039807604,6.57348632353955,0.6897070500627828,10.952242166131862,6.4966667379787175,16.12190857926731,1.7712751166225056,11.507384133991843,0.005216133155643246,0.21022087398256653,0.07144022295961627,0.00970462039882234,0.006224579292583046,4972.079054411494,5.262613728357063,6093.75,3421.875,13.696012125118065,750.994201172958,553.5705474292525,588.3108725076588,108.4100585746438,114.91950045887768,112.19515502637819,553.5705474292525,54.95204233085835,122.20414255370818,40.93749532815527,0.5800175982305498,10.783770456686804,3.3572103899131958,1.807882345243435,1.807882345243435,2.7602267274521988,0.0,0.0,0.0,0.0021146045633285383,0.0,0.0,0.0,1.7988047619642087,1.7988047619642087,2.845851243718344,0.0,0.0,0.0,0.002068812067281331,0.0,0.0,0.0,0.3116541049218268
2,OR,25,0.0,0.5458620683056699,0.5458620683056699,3.5220824158749306,6.5460205032452,0.7492458296115317,11.063555445751653,6.4523303969459835,15.973460057399011,1.7728792852105268,11.439202902100705,0.0061119520692042364,0.21652986013019399,0.06730859038006273,0.01088927169390415,0.006681084511247163,4960.66528034922,5.4740927223244675,6109.375,3468.75,11.012617508601233,724.3000600898306,540.6486371942774,546.5262380198864,121.6387954803231,174.58816731643304,171.57094875584554,540.6486371942774,93.32409835664225,98.48791010541457,48.45332888980359,0.5802826392097036,10.90223535558214,3.3100388500181976,1.7885704056858507,1.7885704056858507,3.0772716498833543,0.0,0.0,0.0,0.0019403215454034855,0.0,0.0,0.0,1.8179488693518602,1.8179488693518602,2.9731164503831695,0.0,0.0,0.0,0.0019217437456844173,0.0,0.0,0.0,0.35981750415365027
2,OR,26,4.336808689942018e-19,0.5361140681381414,0.5361140681381414,3.5205937898713273,6.6436767532452,0.8172880826733872,12.347591900526352,6.566874475223812,17.098460466841146,1.8351401798082971,12.051135205263222,0.007169198831797118,0.20400627196505364,0.06473042224465472,0.008289659813085982,0.004000983422576416,4719.778357630788,5.322492986582866,6000.0,3515.625,9.028961778620339,724.3141145023121,626.1277225290324,544.2609390509791,95.85502978381203,95.32133700334293,146.17420912212435,626.1277225290324,65.65213875047964,95.46257248403903,77.91685297539162,0.5804829608214306,11.558379007886833,3.6880119361034867,1.8092513042500775,1.8092513042500775,3.1850106673419436,0.0,0.0,0.0,0.0018461370751480985,0.0,0.0,0.0,1.8108991182846297,1.8108991182846297,2.948863799664403,0.0,0.0,0.0,0.0019347064675903016,0.0,0.0,0.0,0.3443203336276896
2,OR,27,5.854691731421724e-18,0.5409491078770309,0.5409491078770309,3.4190535522711425,6.53991698768877,0.8293591091377597,13.113582246217508,6.320471745822798,16.790763241388525,1.8617742514795657,11.767291553598735,0.005447090929454385,0.1993852012226197,0.060769967705338754,0.00828701234397767,0.005083801423459889,4834.9245682611245,5.257867385580117,6250.0,3468.75,11.15640779293351,790.5066930758086,597.0326743940525,551.2064860328463,104.09288033893579,157.877037396099,147.9717893396912,597.0326743940525,65.35154933448365,191.61585549954154,57.661080974776134,0.5918827560287272,11.994018192918547,3.6928430688073215,1.7948273311711,1.7948273311711,2.74852820028053,0.0,0.0,0.0,0.001944274531389391,0.0,0.0,0.0,1.805253394654305,1.805253394654305,2.830367948176462,0.0,0.0,0.0,0.001980094698658874,0.0,0.0,0.0,0.32947517757971917
2,OR,28,-2.168404344971009e-18,0.5339948467602195,0.5339948467602195,3.3618390537909932,6.47583007428959,0.7425366889590587,12.465197569586032,6.295639506974998,16.40205344229467,1.8395551342511858,11.58117597847215,0.005305053739408067,0.19378078716112165,0.06602909407119403,0.008776751954413296,0.0036366385180173913,4817.24800008673,5.314540931597741,6703.125,3500.0,12.446451497419712,779.0440475883984,525.0470682758413,530.7413417035002,145.25363795126563,67.39354669496608,84.8032083561456,525.0470682758413,91.30382633661672,136.55004814010223,61.92851287795526,0.5829175415023011,11.896925944986416,3.4074092752442815,1.797933133712301,1.797933133712301,2.9807683843764403,0.0,0.0,0.0,0.002117717511023298,0.0,0.0,0.0,1.8217585349427574,1.8217585349427574,2.853246062299467,0.0,0.0,0.0,0.0021342603340912232,0.0,0.0,0.0,0.3173887556804955
2,OR,29,-1.0842021724855044e-19,0.5429759475696347,0.5429759475696347,3.4481421090220503,6.43310546498312,0.795521526284918,11.673477064401109,6.350450925956509,16.068110559134634,1.806004340544723,11.468941936714833,0.0050401092194450724,0.19311458958433203,0.06606075393349417,0.009003322403554743,0.005119042376949259,4929.794569581767,5.372056188047018,6234.375,3468.75,13.107008408770277,762.3244221295482,554.2450802988376,508.23186433905306,209.4255684895106,182.09418005400207,164.77849638465202,554.2450802988376,121.07215912403461,252.0178269710613,67.49705801895344,0.5812888395890511,11.158833793687151,3.3047845055423615,1.8091261383597999,1.8091261383597999,3.019456191815581,0.0,0.0,0.0,0.0020320098725921673,0.0,0.0,0.0,1.7995727393026584,1.7995727393026584,2.812013663729677,0.0,0.0,0.0,0.002061104008714558,0.0,0.0,0.0,0.348024482494361
2,OR,30,-7.697835424647081e-18,0.5141666087617958,0.5141666087617958,3.4471452213369935,6.37817382398312,0.768613267076266,12.743061403624132,6.704335059080607,16.32150920521471,1.7705079402005426,11.870078455890175,0.007263418056808512,0.21107779733725907,0.0643426443933327,0.009391095235918521,0.005907238405259664,4783.433351158186,5.417175116670166,5984.375,3421.875,8.858452574426908,651.7821505318617,507.2069790787943,467.7239424404427,29.80121237435524,163.42488487819924,65.86049777894442,507.2069790787943,16.928768967424922,141.13310869919968,194.72602397948324,0.5384754674499863,13.345518504445625,3.3396284851921636,1.7881008343119238,1.7881008343119238,2.71589565202638,0.0,0.0,0.0,0.0019123099045795305,0.0,0.0,0.0,1.817417143855279,1.817417143855279,2.78613793624544,0.0,0.0,0.0,0.0019075536783556871,0.0,0.0,0.0,0.33411514979494106
2,OR,31,0.0,0.5520352675760646,0.5520352675760646,3.3864319302084778,6.53381347258394,0.5990175907421085,10.203011281372785,6.134448520058964,15.25041215634393,1.7716506322150494,10.868099598872824,0.006844725726637606,0.21813162209361453,0.06526056893219315,0.010015860775451507,0.00582520438683745,4875.864054273915,5.272232442028202,6078.125,3453.125,9.534431550512576,785.4694601408736,571.2376996803823,524.4990048952737,157.8160514047933,149.11531092730038,179.8961375917368,571.2376996803823,78.5229629052782,161.69907427473095,75.72308599340535,0.5838414131126274,9.931447037586558,3.362274062940566,1.807356030462418,1.807356030462418,3.1703754007016456,0.0,0.0,0.0,0.0018485644898207907,0.0,0.0,0.0,1.81431956505902,1.81431956505902,2.971086090668481,0.0,0.0,0.0,0.0019002152905103172,0.0,0.0,0.0,0.36645365963366916
2,OR,32,-4.336808689942018e-19,0.5540083531415191,0.5540083531415191,3.386530277870027,6.74743651858394,0.6111139344444908,10.933304523603072,6.112778369965912,15.08532072315063,1.771680198329085,10.829888394862497,0.005943961716096303,0.21229107680124584,0.08180073367550897,0.008452958530660531,0.004058998333654971,4855.7520733983465,5.359336951379553,6203.125,3437.5,13.761988648114915,795.3601877532328,555.5886835028862,575.5240889013957,69.67918072033272,89.85127758606323,145.14254983051003,555.5886835028862,96.95372160063637,88.52146434220111,38.80669800975625,0.5924267735146842,10.872655634522303,3.5473714516132326,1.7962391888614369,1.7962391888614369,3.1232720458731613,0.0,0.0,0.0,0.0019704753572211357,0.0,0.0,0.0,1.8055353404675538,1.8055353404675538,2.8325126555854108,0.0,0.0,0.0,0.002021629041607415,0.0,0.0,0.0,0.2782432079892288
2,OR,33,-8.72782748850831e-18,0.552321101261778,0.552321101261778,3.627932814346898,6.98547362780163,0.7243167637282131,11.946916157909653,6.568521112179697,16.337357256065257,1.7833114940834747,11.71371919850123,0.005077969310219782,0.21855577178031604,0.06585024217522709,0.01024773675180815,0.004040275230362532,4793.050157604869,5.271829585406726,7125.0,3453.125,12.967829882258417,803.9049884862865,559.1054774776268,571.3018274645793,123.60312433221155,163.73714014469365,151.17433590254322,559.1054774776268,79.12936301559655,162.88194653853333,20.425742703509894,0.5900943392506222,11.366205550910593,3.55464243078935,1.7968883487519904,1.7968883487519904,2.765735132114466,0.0,0.0,0.0,0.002096059584547994,0.0,0.0,0.0,1.82272345577604,1.82272345577604,2.839852654324569,0.0,0.0,0.0,0.0021338525426056578,0.0,0.0,0.0,0.32498569248875553
2,OR,34,-3.5236570605778894e-18,0.5670776141565634,0.5670776141565634,3.627675769316041,7.046508784801629,0.7268387350118126,11.462731884076739,6.3971415530222036,16.319318649759644,1.8061218153610186,11.554016914886242,0.006243350270532053,0.21089929995680134,0.07698085347997172,0.011503778582920805,0.003954948171705719,4876.262696572607,5.375634590558356,6500.0,3484.375,12.330055199847278,839.3064677719258,563.9708731110811,567.7996152158825,119.00954737722664,121.81490136192328,117.46084588935813,563.9708731110811,156.6298030014341,219.11732857644944,35.857498867750515,0.6082937491513367,10.432909687352785,3.7402831076125027,1.809502467107382,1.809502467107382,3.1035415435244653,0.0,0.0,0.0,0.0020581832203766014,0.0,0.0,0.0,1.80147996305042,1.80147996305042,2.690709547342133,0.0,0.0,0.0,0.0020957874387354356,0.0,0.0,0.0,0.3629204527671532
2,OR,35,-3.144186300207963e-18,0.5652029686198459,0.5652029686198459,3.615053740726031,7.03430175355969,0.6256383733269401,10.717601227005677,6.396027518303979,16.15686613569433,1.7901800274017752,11.450040718000183,0.0059619169787656955,0.2367887206273114,0.06409714038052967,0.008743334950958574,0.004237401917215705,4709.982915161489,5.2131962301646615,6078.125,3500.0,10.751095763002171,844.6983829447853,538.9695436523803,566.528755649753,109.56709805475462,174.18794625876728,122.23577056098677,538.9695436523803,108.018375598832,208.65287235581815,55.1917071996068,0.6041647594622925,10.116258343750491,3.7379658086182284,1.790813516007264,1.790813516007264,2.9927985229032275,0.0,0.0,0.0,0.001962454744932341,0.0,0.0,0.0,1.816762860207108,1.816762860207108,2.792964375456448,0.0,0.0,0.0,0.001958012081516885,0.0,0.0,0.0,0.3757029950769967
2,OR,36,4.119968255444917e-18,0.5529318350962203,0.5529318350962203,3.636795279953667,6.79321288623308,0.5645967689219412,10.696021040221252,6.577294069736861,16.161598951033962,1.7621066667817655,11.589893729688454,0.007085741799097267,0.2001588263534734,0.06832768354796041,0.010342962956792642,0.0067284766158690595,4983.882654754097,5.505934935443816,6187.5,3484.375,9.642982411103727,775.5068736474519,514.7174449432199,557.567509982674,140.50239667891657,144.9280025067609,171.03903319998503,514.7174449432199,72.67441645479379,177.12183916830003,43.0449302704792,0.5792299029677244,10.358832376190382,3.286778376915982,1.808690115280976,1.808690115280976,2.932965485752848,0.0,0.0,0.0,0.0019414616875822494,0.0,0.0,0.0,1.8152549472796764,1.8152549472796762,2.7919877044637946,0.0,0.0,0.0,0.001923168362073644,0.0,0.0,0.0,0.2968422309523733
2,OR,37,-4.9873299934333204e-18,0.5558638627154588,0.5558638627154588,3.6387927806128952,6.88171386223308,0.5367147299277975,11.17094683237493,6.5461941757293385,16.545346452271467,1.7983659276557622,11.772452561471416,0.007408078439992161,0.22126346723608797,0.06605226772969686,0.009504182631861445,0.006257231502195783,4885.606827797119,5.371753077580763,6265.625,3453.125,8.916248424719772,800.6495981419694,597.7054838609547,532.9533056350579,128.8794918883683,147.62562570751453,171.3425422312339,597.7054838609547,95.90003885135818,132.10488499957086,75.69416502573421,0.5928406477202433,10.663014942647674,3.3144872485546073,1.7963023441969033,1.7963023441969033,3.1308868172243085,0.0,0.0,0.0,0.002010427963308797,0.0,0.0,0.0,1.8047988577165412,1.8047988577165412,2.8043487808191916,0.0,0.0,0.0,0.002018608911861925,0.0,0.0,0.0,0.32619984145074826
2,OR,38,-1.0842021724855044e-18,0.5534849144704334,0.5534849144704334,3.564215449124761,6.8084716747814795,0.56698789603857,11.095387918267253,6.439589148565165,16.116407116149844,1.7893390122044066,11.522608086116627,0.005607286256188008,0.19296058332022722,0.07014667961287155,0.010599249958396829,0.003902132676490042,4903.895553747314,5.3146008148539705,7093.75,3781.25,12.509915919300566,819.4638794158777,539.5482579231132,528.6691884091949,174.10145532715228,130.62160182845057,134.09482031770239,539.5482579231132,50.91430285946765,183.9439503693323,63.76395863928286,0.5927806711995584,10.726944113054937,3.3144145810543835,1.794914443126062,1.794914443126062,2.9902053333393437,0.0,0.0,0.0,0.0021481347076179923,0.0,0.0,0.0,1.8225467262871087,1.8225467262871087,2.8753124700121813,0.0,0.0,0.0,0.0021547546985252707,0.0,0.0,0.0,0.32328977236947654
2,OR,39,1.0842021724855044e-18,0.5119703754554525,0.5119703754554525,3.564289954930744,6.65588378478148,0.708218300138977,12.727812430977345,6.9619066371818175,16.921743135211372,1.7697289117638,12.32068745684502,0.005006148412580606,0.21160456353764595,0.06532054116243477,0.00888309985512923,0.004202073100093424,4734.020058222606,5.087347624486547,6093.75,3437.5,13.048063254623885,657.0562792437954,444.32898689923843,482.7570773089227,73.79132330119195,186.2706595974612,46.84083701327455,444.32898689923843,70.86044051356896,98.69383816638761,118.59921408223342,0.5376188746248598,12.80081012766065,3.350715559012879,1.8090444364577363,1.8090444364577363,2.820929654382649,0.0,0.0,0.0,0.002095529039881135,0.0,0.0,0.0,1.802768831991795,1.802768831991795,2.7305112439952657,0.0,0.0,0.0,0.002086732250652527,0.0,0.0,0.0,0.32295280889576183
2,OR,40,-3.686287386450715e-18,0.5372947440549009,0.5372947440549009,3.5604551410941605,6.5826415969709995,0.6938722032627671,10.984573477060387,6.626633110566453,16.088749845076666,1.7540095711764785,11.623177900630152,0.005554777061070982,0.19887479237422268,0.06831140902740274,0.008305468815645381,0.00420090409250826,4742.282145638031,5.427362463325915,6093.75,3453.125,12.29777689798666,764.7707301627012,521.3997648492428,514.7569236140008,181.1321325435682,149.2366305816575,123.4656661163148,521.3997648492428,72.44316462545532,168.4275204149154,46.4590013627977,0.5704047188052054,10.6933323277005,3.3238328574898377,1.7902250199720562,1.7902250199720562,2.993768130914633,0.0,0.0,0.0,0.0020000341658623186,0.0,0.0,0.0,1.8174680480649945,1.8174680480649945,2.8070852416567664,0.0,0.0,0.0,0.001993990017029281,0.0,0.0,0.0,0.3302599711825553
2,OR,41,-7.48099499014998e-18,0.5387007561708754,0.5387007561708754,3.5918153798634043,6.80541991688631,0.6705291864550328,11.798915232210915,6.66755214042695,16.334505159519914,1.7678491017183708,11.787226062136064,0.006174249937764514,0.21427016658793932,0.07331201456032696,0.008889449849151704,0.004556523962415718,4834.284358457686,5.233970254490671,6093.75,3421.875,11.873833305652816,744.3270971763908,544.0528477602546,532.7555241072382,75.74677517355796,106.14843422237242,90.12830512091904,544.0528477602546,86.11454768885838,174.89728350523956,38.49023610586882,0.5691473558796207,11.619815019679228,3.3547174397419,1.8083307963925548,1.8083307963925548,2.8742137151989104,0.0,0.0,0.0,0.0019423465251191287,0.0,0.0,0.0,1.8148983547602884,1.8148983547602884,2.7748571173158787,0.0,0.0,0.0,0.001922536323253943,0.0,0.0,0.0,0.26680184128616385
2,OR,42,-4.6349642873755315e-18,0.5537782188514142,0.5537782188514142,3.5933047509246623,6.80541991688631,0.7015763576160395,11.604477199204496,6.488707263299395,16.17871900877687,1.7866071278125601,11.592770646920766,0.007297830113358547,0.20321695799161119,0.06223250975988821,0.010901993586507081,0.006626320800515624,5024.670875520096,5.521377307687383,6109.375,3734.375,8.52753610110013,778.7058526446148,580.4768477271269,524.83569717476,132.54576731519361,153.8107446638347,145.09366498099837,580.4768477271269,81.00027077704311,206.61411379505847,87.26692436883312,0.5888482716048676,10.693782482839604,3.344798710122281,1.7983472789516053,1.7983472789516053,2.8903598958489054,0.0,0.0,0.0,0.002027422386306153,0.0,0.0,0.0,1.8029596013092972,1.802959601309297,2.7988207020026175,0.0,0.0,0.0,0.0020337884348464066,0.0,0.0,0.0,0.3457734561365681
2,OR,43,1.5178830414797062e-18,0.5420214421375154,0.5420214421375154,3.5943835949987917,6.79931640188631,0.615718681776946,10.850121702027698,6.631441702411904,15.982117190621393,1.7466712904321033,11.582948835798435,0.0043243352989837305,0.1938899638616851,0.0638526092604792,0.00897902655569731,0.005176089801289977,4952.414513007154,5.452096661714541,6234.375,3421.875,14.765878413896218,752.9913129926059,498.8670613874769,447.428790803257,93.53352729972939,112.68491219664756,93.06544507110762,498.8670613874769,83.6867928524574,115.21212189904465,90.69862766030646,0.5686649116016749,10.981751116834744,3.2635460247728907,1.794969716909518,1.794969716909518,2.760655702759715,0.0,0.0,0.0,0.002167909927630711,0.0,0.0,0.0,1.8230411822880594,1.8230411822880594,2.8485431426551733,0.0,0.0,0.0,0.002208193316014269,0.0,0.0,0.0,0.3477372333331764
2,OR,44,-4.119968255444917e-18,0.5352355090674394,0.5352355090674394,3.6245927190677882,6.72607421399114,0.7294841646332701,11.728746265506588,6.771958619442641,16.58262344530881,1.7697231352389706,11.984491839730993,0.005113362092694952,0.2042377093224925,0.06810303234410722,0.008368547003835804,0.003839342784813264,4773.809373974982,5.43113000399799,6125.0,3437.5,13.318640670505593,730.2221310053703,542.9153890018493,514.7271492989714,67.68053585219235,128.86648662203712,96.82153909186066,542.9153890018493,28.779729668300913,92.74572745236974,31.796417307862956,0.5719911446903787,11.921626302875074,3.429228723345242,1.8065201621381086,1.8065201621381086,2.771001554172511,0.0,0.0,0.0,0.002134937265797541,0.0,0.0,0.0,1.802421950716479,1.802421950716479,2.8905744677370633,0.0,0.0,0.0,0.0021430426567530555,0.0,0.0,0.0,0.2802638005841625
2,OR,45,3.903127820947816e-18,0.5265665560716905,0.5265665560716905,3.6245018219828022,6.72607421399114,0.8182855391537955,12.376387210175013,6.883273880923144,17.510418487295986,1.8128553009605595,12.478379543018582,0.006968402386790442,0.19471842157189453,0.06379183499397943,0.008040171807180677,0.0035107311163174583,4701.881208361359,5.386794634186913,6078.125,3437.5,9.154441928576214,691.5822703057703,544.3023067200065,584.6920384989107,99.75374485551926,74.42385000178533,105.1099526877394,544.3023067200065,139.44222100095988,156.6272783594858,50.20999170769219,0.5697809617332213,11.78739229192837,3.4494453701535646,1.787595815414558,1.787595815414558,2.7643676576011287,0.0,0.0,0.0,0.0019953885081046225,0.0,0.0,0.0,1.815102105504392,1.815102105504392,2.910887475259826,0.0,0.0,0.0,0.0020127021157630735,0.0,0.0,0.0,0.33886581009766775
2,OR,46,5.204170427930421e-18,0.5440321062362636,0.5440321062362636,3.6791764175416817,6.91833495657984,0.755520876802054,12.326687831547455,6.762792811968926,17.37440903738808,1.8209513506683725,12.314716705267813,0.005693628252510586,0.21623533608637363,0.07240204276907762,0.007912770158251859,0.004396300407369576,4734.878166555603,5.382933197016142,5984.375,3453.125,12.716327716765816,752.814664026009,507.50229278340794,581.9242034710354,82.32973252837027,139.6675024374448,131.25150944602723,507.50229278340794,47.976391807978885,100.8776860093286,41.20843458389368,0.5879508452157568,12.013752297776929,3.637396054305066,1.8069632140353826,1.8069632140353826,2.7914092356095055,0.0,0.0,0.0,0.0019670186187750382,0.0,0.0,0.0,1.8136482431069973,1.8136482431069973,2.7922510428298914,0.0,0.0,0.0,0.0019251308118173164,0.0,0.0,0.0,0.3940339127279639
2,OR,47,-4.336808689942018e-19,0.557377567093426,0.557377567093426,3.677569327305631,6.91833495657984,0.698452833277833,11.81908563933446,6.597985897560549,15.961550057594192,1.7615121664507527,11.622432432644247,0.005724215567829838,0.2110944743216818,0.06709717264104684,0.009524078491771004,0.004498161436865676,4825.356261333229,5.425652607299541,6093.75,3437.5,11.72163623718368,739.6148172726844,578.9436698029003,590.0638480685701,166.6828427164031,103.04818718031936,121.13017167584164,578.9436698029003,90.4318117517651,175.43607955133967,110.7091109022998,0.5891099303054367,12.541928386932621,3.613913495744716,1.7978681295838248,1.7978681295838248,2.7765242521307356,0.0,0.0,0.0,0.0020411103507269185,0.0,0.0,0.0,1.802518668335237,1.802518668335237,2.753553481885813,0.0,0.0,0.0,0.002052692957877575,0.0,0.0,0.0,0.3227878802988635
2,OR,48,-7.806255641895632e-18,0.5491315309049718,0.5491315309049718,4.139821973683117,7.2021484331523205,0.7843331996745441,12.032066258587344,7.538853153912194,18.35393673073639,1.7696985030414822,13.341497141152262,0.005017763741491738,0.19450467411220457,0.06627647815015779,0.010700830742257111,0.006604614347404637,5135.399606936562,5.29954068989174,7734.375,3468.75,13.208369614717249,720.9102972639569,530.5304116509442,509.6313689964112,123.35653705844712,156.99863335752164,120.90185873215384,530.5304116509442,48.64558515021991,88.50676645948056,65.78839366454406,0.5841551129570952,12.035558139763376,3.391533541617351,1.7970968324111438,1.7970968324111438,2.9835628608269413,0.0,0.0,0.0,0.0021589922203759473,0.0,0.0,0.0,1.8215083784963009,1.8215083784963009,2.782805853950285,0.0,0.0,0.0,0.002159666603096825,0.0,0.0,0.0,0.30810176361768876
2,OR,49,1.0842021724855044e-18,0.5514341818851349,0.5514341818851349,4.141802338004727,7.199096675152321,0.7945945941561093,11.693104621408763,7.510964089745099,18.548703261855604,1.7800057934401103,13.369559594091145,0.006006546929097651,0.20342195475357522,0.08205679282587774,0.01039838360809995,0.004473470207860854,4922.65515357357,5.333700581677234,6156.25,3796.875,13.661225622779527,768.3011169149106,591.7290431958019,552.18785359649,207.13317303498542,150.98577441179427,64.01298994173438,591.7290431958019,136.11865227943582,249.40203127291082,20.692609475108206,0.5890195073881939,11.002043789876133,3.45164435519151,1.8087104372512028,1.8087104372512028,2.9324909393488974,0.0,0.0,0.0,0.002068895866229703,0.0,0.0,0.0,1.800048454134333,1.800048454134333,2.7838487796294356,0.0,0.0,0.0,0.002108610591203702,0.0,0.0,0.0,0.3134137889145332
2,OR,50,2.439454888092385e-18,0.49691825295006536,0.49691825295006536,3.4761592722798427,6.536865230277471,0.711932444877433,13.003008000166798,6.995434866068729,17.268590967950914,1.7848680994507584,12.48592853425679,0.00590870056115416,0.2033257750030036,0.060584255746884655,0.007970493342307481,0.0031853047694340823,4664.372160470415,5.403661052791081,6046.875,3734.375,10.25339752955719,684.7998467769883,460.12365097015015,435.88216619603776,72.96393929227646,242.50833104052333,77.36293804652988,460.12365097015015,85.52383309408779,147.2096231365983,153.91115109417814,0.531914711175674,13.397994959448493,3.388792747771007,1.7874382198269456,1.7874382198269456,2.6732966199964334,0.0,0.0,0.0,0.0019732104729922573,0.0,0.0,0.0,1.815084934895811,1.8150849348958107,2.9168687437856002,0.0,0.0,0.0,0.002022060192671268,0.0,0.0,0.0,0.2756620206204033
2,OR,51,2.3852447794681098e-18,0.5381723914218336,0.5381723914218336,3.491088745675886,6.707763667140361,0.7038438491253178,11.4708618634471,6.4869339291933175,16.76129230108711,1.8178219588044766,11.792090941823327,0.006342385592484589,0.2152118585286006,0.056305264832838764,0.008311174560987277,0.0038259482140972356,4671.525713790443,5.325125175559369,6062.5,3453.125,8.877616159238265,772.6614712090585,632.4041106223088,521.6637803289408,158.37729472408932,124.67358774972845,156.09191483335493,632.4041106223088,93.53377313331352,139.01965861507574,84.21345939216292,0.5851251549088766,10.557717458713642,3.2784521999572616,1.807602907773154,1.807602907773154,2.821607673512002,0.0,0.0,0.0,0.0019261851979009879,0.0,0.0,0.0,1.8142395966886233,1.8142395966886233,2.8499548425274353,0.0,0.0,0.0,0.001987578090361974,0.0,0.0,0.0,0.3378396384933776
2,OR,52,-5.5294310796760726e-18,0.5416259737923257,0.5416259737923257,3.571663794543361,6.79016112802341,0.7313178933007707,11.268638972620845,6.594336252984501,16.557669783941268,1.7911399962638967,11.811379411555345,0.006086123898371541,0.2033969544892222,0.06639805194542485,0.009917477161457137,0.004609901048090543,4945.121352512153,5.222839438139714,6875.0,3765.625,10.909743712624905,740.4668517826836,583.5603242378414,551.4219277498056,51.81594642967378,106.76064251898993,180.6807426844021,583.5603242378414,41.803292072687825,58.8652596194963,75.42041128283925,0.5815909122715579,10.604168428806158,3.291802144136247,1.796861051297364,1.796861051297364,2.8605465432448107,0.0,0.0,0.0,0.002029853070783316,0.0,0.0,0.0,1.8046749380472653,1.8046749380472653,2.852402405570669,0.0,0.0,0.0,0.0020550924874389014,0.0,0.0,0.0,0.29237091267040566
2,OR,53,3.903127820947816e-18,0.5347728201161819,0.5347728201161819,3.5768769657770068,6.94885253402341,0.6528311698199627,11.170949550681446,6.688591549946808,16.68001883124022,1.7838463520645846,11.93141963684493,0.005996067521765512,0.19309450163978467,0.06283496020447808,0.013795152889183872,0.004610740821954992,5095.542172516247,5.475198173623925,8609.375,3437.5,10.47936167595012,718.2349052703885,574.2125957492885,597.715559100636,154.6995911617316,80.80585131942212,163.4660045506832,574.2125957492885,62.32246130037914,86.46296742467322,43.30748723014071,0.5664259220573344,10.344238949442323,3.2893844670494814,1.7933887806183528,1.7933887806183528,2.685385278254814,0.0,0.0,0.0,0.0021799015943723458,0.0,0.0,0.0,1.8232505241339851,1.8232505241339851,2.927619019299467,0.0,0.0,0.0,0.0021961272663930586,0.0,0.0,0.0,0.3793892358427409
2,OR,54,-1.951563910473908e-18,0.5404296089481556,0.5404296089481556,3.638290611722256,7.1075439408460195,0.5183121625290895,11.151783249324266,6.732219240904974,16.837417883620653,1.7864568893405819,12.026819443488165,0.004368650443302039,0.21086658563368374,0.06535913640713994,0.011204072977340433,0.007815145726557001,5135.038659586716,5.417533173274625,7703.125,3468.75,14.960944401579855,745.832248227685,530.674200786062,516.478138625909,128.47183560400225,172.54874823100636,67.20332991390099,530.674200786062,137.56617691369289,208.01889922828002,85.23883581853929,0.5693818954038444,10.231922312034964,3.5418803930730487,1.806927991638971,1.806927991638971,2.9783536126182066,0.0,0.0,0.0,0.0021325661289141474,0.0,0.0,0.0,1.7999093908813917,1.7999093908813917,2.786353012641249,0.0,0.0,0.0,0.002169432739840114,0.0,0.0,0.0,0.371331959926748
2,OR,55,-3.577867169202165e-18,0.5481785055773871,0.5481785055773871,3.7065707122621387,7.345581050063711,0.5118775118560891,11.823081909112329,6.761612639939812,17.76211510446416,1.8403415449947502,12.443676652465564,0.005345532652491053,0.2011925249300866,0.06861758463572996,0.010909931108558613,0.0034440100246125164,4784.251044110238,5.43070729650853,6125.0,3484.375,12.836435409466125,782.9501278192905,569.8915438714038,557.9073361566127,104.42856180351225,134.20210354376226,100.818835140536,569.8915438714038,157.19252185625913,240.81784846453783,25.701612817891135,0.5893370994089709,10.341860855762278,3.541633758673343,1.7866873808499824,1.7866873808499824,3.0885514598045756,0.0,0.0,0.0,0.0019664429287915113,0.0,0.0,0.0,1.8134035968945825,1.8134035968945825,2.9005073192430917,0.0,0.0,0.0,0.001990497351519395,0.0,0.0,0.0,0.2977662181421962
2,OR,56,0.0,0.5508749759327629,0.5508749759327629,3.7025883769357826,7.003784175063711,0.5555311780851959,12.058141136819001,6.7212862059302925,17.371258691556214,1.8276073865848472,12.283872317331344,0.0062917853698261274,0.21392341041689564,0.06396487927767315,0.009173959438149738,0.00332315843709938,4706.1291063465715,5.074604071880393,6093.75,3734.375,10.166411520371744,775.6769918472579,624.1599997596113,602.1467998352523,92.38768839801692,110.72670262246811,110.29625982124523,624.1599997596113,30.335750720758714,148.05457075088137,31.91969405336113,0.595571617558276,10.741562808071995,3.4383980515585515,1.8051705055362923,1.8051705055362923,2.811554083531853,0.0,0.0,0.0,0.0019265303417520237,0.0,0.0,0.0,1.812382824874959,1.812382824874959,2.892887839427261,0.0,0.0,0.0,0.001938807999124298,0.0,0.0,0.0,0.27689084078125753
2,OR,57,-3.469446951953614e-18,0.5414333546487022,0.5414333546487022,3.5486176586510223,6.69250487853955,0.6032137774626043,11.441419582945926,6.554117193143586,16.07607838568428,1.7682603892563338,11.589385819201112,0.005672695508396857,0.21416414240279583,0.05595830210229606,0.00878837848505055,0.003742000600963522,4666.111058319479,5.322384290328057,6031.25,3453.125,9.864499515195337,771.9397718215067,524.7968226543259,504.3188447641241,124.61030848011723,182.51843257214458,159.24797327113458,524.7968226543259,32.736524291561125,94.94714144550255,13.113675103813396,0.5758814162153234,10.860335976300886,3.434098279829419,1.7955958661494886,1.7955958661494886,2.815158584446603,0.0,0.0,0.0,0.002066510984755203,0.0,0.0,0.0,1.8047488378545886,1.8047488378545886,2.7098318167030073,0.0,0.0,0.0,0.0020871336125231096,0.0,0.0,0.0,0.3694806017936632
2,OR,58,3.903127820947816e-18,0.5422451910349112,0.5422451910349112,3.3968113340296884,6.4758300742049,0.6861697320577742,11.117687417847263,6.264345705934953,15.263944557767143,1.7563976144705404,11.002681854143216,0.006111519052459673,0.2010387904684227,0.060794450789344034,0.009924393475683545,0.004291975624516766,4849.118805639366,5.5111138855288955,7718.75,3453.125,9.94751881775266,786.7987777418831,546.8992961764195,544.409319748335,190.75233468131316,127.18752319985138,143.18096119635786,546.8992961764195,151.25040706220872,242.7628322375959,38.70593699464531,0.5730384765053451,10.583564667472706,3.2175300337102595,1.7940523142768512,1.7940523142768512,2.9543866648665382,0.0,0.0,0.0,0.00218301453756187,0.0,0.0,0.0,1.8229899791435553,1.8229899791435553,2.908124444577344,0.0,0.0,0.0,0.0021755336865113472,0.0,0.0,0.0,0.3132051548735225
2,OR,59,-6.7220534694101275e-18,0.5192429770012603,0.5192429770012603,3.931415078424945,7.01293944884995,1.092144310422143,13.4077990954741,7.571436211082026,18.642407870205993,1.778498461977676,13.4657876563974,0.005953464312905684,0.20161638879526883,0.06794556587048528,0.011503983074898114,0.00575629914790297,5016.366739642202,5.418232870450408,7687.5,3453.125,11.412777886613478,703.8432573059489,468.82102542474894,495.270668588805,72.51714270188255,169.43086765995207,87.78213609069766,468.82102542474894,67.20137993731643,134.21245325914535,118.15586567118667,0.5514751607705237,12.670542991401158,3.373688485815775,1.8063568618498471,1.8063568618498471,2.739098650155833,0.0,0.0,0.0,0.0021395970599116273,0.0,0.0,0.0,1.8005280000413224,1.8005280000413224,2.905252446702512,0.0,0.0,0.0,0.0021601080820341668,0.0,0.0,0.0,0.26240866272827224
2,OR,60,1.3010426069826053e-18,0.5420792654184335,0.5420792654184335,3.9335198674428713,7.30590819784995,0.9374839385360502,11.831357787996467,7.25635551546011,17.831532609481105,1.7650662450987067,12.807948182798095,0.0066609091170167075,0.21290946976309286,0.07059904298183761,0.012937002766118469,0.006988059990615594,5071.329841454582,5.573243725164868,6703.125,3578.125,10.5990100947149,730.5644488970911,552.2891826380683,554.6873215399761,162.724668880109,115.23037935087567,47.7616583457335,552.2891826380683,18.08093571914849,159.1653953934651,71.14745972255292,0.5668974640316161,10.690023475029292,3.471071126062875,1.7858091185753369,1.7858091185753369,3.0778701299196305,0.0,0.0,0.0,0.0019371260978633931,0.0,0.0,0.0,1.81467583962712,1.81467583962712,2.8521082947982626,0.0,0.0,0.0,0.0019845687536134264,0.0,0.0,0.0,0.34495446520617257
2,OR,61,-6.7220534694101275e-18,0.5219525331221893,0.5219525331221893,3.758382794752673,7.12890624484192,0.6489554424810045,11.671411731678344,7.2006218118413345,17.24424705676988,1.7442958771810873,12.560014939559114,0.007539169408540825,0.1917597211675488,0.06211977154388894,0.008761750465329694,0.004411849623232465,4817.50583742138,5.32679601594321,6171.875,3765.625,8.239604148605059,667.945238512582,481.2607762987965,443.07957398976924,21.134699280313953,197.45883250368968,93.70425536829521,481.2607762987965,79.16976868347638,151.19480556312163,101.17434720997738,0.5371366322503914,11.424296466456692,3.128968211512344,1.8046849829706115,1.8046849829706115,3.1979182622339635,0.0,0.0,0.0,0.0018831296963441125,0.0,0.0,0.0,1.8128440414373128,1.8128440414373128,2.9974625974307734,0.0,0.0,0.0,0.0019302336160454102,0.0,0.0,0.0,0.2963993250257509
2,OR,62,-2.710505431213761e-19,0.543761846030997,0.543761846030997,3.508818892301029,6.71081542519278,0.6864695410131728,11.318241806365574,6.452859680954072,15.944403923668839,1.7742722486091353,11.449129856106662,0.005587302616629918,0.2087821406014801,0.0551762030696709,0.00757068256819407,0.0035758963307175656,4602.797869903014,5.209117943609298,6031.25,3421.875,9.875284523800525,706.9126693238612,620.5524675736832,573.6309949786927,135.84775472946032,64.22740346642627,91.11529573967009,620.5524675736832,89.07786511487741,197.23125156293025,62.23362095282438,0.5772048209245619,11.141960269590514,3.477088619138755,1.7954451257086819,1.7954451257086819,2.7502020609871014,0.0,0.0,0.0,0.0019924347735162553,0.0,0.0,0.0,1.8031214399438364,1.8031214399438364,2.8741499824956236,0.0,0.0,0.0,0.0020184804859882445,0.0,0.0,0.0,0.3071315145561029
2,OR,63,-2.0599841277224584e-18,0.5420960255111038,0.5420960255111038,3.4282922722055593,6.631469722120221,0.6733913080151321,11.681933036185717,6.3241420539229045,15.811682724649465,1.7889016852209385,11.31326837786016,0.005167478982027225,0.20697286283227823,0.05750061079865573,0.008675807172209364,0.004140951651412255,4681.625319946734,5.396240475201519,6031.25,3734.375,11.127400999117482,705.2532282957673,526.3885193808887,523.3905265539215,66.41607449015426,197.76629048843498,184.29970740438748,526.3885193808887,44.8862344726602,65.1138615160697,33.59354640931463,0.5812315150691278,11.552747390846491,3.476723694504389,1.7921835146087504,1.7921835146087504,3.022563445211012,0.0,0.0,0.0,0.0021384319065257873,0.0,0.0,0.0,1.822386211404015,1.822386211404015,2.800572756908431,0.0,0.0,0.0,0.0021676405958461174,0.0,0.0,0.0,0.3694998102730776
2,OR,64,-4.336808689942018e-19,0.5254040050743545,0.5254040050743545,3.4497804916917802,6.567382807793599,0.7685287422780772,11.385679946955001,6.565957736079698,15.893576780285487,1.753096592711628,11.51075813503178,0.005300611179261436,0.1894911639145462,0.05840131890947927,0.009307214711059962,0.0049755940208802245,4910.149540018976,5.401941727657122,6171.875,3468.75,11.017846230064135,696.9618642515832,523.473952224414,553.5978872900453,111.86610735094358,120.13068108212973,124.79738431029445,523.473952224414,96.76848296107407,124.03770604622835,69.53452123830422,0.5556245700943708,11.857804088250987,3.2013370804625025,1.805735222321087,1.805735222321087,3.074052570673587,0.0,0.0,0.0,0.0020794374849190072,0.0,0.0,0.0,1.8017575760701807,1.8017575760701807,2.8220728030683024,0.0,0.0,0.0,0.002081414525664261,0.0,0.0,0.0,0.3174333945941543
2,OR,65,2.4936649967166602e-18,0.5292486680012424,0.5292486680012424,3.5749278938911124,6.64978026902341,0.7878139879664616,10.947519059299463,6.754722515193871,16.2942113268238,1.744987101651008,11.78690366426723,0.0072952803075865295,0.19966736550654118,0.07186583065948983,0.00900213910798685,0.0055467806990281065,4854.524514523576,5.539156983938451,6109.375,3781.25,9.851003336349379,670.0830663021366,506.0862032436235,531.4410969145893,63.943027021836386,83.04086976620026,91.94812165871339,506.0862032436235,110.96340016816735,110.68028049801534,42.476745921270506,0.5536638000685372,11.866190221935794,3.316055433618076,1.7871556538910207,1.7871556538910207,2.671015703350056,0.0,0.0,0.0,0.001906435681876662,0.0,0.0,0.0,1.8166134182340157,1.8166134182340157,2.843084849785498,0.0,0.0,0.0,0.0019309314726089278,0.0,0.0,0.0,0.3556701921794455
2,OR,66,-6.505213034913027e-19,0.5331992346808013,0.5331992346808013,3.576686230910702,6.64978026902341,0.8100053020691653,11.282852485374312,6.707973302034408,16.713965999974956,1.7835142918140134,11.963766253307645,0.00646924150447368,0.1989427877276745,0.0637724233381694,0.010773578158184331,0.007435865168941338,5099.345085210303,5.4608988700283785,6312.5,3531.25,9.857789863651096,694.6757007117907,572.1476357954027,529.2538932104687,114.50318232031925,176.90025227732627,142.47106466167546,572.1476357954027,99.22094721091163,136.89858081377315,60.957886459948895,0.5649099985768037,11.284755556587614,3.31695657451208,1.806042381040092,1.806042381040092,3.169179449594039,0.0,0.0,0.0,0.0019044595785815905,0.0,0.0,0.0,1.8153252753324063,1.8153252753324063,2.8534318786138657,0.0,0.0,0.0,0.0019155694414729019,0.0,0.0,0.0,0.3815560976688407
2,OR,67,-1.734723475976807e-18,0.53614658542072,0.53614658542072,3.4649185815865025,6.92138671441457,0.8694370497089349,11.896762993616724,6.462632936216652,16.274193935010143,1.8038739804688162,11.657775398983748,0.006108555621828679,0.19733777866635854,0.06282003604570263,0.00903964679744721,0.004484545489682995,4849.329566674959,5.440525593118681,6484.375,3500.0,10.283942706674194,709.882713201972,581.3577888779207,584.8364908017253,134.3850031002826,89.01536223346636,118.95367000195458,581.3577888779207,66.36836962503052,134.8581297819411,46.35395324870684,0.5723090229095567,11.57714928376604,3.5385414497014445,1.7967246981509197,1.7967246981509197,3.133917557760934,0.0,0.0,0.0,0.002031680826692847,0.0,0.0,0.0,1.8022553068744471,1.8022553068744471,2.80776998796395,0.0,0.0,0.0,0.0019937447487937544,0.0,0.0,0.0,0.31073918470135614
2,OR,68,4.87890977618477e-18,0.5336646987212716,0.5336646987212716,3.4683391431303705,6.91833495660408,0.859271909670353,11.993299897369843,6.4990979381519,16.400796193455232,1.80562546830722,11.734936758172001,0.005745502432147326,0.19629690895867555,0.06432531895355771,0.009601953066093653,0.002994131293362343,4804.813505717974,5.410229161022024,6734.375,3781.25,11.1957691606652,731.3157842991551,479.7675331016053,516.6628895034568,111.59245675817502,123.81503998577297,90.52628616347904,479.7675331016053,49.343913074035335,86.15774238984118,82.22173200931552,0.5702395559407837,11.422649771408322,3.536457846263407,1.7926385523215602,1.7926385523215602,2.7110392025440304,0.0,0.0,0.0,0.0021386110317216578,0.0,0.0,0.0,1.821221431715897,1.821221431715897,2.861934532719708,0.0,0.0,0.0,0.002161664851499358,0.0,0.0,0.0,0.31075340861150486
2,OR,69,-4.933119884809045e-18,0.5358551904670277,0.5358551904670277,3.387594220782955,6.38732909758394,0.7590812854077863,11.147358191933623,6.321846426128962,15.56003242481886,1.7719292010421122,11.201864286982529,0.004560758553423764,0.19734870262386872,0.06020001730844625,0.009565994849873447,0.003895716728291078,4852.122085848507,5.432409943152004,6328.125,3500.0,13.199562439027712,745.5679795504299,579.2439267183236,495.26965025097644,173.161048183831,156.19313537779294,51.17700055031986,579.2439267183236,151.8204881384547,249.94009562374916,27.587895956120303,0.566856052650377,10.671018957383088,3.2865927829754495,1.807254940837465,1.807254940837465,3.0189466684770316,0.0,0.0,0.0,0.0020162971400782947,0.0,0.0,0.0,1.8010440857043752,1.8010440857043752,2.7371728867079645,0.0,0.0,0.0,0.0020949563329701586,0.0,0.0,0.0,0.3067676997237312
2,OR,70,1.3010426069826053e-18,0.5038224150310319,0.5038224150310319,3.7463076387865097,6.74133300359999,0.729436070641354,12.711946928375687,7.435770078924195,18.190367048249367,1.7690909936369996,13.154553877406382,0.005507823846716895,0.20530272563139462,0.0658193004977813,0.009427464561929137,0.0050608903924693775,4842.517280099387,5.430959223048962,6125.0,3453.125,11.950146249696191,652.5398173760901,473.5556504835957,463.6501121976681,15.692089229801992,274.6416988205592,118.17558332505384,473.5556504835957,53.92664327927422,167.94295148638346,108.60987960417546,0.52998964931959,13.542896072739339,3.255530179289912,1.7870231614621475,1.7870231614621475,2.9163467766779143,0.0,0.0,0.0,0.001930774447560872,0.0,0.0,0.0,1.8154112417430057,1.8154112417430057,2.8222162434226337,0.0,0.0,0.0,0.001964342627033342,0.0,0.0,0.0,0.4038252517767096
2,OR,71,-3.0357660829594124e-18,0.5449277022732277,0.5449277022732277,3.7458442126773894,6.67724608959999,0.7566656176825536,10.712264384373748,6.874020529777256,17.403774233444018,1.7874177305128507,12.286746174855754,0.0066904281361905085,0.21004843693189873,0.05945090902475343,0.012081881815430963,0.006072696443086465,4940.572245360795,5.420555046993449,6218.75,3796.875,8.885964815058678,782.6959485871973,592.698650110576,621.6525452710177,142.15097091364578,49.651516279831235,147.92114304840229,592.698650110576,97.69055135312279,188.93165715354326,28.34118357809828,0.5819809669814089,9.863128971007283,3.319453897805845,1.8051289273119455,1.8051289273119455,2.7821871947698975,0.0,0.0,0.0,0.001931036511664684,0.0,0.0,0.0,1.8150825189431352,1.8150825189431352,2.8219138924556186,0.0,0.0,0.0,0.0019053696545291731,0.0,0.0,0.0,0.3340663930094069
2,OR,72,-1.4365678785432934e-18,0.5288282640156609,0.5288282640156609,3.628761318908143,6.72912597261211,0.7575387116960097,11.230116301658379,6.86188989095677,17.21560150590962,1.7868158513788839,12.260933627601263,0.0065426232033035416,0.18440279685987854,0.059165180955307525,0.013585658500429573,0.006596837907065764,5238.782465098035,5.56455241345234,8625.0,3468.75,9.043036578415586,759.747347310886,557.5305949768233,503.7669482347585,164.84720690821678,201.44040831239872,148.09449667096698,557.5305949768233,55.68198180930528,91.10621538335448,41.920361160003985,0.56282412178191,10.641846481215149,3.3265698532554113,1.795244014918179,1.795244014918179,2.8673775227776606,0.0,0.0,0.0,0.0019778070356521764,0.0,0.0,0.0,1.8021208251080358,1.8021208251080358,2.7857474699080975,0.0,0.0,0.0,0.0020131468110642387,0.0,0.0,0.0,0.2952516532985831
2,OR,73,-9.215718466126788e-19,0.5360016069409804,0.5360016069409804,3.7325292801027428,6.92443847216854,0.6883409679258033,11.864231875098854,6.9636531528286465,17.678003811004228,1.8072988137076325,12.585402082202107,0.005184124292545644,0.2098265547198895,0.06498413191211162,0.011803568604141841,0.0036920746484087686,4862.870133220135,5.5032631337138715,8000.0,3468.75,12.535218724022181,731.3769494744838,606.1541656596456,559.9524880088477,55.30725361512833,53.871161033133205,90.62220919276089,606.1541656596456,65.40957255056891,141.8832158477306,67.83385397944065,0.5717620149992296,10.919105613332581,3.34923560364078,1.7896884280521463,1.7896884280521463,2.7281037029467425,0.0,0.0,0.0,0.0021459490870317345,0.0,0.0,0.0,1.8216777223332126,1.8216777223332126,2.8683351917249764,0.0,0.0,0.0,0.002190626953264228,0.0,0.0,0.0,0.2924339918302192
2,OR,74,1.5178830414797062e-18,0.5440176233298859,0.5440176233298859,3.7329316114482674,6.92443847216854,0.7555183113199277,11.374109550034186,6.861784345500513,17.41370939586261,1.805631537178661,12.389854215577339,0.004013691757730984,0.20829637887646854,0.06164946488595592,0.010572435323935068,0.0039217431538555786,4826.388391646204,5.13885543760725,7000.0,3421.875,15.359790584777675,759.6158796677979,566.1449685110658,523.5292929159554,65.06831817462167,193.02863234535104,93.35390734832298,566.1449685110658,92.01046220737717,168.64405983308276,24.321447666192856,0.5828386720843637,10.042819248926008,3.3433094947757978,1.8078296092219772,1.8078296092219772,2.762669918288177,0.0,0.0,0.0,0.0020767432209039026,0.0,0.0,0.0,1.8016630951946446,1.8016630951946446,2.7859657410722836,0.0,0.0,0.0,0.002116670438030823,0.0,0.0,0.0,0.2937389030264946
2,OR,75,1.5178830414797062e-18,0.5424427026010731,0.5424427026010731,3.8072936211590953,7.1258544876201295,0.769062939810338,11.281775300968725,7.018794064139273,17.143912852322803,1.7642502150386818,12.382908936992765,0.0069399623446154204,0.2110329707771241,0.0621337377506711,0.010987916429575393,0.004563468853853206,4776.178474569753,5.416329229472616,6125.0,3421.875,8.953036725037334,763.459357179459,536.4468735788826,569.5503856106177,118.83133497245808,149.34971393528508,74.87605879097109,536.4468735788826,92.75911453806431,161.55096939203193,47.32180181590936,0.5734055508825833,10.594623350314755,3.225522494676929,1.7866922865671584,1.7866922865671584,2.752273955595992,0.0,0.0,0.0,0.001897629593418445,0.0,0.0,0.0,1.8146662688990107,1.8146662688990107,2.7786738360664223,0.0,0.0,0.0,0.001951372639251482,0.0,0.0,0.0,0.41330497039531355
2,OR,76,-8.565197162635485e-18,0.5603481852456429,0.5603481852456429,3.8063928459704375,7.55310058062013,0.5642456400052976,11.577869204536109,6.792906528813002,16.129782480522717,1.7387029575015778,11.81084667170002,0.007658955582405825,0.19849284419627047,0.07832994814585523,0.009217580027436839,0.004697758363880927,4847.5378525385095,5.452296819073438,6125.0,3484.375,10.227236245574758,767.748787836351,499.5693261683314,554.1322860299113,147.0635112645036,114.88108946601173,137.26527519433168,499.5693261683314,122.10404399305817,204.48835778803982,78.21256681926981,0.5882321870231559,11.62970409916885,3.448387955570949,1.8019786649873921,1.8019786649873921,2.789675846415693,0.0,0.0,0.0,0.0019335982165521507,0.0,0.0,0.0,1.8154441023661017,1.8154441023661017,2.7936341549477754,0.0,0.0,0.0,0.0019347413113475146,0.0,0.0,0.0,0.31755885643603043
2,OR,77,-6.5052130349130266e-18,0.5581508666657142,0.5581508666657142,3.7440188201144102,7.31506347140244,0.526391891777295,11.841829209229411,6.7078975304181645,16.464919053824957,1.7733125892698278,11.89519913824383,0.007296345775069344,0.1945640568260361,0.06922518048415632,0.009650366384190166,0.006295745373099248,5053.568643370836,5.354523607790524,6750.0,3781.25,9.487650751311982,733.977732348182,576.5266144112771,552.9330773932264,63.438002569365544,92.75143618182976,187.63915377833564,576.5266144112771,135.121572458941,188.57301679388763,95.69933452885611,0.591471877426707,11.678038894571202,3.449979673450641,1.7966645307040845,1.7966645307040845,2.7642294306660995,0.0,0.0,0.0,0.0020114264002936643,0.0,0.0,0.0,1.8028169034102624,1.8028169034102624,2.8176752612753675,0.0,0.0,0.0,0.0020633053688270744,0.0,0.0,0.0,0.3084166710150855
2,OR,78,2.168404344971009e-19,0.5453961811314413,0.5453961811314413,3.5101398802441297,6.77490233919278,0.5330177470571904,11.016268650173938,6.435945101331293,15.785937393064389,1.765568734889997,11.3631034503998,0.005447313954322426,0.2168224491270628,0.07221094470586636,0.01091620090665189,0.0075462158457728305,5101.147755842042,5.547163108446895,7671.875,3437.5,13.25624799637461,707.5514164187475,558.5800437975669,582.1253743007113,115.49422085455241,136.53565983381964,132.64064422936073,558.5800437975669,69.26209691373026,141.98082975417043,57.82372845291887,0.5731231789039483,11.012119925446259,3.3932418206236243,1.790650926000865,1.790650926000865,2.8704314693471984,0.0,0.0,0.0,0.002139351380018476,0.0,0.0,0.0,1.8235794111617096,1.8235794111617096,2.874565336888265,0.0,0.0,0.0,0.0021510421611720043,0.0,0.0,0.0,0.3379916689595927
2,OR,79,-2.0057740190981832e-18,0.5212181935425728,0.5212181935425728,3.55502962831376,6.98547362816051,0.6387393465442742,11.87633898851677,6.820616916966016,16.74402018591792,1.7718631005158727,12.085199437949605,0.004052157693555421,0.19382972596745715,0.05571095905816483,0.00775004542429467,0.004014739363005317,4743.141641972566,5.273965156984501,6140.625,3453.125,13.748467670204306,665.7575337266414,489.3628925594312,519.9688151938354,79.34696153042341,180.98371952935994,135.36424233962805,489.3628925594312,70.1082618319178,127.92175839058507,9.967585065278213,0.5536203197713176,12.454120844365441,3.649569447342151,1.8073041216033163,1.8073041216033163,2.8097046642029415,0.0,0.0,0.0,0.002121685706092806,0.0,0.0,0.0,1.8033745321629295,1.8033745321629295,2.860964756287974,0.0,0.0,0.0,0.002168203541662071,0.0,0.0,0.0,0.2897909888099679
2,OR,80,4.7704895589362195e-18,0.5238244306689362,0.5238244306689362,3.559435901673473,6.98547362816051,0.6881355075473619,11.576860503890167,6.79509334286145,16.73721824602368,1.770127371475322,12.028180717951761,0.005878340848872421,0.20216030934349383,0.06740373100298364,0.008184898372964504,0.003413384166929302,4655.167755168457,5.450819121207457,6078.125,3421.875,11.466455029474261,695.9625842912036,575.9594583779902,541.9303176669002,136.4835840839183,64.016911923385,55.63124597995337,575.9594583779902,80.97688210999596,213.66804406248087,22.492569233161568,0.5595312634895946,11.541658143429608,3.5471426288687695,1.787285619961518,1.787285619961518,2.683684848481596,0.0,0.0,0.0,0.0019062056006960047,0.0,0.0,0.0,1.8136824678894625,1.8136824678894625,2.9970215147351937,0.0,0.0,0.0,0.0019379201199547069,0.0,0.0,0.0,0.34592041310789856
2,OR,81,-5.637851296924623e-18,0.5095383670392144,0.5095383670392144,3.4944154300398353,6.8908691362049,0.6191081680620992,13.129504827652902,6.858002568752679,16.889370138056233,1.778826449284028,12.199196358579012,0.006168046322091206,0.2145696527175687,0.06449898232148829,0.00978628062833294,0.004845777791341776,4805.3456725962205,5.381587034292392,6093.75,3484.375,10.456954916182225,636.8370500099419,494.8905003208861,407.051914394597,6.323809097710455,294.61583229019556,77.6108736982744,494.8905003208861,14.644849478216983,181.9558243941503,118.33302173249369,0.5446268900211435,14.655149325546205,3.557124491477327,1.8036364362523116,1.8036364362523116,2.764259194918208,0.0,0.0,0.0,0.0018569315291223592,0.0,0.0,0.0,1.8165486205434496,1.8165486205434496,2.7971895536726032,0.0,0.0,0.0,0.0019508129372402755,0.0,0.0,0.0,0.3764996926259186
2,OR,82,1.3010426069826053e-18,0.5562582245489308,0.5562582245489308,3.674211350629249,7.17163085476936,0.7406390881561287,12.07578463181986,6.605226113469257,16.562206132162345,1.792019219502793,11.836692144519926,0.006464590847470633,0.20356625928302963,0.057529689039855385,0.009203560928569887,0.0050810968336378656,4841.889780345197,5.277799212333497,6156.25,3500.0,8.899200334305075,740.2847365683622,630.5367962913421,555.8648729947579,153.70587485117034,59.10459120006867,114.36459741574973,630.5367962913421,111.88706821297652,263.7116669701333,27.430979623998823,0.5980565479022518,11.85226163887744,3.516562703174765,1.797925970857502,1.797925970857502,2.747826806575834,0.0,0.0,0.0,0.002026189163550828,0.0,0.0,0.0,1.8021226467575786,1.8021226467575786,2.8362955742238416,0.0,0.0,0.0,0.002056724401065325,0.0,0.0,0.0,0.30540752638399093
2,OR,83,4.119968255444917e-18,0.5487813037478118,0.5487813037478118,3.674472866012653,6.79626464376936,0.8051820461923038,11.40093524193766,6.695696156031097,16.612562133734514,1.771561804194884,11.861839562540816,0.005446716237330047,0.19491293576035376,0.07055909252346322,0.00982493860712931,0.006541965768631943,5111.1252998896525,5.380496247873446,6796.875,3468.75,12.954427849007331,753.3288814944871,531.7877554714548,489.9757275342215,84.08412835993583,183.6775380585753,111.9486398867122,531.7877554714548,59.91770971836213,124.64407388417916,66.6167286789892,0.5793646435089805,11.424247209798397,3.507140882299657,1.7900253116662095,1.7900253116662095,2.7898971444600855,0.0,0.0,0.0,0.002091355945888291,0.0,0.0,0.0,1.822857353097179,1.822857353097179,2.924018217706311,0.0,0.0,0.0,0.0021183548807372633,0.0,0.0,0.0,0.36832080635239467
2,OR,84,-8.673617379884035e-19,0.5376613987427562,0.5376613987427562,3.59252243996609,6.713867182886309,0.8456707192510293,12.032645227038323,6.68175630305617,17.176041883575213,1.8175867444015594,12.144671685779052,0.006093561285129313,0.19964926459290666,0.07335426404377166,0.012775767870797683,0.006568169610430044,5188.833360143116,5.564807374049603,6359.375,3765.625,12.037995615264741,754.1510788991797,550.5961585748837,572.3473656467645,100.94235812671205,58.55054052605534,70.09922261069265,550.5961585748837,130.27580419249585,195.65334020948933,17.221160956248013,0.5788915597769955,11.31442111126544,3.3857902040519203,1.805975295639184,1.805975295639184,2.777310229754165,0.0,0.0,0.0,0.002111420040109601,0.0,0.0,0.0,1.8033672499425462,1.8033672499425462,2.7992580851279003,0.0,0.0,0.0,0.0021723872134246304,0.0,0.0,0.0,0.28075257717904684
2,OR,85,-4.87890977618477e-18,0.5351518114082204,0.5351518114082204,3.5971544659167067,6.65283202688631,0.8495447955404957,12.416240592014711,6.721745847116326,17.399647291683973,1.8316102543092208,12.311618620461688,0.00584366429703203,0.20369401117239969,0.06746445869068375,0.008044488883111288,0.004118223047781145,4742.907542190358,5.2250771871069865,5984.375,3453.125,11.544889516224218,754.4527850217412,492.6703675300979,559.3725504557514,77.2595176200639,143.33349418023357,142.85577798712856,492.6703675300979,78.23016420338004,123.51422882980019,16.555790493588756,0.5819398840043559,11.189210898798688,3.40070608450343,1.7859799316756786,1.7859799316756786,2.7222894164791684,0.0,0.0,0.0,0.0019503465938808153,0.0,0.0,0.0,1.8135624518167692,1.8135624518167692,2.961563549223349,0.0,0.0,0.0,0.0019211146664897148,0.0,0.0,0.0,0.3287594664573099
2,OR,86,-7.806255641895632e-18,0.5369706829215046,0.5369706829215046,3.6740735148911874,6.53991698795887,0.8094850539802069,11.735646641975906,6.842223666466775,17.15498772851261,1.7936355859531827,12.272455855248722,0.007522513406582795,0.1869901040901865,0.07686750814864497,0.007896792468250282,0.0033590291407657336,4774.095436948052,5.35539636372002,6093.75,3468.75,10.218327835901427,753.2521450493439,513.6375409790722,554.5118216858757,120.79477546633088,115.68468666608727,151.64240937853967,513.6375409790722,120.03578694265143,149.94684607370215,29.606879812970053,0.5752396673653207,10.970890419339241,3.237456052382879,1.8036065386442672,1.8036065386442672,2.8085463808553452,0.0,0.0,0.0,0.0019324532565608364,0.0,0.0,0.0,1.8164046529083049,1.8164046529083049,2.971822966660357,0.0,0.0,0.0,0.0019577837499549764,0.0,0.0,0.0,0.3018194628364358
2,OR,87,9.75781955236954e-19,0.5327173499071776,0.5327173499071776,3.670730439379786,6.5734863239588694,0.8897091982207714,11.938684513049848,6.8905779772566,17.037822847721245,1.7805563930880937,12.269062669499293,0.0064373605052849316,0.19500663197167026,0.06597233664737076,0.009459553354961807,0.004395673906272065,4915.391559997961,5.4719564535681275,6656.25,3468.75,10.248352035428272,757.0089709466743,480.59253032765423,515.392829866763,159.05455320035065,125.74983113347314,137.74185886054886,480.59253032765423,45.296138886919586,85.4566496018081,47.81101283094301,0.5645387367901745,11.348003718830881,3.2289787708530073,1.7987867735313405,1.7987867735313405,2.772601592716488,0.0,0.0,0.0,0.0020354667435923124,0.0,0.0,0.0,1.8011200892021073,1.8011200892021073,2.721330570417923,0.0,0.0,0.0,0.002021980756197952,0.0,0.0,0.0,0.3001889560694165
2,OR,88,2.8189256484623115e-18,0.5381507263001231,0.5381507263001231,3.591407088054558,6.52160644107583,0.7872434481333543,11.550918255321218,6.673608178027397,16.70752526069019,1.791621574355363,11.956580390570489,0.003967690585803805,0.1997547472461837,0.06956305421596091,0.01273824956006268,0.006180276604445204,5131.839502381964,5.424201640201199,7828.125,3796.875,17.532378771500376,780.7442888296985,531.8114415620299,533.5030391732911,61.11588215736936,92.06126390847733,93.4424423153877,531.8114415620299,72.5456769804891,108.59670352197745,68.83759172214998,0.5727732455666317,10.991604710644216,3.314093558443586,1.7902133543768843,1.7902133543768843,2.70862022678806,0.0,0.0,0.0,0.0021564582911041473,0.0,0.0,0.0,1.8227498815850927,1.8227498815850927,2.9345118814617175,0.0,0.0,0.0,0.0021686456342784664,0.0,0.0,0.0,0.32537063517611076
2,OR,89,8.239936510889834e-18,0.5641833067042452,0.5641833067042452,3.6890834548204077,7.28149413607583,0.5889615246363381,10.222419969750131,6.538802922695746,15.576960066038072,1.7334885409065433,11.33493993775938,0.005346080370970411,0.2063166174502233,0.06494581554813975,0.010463314879738051,0.00693898292967615,5034.8338935212605,5.356160896463858,6625.0,3421.875,12.148305118765467,795.2930609450154,494.68131133158346,542.8296676686873,165.43523117797682,173.96332667465376,138.464838911231,494.68131133158346,114.84862776885345,244.06569433097025,66.6219157205844,0.5906838302731436,10.901960449937352,3.746872383735322,1.8073109673641952,1.8073109673641952,2.7652153503119647,0.0,0.0,0.0,0.0020769675577124247,0.0,0.0,0.0,1.8032488667908375,1.8032488667908375,2.862048208599845,0.0,0.0,0.0,0.002129125393692034,0.0,0.0,0.0,0.31927605817214866
2,OR,90,2.8189256484623115e-18,0.5221014445849721,0.5221014445849721,3.7267520999058377,7.418823237547571,0.7260695881938081,12.01803637713296,7.137984655187389,16.983699734232033,1.7389245138881664,12.412416496686694,0.005566957814791716,0.22582019399828962,0.07050709974137341,0.010355907210053677,0.006713431884279406,4910.485699799188,5.4651861696494946,6109.375,3421.875,12.665283638644942,657.8851666362712,539.0290848093955,466.28056263398776,30.756426988245448,197.6446770992786,48.19396522729063,539.0290848093955,87.39731944780816,137.2164012156763,118.99935259353761,0.541984983257325,13.139323193723325,3.7727353961701913,1.7875732548962893,1.7875732548962893,3.0438554778670084,0.0,0.0,0.0,0.0018648240062206865,0.0,0.0,0.0,1.8153495702967166,1.8153495702967166,2.842306103277454,0.0,0.0,0.0,0.002015182484145719,0.0,0.0,0.0,0.33417635199130896
2,OR,91,-4.4994390158148434e-18,0.5452039974963334,0.5452039974963334,3.7249982332383884,6.82067870654757,0.7533148186066946,10.957739492054458,6.83230176289492,16.971758597741783,1.7756454280411988,12.131745388304438,0.007650804494708641,0.20952107446410273,0.07022024457139495,0.009471505058839312,0.004291463268258159,4770.954562764578,5.235437037127515,6140.625,3453.125,9.178151736955465,780.5112955717783,607.9311688433007,491.29283833838775,225.21605236182873,107.73534968266748,171.47724781897497,607.9311688433007,105.59948539909571,180.88438420151002,29.54070861800004,0.5747740974898525,9.897818291355533,3.392166988806032,1.803008503226764,1.803008503226764,3.172480086297449,0.0,0.0,0.0,0.0019234847079213596,0.0,0.0,0.0,1.8185185961360997,1.8185185961360997,2.9350383891927567,0.0,0.0,0.0,0.001975319469149742,0.0,0.0,0.0,0.37553309822048647
2,OR,92,-4.7704895589362195e-18,0.5327749399731524,0.5327749399731524,3.4794121957630355,6.75659179289843,0.6299565689611398,11.35399718495466,6.530735465770667,15.912739074802154,1.7618475702994179,11.506160412657884,0.006629662955652115,0.18507517903494247,0.0613779222943658,0.011213146756695422,0.003901393754578029,4884.21488956042,5.477870001441572,7843.75,3531.25,9.258075817079057,748.1479115442373,485.5892273480143,489.87632233662555,134.42318471392835,146.09646931116032,114.53281478634817,485.5892273480143,27.453631597136713,51.8990602367387,54.132884294035414,0.5633712013163633,11.286189440324247,3.4296947766913553,1.7980535966696007,1.7980535966696007,2.750894710390463,0.0,0.0,0.0,0.0020122950040819564,0.0,0.0,0.0,1.802028074780945,1.802028074780945,2.801644101753005,0.0,0.0,0.0,0.002050594868194684,0.0,0.0,0.0,0.380095251189655
2,OR,93,2.8189256484623115e-18,0.5300140729814637,0.5300140729814637,3.4584127343637214,6.73522948822505,0.6591365344610759,11.922159078649155,6.5251337854158225,16.129677761693486,1.7816223226891148,11.625324010651687,0.006172826743848404,0.197153790407105,0.06771972160827298,0.012058862548047118,0.004433728088208104,4985.33126864242,5.336371937131293,8093.75,3562.5,10.970617580477075,731.3271744895889,566.2728993323457,521.0519899586138,135.9019519001806,142.02687764673115,174.66807162594296,566.2728993323457,67.78095457399415,139.93356711554011,51.94253803163292,0.563966540588334,11.381510203766139,3.43755601495876,1.7902378819314941,1.7902378819314941,2.850371374177501,0.0,0.0,0.0,0.002156731096509338,0.0,0.0,0.0,1.8229529797027932,1.8229529797027932,2.8793886588142477,0.0,0.0,0.0,0.0021798392549911704,0.0,0.0,0.0,0.37477601280930944
2,OR,94,3.2526065174565133e-18,0.5379204860091297,0.5379204860091297,3.4278899408527987,6.66809081612022,0.7653980651204054,10.862172410210142,6.372484465646932,15.711581837120866,1.770130161163218,11.280126954206676,0.0052265995014659054,0.20170795416084492,0.06786597211361654,0.010227231654763275,0.004793504041025465,4864.950184492657,5.488353893381271,6484.375,3468.75,12.984727848689655,799.9802561784783,515.3454655077353,474.7959782326929,125.86971144424791,176.66302942230016,68.90224039118739,515.3454655077353,123.03868504611448,146.7478079979013,48.264774833620045,0.568734703819177,9.915769921482102,3.2837592479720796,1.8062488656219307,1.8062488656219307,2.7750525191346758,0.0,0.0,0.0,0.0021176113715870915,0.0,0.0,0.0,1.8033362304831466,1.8033362304831466,2.855159718597128,0.0,0.0,0.0,0.002140271628384602,0.0,0.0,0.0,0.32094802562282665
2,OR,95,-6.938893903907228e-18,0.542932866688361,0.542932866688361,3.5231716907547614,6.67419433143471,0.7422757640212868,9.986632174537677,6.489147935062372,15.642908629605788,1.7369958523876248,11.27162304875382,0.007089063755373035,0.1974189923955367,0.06828724681956165,0.009296533025124428,0.0058584697965570805,4943.926195340359,5.5273530615628905,6156.25,3734.375,9.632759581005564,801.0118784969914,515.6135846005417,496.62802890442936,84.05007029792125,181.236418724588,81.08224476425951,515.6135846005417,108.88142512522955,184.69584689855358,50.71865208571645,0.5662596933939339,9.470871165018009,3.335149713459242,1.7857116874874441,1.7857116874874441,2.86924829837217,0.0,0.0,0.0,0.0018756808306790238,0.0,0.0,0.0,1.8127601644741567,1.8127601644741567,2.797792069991113,0.0,0.0,0.0,0.001925150093106004,0.0,0.0,0.0,0.3150331289455315
2,OR,96,-2.168404344971009e-19,0.5472542167916271,0.5472542167916271,3.5225935257018706,6.817626948434709,0.6064213345366729,10.333360036986544,6.436850402628691,15.516688574865286,1.7376596006882266,11.18505490034206,0.008085850270421172,0.213031348442766,0.05909897939766969,0.009479709025866631,0.006110922866818047,4856.058359596586,5.488928772074524,6140.625,3484.375,7.308938134379086,792.738595921887,469.1560262460181,496.5791145424967,96.17111542649775,202.58466693745825,174.13911641513064,469.1560262460181,72.54247777479988,172.9527659095481,64.85067190455662,0.5722194959399572,10.047139215076125,3.3459322798291598,1.8021384965140175,1.8021384965140175,2.9983038998699083,0.0,0.0,0.0,0.001869699819138267,0.0,0.0,0.0,1.8168097076568948,1.8168097076568948,2.8254565102093894,0.0,0.0,0.0,0.0019310149939645142,0.0,0.0,0.0,0.3267019132135376
2,OR,97,2.168404344971009e-18,0.5419637033982385,0.5419637033982385,3.4607052780143595,6.88781737822505,0.5480246242808147,10.816472220360042,6.385492711612506,15.455325094017766,1.7472845683580946,11.157272876384203,0.006119505435168555,0.20320005648564723,0.06541080249297336,0.009686446972262702,0.0036725012464202044,4803.074026517805,5.383202507020497,6437.5,3421.875,10.68890340490118,772.8927285502058,478.700283870282,525.0094141827442,70.29440253342008,107.05626687704851,123.37417855462131,478.700283870282,110.16625582147927,155.38546724990198,54.07129670067974,0.5730699882581753,10.539084540609155,3.3508682660906506,1.7992580527221618,1.7992580527221618,2.743842096599505,0.0,0.0,0.0,0.0019822130357335203,0.0,0.0,0.0,1.801850475276862,1.801850475276862,2.8757041137833137,0.0,0.0,0.0,0.0020202782418783432,0.0,0.0,0.0,0.3475533121936992
2,OR,98,2.6020852139652106e-18,0.541274360190318,0.541274360190318,3.5189300752198225,6.94885253443471,0.5846897966858225,11.21107133820886,6.501194835787209,15.73209739270586,1.7513052858138578,11.38557688004093,0.006098285703401278,0.19235778340334214,0.06315888698016839,0.00950715033387081,0.0036991268704232383,4791.808253852147,5.272217657992365,6109.375,3468.75,10.356826498729816,694.415589136486,526.0078253545357,524.0303566406732,160.16311137601645,126.37079418435492,188.9833253506181,526.0078253545357,74.08140543645028,183.91045694649955,33.57705455313716,0.5713775279372937,11.152746851647931,3.3080401547243743,1.7909487073253032,1.7909487073253032,2.9503383903861757,0.0,0.0,0.0,0.0021487217246760597,0.0,0.0,0.0,1.822331362758986,1.822331362758986,2.84405092699255,0.0,0.0,0.0,0.0021973009780203545,0.0,0.0,0.0,0.3201469507620709
2,OR,99,3.577867169202165e-18,0.5342053366852597,0.5342053366852597,3.6035038506958874,6.87866210493873,0.7050821450688582,11.503084697369921,6.745540718572483,16.592694426069492,1.770097796243077,11.940266760435446,0.0053345047052983105,0.21488311623021536,0.05855209044118783,0.010171935391064176,0.005425909112962252,4843.864527048808,5.251701335559924,6125.0,3500.0,10.976106248825106,670.8410725459438,617.4565079079031,521.984584761643,67.85574525379823,115.46646279371613,119.31718783227711,617.4565079079031,12.081967064761482,107.97628891753178,51.85514830558352,0.566391411479429,11.184804922483433,3.3155929495793486,1.8062534711812404,1.8062534711812404,3.019395990463718,0.0,0.0,0.0,0.0020999066607568797,0.0,0.0,0.0,1.8025415592454528,1.8025415592454528,2.780296071865978,0.0,0.0,0.0,0.002161185415616609,0.0,0.0,0.0,0.4135052265810938
2,OR,100,-1.0842021724855044e-18,0.5341326304591306,0.5341326304591306,3.608153758051515,6.6650390579387295,0.6966365156854862,10.905295596816627,6.755164452213409,16.488291073596802,1.7599793121868208,11.888949686337675,0.005589513441847032,0.20336169225429412,0.06424030938019361,0.010112600248644169,0.004836383057763511,4849.6078614221915,5.413642707805169,6140.625,3484.375,11.493005614362142,725.7546727254056,589.1611409468744,468.12522168777264,152.7805320947915,199.18061561175392,139.20934543672698,589.1611409468744,74.20271336606118,220.02615572427183,39.87925607041595,0.5621483721827941,10.346314339538738,3.273290752454153,1.7856396979817502,1.7856396979817502,2.6387507521052536,0.0,0.0,0.0,0.0019760040567835544,0.0,0.0,0.0,1.8126446835730217,1.8126446835730217,2.7736240031569124,0.0,0.0,0.0,0.001992695843481189,0.0,0.0,0.0,0.33414502045993527
2,OR,101,-5.312590645178972e-18,0.49230528539977014,0.49230528539977014,3.6377795016540233,6.88476562023308,0.59013670778319,12.590405281996576,7.389275739123179,17.7632101799687,1.7523384570969018,12.948512047784982,0.006508187067930509,0.1925394834028519,0.05534542561400401,0.01072259177905626,0.006981760816737031,5076.447354951541,5.489260251293575,6765.625,3437.5,8.503969696602303,578.9031463687949,514.1859562597336,433.20233445821776,22.804001661550185,177.6065083602949,33.72383874396913,514.1859562597336,78.73735946802982,112.36177222833184,128.07172511962813,0.5114152472945104,13.393836188157554,3.305172775149277,1.7992784445996353,1.7992784445996353,2.881623163624737,0.0,0.0,0.0,0.0019101759832417906,0.0,0.0,0.0,1.8172163294386299,1.8172163294386299,2.800021529658291,0.0,0.0,0.0,0.0019907982625799138,0.0,0.0,0.0,0.3603415785228655
2,OR,102,3.686287386450715e-18,0.5312126412725199,0.5312126412725199,3.6385573422683675,6.88476562023308,0.6251331536972881,11.255671743188788,6.849530789676529,16.880515008738847,1.7700943073673747,12.124315458966807,0.0063833710520447735,0.18054804370575356,0.05933487098032202,0.011096424781593202,0.00569104322528656,5081.02350130303,5.36308630078929,7531.25,3421.875,9.295225122785267,701.0228618380384,585.4873111878101,518.2652345724053,165.21738930602996,169.44509480264787,150.02621597244186,585.4873111878101,119.79909337558922,244.9441737291041,133.13620382854495,0.5607635407142452,11.049062178276774,3.4832359822923773,1.7953746809207771,1.7953746809207771,3.117418914533422,0.0,0.0,0.0,0.0019923628035382677,0.0,0.0,0.0,1.8008943686370646,1.8008943686370646,2.839107707751045,0.0,0.0,0.0,0.002099867613601236,0.0,0.0,0.0,0.3335382243856997
2,OR,103,-5.637851296924623e-18,0.5385057286045083,0.5385057286045083,3.289043901180217,6.436157221837989,0.6408354799757401,10.912968060488083,6.107723142885381,14.98316640967962,1.7671610190397107,10.793330253213798,0.006337498050605036,0.19929967726493134,0.06516946948052771,0.007853676256211362,0.003727128223791299,4755.473754037253,5.304079360909989,6125.0,3437.5,10.28315416428773,747.8643776336786,544.003988304561,547.0699488181466,86.2131760250974,141.40545683619538,111.31081100124776,544.003988304561,85.98947936670899,107.86626162589201,131.05597959931683,0.5734478844842961,10.785309774671267,3.477115031816518,1.7894107786892313,1.7894107786892313,2.9803410909757244,0.0,0.0,0.0,0.0021875306915009013,0.0,0.0,0.0,1.8222294908529086,1.8222294908529086,2.8026984624638733,0.0,0.0,0.0,0.002213641470744338,0.0,0.0,0.0,0.3080766724065951
2,OR,104,5.095750210681871e-18,0.5303495928133085,0.5303495928133085,3.447212276568374,6.5979003857936,0.7069716942670373,10.997865623764836,6.499886722408303,16.027673413442976,1.7715810893551236,11.515076400390717,0.005427495836708816,0.19815149322052336,0.057691753571304925,0.008570712245167507,0.003624520014259826,4735.182282559277,5.325429718256814,6000.0,3437.5,10.629534373933144,732.3443943055795,527.3638500081875,574.0901973788139,155.6243605549017,105.32248663963948,146.310669119056,527.3638500081875,123.71512791290148,189.93278753223564,79.00084063542076,0.5678028165297703,10.731638757568856,3.3819610771929436,1.80633294579706,1.80633294579706,2.9608339046165963,0.0,0.0,0.0,0.0021033291599780284,0.0,0.0,0.0,1.8034445457947157,1.8034445457947157,2.7637789306489604,0.0,0.0,0.0,0.0021798490483979282,0.0,0.0,0.0,0.34153821235566917
2,OR,105,-3.7947076036992655e-19,0.5303036935309106,0.5303036935309106,3.447961804969625,6.3934326127936,0.8101566105653386,11.252331253898022,6.501862700607698,16.35851933568791,1.7846446440950787,11.603514445302974,0.006388658007145115,0.2068750469452425,0.059878716412998384,0.007883535463180404,0.004822745469492172,4705.79751911345,5.400219486052528,6046.875,3437.5,9.372659537677082,713.8447574396815,547.8837428285282,498.610014368269,106.00802310829711,145.6042547883347,117.14710778098322,547.8837428285282,80.58901377586507,98.16054366742422,74.34846244773354,0.5640979048201933,10.985313081693908,3.388242687372723,1.786349609395597,1.786349609395597,2.8640947113358797,0.0,0.0,0.0,0.0019503714799961637,0.0,0.0,0.0,1.8127879282039498,1.8127879282039498,2.9040376621136903,0.0,0.0,0.0,0.0019844426145448507,0.0,0.0,0.0,0.32785774821331015
2,OR,106,-8.890457814381136e-18,0.5531822785750528,0.5531822785750528,3.583033380517022,6.85424804245486,0.7522619337339954,11.592598998755602,6.477129726100614,16.713568046689268,1.8152741827765495,11.757766370306243,0.007526466902805366,0.2201606269620655,0.0711544768288033,0.010145675025248317,0.007190040299521182,4985.050416045392,5.475027373663314,6203.125,3468.75,9.453901510259447,802.6615947333737,544.0335617927612,504.34384121214794,105.94080679580374,150.03818160986856,84.75931811074354,544.0335617927612,81.35240848738765,155.03794414497466,53.16868012302109,0.5917605844474844,10.900525255739796,3.548891679810758,1.800426985734118,1.800426985734118,2.7667092803431963,0.0,0.0,0.0,0.0019821392191144887,0.0,0.0,0.0,1.8150410088114832,1.8150410088114832,2.9114916728866014,0.0,0.0,0.0,0.001975922093208902,0.0,0.0,0.0,0.28971936848802027
2,OR,107,2.7647155398380363e-18,0.5585291184102731,0.5585291184102731,3.584018347282588,6.85424804245486,0.7572020482522789,11.962790548399868,6.41688719377294,16.29674087648925,1.8107107155655913,11.619126402361081,0.006059868633285173,0.21262776447380166,0.07315406972893496,0.013435716783477186,0.006219521766380942,5036.2106008002675,5.2422222832462655,6484.375,3484.375,12.071890356673427,810.9332745556843,511.37813290229786,506.14301931094974,116.78920842849408,181.2682808073248,146.38223634802935,511.37813290229786,39.50656066983031,131.63831701695335,73.82869673065268,0.5978729206091591,11.363308925155074,3.549671602195834,1.794261616876325,1.794261616876325,2.947304959661744,0.0,0.0,0.0,0.0020201636749851426,0.0,0.0,0.0,1.8001097262157513,1.8001097262157513,2.7337989327781407,0.0,0.0,0.0,0.0020771534216047285,0.0,0.0,0.0,0.32312740466558776
2,OR,108,2.656295322589486e-18,0.5573495912339179,0.5573495912339179,3.7471130465608518,6.97326659741047,0.8046733086138373,12.464717583935366,6.723092840632365,17.479898102867736,1.835314718137305,12.338991241838261,0.005675290086108597,0.21313618803336765,0.0744123801387925,0.011341517050356081,0.004734706036933002,4983.908893800878,5.209991056087338,7718.75,3437.5,13.111643457278065,791.8763328195297,598.287719760389,563.0091949125452,153.71538000555896,167.76140255875532,107.20870016757316,598.287719760389,124.78040700589776,165.48089249343235,58.77475684439653,0.6014042561197515,11.375571522363023,3.4816448722651567,1.7886579411588628,1.7886579411588626,2.8087940799525035,0.0,0.0,0.0,0.002175465248445324,0.0,0.0,0.0,1.8206250874125431,1.8206250874125431,2.8818237780341516,0.0,0.0,0.0,0.0022297878376013797,0.0,0.0,0.0,0.3912807579463138
2,OR,109,-5.204170427930421e-18,0.5538831927300056,0.5538831927300056,3.7462569748486674,6.97326659741047,0.7974356875778019,11.624921874567967,6.763622771034405,17.27997650131111,1.8105114771517816,12.245616654105035,0.005239424887043476,0.20920350841379887,0.06650893035919273,0.009250118807962102,0.0037843525294279715,4745.639173700255,5.406681314973084,6125.0,3468.75,12.693937174472733,811.0908523187935,586.7703056437309,555.745688898845,186.69624438625576,155.66621090753358,99.89678378591607,586.7703056437309,102.86326330934618,228.54353508005212,47.1813564425698,0.5967658890680527,10.433665427670281,3.4704008185461364,1.804389004553971,1.804389004553971,2.7769036201515536,0.0,0.0,0.0,0.0021377522561077905,0.0,0.0,0.0,1.8009579905998243,1.8009579905998243,2.8171549754606295,0.0,0.0,0.0,0.0021214547265686187,0.0,0.0,0.0,0.33151100313901033
2,OR,110,-8.239936510889834e-18,0.5464200995641236,0.5464200995641236,3.387808052448657,6.73522948758394,0.7716624919231947,11.474436346901387,6.200006286637138,15.301090301950907,1.778492972317585,11.026667609129177,0.006774776389899165,0.21585899468026729,0.06654623061331491,0.0076147113877691715,0.004190912208489439,4691.852147235802,5.164258493066347,5984.375,3765.625,9.822646058504484,748.7082326418503,530.9818607689339,489.80153456093853,59.16367479441938,163.00564120999553,54.73397352379048,530.9818607689339,89.50858664009617,174.01072505275818,94.2408908551037,0.5730515934163636,11.979507471172889,3.6438042985344348,1.783985397020261,1.783985397020261,3.011294061400788,0.0,0.0,0.0,0.001960731676436045,0.0,0.0,0.0,1.8116023618849904,1.8116023618849904,2.7672144319710537,0.0,0.0,0.0,0.0020154225695007823,0.0,0.0,0.0,0.3645015010501639
2,OR,111,-2.3852447794681098e-18,0.5632243224525648,0.5632243224525648,3.7468939994863613,7.09228515141047,0.6102460297942263,10.841224520759786,6.652578466717895,16.25070504521887,1.7596758852673324,11.70638190275299,0.006433506950992712,0.22459384672167043,0.06966221272584042,0.0087815265465154,0.004647796710888333,4689.5725257571485,5.418981646680526,6078.125,3468.75,10.828031001701687,809.46976675976,577.4081672736884,513.7796174998139,165.74940797341424,181.57324516823076,159.5047803937797,577.4081672736884,61.952384467658185,150.62250664270832,89.44284447296586,0.5926930624943799,10.767068161070547,3.484393984420211,1.8012895554368136,1.8012895554368136,2.885757367779444,0.0,0.0,0.0,0.0019329192332629814,0.0,0.0,0.0,1.8147294585922118,1.8147294585922118,2.788199741358598,0.0,0.0,0.0,0.00200499652636367,0.0,0.0,0.0,0.29449889841366217
2,OR,112,-8.673617379884035e-19,0.5221905718743387,0.5221905718743387,3.7438794945806078,6.72912597241047,0.6336770672013065,12.508941424039543,7.169565473262461,17.96959851275738,1.7889717957727405,12.826150419637145,0.0071034999506884074,0.21937633598363876,0.07287218082007405,0.010456234789367596,0.005674016243805129,4950.229510868743,5.360601781135418,7750.0,3500.0,10.258630437908751,735.9668061513925,541.9669088580599,481.07642563434587,72.3232129616499,159.11717558764457,47.061641376499004,541.9669088580599,16.12239746384047,92.91677060850073,109.9562685300695,0.5545101409876432,11.889526429266706,3.3652490142632026,1.7938124970698273,1.7938124970698273,2.7257407241875153,0.0,0.0,0.0,0.002027271914863478,0.0,0.0,0.0,1.8024568785409916,1.8024568785409916,2.9020527057538175,0.0,0.0,0.0,0.002064986084688814,0.0,0.0,0.0,0.3482116150230465
2,OR,113,3.469446951953614e-18,0.5594235569015674,0.5594235569015674,3.740361330712551,7.39440917509597,0.5608199341568942,11.488977349937526,6.686099082817128,17.153551561512092,1.8072884975602461,12.083709965945106,0.005832567988491181,0.20761426465933785,0.07421292050645195,0.01620619846264022,0.007032562816182456,5260.99240912066,5.42034987982719,8765.625,3500.0,12.723884340510894,796.7334710481225,578.5275695278027,488.0288749626762,197.34432311190454,218.51750218213317,182.69829090601684,578.5275695278027,34.274799055350385,150.40314203715724,13.450093224831058,0.5975752011987078,11.080763614779373,3.794843864443858,1.7890574390295482,1.7890574390295482,2.7596465769758245,0.0,0.0,0.0,0.0021425673977560383,0.0,0.0,0.0,1.8215718329799069,1.8215718329799069,2.840622320835129,0.0,0.0,0.0,0.002201500980985601,0.0,0.0,0.0,0.33861686834544646
2,OR,114,-4.553649124439119e-18,0.5523016471154069,0.5523016471154069,3.7358768262559736,7.32116698764438,0.503652044334954,10.710905750641013,6.764196423749891,16.301296204303668,1.7486816916982226,11.828426445283442,0.005329306195449835,0.20080001470274367,0.07873705117993057,0.011295061934949231,0.005260208705384653,5102.657497368314,5.486599536826318,7781.25,3765.625,14.774353035369211,751.6300984158788,560.5138089971725,509.392434887033,84.16977256800813,131.445477224466,74.91370828867159,560.5138089971725,101.21139700752398,130.39910047208127,53.064207209266364,0.5791891692242023,10.98440470519569,3.7778537331089113,1.806039398277508,1.806039398277508,2.800801958809411,0.0,0.0,0.0,0.002076073996550833,0.0,0.0,0.0,1.8011246100502605,1.8011246100502605,2.9077479350541267,0.0,0.0,0.0,0.002110339318767546,0.0,0.0,0.0,0.36386328966412523
2,OR,115,-6.938893903907228e-18,0.5318700175865261,0.5318700175865261,3.440663961279099,6.87255858936215,0.5942523955259096,11.243914892933233,6.468994016405321,15.797069777536821,1.7662107978198576,11.425607082828607,0.005695731870144065,0.20353336569892191,0.07047675758087019,0.008738318927816645,0.0042871290269238934,4762.575254945428,5.406782153185978,6125.0,3437.5,12.373608725846493,744.269923520961,488.35634304529714,506.004684136884,178.21036190205587,179.27404883306127,102.05755526670957,488.35634304529714,90.52632708356919,194.32172242681978,47.899290119304716,0.5621184319836927,10.886668178906874,3.271981729515774,1.7837641960497135,1.7837641960497135,2.659713023480101,0.0,0.0,0.0,0.0019319582938051453,0.0,0.0,0.0,1.8115184882639117,1.8115184882639117,3.0459874051635745,0.0,0.0,0.0,0.001983691099226494,0.0,0.0,0.0,0.3566561815132991
2,OR,116,-1.5178830414797062e-18,0.5385180662191417,0.5385180662191417,3.6143399751117773,7.046508784559689,0.6127808106796423,12.112002600084027,6.711641079157901,16.790106568121836,1.7932163742638338,12.035424681350085,0.007032209509928965,0.19395875023761883,0.06366741715502854,0.008877383422641045,0.00391736643515651,4793.932386678045,5.457000227284836,6375.0,3796.875,9.053686050747082,726.651454934096,514.5357746073055,552.9459525599376,54.95492491602188,125.32881441381758,139.15833675039048,514.5357746073055,97.83430247155694,149.26776943676896,51.89473572571194,0.5759101826290592,11.3264414646976,3.3468924588979876,1.8001319212601725,1.8001319212601725,2.7499762226343454,0.0,0.0,0.0,0.0018922410480671187,0.0,0.0,0.0,1.8131861919971897,1.8131861919971897,2.790911819450327,0.0,0.0,0.0,0.0019137963188949184,0.0,0.0,0.0,0.3864819020450424
2,OR,117,-4.933119884809045e-18,0.548540451401269,0.548540451401269,3.616570678940451,7.01293944855969,0.5887094418206887,11.527785374657968,6.5930792700796825,16.125518719678567,1.7680584399294066,11.656949448609245,0.006422401143908467,0.20032827018192192,0.07088576088986172,0.010374477567194208,0.00457572011019149,4959.547310222572,5.467008279966617,6656.25,3453.125,11.037267727516262,753.9959096989244,573.8333221997706,548.2643960504755,140.30866035467199,118.20201523417938,131.88848331151974,573.8333221997706,110.4572311801362,210.72306099686654,79.1534152327402,0.585772266913411,10.867229475398906,3.391511802484382,1.7946948164633427,1.7946948164633427,2.7756814361753177,0.0,0.0,0.0,0.002008095122161783,0.0,0.0,0.0,1.8018691454435474,1.8018691454435474,2.8369947818580807,0.0,0.0,0.0,0.0020415279362797465,0.0,0.0,0.0,0.34385755919314864
2,OR,118,3.469446951953614e-18,0.5453938222231944,0.5453938222231944,3.6823824023643903,7.08007812039032,0.5002666950695414,11.12588988703004,6.751786053144324,16.096694669024746,1.7410877944823362,11.7554522881072,0.006109458974748775,0.19292090838768,0.06556751920737963,0.009454153713691979,0.005308162375317631,5000.38535937422,5.290222110143484,6437.5,3734.375,10.732131841403138,737.0146010192118,555.392168457694,520.4829794182962,82.07776503853297,120.52660315232687,154.49143912926257,555.392168457694,54.380850036256525,172.9477861225745,37.428317097984674,0.5764830452671724,11.420615246007696,3.3888729214482316,1.7876008913965196,1.7876008913965196,2.7081850292101257,0.0,0.0,0.0,0.0020944310820225787,0.0,0.0,0.0,1.8219808734420875,1.8219808734420875,2.9248879391775455,0.0,0.0,0.0,0.002148400307851912,0.0,0.0,0.0,0.2686674846675132
2,OR,119,2.5478751053409354e-18,0.5347096670299617,0.5347096670299617,3.6811701929035854,7.00988769039032,0.5560418927920705,11.333173014932887,6.884427980035812,17.028960929495295,1.7810615395166618,12.261589896837098,0.005082048402605544,0.20417813278612848,0.06375275043015086,0.008392600567168633,0.0052614772688692095,4868.5029616464935,5.4056829701716875,6125.0,3453.125,12.544695635901538,734.1060269901074,563.7475199240287,502.4255665345808,112.9798048716202,127.22334800800193,150.48413899669634,563.7475199240287,85.26178335477512,127.95425032472902,25.910081152853156,0.5727470280413814,11.79515543719261,3.4528511134223328,1.8025376877801509,1.8025376877801509,2.85125875209246,0.0,0.0,0.0,0.002073679688745267,0.0,0.0,0.0,1.7998007424874527,1.7998007424874527,2.754423539679818,0.0,0.0,0.0,0.002070858070245434,0.0,0.0,0.0,0.36021082958568923
2,OR,120,3.7947076036992655e-18,0.5304484245351607,0.5304484245351607,3.3931188262942555,6.5002441362049,0.7029134174484668,11.643866551587786,6.396698848264647,16.486264679249953,1.8230883052307585,11.661746862376322,0.006819313675075887,0.2161221856364102,0.06254652543602282,0.008130263126024205,0.004262293875525527,4707.146730909153,5.289178968050219,6046.875,3437.5,9.171967797207218,737.0513211747815,631.9645352868209,536.522004367808,127.60316189100804,91.80624072585428,62.12358250029052,631.9645352868209,87.60941318512364,204.55323937466426,45.57161911173042,0.574984453748754,11.531623047670733,3.507947470535554,1.7834375585282385,1.7834375585282385,2.9491649730309724,0.0,0.0,0.0,0.0018875494622855526,0.0,0.0,0.0,1.8118884889647753,1.8118884889647753,2.9413653944684657,0.0,0.0,0.0,0.0019515217296394837,0.0,0.0,0.0,0.3335736619975501
2,OR,121,2.168404344971009e-18,0.492123490071995,0.492123490071995,3.5987257933742227,6.85729979969679,0.8307273547614592,14.351190460504498,7.312647873891239,18.04462595516689,1.7918379974257062,13.103080322259249,0.007518660270208281,0.20206444537341522,0.059479084933074584,0.007653401516068112,0.003997676208400749,4688.404031973327,5.258154920153982,6046.875,3453.125,7.910862146656886,610.6183224443464,475.7145569598525,443.60445192257833,66.73325740430683,226.66533287406796,73.07008348825885,475.7145569598525,90.76891360397371,108.7481112247871,163.67126740412084,0.5259288857356362,15.375974501006354,3.5315061758991515,1.8014939532008882,1.8014939532008882,2.760874646562915,0.0,0.0,0.0,0.001898414728316561,0.0,0.0,0.0,1.8169244641563826,1.8169244641563826,2.9520867463373897,0.0,0.0,0.0,0.0019038930957546627,0.0,0.0,0.0,0.3881424674637896
2,OR,122,-8.673617379884035e-19,0.5359225752276474,0.5359225752276474,3.5978399193339254,6.85729979969679,0.8239448278513868,11.96049496360985,6.713357648348614,16.42357375550163,1.7675383658615202,11.866117207228188,0.005702272500488701,0.18405694421400717,0.06413463579916245,0.008238843059116091,0.004534486834840146,4889.191040365224,5.4718081214267755,6468.75,3781.25,11.247206404537616,727.1405974926182,557.7037201470454,538.558475333862,143.0955580289368,74.73913223581175,152.06025733838527,557.7037201470454,144.4787909500891,188.51587065195574,122.48153312056468,0.5680928845380452,11.6402251916944,3.3985849812946793,1.795196183829681,1.795196183829681,2.855472159501565,0.0,0.0,0.0,0.001944476941572322,0.0,0.0,0.0,1.8008723104835158,1.8008723104835158,2.716323450047771,0.0,0.0,0.0,0.0019940218400849204,0.0,0.0,0.0,0.29797240839651234
2,OR,123,-2.3852447794681098e-18,0.5281584744272061,0.5281584744272061,3.46808880337961,6.51855468346698,0.7842450618141613,11.232457460123456,6.566379167037366,16.383165002691566,1.7780632395485199,11.675437413868476,0.005732161458501899,0.18851741840265637,0.05663215171268299,0.009561575393197084,0.005731334291944871,4953.435689024565,5.350054132674131,6625.0,3718.75,9.879720261334732,734.3740628480031,511.9541030485745,459.23748366278704,66.8697122407776,172.64432942425924,116.26892341830717,511.9541030485745,45.245445534664846,92.75657697420856,128.1191722804616,0.5522896507126694,11.321330901559522,3.2787492780866434,1.7871227322050618,1.7871227322050618,2.991433907771492,0.0,0.0,0.0,0.0020361921236815034,0.0,0.0,0.0,1.821182605631943,1.821182605631943,2.903209980150189,0.0,0.0,0.0,0.002115494044227144,0.0,0.0,0.0,0.32502035188694034
2,OR,124,-3.0357660829594124e-18,0.33877827965613405,0.33877827965613405,3.040909765467277,5.99365234011629,0.9034246158192675,27.64498720599474,8.976106049493133,43.53367246724471,2.4406943059726443,21.90793092486916,0.0021766478788996903,0.06159469467890274,0.028099851128673067,0.0033552226510771446,0.0034733141099644914,5378.695825468068,5.754962167433965,6375.0,3484.375,12.90969080858776,251.844992983292,226.78267913374734,178.27781354919202,36.71650482181592,176.1633678771231,47.75218716682811,226.78267913374734,215.4371426996898,170.18311420409503,210.64092563342237,0.4006225201134853,25.79208875626938,3.472393461446517,1.2825820314957808,1.2825820314957808,2.721884656744356,0.0,0.0,0.0,0.01296652396726735,0.0,0.0,0.0,1.2950044064073394,1.2950044064073394,2.8255861616864664,0.0,0.0,0.0,0.010641580968614069,0.0,0.0,0.0,0.253026699137659
