vib_mean,vib_std,vib_rms,vib_peak,vib_p2p,vib_skew,vib_kurt,vib_crest,vib_clearance,vib_shape,vib_impulse,vib_power_0_1k,vib_power_1_5k,vib_power_5_10k,vib_power_10_20k,vib_power_20_32k,vib_spectral_centroid,vib_spectral_entropy,vib_spectral_rolloff_85,vib_dominant_freq,vib_band_ratio_5_10_0_1,env_bpfo_1x,env_bpfo_2x,env_bpfo_3x,env_bpfi_1x,env_bpfi_2x,env_bpfi_3x,env_bpfi_sb_plus,env_bpfi_sb_minus,env_bpfo_sb_plus,env_bpfo_sb_minus,env_rms,env_kurt,env_peak,i1_rms,i1_std,i1_peak,i1_power_50hz,i1_power_100hz,i1_power_150hz,i1_sideband_fr_1x,i1_sideband_fr_2x,i1_sideband_bpfo,i1_sideband_bpfi,i2_rms,i2_std,i2_peak,i2_power_50hz,i2_power_100hz,i2_power_150hz,i2_sideband_fr_1x,i2_sideband_fr_2x,i2_sideband_bpfo,i2_sideband_bpfi,vib_i1_coherence_mean_0_2k,label,source_file,window_id
-5.204170427930421e-18,0.3972642075243968,0.3972642075243968,4.176872965913387,7.504272455499091,0.331827502328714,11.71149518663085,10.514093358528598,23.529532553040337,1.6729798337773982,17.58986615927122,0.004881737512499009,0.025147634575816917,0.0390617093337197,0.04284835591720447,0.04646529043134775,13916.137762635546,7.298489692119869,25703.125,5843.75,8.001599681610498,30.369456251646078,93.63622945799816,63.21147819501898,63.97791022400628,21.098680244997826,28.791236723150814,101.61890707572921,0.0,0.0,361.6223651767336,0.2063463713977159,4.565119415727369,1.340201844652579,1.7746274935431257,1.7746274935431257,2.991560279089387,0.0,0.0,0.0,0.001969531769905451,0.0,0.0,0.0,1.7646288351435477,1.7646288351435477,2.875276231845299,0.0,0.0,0.0,0.001981246355985936,0.0,0.0,0.0,0.3306163632585238,0,HH,0
-6.071532165918825e-18,0.4007647950160626,0.4007647950160626,3.727483001861409,7.03430175273709,0.038151641933953664,10.20255122253214,9.300924253369141,20.521573218825818,1.651791311121262,15.36318586711216,0.0050291070427364686,0.027783069703138118,0.0389989709408856,0.04126711329194074,0.04797893214755036,13834.794706333203,7.307191228284035,25687.5,5843.75,7.754651193884826,52.47683886828875,86.26361128712023,37.08846953687629,64.74270918665509,34.53552774276591,16.131478100743834,37.237279178653566,0.0,0.0,347.097016328114,0.2055526105958806,4.776533106795386,1.608345930342574,1.7657586463110198,1.7657586463110198,2.771782403362737,0.0,0.0,0.0,0.0018986208957923031,0.0,0.0,0.0,1.776232127480593,1.776232127480593,2.8830489049400656,0.0,0.0,0.0,0.001888372972214546,0.0,0.0,0.0,0.3791333729087646,0,HH,1
-2.927345865710862e-18,0.4102344503796558,0.4102344503796558,3.729088229453636,7.03430175273709,-0.3573054349428659,10.81205143690699,9.090139128984687,20.474005383446386,1.673633636908617,15.21356261044797,0.004091411754354693,0.029666489334498766,0.0393523801312141,0.04205362848689591,0.04912981494983781,13890.953835683711,7.28766029089195,25812.5,5953.125,9.618288865624711,44.34544073190103,93.20644448613054,96.90001565354116,18.541639586870495,65.53220308170431,30.321973221322136,50.3175475843098,0.0,0.0,403.87143461295943,0.21227317624254619,4.666187912834812,1.602797420689865,1.754865602695708,1.754865602695708,2.9553899052502293,0.0,0.0,0.0,0.001984969756448613,0.0,0.0,0.0,1.7751851065648705,1.7751851065648705,2.8813090415988865,0.0,0.0,0.0,0.0019453289582955985,0.0,0.0,0.0,0.3136647948141505,0,HH,2
4.119968255444917e-18,0.39330217993873806,0.39330217993873806,2.9416803249421295,5.49926757432202,-0.29708092711393447,9.920131962590466,7.479440681972153,16.303599955374803,1.6369977728585432,12.243827738615998,0.002605381748653229,0.027681334557313253,0.036303187672036816,0.04153235967120541,0.04421684619900086,13828.486918882723,7.252368768269417,25484.375,5953.125,13.933922611098621,19.57139900884544,50.8077908141483,76.51664955996698,47.342955261124565,20.648649400135184,54.62741758684219,41.72229037739665,0.0,0.0,335.90098782775607,0.19871485139528391,4.044370579009853,1.2326180170128331,1.7591406852739524,1.7591406852739524,2.8864113401856653,0.0,0.0,0.0,0.001940448420259742,0.0,0.0,0.0,1.7634750632957554,1.7634750632957554,2.870697329340212,0.0,0.0,0.0,0.00191879511040634,0.0,0.0,0.0,0.2940159551905126,0,HH,3
-3.144186300207963e-18,0.3943312530662681,0.3943312530662681,2.5561589730789707,4.96215820032202,0.06759218368965743,8.28095430458876,6.4822632068917025,13.761517393949562,1.606393504485444,10.413065509915816,0.003945619208615174,0.02764725204415157,0.03789846353775715,0.03851691633542409,0.04331610976813692,13736.795255991676,7.271626575675828,26328.125,7750.0,9.605200482956256,95.47214614069453,80.81503928167695,76.81540357593303,80.690682794254,34.0665191831523,25.78612806598333,34.53490539970678,0.0,0.0,232.44877382240628,0.19753408666154532,4.087742115323439,1.2782759288502565,1.7723668105752106,1.7723668105752106,2.7787160442306367,0.0,0.0,0.0,0.0019163990918827942,0.0,0.0,0.0,1.7556916852270403,1.7556916852270403,2.789963903758584,0.0,0.0,0.0,0.0019168507964029322,0.0,0.0,0.0,0.2801375254999713,0,HH,4
1.0842021724855044e-19,0.40939773458359147,0.40939773458359147,3.8421325360161243,6.875610346535449,0.17029542976435708,11.32293933097346,9.384840734216695,21.456260951393087,1.6907411727947825,15.867336629461784,0.005103314536577306,0.03129963157994641,0.04268662938309348,0.04100971263370888,0.0505435494327882,13953.193753436435,7.267297171549592,27109.375,6015.625,8.364491169176116,36.996488768554144,43.641242137331496,103.27648738502435,119.23144179385187,72.71569385081311,67.89942875339493,62.210140581893995,0.0,0.0,393.75096678075425,0.21694379048019327,5.120185056222375,1.2965514759736325,1.7758961565402083,1.7758961565402083,2.9077761859565694,0.0,0.0,0.0,0.0019381354978736556,0.0,0.0,0.0,1.7644497342339662,1.7644497342339662,2.8549699504188584,0.0,0.0,0.0,0.001973024681250225,0.0,0.0,0.0,0.3257864684108429,0,HH,5
4.7704895589362195e-18,0.4076509454962018,0.4076509454962018,3.8435254220574238,6.875610346535449,0.32534289184429926,11.463569351916794,9.4284717465306,21.266980647543058,1.6793798912838525,15.833985856661432,0.004315411209323062,0.033692280218639764,0.04214393332185214,0.04070439546808244,0.04977021628309074,13747.045549849492,7.25252879385066,26750.0,6015.625,9.765913667980932,33.24976201629422,57.07232777776882,24.422861114696545,82.55679974391484,71.49082093221573,73.97266288997587,40.95036474678512,0.0,0.0,424.23278838848915,0.2113382744893894,4.427782147217247,1.2920214971615853,1.7658983407381201,1.7658983407381201,2.8919463135492984,0.0,0.0,0.0,0.001881640880246561,0.0,0.0,0.0,1.777033278163828,1.777033278163828,2.748604628824368,0.0,0.0,0.0,0.0019063658958973586,0.0,0.0,0.0,0.29614022487652897,0,HH,6
-4.445228907190568e-18,0.4034286077283643,0.4034286077283643,3.1651534117777915,5.70373534764864,0.11143061411195856,9.4024203037212,7.8456345215581385,17.28883411220769,1.6493571662076079,12.940253521577713,0.005075746455727785,0.0325230983461578,0.03907113667068613,0.041586734342031445,0.04733759113896463,13701.965233553768,7.28326258756287,26359.375,5828.125,7.697613937925964,29.583199906104504,97.29280577605759,10.417603102656315,72.11663581610883,34.905050346981106,25.712923209145124,32.05553431054589,0.0,0.0,312.3399086962811,0.20015958036026008,2.700514071972256,1.0412673248622788,1.7553437659945959,1.7553437659945959,2.829923586426354,0.0,0.0,0.0,0.0019708078673292143,0.0,0.0,0.0,1.774055905293282,1.774055905293282,2.7520725006048603,0.0,0.0,0.0,0.001969502162239232,0.0,0.0,0.0,0.3112879264186186,0,HH,7
-4.336808689942018e-18,0.40176654337162726,0.40176654337162726,3.6125078773427544,6.89697265155969,0.17270817919691453,11.28669457457602,8.991559742696758,20.689771594917143,1.7015399562098603,15.299498170846585,0.0052720226875946664,0.027091326245016544,0.03483001202308697,0.04487467292705216,0.04829129868532986,14284.603757982808,7.326535803678618,26406.25,5828.125,6.606574758951086,93.6333960407259,64.73574777043041,9.822292125095142,21.56200075057298,30.594014048432577,40.21817122791651,35.54571324469254,0.0,0.0,378.3539934341386,0.20713759434937468,3.9489468367314497,1.1211704469706287,1.7601039581026159,1.7601039581026159,2.9496649952596163,0.0,0.0,0.0,0.0019294220697766082,0.0,0.0,0.0,1.7611421278559412,1.7611421278559412,2.960460001878962,0.0,0.0,0.0,0.0019293100933810998,0.0,0.0,0.0,0.3177857255043346,0,HH,8
-2.168404344971009e-19,0.40840452293777646,0.40840452293777646,3.6104865348313817,6.89697265155969,0.19982090403969807,9.863623333550825,8.840466576765769,19.471960580920197,1.6498799609174093,14.58570865016597,0.0035086431426995064,0.02922462519098188,0.037045987607760046,0.0420721592943998,0.04363706347047476,13683.267047122637,7.253491407511463,25562.5,3296.875,10.558494007657567,34.022074976243395,41.94438657766795,26.807573492933244,41.34615784450491,68.36596869906793,19.24849021336992,61.06377476997351,0.0,0.0,376.13716086042723,0.21301678517604983,3.6189281579166064,1.2567058532307525,1.7730559848190903,1.7730559848190903,2.996286825059008,0.0,0.0,0.0,0.0018960151565630098,0.0,0.0,0.0,1.7557366147891413,1.7557366147891413,2.8926026409703467,0.0,0.0,0.0,0.0019151085828567017,0.0,0.0,0.0,0.24433090200000218,0,HH,9
-2.3852447794681098e-18,0.4035882333334769,0.4035882333334769,2.651765940457268,5.11779784781801,-0.008054177127323914,8.273703215248625,6.570473867770488,13.799377967757138,1.5973271460955358,10.495196271701131,0.004244534434006017,0.031421338256432174,0.03952816354421532,0.0402304754871774,0.04517832518111491,13540.815695209583,7.227969185688668,25906.25,3296.875,9.312720664536034,79.7643593512173,70.75903606651006,82.02796690621128,22.215132939880274,60.18425376930499,29.13837132847792,14.602384728777894,0.0,0.0,234.35221177112334,0.20005903590551208,3.0548356752249273,1.2514325006019167,1.7745027560071125,1.7745027560071125,2.9113477278629634,0.0,0.0,0.0,0.0019345202158263337,0.0,0.0,0.0,1.7643162325180088,1.7643162325180088,2.915175881257034,0.0,0.0,0.0,0.0019433217187835934,0.0,0.0,0.0,0.26411802312616833,0,HH,10
-8.673617379884035e-19,0.39409659532120744,0.39409659532120744,3.1203951664251495,5.63964843359622,0.010224401990092896,9.422845492407125,7.917843502002039,17.125146137622817,1.6328760516245802,12.928857034930427,0.005840703473286147,0.0301187889970266,0.03755601298314368,0.0406139717973112,0.04995738208378056,14028.896408984338,7.287451734824575,27046.875,3406.25,6.430049590513373,38.30829642430231,62.941099679266664,37.03161014853964,24.969077970986085,37.05081056881145,36.06144961481818,43.85559852643426,0.0,0.0,340.7234342671262,0.196246519209834,4.0527761858338325,1.2517888915780584,1.7645747474537916,1.7645747474537916,2.9215625827964367,0.0,0.0,0.0,0.0018738186653163662,0.0,0.0,0.0,1.775990262459782,1.775990262459782,2.87966570177013,0.0,0.0,0.0,0.0018601163589252838,0.0,0.0,0.0,0.2661000997447453,0,HH,11
6.938893903907228e-18,0.40083956729552395,0.40083956729552395,3.114625064289556,5.63964843359622,-0.05594582125621054,9.146617638771453,7.770253533861491,17.219933056254714,1.6532890959573094,12.846475440356954,0.005851624083190831,0.02922986800705587,0.03708428263299778,0.04336466595088413,0.04661845119520983,13876.705350946562,7.290269894739403,26140.625,3312.5,6.337434206203941,81.05483663300453,48.945361674481276,48.51690163830109,42.47940643092095,67.11168272278675,71.72275763712668,12.96908496354895,0.0,0.0,369.5734791915093,0.20050091606776224,3.6162625365057774,1.2541744422061805,1.7553681048056375,1.7553681048056375,2.9909845006599123,0.0,0.0,0.0,0.0019374486648772627,0.0,0.0,0.0,1.7734150200844006,1.7734150200844006,2.8318299277758823,0.0,0.0,0.0,0.001963385184709673,0.0,0.0,0.0,0.28999392974636073,0,HH,12
-6.071532165918825e-18,0.3986683009077737,0.3986683009077737,3.565192965295616,6.079101558971001,0.04177094027112271,9.767656121035994,8.94275506022831,19.92486064377906,1.6572663195302493,14.820526765125084,0.005579845278355741,0.026663921415451104,0.040143307310153684,0.04505222048380361,0.048886599216582574,14071.06023033241,7.292462104180655,25328.125,3312.5,7.194340577627754,17.09111576756974,118.44215415024516,17.184044110518993,39.66687243847142,56.003859531742314,31.1759735056454,33.167471516540225,0.0,0.0,352.16895922194107,0.19885193198823076,3.5181976856602617,1.168884414148081,1.7607561392883213,1.7607561392883213,2.8185524658487227,0.0,0.0,0.0,0.0018965420816303646,0.0,0.0,0.0,1.7602487205545863,1.7602487205545863,2.858782465433787,0.0,0.0,0.0,0.0019455807374687967,0.0,0.0,0.0,0.3089825619410007,0,HH,13
2.6020852139652106e-18,0.40147144590809575,0.40147144590809575,3.5674225515389546,6.903076166971,-0.15074484360383641,10.969918352122395,8.88586869103414,19.673356464959728,1.6568942325461202,14.722944585336611,0.0040133006273654955,0.028163283749215267,0.041721985793562774,0.04411363068056985,0.05007143825337254,14033.474505063276,7.28332908887248,25390.625,3328.125,10.395928353504623,34.49197063314111,53.99726201194835,63.69507879521081,5.388230896563772,50.18908111185817,31.105359740983545,58.33311181785354,0.0,0.0,392.55163377377306,0.19857817702783948,3.0001386011788274,1.0891377042971735,1.7739933516457693,1.7739933516457693,3.0379879689950173,0.0,0.0,0.0,0.0019178396061479957,0.0,0.0,0.0,1.7563636719756395,1.7563636719756395,2.822790339890203,0.0,0.0,0.0,0.0019252268133659813,0.0,0.0,0.0,0.2685800000564267,0,HH,14
-6.938893903907228e-18,0.395304269015537,0.395304269015537,3.3359266792128333,6.31408690954774,-0.15292896832536065,9.58042428143886,8.438883515021484,18.16739878484866,1.6233299629878235,13.69909246409838,0.003154648273876459,0.029970361028290947,0.03761419693361536,0.0378704328485511,0.04482239810045727,13738.215637401794,7.2512980421228725,26093.75,3328.125,11.923420190191692,67.98594875884721,49.62164204737279,42.80294439730616,35.60957703246294,99.7784854079834,58.93079378124295,94.56052105609822,0.0,0.0,363.74825876221706,0.1995468461907014,2.7652850733137395,1.0899151755885796,1.7750299006079069,1.7750299006079069,3.036623774209014,0.0,0.0,0.0,0.001959981789923006,0.0,0.0,0.0,1.7677334714588362,1.7677334714588362,2.885522868710202,0.0,0.0,0.0,0.0019236777312526612,0.0,0.0,0.0,0.2240930553411981,0,HH,15
-3.469446951953614e-18,0.3836548761250511,0.3836548761250511,3.055149687520904,5.80139159795101,-0.21338642189692303,9.492918301327085,7.96327605262884,17.619316240567855,1.6499325884206428,13.138868669822022,0.0037308240293263987,0.026428255615853838,0.03668442984953265,0.03781745169654532,0.04717652516746591,14174.653802551895,7.300673213676072,26406.25,5953.125,9.832795530247305,41.83498286367396,72.48557527798921,28.875626925760606,95.74742690330123,54.50631144424371,25.74313964730641,58.375922776765286,0.0,0.0,358.8792695584093,0.1963306752005766,2.761502218929886,1.105777710126402,1.764979166476498,1.764979166476498,2.865030098789005,0.0,0.0,0.0,0.0018622937579891746,0.0,0.0,0.0,1.778155944019102,1.778155944019102,2.7576382468661462,0.0,0.0,0.0,0.0018687345217190932,0.0,0.0,0.0,0.29817845497531337,0,HH,16
2.6020852139652106e-18,0.4255893823015222,0.4255893823015222,4.013565925090709,7.0709228473015395,-0.33060977086496635,10.304827149150494,9.430606335585626,21.81625445933184,1.7004059095891162,16.03585874403836,0.005026932503228294,0.02649382942308663,0.038901725395649164,0.04507990758869966,0.054184519210397894,14359.628754182573,7.308662291363065,25781.25,3312.5,7.738660776313951,17.030571324444292,43.147958292142825,42.08523391287733,74.45292346803565,19.158725814929912,29.60007477497349,15.926344076212553,0.0,0.0,386.2094089050156,0.21509015187209407,2.972068271684776,1.24225016894267,1.7561063208222172,1.7561063208222172,2.8257197646700125,0.0,0.0,0.0,0.001972639384230784,0.0,0.0,0.0,1.7724873723888357,1.7724873723888357,2.790402043662527,0.0,0.0,0.0,0.001972214552785515,0.0,0.0,0.0,0.3006906603693048,0,HH,17
-7.697835424647081e-18,0.4236285504326247,0.4236285504326247,4.1546449037764575,7.21740722220474,0.04579920306641434,10.382251526870682,9.807282581718312,21.69384889226219,1.6536558466461808,16.217870180969737,0.006752452626434639,0.031814838666978706,0.037475699816480114,0.04246320953087647,0.05586947337135241,14182.056837857433,7.301747349790612,26656.25,3312.5,5.549938945772021,27.871579832228708,76.71612611848978,66.69502846350414,30.441983255919226,35.80022253010922,25.99553861643956,30.161051887435224,0.0,0.0,275.0231655430762,0.21204413486441354,3.3536391255469393,1.2359043159140344,1.761969889314062,1.761969889314062,2.9658317758651935,0.0,0.0,0.0,0.0019509388399887022,0.0,0.0,0.0,1.7601768557276354,1.7601768557276354,2.8437424385892713,0.0,0.0,0.0,0.0019241165120584582,0.0,0.0,0.0,0.3300808101848194,0,HH,18
1.951563910473908e-18,0.39865391711592796,0.39865391711592796,4.156190154191878,8.05969237720474,0.13088271421206882,10.383565408545923,10.425559553659834,21.765007669310048,1.594642465266614,16.625039988432018,0.0066408992051676646,0.032102425021536096,0.04489573837024069,0.04199617879824471,0.05102756054040932,13641.608172725306,7.2225840278532445,26515.625,3265.625,6.760490857705572,46.96328349516056,35.64728628082164,53.45430420112706,38.30169953440573,24.795728497547938,29.564414638441786,60.2245355153768,0.0,0.0,241.31479800803942,0.20028601877984886,5.075256118903365,1.6801580885639416,1.7750861107291835,1.7750861107291835,2.9371369366339475,0.0,0.0,0.0,0.0019472968331149837,0.0,0.0,0.0,1.7588611505599803,1.7588611505599803,2.7718153630233293,0.0,0.0,0.0,0.0019343647364833628,0.0,0.0,0.0,0.339265773592579,0,HH,19
-3.0357660829594124e-18,0.4307350154788111,0.4307350154788111,4.052010548416803,7.9559326116483104,0.2524974480297173,11.033129106333366,9.407200257245236,21.258011867078142,1.6787744448886484,15.792567389813222,0.005149413927036033,0.030693387910373005,0.047852576457054555,0.04911969074182171,0.053979742757834556,13783.926331386467,7.270743454317268,25609.375,3265.625,9.292819945299161,52.31560664058679,89.07319826096582,50.6287216906573,49.91009679155741,53.13396660968719,47.70643909152576,40.02806554771214,0.0,0.0,345.22870906627065,0.2230672537595887,4.583649575048575,1.6713197864880254,1.7735187001570982,1.7735187001570982,2.9572036751778508,0.0,0.0,0.0,0.0019637191920723156,0.0,0.0,0.0,1.7696600398743851,1.7696600398743851,2.814747770556697,0.0,0.0,0.0,0.001983079196504414,0.0,0.0,0.0,0.27093241516039857,0,HH,20
-4.7704895589362195e-18,0.41412953495297505,0.41412953495297505,4.052326080502908,6.634521479648311,0.20171632365679115,10.787556623782452,9.78516560274566,22.43775080254008,1.6904023400699226,16.54086683285298,0.003657846575622735,0.027441803751458924,0.04194430898976034,0.04322086160139464,0.0505327295367221,13990.693631661628,7.285509226014983,25687.5,5953.125,11.466940482913103,12.855315543167448,60.62419904787303,37.7837020271688,42.15688067550719,19.16629185769135,48.38285559611129,16.784420390769178,0.0,0.0,442.71611354228423,0.21633466074502997,3.362928586296162,1.2807041561671642,1.760597686244435,1.760597686244435,2.9142733690852745,0.0,0.0,0.0,0.001904733783043584,0.0,0.0,0.0,1.777221538709908,1.777221538709908,2.752290519185723,0.0,0.0,0.0,0.00192129591654875,0.0,0.0,0.0,0.28097059700908783,0,HH,21
-3.903127820947816e-18,0.40026208921691425,0.40026208921691425,3.2193563858099306,5.859374996205069,-0.08269478089895667,9.34369153015782,8.043120926361985,17.6724316828436,1.643403655999823,13.21809433603197,0.0038186269577601016,0.02573409345248448,0.03906750126256642,0.03949693636102325,0.04713263913162705,13934.0570693073,7.253039516097936,25984.375,5953.125,10.230771867606448,63.153857833782034,67.05793547305191,70.86926228044277,52.81919740007457,34.531371681015074,43.13276941945854,63.2695049125829,0.0,0.0,330.7994676892302,0.203747811812097,3.5150405032654106,1.1774245769339258,1.7546126007206688,1.7546126007206688,2.8214033596931625,0.0,0.0,0.0,0.001990762713068274,0.0,0.0,0.0,1.7708300248528126,1.7708300248528126,2.891548868781066,0.0,0.0,0.0,0.0019899237223544217,0.0,0.0,0.0,0.308607263352427,0,HH,22
-6.071532165918825e-18,0.4192465176025729,0.4192465176025729,3.217665104013535,5.859374996205069,-0.07029735516584115,9.8318527019717,7.674876162152738,17.52753717097709,1.6886907617897393,12.960492472907617,0.004809232891574533,0.025181622731429286,0.03668471086571597,0.04205421229007947,0.04974523840057519,14278.894326684102,7.318215063778574,26046.875,5953.125,7.627975538959082,81.98722199661277,35.08739356599848,43.46790059766478,105.26307903910158,15.192771576395163,44.525863200851695,88.9723416666243,0.0,0.0,379.48209404423056,0.2154576488132861,4.139700582529191,1.2033455220356437,1.7638404807612222,1.7638404807612222,2.8814776214933646,0.0,0.0,0.0,0.001932859513726936,0.0,0.0,0.0,1.7581053536656233,1.7581053536656233,2.9466703257662585,0.0,0.0,0.0,0.0019302111660250097,0.0,0.0,0.0,0.3343258326676986,0,HH,23
4.9873299934333204e-18,0.3904354382186972,0.3904354382186972,2.8860803672472213,5.39550780873332,-0.13557113167061952,9.256670231587046,7.391952893452827,16.30641233877327,1.6499016101327617,12.195994980933346,0.004304990344697892,0.023125747825153864,0.036343359752504495,0.03728589932468784,0.0450722589913507,14157.018423613425,7.325603275516574,26062.5,3265.625,8.442146633109996,62.76491617287363,61.93840922633263,25.200258106753875,85.26280915027982,76.07318977242952,21.3326956154492,80.14587037816537,0.0,0.0,363.0165990071078,0.1975835025770995,3.6867651598030324,1.1088604335320582,1.7759501654386691,1.7759501654386691,2.8854839399779393,0.0,0.0,0.0,0.001957647562420703,0.0,0.0,0.0,1.7568591698279954,1.7568591698279954,2.795402185404818,0.0,0.0,0.0,0.0019359305109145812,0.0,0.0,0.0,0.29175883824785587,0,HH,24
-6.071532165918825e-18,0.39816940806870044,0.39816940806870044,4.026052353102642,7.20520019016444,0.27649463271533636,11.415611568669604,10.111405526182423,22.253987111183715,1.6508569249908884,16.69248383428939,0.004271868918529062,0.030150281624297393,0.03591551513960339,0.041220721449328784,0.048705395634666374,13950.146969849942,7.292559936424879,26093.75,3421.875,8.407447844528614,62.26123412512075,104.86856950003911,39.38570285458391,25.971158670764776,80.36656590689945,50.541828225682835,70.54776556293405,0.0,0.0,330.2397369292266,0.19727301036465017,3.1180547028095535,1.0752404894883063,1.7746758183495852,1.7746758183495852,2.895726373396076,0.0,0.0,0.0,0.0019646358678907464,0.0,0.0,0.0,1.7690954058122483,1.7690954058122483,2.909951078599514,0.0,0.0,0.0,0.0019895804272368174,0.0,0.0,0.0,0.21701755024334063,0,HH,25
-4.553649124439119e-18,0.41387269093007345,0.41387269093007345,4.0228851112910995,7.2052001901644385,0.2786761526075442,12.100498210455921,9.720102822562875,22.363638969451973,1.700897143620645,16.532895126596163,0.00424161248270336,0.03297037256554005,0.037009566061146984,0.049356794044168886,0.05393504821995816,14175.467458232954,7.315347680809071,26000.0,5953.125,8.725352965020004,61.79292297722991,35.290978267207215,85.35147274990788,18.721092115186117,35.125889995355024,64.98346962174088,22.778410183677988,0.0,0.0,362.48333211608167,0.20780322945877167,4.234286742178932,1.3377236536094999,1.7615511311512773,1.7615511311512773,2.973812546833671,0.0,0.0,0.0,0.0018745475458100318,0.0,0.0,0.0,1.7764799988853353,1.7764799988853353,2.887955718319929,0.0,0.0,0.0,0.0019135491758452135,0.0,0.0,0.0,0.2931105900396884,0,HH,26
-6.505213034913027e-19,0.39210144504366873,0.39210144504366873,3.1418967974734597,5.65185546535429,0.03347693375836796,9.320965459105091,8.012969187408997,17.34690786585028,1.630476335040761,13.064956633481167,0.0028446160151337366,0.026777444745151934,0.0402346125995139,0.043025227973301654,0.04841210485624925,14047.668443936915,7.2540609903719195,25921.875,5953.125,14.144127844080279,62.797974516308315,31.610796460437413,21.04460217900699,41.91540518012202,23.901837573710495,14.252802095740723,53.93698623063047,0.0,0.0,282.93461162846813,0.1945725885352843,3.6320961286905407,1.3354489646599146,1.7542137913197837,1.7542137913197837,3.044062230344884,0.0,0.0,0.0,0.0019426552259316351,0.0,0.0,0.0,1.7697564320613952,1.7697564320613952,2.7329593955909495,0.0,0.0,0.0,0.0019890730123312723,0.0,0.0,0.0,0.33374278136431035,0,HH,27
-6.288372600415926e-18,0.4221201058191453,0.4221201058191453,3.649837148757418,7.26013183147501,0.1876897075823511,9.92967824234562,8.646442323979631,19.231182875559554,1.6550107344168485,14.309954860702451,0.00373929211823165,0.02762480781860742,0.04152943112504595,0.04434327820867884,0.05245937022246855,14212.784306521997,7.268134645206425,26171.875,5812.5,11.106228077623264,69.86107673307897,126.14613000689288,76.02967632690513,10.109136863878344,13.537989647314246,47.18073417015983,74.65788476028756,0.0,0.0,300.6982750251654,0.21157331724205522,3.393986396790483,1.4812775711729453,1.7641305453003762,1.7641305453003762,2.841091738364755,0.0,0.0,0.0,0.0018939311836730594,0.0,0.0,0.0,1.7567128897006115,1.7567128897006115,2.882512307863541,0.0,0.0,0.0,0.0019586381454432485,0.0,0.0,0.0,0.3215121709675086,0,HH,28
5.421010862427522e-18,0.43070719500403326,0.43070719500403326,3.648983684752006,7.26013183147501,0.1853353661920066,10.23248436415338,8.472075059525848,18.95037010584553,1.6622743302850491,14.082912895697996,0.004466153121570823,0.03665559985246984,0.04672917018463765,0.04620413208684514,0.05518570435917818,13631.187216494673,7.276219802562167,25812.5,5937.5,10.462957471941587,48.92078002363045,35.25131772935968,47.731666337302606,21.050697008868433,50.57232602884337,20.314560844195206,80.16338312971497,0.0,0.0,378.35194827921526,0.23040373332354083,4.237962474738452,1.4890417588367222,1.7768872559776907,1.7768872559776907,3.0374392637823924,0.0,0.0,0.0,0.0019013952801924746,0.0,0.0,0.0,1.7559799003405105,1.7559799003405105,2.811961282341027,0.0,0.0,0.0,0.0019128130663501586,0.0,0.0,0.0,0.29186094543902297,0,HH,29
-2.927345865710862e-18,0.3929097186176347,0.3929097186176347,2.9096942375089645,5.59692382436232,0.004206777745300203,8.801621189003342,7.405503350098021,15.671684701881944,1.602683660800694,11.8686792192069,0.0038559107162309684,0.03412550638550369,0.04540935111310049,0.04078698830786055,0.043879785021521456,12993.0326461962,7.210403893209287,25093.75,5937.5,11.776556679639654,47.78223969930184,72.77614108088632,52.18326236954864,63.970331692643455,31.28889293073635,45.057437653851416,114.48250173702802,0.0,0.0,282.41917103175206,0.20939814721893435,4.289948980592851,1.504170402089656,1.772735320466903,1.772735320466903,3.0451863767343297,0.0,0.0,0.0,0.0019303062031014605,0.0,0.0,0.0,1.7694920762439579,1.7694920762439579,2.8619714437707877,0.0,0.0,0.0,0.001914487577665431,0.0,0.0,0.0,0.30767899968921825,0,HH,30
-5.854691731421724e-18,0.40986063099590114,0.40986063099590114,3.420178217412916,6.27136230087828,0.08151938591727421,8.978020561913034,8.344734670178946,18.506401270301954,1.648437353317092,13.755772333843158,0.0032243363386782447,0.029609108647782902,0.046079543552594,0.04227074060536534,0.048288308889274045,13594.761449860938,7.249761135622658,25156.25,5937.5,14.291171484049414,22.336579940440725,116.36837111352237,20.464207189805677,13.986832612953114,27.004822441079888,60.64736519680066,115.14020821507421,0.0,0.0,350.4120884750623,0.21060484641839322,5.342280324313258,1.6407471115350905,1.7588442893149283,1.7588442893149283,2.917224485626026,0.0,0.0,0.0,0.0018643609564500717,0.0,0.0,0.0,1.776687234084091,1.776687234084091,3.057095020152194,0.0,0.0,0.0,0.0018509621313290347,0.0,0.0,0.0,0.24166371938861775,0,HH,31
8.673617379884035e-19,0.4191048146254571,0.4191048146254571,3.4137435234843454,6.59790038587828,0.1540033841402995,9.255506898275568,8.14532165786527,17.949628048756928,1.6453583750016485,13.401973206850936,0.002743670427152482,0.032834932936968354,0.04644277149403058,0.040937281926273945,0.05123429900689356,13555.599121016505,7.254987115155591,24968.75,7781.25,16.927241339734802,96.5534325465151,94.55963398833423,39.95946444459535,96.06264568038631,58.631424229946354,60.9585410381461,96.82322585846006,0.0,0.0,389.84848682994044,0.22244756711420655,5.079461911648908,1.6310107844805708,1.75587937350133,1.75587937350133,2.923249139637156,0.0,0.0,0.0,0.0019311134313763304,0.0,0.0,0.0,1.7685077858288643,1.7685077858288643,3.032200924619935,0.0,0.0,0.0,0.001914918313297459,0.0,0.0,0.0,0.2324868690813106,0,HH,32
-1.734723475976807e-18,0.40002912196002477,0.40002912196002477,3.188395125165339,5.87158202698328,0.2269849519751522,8.789540825763664,7.970407528189805,17.028350288973833,1.6136725987261817,12.861628228920765,0.003776044694842508,0.029449798732290658,0.03695389592241329,0.0393217230204344,0.04352422467721156,13586.44231678932,7.280084808100279,25125.0,5953.125,9.786403207329666,25.174566564320187,73.50112392097891,51.71072185650632,74.18616664700542,30.252750157256816,22.84148938734563,75.0545949409534,0.0,0.0,278.15519324026656,0.19831190341745705,3.2053273095954466,1.3641429546670318,1.7687988499155363,1.7687988499155363,2.979413522578328,0.0,0.0,0.0,0.0019204338099583895,0.0,0.0,0.0,1.7569039691066957,1.7569039691066957,2.7205790649148778,0.0,0.0,0.0,0.0018814803992257298,0.0,0.0,0.0,0.2623202995264051,0,HH,33
3.7947076036992655e-18,0.4213469726523135,0.4213469726523135,3.156767783375969,6.16455077708402,0.24176658751785848,9.519599340652269,7.492086067462661,16.686483412887917,1.6587855777466225,12.42776431594347,0.004591501143641449,0.028537843263303442,0.041072984123540116,0.04549865512210024,0.05249366634119182,14145.185207763909,7.313470180878474,25953.125,7750.0,8.945436977942322,69.47805688814216,91.98384165548019,96.9409438488593,48.735385583250675,9.941798027033451,26.78878397556737,15.628197367298773,0.0,0.0,313.9149842442272,0.20941672911924727,4.623299678989909,1.35769361950191,1.779190488686289,1.779190488686289,3.0090124715902187,0.0,0.0,0.0,0.0019064965707538838,0.0,0.0,0.0,1.7592840099752944,1.7592840099752944,2.7768635139574047,0.0,0.0,0.0,0.001910950830067029,0.0,0.0,0.0,0.26524380567555356,0,HH,34
-3.903127820947816e-18,0.41927103233425905,0.41927103233425905,3.371679780815368,6.37817382408402,0.21775619940352708,10.925251421859574,8.041766591991346,18.158465156758,1.6802431469891868,13.512123205880046,0.0037201679204071888,0.030219371202622268,0.040794916818729314,0.044662962674099554,0.05588483872306231,14016.946561272245,7.265637370940912,25828.125,5953.125,10.965880487270653,12.600380998076377,41.46694357297378,73.6335439463595,40.21664783066981,28.174221418960368,32.31310442342251,7.4653759617921995,0.0,0.0,385.61213338489887,0.21967554368701597,4.4949539042877324,1.30976242364319,1.7730108414773231,1.7730108414773231,2.87048124463074,0.0,0.0,0.0,0.0019219182719547082,0.0,0.0,0.0,1.7733252721115063,1.7733252721115063,2.830255197178145,0.0,0.0,0.0,0.0019522546972903575,0.0,0.0,0.0,0.29120913849723595,0,HH,35
1.951563910473908e-18,0.3969717845013187,0.3969717845013187,3.3719111213452266,6.37207030846305,0.19878250449803755,9.578992529342685,8.494082584688146,18.461528484265216,1.636238579573621,13.898345623151162,0.003602055144338873,0.02976100900687177,0.035066282982064184,0.03288767186220102,0.04543127755286158,13482.19464490236,7.195680653813543,26109.375,5859.375,9.735076662399411,82.63363312218029,47.959893290629694,80.40882031004165,20.068297915823276,23.81100436368708,47.35940941083344,64.13115728610953,0.0,0.0,300.54253716688163,0.2063072106702442,3.555655041818655,1.320534745019531,1.760320845854032,1.760320845854032,2.8640094540721424,0.0,0.0,0.0,0.0018745072398292353,0.0,0.0,0.0,1.7774113458597751,1.7774113458597751,2.8332392729853457,0.0,0.0,0.0,0.0018884001419521464,0.0,0.0,0.0,0.283077241914869,0,HH,36
-3.0357660829594124e-18,0.4098180694388176,0.4098180694388176,4.407735538548914,7.26318358928533,0.3223644685945358,10.417063265010798,10.755346987468428,23.967850727754783,1.6626697255322762,17.882589823658524,0.003941721473380372,0.03253321835828662,0.03789735153994908,0.03773729683517371,0.04998778903408338,13872.761417236794,7.278542295930718,26812.5,5859.375,9.614416387932748,61.024476982695845,78.27104751923815,11.732536535713114,0.961004711599338,11.710121592918727,83.71939351641117,75.78597541762171,0.0,0.0,360.73520524274886,0.21305448179602188,3.956729377980542,1.2932336722589448,1.7586153931105033,1.7586153931105033,2.9595039304414996,0.0,0.0,0.0,0.001965882003862463,0.0,0.0,0.0,1.7667457953995682,1.7667457953995682,2.8018964248005385,0.0,0.0,0.0,0.0019797269994830838,0.0,0.0,0.0,0.29936355914990637,0,HH,37
-3.2526065174565133e-18,0.40428055243147804,0.40428055243147804,4.411353913012802,7.66906737728533,0.14720176076937594,11.97989935595278,10.911615427656486,24.50655942035637,1.676343249430489,18.29161286253353,0.0033845524803531304,0.03248609800325264,0.036939575527671714,0.040296671688669905,0.04979604697570046,13921.681324438561,7.279005391479382,26390.625,3359.375,10.91416833722827,94.31429316216786,112.01404602568715,37.59003235542648,38.60147972892653,39.71992851597904,68.8279564645234,39.25627093498642,0.0,0.0,378.2414578744556,0.2176691407174364,4.798153285414558,1.3165325595119681,1.7692039462570899,1.7692039462570899,2.899019611455832,0.0,0.0,0.0,0.0019625993216930556,0.0,0.0,0.0,1.756965579364325,1.756965579364325,2.8571675442085716,0.0,0.0,0.0,0.001960160159431212,0.0,0.0,0.0,0.28048567440246003,0,HH,38
-3.469446951953614e-18,0.39800278853096815,0.39800278853096815,3.258638081327417,5.96313476122522,-0.15523750492145097,8.540187863611695,8.187475503262375,17.343184136906117,1.603735090241591,13.130541765075302,0.0031458174101562687,0.028230710197673675,0.039782420695058655,0.03622402220934421,0.042625628573218825,13548.071759009716,7.221285331619852,25531.25,5828.125,12.6461315122661,19.47532104041354,78.86714753743306,17.98335074368742,88.74094874557632,55.62809674201504,24.368106777789798,97.9984834652901,0.0,0.0,290.19182823355743,0.20145167241639897,2.8780291391222477,1.2576293829409693,1.7760922243616317,1.7760922243616317,2.889998605096456,0.0,0.0,0.0,0.0019404460902171057,0.0,0.0,0.0,1.7602672055291744,1.7602672055291744,2.8055200124586896,0.0,0.0,0.0,0.0019682385656183926,0.0,0.0,0.0,0.2053414375970972,0,HH,39
-3.686287386450715e-18,0.40713048598749324,0.40713048598749324,2.9995776695527305,5.64270019182604,0.012318387724031767,8.336967625533243,7.3676076167012345,16.1706872120283,1.636454885656468,12.056757479950543,0.0055768817642153695,0.030472426164572287,0.037113641857077675,0.04134279905524052,0.048455757627577534,13839.066551807417,7.28473862097628,26312.5,3359.375,6.654909216215812,65.0347273034263,144.78647062339687,57.287704726032466,58.84702921800941,51.25286803520514,32.97569399130726,59.825738909014596,0.0,0.0,333.1956801159942,0.202783764963159,2.8288557243619437,1.349352679614143,1.7702674311433588,1.7702674311433588,2.9165417576651897,0.0,0.0,0.0,0.0019577036718820833,0.0,0.0,0.0,1.7716346811361645,1.7716346811361645,2.924006446768477,0.0,0.0,0.0,0.0019719316423135592,0.0,0.0,0.0,0.3088333718982099,0,HH,40
2.8189256484623115e-18,0.40629101362876446,0.40629101362876446,4.083061215275035,7.26928710428156,-0.0021258698003320015,11.197928132599383,10.049597648757752,23.12564461347842,1.6953102914636016,17.03718631900743,0.0054989651282916436,0.028615208264411114,0.035111271207898,0.045284779289081305,0.04800869505745432,14083.204262419358,7.342803765724834,26531.25,3359.375,6.385068896121714,52.59936915017838,83.68482072427926,69.63925174091811,11.637912772049818,8.287150972352633,33.6091426717902,63.36910856774709,0.0,0.0,370.5667256478177,0.20480835276114337,3.637585014875021,1.357961381851609,1.7593345652345647,1.7593345652345647,2.9365910069479066,0.0,0.0,0.0,0.0019131628384503757,0.0,0.0,0.0,1.7735764021538818,1.7735764021538818,2.913034200770383,0.0,0.0,0.0,0.0018905690487195839,0.0,0.0,0.0,0.3367885446867315,0,HH,41
3.63207727782644e-18,0.4079068415863333,0.4079068415863333,4.080833491677948,7.26928710428156,-0.1592509718372297,9.615165517895077,10.004327154229017,21.757805817539957,1.6313274006848881,16.320333012109668,0.004012379656899531,0.03230978935720312,0.036761363635638006,0.04498146885379881,0.04293232151218497,13492.934985281301,7.290485447352637,25562.5,3296.875,9.161985347837813,53.664164080534164,82.0826419007034,32.06133166059289,32.27606004337309,26.195895579137904,60.97934189117084,24.281731933504236,0.0,0.0,314.6666886899425,0.19873535124072633,2.792531853019857,1.0647237440053288,1.7574104404689808,1.7574104404689808,3.0050756872560145,0.0,0.0,0.0,0.001981118922720249,0.0,0.0,0.0,1.7627235556922125,1.7627235556922125,2.7522931256554624,0.0,0.0,0.0,0.0019706866449812174,0.0,0.0,0.0,0.3516967254101828,0,HH,42
-4.7704895589362195e-18,0.41012397221876246,0.41012397221876246,3.1857807166237615,6.231689448809821,0.02363129077567684,9.051633588524725,7.76784809575688,16.901197941334026,1.6306947186239185,12.666988864823606,0.004723429601904865,0.03382247750897567,0.03562896451390992,0.05099048100156357,0.04613493791120442,13628.439961099815,7.3156288066579584,25203.125,3296.875,7.543028584992235,74.48122829968315,90.69285544314204,12.842825506833451,49.50946789009174,24.391652934218552,37.102977986898374,71.70183565632014,0.0,0.0,348.70926482200605,0.2005403892713698,3.56175609205245,1.2268907261727298,1.7689310532875602,1.7689310532875602,2.883297276568161,0.0,0.0,0.0,0.0019149575965693656,0.0,0.0,0.0,1.7543060784003603,1.7543060784003603,2.8999172474010497,0.0,0.0,0.0,0.0019409634044613867,0.0,0.0,0.0,0.3154410722782724,0,HH,43
-6.288372600415926e-18,0.41869477487187406,0.41869477487187406,3.187019003117964,6.231689448809821,0.033271231038630174,9.191751185064005,7.611795499700784,16.75395536623848,1.6445487789736142,12.517968994829776,0.003815008921280185,0.03145179252880096,0.04218932577351084,0.049759997730607144,0.048820993528620335,13746.019476981777,7.3055982587934984,25265.625,3281.25,11.058775125562429,50.293566325292176,86.22640002640753,50.38721437998623,41.3642088200128,23.55479891946306,27.88740786487462,82.48436774487865,0.0,0.0,316.08783347006363,0.20835907837217774,4.406759313481435,1.3250179587244522,1.7778983797926649,1.7778983797926649,3.0231404002696842,0.0,0.0,0.0,0.0019342891069743572,0.0,0.0,0.0,1.7598582177669935,1.7598582177669935,2.8320355033492652,0.0,0.0,0.0,0.0019319250495884233,0.0,0.0,0.0,0.2509036590639689,0,HH,44
-2.0599841277224584e-18,0.4055799362005808,0.4055799362005808,2.646438403619674,5.21545409856396,-0.1788102944970738,7.888343187408097,6.5250722913247605,13.865594609644827,1.6063677338877163,10.481665590068884,0.003787759859003393,0.029702146549818002,0.0436939418020795,0.03691159579184827,0.04623953490955743,13536.963157861102,7.259603351159825,25718.75,3281.25,11.535562817343008,20.84322368091777,44.505112610036335,81.15012194225363,20.577752718612448,84.58681041074043,53.879600779729905,20.380668197759952,0.0,0.0,317.24592878835927,0.20129116147886783,2.8656433075823093,1.32731311945791,1.7696608545254549,1.7696608545254549,3.0446417917123862,0.0,0.0,0.0,0.001966843624617486,0.0,0.0,0.0,1.7720900180439585,1.7720900180439585,2.816473424704734,0.0,0.0,0.0,0.0019589064948395104,0.0,0.0,0.0,0.3115679606756704,0,HH,45
-3.0357660829594124e-18,0.41001470718154936,0.41001470718154936,4.216964167545289,8.175659174414399,-0.20640807826468685,11.375458496926594,10.284909525643112,23.152699997587742,1.6746566444674946,17.223692074865266,0.004614183049215369,0.02915857640126214,0.04599239529324106,0.0414116180387636,0.054297776774828554,14084.049923896155,7.29918173762993,25890.625,5953.125,9.967613940043915,62.47351443421216,99.66096648958525,61.14296683581395,49.61506764497746,85.37453316007462,51.28353707460277,104.35559245115344,0.0,0.0,353.5955682672961,0.20627804189485324,5.236088818549607,1.6794038144531362,1.7581821574339322,1.7581821574339322,2.915909477516286,0.0,0.0,0.0,0.001923266136829897,0.0,0.0,0.0,1.7735653360301151,1.7735653360301151,2.8104784507469986,0.0,0.0,0.0,0.0019056624622035808,0.0,0.0,0.0,0.26555899216290596,0,HH,46
4.9873299934333204e-18,0.43040689109830355,0.43040689109830355,4.21838275809017,8.175659174414399,-0.16769471096381128,11.250758345036687,9.800918259755989,22.647253711273834,1.7034228821958073,16.69510843019906,0.0054003121367137905,0.03166479468661523,0.04896778201685712,0.04701821120169856,0.055608887980730964,13853.37655837607,7.261578223061893,25718.75,5937.5,9.067583644820115,84.47781459813154,107.52755494164059,12.975841415529391,1.2123324025099236,47.948654171733665,63.58841442363004,116.57865268162114,0.0,0.0,276.7648433705076,0.21803855810697417,5.661070604972162,1.6726207705735572,1.7588803955400394,1.7588803955400394,2.9759951739863,0.0,0.0,0.0,0.0020180529548275736,0.0,0.0,0.0,1.7633691675156997,1.7633691675156997,2.7807321097174023,0.0,0.0,0.0,0.0019752617206054415,0.0,0.0,0.0,0.288508680948311,0,HH,47
-5.637851296924623e-18,0.39866966555031524,0.39866966555031524,2.9626872374430504,5.51147460608009,-0.0351607056873183,9.019284860464856,7.431433824676425,15.995295511413362,1.6252876815036192,12.07821785115592,0.005152524874328555,0.027655291537937852,0.042158350074550835,0.039474854707170784,0.041980959822840225,13335.290854361117,7.1745405021182975,25468.75,5937.5,8.182075990824318,74.02737883734339,5.667449485690432,71.36473728719328,15.83719843078264,21.725981616818537,61.821968018679726,49.98683230451267,0.0,0.0,249.1897384640723,0.20303077393291308,4.204208481386054,1.4776584014773704,1.7705238761898774,1.7705238761898774,2.920280449918237,0.0,0.0,0.0,0.0019309064697644103,0.0,0.0,0.0,1.7555953869206748,1.7555953869206748,2.8441912558358973,0.0,0.0,0.0,0.001958591403299957,0.0,0.0,0.0,0.33521368809286844,0,HH,48
6.071532165918825e-18,0.389211731660031,0.389211731660031,3.434346613997713,6.64062499512022,-0.04823453448225159,10.742627964287628,8.82385173578876,19.530864496808146,1.6553569263307286,14.606624087753344,0.0044079958801614295,0.029542598653500653,0.03582550191592559,0.04361546288089317,0.04539159306848985,13908.853205724026,7.2989321350898,26203.125,3265.625,8.12739006155473,55.77475159988789,75.51471187440569,68.003279135755,50.934153295971896,28.481746356677657,26.653159669840267,63.31516793640413,0.0,0.0,336.072524129512,0.19983102949783757,5.80991002641567,1.3843091575926278,1.7774550011998247,1.7774550011998247,2.881152905295916,0.0,0.0,0.0,0.0019329970889981828,0.0,0.0,0.0,1.7611293126691656,1.7611293126691656,2.7567105944696904,0.0,0.0,0.0,0.00196507565820978,0.0,0.0,0.0,0.3476619627198375,0,HH,49
2.168404344971009e-19,0.4074396815346608,0.4074396815346608,3.533999619532168,6.74438476067665,0.17389463042746817,11.233784431274822,8.67367558854606,19.641603644984457,1.6813850433701174,14.583788405625844,0.0034361155643811755,0.026743187965491497,0.03707525995548371,0.043432060402338525,0.04687048292009008,14086.44932923753,7.30562866443315,26140.625,5812.5,10.789875733231014,20.12831168780428,26.947399192424207,60.497428124307405,17.505910925790978,17.56884619648519,65.49236973189991,59.38087445494918,0.0,0.0,338.18099517074035,0.20719821171473707,5.057733555668044,1.3739468551906457,1.769383911432044,1.769383911432044,3.091319871466067,0.0,0.0,0.0,0.001964264104037162,0.0,0.0,0.0,1.7719065180073559,1.7719065180073559,2.8625119084559194,0.0,0.0,0.0,0.0019347012450589502,0.0,0.0,0.0,0.2917791748343006,0,HH,50
-1.734723475976807e-18,0.38853052194500737,0.38853052194500737,3.5341154760592475,6.5521240186766505,0.2009650851873872,10.069693066656146,9.096107709549434,19.640435423086927,1.62915615509758,14.818979862443012,0.0038617617165185173,0.02455512397723557,0.03683803808627789,0.033527105953760655,0.04170080223885977,13687.780601202152,7.235475489170015,25968.75,5812.5,9.53917946805615,41.32983252996782,31.510439294777072,17.727667435902127,96.29620289640836,19.028383700383653,22.369498872674527,26.553761026184496,0.0,0.0,285.86980033537327,0.19390117357519626,3.2701326099715295,1.1512957067749157,1.7583627737872376,1.7583627737872376,3.0328113437407977,0.0,0.0,0.0,0.0018871066088116395,0.0,0.0,0.0,1.7717161719527972,1.7717161719527972,2.860810301424267,0.0,0.0,0.0,0.0018409482382701617,0.0,0.0,0.0,0.29999695495565076,0,HH,51
-4.7704895589362195e-18,0.39950918696160476,0.39950918696160476,4.566138979602234,7.58972167451547,-0.1865242426648994,11.557806010408548,11.429371660584785,25.140211038981004,1.6511070575966655,18.87111621268686,0.005931912361692727,0.030648242041298204,0.04396381873905526,0.04128656398269214,0.05384906694563832,13889.511347963178,7.279622241773609,26453.125,6078.125,7.411407325495005,37.21575574274117,106.67798213528289,49.44059327607806,103.89243571131601,34.654479477153814,59.1117725554698,101.62674739439669,0.0,0.0,334.64781258853134,0.20839488505706175,5.2869763876243745,1.645040045059613,1.760855767408034,1.760855767408034,2.8169710083629016,0.0,0.0,0.0,0.0019664868007733035,0.0,0.0,0.0,1.7617251696099683,1.7617251696099683,2.77010854294973,0.0,0.0,0.0,0.001948073930222304,0.0,0.0,0.0,0.33020979279026,0,HH,52
-8.023096076392733e-18,0.41726866437623517,0.41726866437623517,4.567198079632524,7.58972167451547,-0.07773431354855855,10.328071189706803,10.945461448584734,24.250542399051316,1.654479680562853,18.109043561067494,0.006756841332510493,0.033665628554897783,0.04850393583633821,0.04329100466405927,0.05864452039076157,13801.204310996025,7.295761137892248,26546.875,3281.25,7.178492648004532,54.16764441327586,62.367019980210536,19.841093165298616,69.35325188034022,7.069880189923632,60.89892770095603,143.34291757711998,0.0,0.0,379.4566394726303,0.21765722941931936,3.8827638953891146,1.6312230499921705,1.7723657434584486,1.7723657434584486,2.9361532874192195,0.0,0.0,0.0,0.0019304120361791,0.0,0.0,0.0,1.753235567645809,1.753235567645809,2.836428252434006,0.0,0.0,0.0,0.0019314834226039472,0.0,0.0,0.0,0.3497575207697731,0,HH,53
7.047314121155779e-18,0.3991862959689002,0.3991862959689002,2.653911335517732,5.249023434047819,-0.0656242958187601,7.744989053292869,6.648302715593456,14.048173753742175,1.5971965773533643,10.618646342554944,0.00483355146475206,0.031192403640537932,0.04384206414907969,0.03788570518503729,0.047214181442757075,13445.991314956585,7.2608615333292885,26062.5,3281.25,9.07036253978486,24.200077116252935,81.02930993628578,93.42839106658168,82.1878945292094,71.50674871882347,19.819474291758684,60.619374041471836,0.0,0.0,336.54796155352415,0.20638178262968163,2.4961515921117545,1.1478685083448434,1.7775519422599135,1.7775519422599135,2.9489096227385394,0.0,0.0,0.0,0.0019390859050135113,0.0,0.0,0.0,1.7597056051568984,1.7597056051568984,2.7254910912627714,0.0,0.0,0.0,0.0019261528955803026,0.0,0.0,0.0,0.28969561973368535,0,HH,54
-1.0842021724855044e-18,0.42117636940688374,0.42117636940688374,4.910415035290725,8.14819335405978,-0.25524019240143186,10.365607456867515,11.65880944889134,24.857967822082667,1.6091785192970125,18.761105725732982,0.003547987822676849,0.03475620294982299,0.04521132345644355,0.04534594424221886,0.05067802514162069,13579.055745609487,7.247351888968677,25468.75,3375.0,12.742806825529117,15.797155314988373,36.35088134613852,25.003663022379484,41.263731342761226,116.45164483203762,15.049662983303579,7.1522794341191736,0.0,0.0,340.16738827156263,0.2158651843441085,4.655483175074583,1.5565324197411061,1.7691292542799384,1.7691292542799384,2.890553195552085,0.0,0.0,0.0,0.0019488680113957035,0.0,0.0,0.0,1.7727169051310971,1.7727169051310971,2.7978249445232284,0.0,0.0,0.0,0.0019470967290271565,0.0,0.0,0.0,0.2810056033046612,0,HH,55
-2.3852447794681098e-18,0.4168646702022022,0.4168646702022022,4.908677932426661,8.14819335405978,-0.300048233373423,11.661511344127005,11.775231347971234,26.021625411727097,1.6545658975135127,19.482896223685277,0.0038489062410925414,0.03223004854446742,0.04365530312173645,0.04449611262537559,0.0550327190322798,13969.153562704552,7.287375284727822,25625.0,3375.0,11.342262028706186,44.18574240752568,32.33935227276485,58.65010110638894,26.29666505939133,50.329594164732946,17.332242326130945,6.598340049026894,0.0,0.0,371.4001814237348,0.21193053262620115,5.316906010546159,1.5707881855434838,1.758404382679454,1.7584043826794538,2.8427876279719713,0.0,0.0,0.0,0.0018952713966527116,0.0,0.0,0.0,1.7715908100477438,1.7715908100477438,2.8003411166769605,0.0,0.0,0.0,0.0018734827270503753,0.0,0.0,0.0,0.3653926626550363,0,HH,56
-3.0357660829594124e-18,0.3899573953561016,0.3899573953561016,2.948821334480291,5.7128906216244,-0.14379474336541648,8.736812857802738,7.561906427720096,16.03601718293314,1.606669996740934,12.149488175580293,0.004096923102885912,0.03258098303389986,0.04190822594964777,0.03559790243449241,0.04733767791755564,13482.800382165651,7.231235907905166,25718.75,3390.625,10.2291951513315,23.064827398588562,39.46751646069462,47.80703828963621,68.31129183933953,91.53259936369875,12.274230766539745,42.22063977022444,0.0,0.0,308.9956121885087,0.20292509454377317,3.1880719189190367,1.3011317319514286,1.761986643731483,1.761986643731483,2.8927440623801757,0.0,0.0,0.0,0.0019988061077469968,0.0,0.0,0.0,1.7598965517843643,1.7598965517843643,2.7203364949205247,0.0,0.0,0.0,0.0019357434920949362,0.0,0.0,0.0,0.2774701893601883,0,HH,57
-2.8189256484623115e-18,0.4143355622584461,0.4143355622584461,3.5212609893940185,6.423950191096139,-0.023556932860369004,8.968864396873522,8.49857292046198,18.561511989298012,1.6343623403916607,13.889747528275432,0.0048409873243450505,0.03556850760860975,0.04277180903597241,0.035929523717000034,0.049619203726620945,13522.709771064227,7.224775097566498,26703.125,3375.0,8.83534827948011,19.95286449493021,104.65545147754516,53.19447757704719,26.40109919087338,129.42919299789187,27.54170726000182,36.607640310624674,0.0,0.0,330.0159548323052,0.21932732178456804,3.5380385935902563,1.330395574235046,1.7736084983865914,1.7736084983865914,2.8643963893206337,0.0,0.0,0.0,0.0019463472161333549,0.0,0.0,0.0,1.7539549004001616,1.7539549004001616,2.8664574378035166,0.0,0.0,0.0,0.0019138107894878247,0.0,0.0,0.0,0.28477124377762847,0,HH,58
2.168404344971009e-18,0.4077113391890867,0.4077113391890867,3.5205975151921605,6.5673828081888495,0.0003813969354189087,10.702227646214295,8.635024775603291,19.84196949378247,1.696561260912221,14.649848521305787,0.004666067700051662,0.025999912052838525,0.04017312278350213,0.04261033039638237,0.050821787676442576,14295.56867902901,7.334088932591509,26453.125,7750.0,8.609631354994637,3.405628147394086,67.06890879343509,57.40078983550646,48.960745231811345,50.45336735713546,45.07762968812455,68.92337464529012,0.0,0.0,373.0021961853748,0.21093805021414916,5.509532359216184,1.348144394433795,1.7758154913374824,1.7758154913374826,2.840757184833579,0.0,0.0,0.0,0.0019433287043998245,0.0,0.0,0.0,1.7629863514935622,1.7629863514935622,2.818130132903857,0.0,0.0,0.0,0.0019339787544997008,0.0,0.0,0.0,0.3001499951405403,0,HH,59
-3.469446951953614e-18,0.39080877086667043,0.39080877086667043,3.0439712087076027,5.89294433218885,-0.03496205756336307,9.444724499257271,7.788901978727836,16.921391371410664,1.631616131171613,12.708498112606835,0.004689023530577281,0.027153825230542196,0.036452828259754835,0.04628917727547037,0.04591075884072346,13993.666795462523,7.303164320219932,25984.375,3406.25,7.774076631151588,4.6525921426526695,24.910939691615845,35.64481838921139,24.14361474942651,24.69834069323134,43.65795515685763,67.44523336454024,0.0,0.0,275.93263779360535,0.19278975763120038,4.126654185923749,1.2363424704927044,1.7662561058232638,1.7662561058232638,2.7841293539263052,0.0,0.0,0.0,0.0019384028464321025,0.0,0.0,0.0,1.7726830761639616,1.7726830761639616,2.8531375151778544,0.0,0.0,0.0,0.001943709926296913,0.0,0.0,0.0,0.3386891195248301,0,HH,60
2.168404344971009e-18,0.6840508582673134,0.6840508582673134,6.337230648382375,12.31384276551071,-0.2778979307583486,11.585625034327762,9.264268251098242,21.323662147316522,1.6734949605223197,15.503706231139834,0.07014735894912652,0.09717421193676994,0.1918537956734736,0.06020743550442661,0.042898149220018694,8431.922379884503,6.107878450244093,13500.0,9953.125,2.735010961850725,755.0618159921493,700.561334518281,413.111045100526,653.8526628251338,160.05622129937822,77.55692589692937,489.5366942477748,0.0,0.0,630.0614213605708,0.5162997913014168,14.039951426043846,3.6738339276523972,1.7722341491361464,1.7722341491361464,2.73578531773322,0.0,0.0,0.0,0.0019207937636682416,0.0,0.0,0.0,1.7528512963460954,1.7528512963460954,2.939299385325377,0.0,0.0,0.0,0.0019114981936950413,0.0,0.0,0.0,0.15347785603054437,1,IR,0
5.9631119486702744e-18,0.6850142935580293,0.6850142935580293,7.0844378275535345,12.29248046045813,0.483512066450704,13.131135265242058,10.34202920169197,23.932799376731243,1.6812402763995615,17.387436033584944,0.08675904886906258,0.12711120552306965,0.20134494330850988,0.07316356840104887,0.04907315703418402,8165.968640139047,6.18962392637044,12593.75,9953.125,2.3207370980986717,521.8496586366022,711.0782568943337,364.98649089437805,609.9775701790073,248.07457003030024,22.402401588818464,591.3465243893505,0.0,0.0,322.1211778762238,0.5012493096525771,16.07138027104177,4.616882068267294,1.7777058379343968,1.7777058379343968,2.917275185500778,0.0,0.0,0.0,0.0018908231089024815,0.0,0.0,0.0,1.7595173322556017,1.7595173322556017,3.0058239132126845,0.0,0.0,0.0,0.0018455326708096205,0.0,0.0,0.0,0.16217491868918696,1,IR,1
1.5178830414797062e-18,0.740602376760223,0.740602376760223,7.0839039934490025,12.10632323445813,0.7077114790747117,11.950620110803959,9.565057061304143,22.52584976198653,1.6957453907273805,16.219901423750883,0.06145357548762089,0.1413721172431504,0.14692574017323975,0.0692486143133288,0.04494700398810331,8144.830782105942,6.3384623947636864,14062.5,9796.875,2.3908412001258643,793.7643351761214,829.3431793324368,579.9114606835799,801.9757384083009,351.53814369557097,44.394121767680645,504.20748412163755,0.0,0.0,776.4258718926739,0.5605988008193448,13.369042432268202,4.578798313761421,1.7709781770202107,1.7709781770202107,2.88936439075294,0.0,0.0,0.0,0.0019797839709369573,0.0,0.0,0.0,1.7724573575556055,1.7724573575556055,2.7254143268844944,0.0,0.0,0.0,0.0019180799781094307,0.0,0.0,0.0,0.18425004226828967,1,IR,2
-1.6263032587282567e-18,0.7236037221772273,0.7236037221772273,6.286012749683597,11.35253905492201,0.6012373193262346,11.357909053995515,8.687092889419946,20.40705280685011,1.6990515463497053,14.759818607052487,0.0607077803089697,0.18825470004405337,0.22819471845027023,0.09016434670956724,0.04175169513639369,7899.840602940978,6.071287193327092,10531.25,9765.625,3.7589040034922028,506.82987485862395,552.7043530522176,734.2105722907044,847.163813671447,456.6925107596774,131.85321262762488,552.0411829883318,0.0,0.0,609.1940553876774,0.5816091703364504,15.551427209156085,5.035855433156771,1.7590114615725179,1.7590114615725179,2.853543284398836,0.0,0.0,0.0,0.0018945958202335022,0.0,0.0,0.0,1.772923369868623,1.772923369868623,2.903720932965723,0.0,0.0,0.0,0.0018561037328327346,0.0,0.0,0.0,0.13986576559188654,1,IR,3
-7.806255641895632e-18,0.7201321024740202,0.7201321024740202,5.973577867969655,11.041259758252721,0.6129125927528444,9.560779180578757,8.29511397623766,18.418967175390126,1.636695595133364,13.57657650603738,0.044851408982344514,0.15116388452077703,0.18927392141020297,0.09523019464664473,0.047508033507057984,8657.978407911312,6.23837872217024,13000.0,9750.0,4.220021749606339,257.50183276657646,548.1694520858931,654.3798209647249,820.2488146830467,385.613317402036,76.77016667824059,255.0446464367734,0.0,0.0,539.2500502517681,0.5682754076100409,16.848367636536228,5.0177962236018665,1.7622172439660944,1.7622172439660944,2.9235487160897233,0.0,0.0,0.0,0.0019319435344737129,0.0,0.0,0.0,1.7609228273853905,1.7609228273853905,2.9453718807936697,0.0,0.0,0.0,0.0019220378714285796,0.0,0.0,0.0,0.19024871330516352,1,IR,4
3.686287386450715e-18,0.6434258919790801,0.6434258919790801,5.4972767793546575,9.243774407627829,0.7695417174878127,10.119042362273552,8.543760591364876,18.86600242631913,1.6312835838549953,13.937296397080768,0.03187845074551528,0.11541771937202853,0.14070468399763497,0.0789596675642838,0.04549310839405264,9019.326360742167,6.427868740361582,15781.25,1234.375,4.413786765124268,320.1772711689812,435.0040956576332,420.6208125064952,631.6591839039764,176.93239192912495,90.49845822176802,152.52351206287383,0.0,0.0,403.402436791415,0.4832575361900816,18.133703602866213,4.6396449200104435,1.7773851877997568,1.7773851877997568,2.9103992232421283,0.0,0.0,0.0,0.0019188449814791018,0.0,0.0,0.0,1.7547444758958803,1.7547444758958803,2.846083808299811,0.0,0.0,0.0,0.001911442869022215,0.0,0.0,0.0,0.20015863681994706,1,IR,5
-3.0357660829594124e-18,0.6096216664337192,0.6096216664337192,5.429563295231379,10.5773925707972,0.4576565026038592,10.231792162285522,8.906447382348254,19.51894034829089,1.6257063361495465,14.4792679420661,0.03126590170015114,0.10230492619849973,0.16292022992709398,0.07898212078490904,0.0447995298651575,9166.262004029966,6.422286357943976,14656.25,9812.5,5.2107958210939955,259.6989319473378,681.652340055281,364.851493559651,684.1717117532352,441.9431768768988,112.71087288151553,471.64525558644164,0.0,0.0,89.59024445616777,0.45563463104606566,15.028497194473537,3.8253168931912493,1.7800097939450803,1.7800097939450803,2.8792871744892787,0.0,0.0,0.0,0.0018706275510988804,0.0,0.0,0.0,1.7629137878070202,1.7629137878070202,2.9779409494437004,0.0,0.0,0.0,0.0018289552579545273,0.0,0.0,0.0,0.18718526011253447,1,IR,6
-3.469446951953614e-18,0.704505492801358,0.704505492801358,7.0976234927015565,12.469482413777051,-0.3935260847958959,12.560422637994163,10.074617678960806,23.25409480171452,1.6818512916097998,16.944008755835156,0.028516969890933726,0.07927197772769912,0.17187179387670487,0.07852593097236481,0.05093109323019786,9907.132540340903,6.419935765972519,17890.625,9843.75,6.0270005729227325,443.1500134869124,939.01046710329,408.2217639437443,949.8217591256949,501.5519267794993,223.35090047233584,624.4404494723236,0.0,0.0,322.72037990329807,0.5669242571193552,21.574707106983183,5.40909063726195,1.7691163957224292,1.7691163957224292,2.91893912484328,0.0,0.0,0.0,0.0019218802972286561,0.0,0.0,0.0,1.7748012380185652,1.7748012380185652,2.9447255599896893,0.0,0.0,0.0,0.0019257417503576182,0.0,0.0,0.0,0.2211289937469427,1,IR,7
-6.938893903907228e-18,0.6760355323282119,0.6760355323282119,7.0980802132944865,12.469482413777051,-0.7264421843986071,14.595885963418475,10.499566774026315,24.826376841151852,1.7150475952587498,18.0072567470525,0.06409340737333065,0.10073972822853428,0.23125745793564698,0.08055825687324313,0.04938067351848203,8839.799796837351,6.170562586960713,13000.0,1234.375,3.608131747232795,561.3536474315307,778.7525555031278,510.96320002287285,763.5886698436792,269.62775826222156,5.443795606056215,527.0513381082176,0.0,0.0,486.1438329490088,0.5418548147510028,27.35401159845336,5.454791069033037,1.7590662577026752,1.7590662577026752,2.9826933914102476,0.0,0.0,0.0,0.0018459356268070055,0.0,0.0,0.0,1.7725124177877294,1.7725124177877294,2.8539297995473474,0.0,0.0,0.0,0.0018951594789746616,0.0,0.0,0.0,0.1877000404845718,1,IR,8
3.0357660829594124e-18,0.683546977689604,0.683546977689604,6.341576199845463,11.35864257095052,-0.5103290729794646,12.613558522730656,9.277454815585692,21.454097833024772,1.6871041183619946,15.65203222729194,0.061112239636291144,0.09049059926477859,0.1765896535548837,0.06387655726383415,0.045452556583787065,8751.174843640161,6.298070497644812,14750.0,1234.375,2.8895955147932,691.3175713789044,791.83269721718,403.63450589876015,736.7441931341978,291.7578781329677,58.74332823455188,567.2871026830401,0.0,0.0,873.0744026239336,0.5178035791681269,20.155472553343905,4.823671997230611,1.7671471204786167,1.7671471204786167,2.86737752255733,0.0,0.0,0.0,0.0019108146110524628,0.0,0.0,0.0,1.7590886203873266,1.7590886203873266,2.9031060578097425,0.0,0.0,0.0,0.0019504481548256437,0.0,0.0,0.0,0.1848549120806234,1,IR,9
-3.903127820947816e-18,0.6825031387059897,0.6825031387059897,7.991646224939238,14.33410643617163,0.0035195624667433757,14.694664837707045,11.709317908912794,27.586140077969283,1.712164048759907,20.04827315914102,0.0779736334747467,0.12102076054232926,0.13226750766153073,0.05265077866612834,0.050266092971885085,8003.157341798311,6.3517406497810995,16375.0,1234.375,1.6963106856200545,688.2508307016757,680.9692237347731,423.5992698357204,495.01627992713406,135.35289249911756,102.33312207178157,382.8530977005487,0.0,0.0,934.7154395644967,0.5003911121852721,22.08230643166707,4.82981414592718,1.7809262653406202,1.7809262653406202,2.907897765375528,0.0,0.0,0.0,0.0019274352270597702,0.0,0.0,0.0,1.7558567112982608,1.7558567112982608,2.8224247607534974,0.0,0.0,0.0,0.0019361610488851334,0.0,0.0,0.0,0.1765805256180931,1,IR,10
7.806255641895632e-18,0.6819170798803235,0.6819170798803235,7.992284367162855,13.653564444171629,0.6717225168950494,14.220002791415869,11.72031703409673,26.76451432790621,1.6700761686776897,19.57382216799213,0.08865998608761591,0.14486729695981626,0.15243987885458954,0.06457274107698002,0.047800172223592494,7716.840377462622,6.205873460792394,13500.0,1234.375,1.7193763001747533,536.6260175539034,619.8684237934481,395.6696876171123,636.5532169543519,350.487717566634,121.68087135228264,617.1019917370764,0.0,0.0,599.7019152724839,0.48853138072652874,19.459321299247136,4.639856001485158,1.779401166753119,1.779401166753119,2.9879171857058977,0.0,0.0,0.0,0.00191490601710837,0.0,0.0,0.0,1.7667687576689173,1.7667687576689173,2.88324380143614,0.0,0.0,0.0,0.001905099441132983,0.0,0.0,0.0,0.16523587578672064,1,IR,11
4.336808689942018e-19,0.7509352041499245,0.7509352041499245,7.392227644801065,13.05236815550645,0.6543834355736977,10.669491969967472,9.844028624505935,22.908505773099243,1.6754880874528655,16.49355269290471,0.05362078110896067,0.16611045235272753,0.18811034647357716,0.08801145652103139,0.048424955255218984,8287.98417994711,6.15505350551876,11953.125,1234.375,3.508161249792639,705.5011265510458,797.1975059107067,600.9370301591674,845.5001535465607,382.7656665736869,113.1313787402858,649.4110888651805,0.0,0.0,363.2586692899306,0.5781357240843222,12.875493371621957,4.586891656501974,1.7682165731813362,1.7682165731813362,2.945343041649125,0.0,0.0,0.0,0.001987394867220026,0.0,0.0,0.0,1.7754900743100015,1.7754900743100015,2.763655418354076,0.0,0.0,0.0,0.001965979462791274,0.0,0.0,0.0,0.18317215960260522,1,IR,12
-3.469446951953614e-18,0.7336343344141015,0.7336343344141015,6.64289742269059,10.94665526574854,0.8938898074005657,10.975959073608857,9.054779896575821,21.453899890913515,1.6996047251691992,15.389546697587338,0.05663481205012436,0.20669884354451468,0.23038303419470155,0.12494324187599395,0.05367374402630362,8200.117018104263,6.159682920982352,11500.0,1234.375,4.067869669748958,450.629630566762,653.3965319716593,667.4306589849118,810.4620217424481,255.48618119254502,26.06534941167153,348.0037143163834,0.0,0.0,471.06945159949106,0.5673099597896534,15.327869183394661,4.971028880961079,1.7610430439902678,1.7610430439902678,2.9248430406182258,0.0,0.0,0.0,0.0019230451533203288,0.0,0.0,0.0,1.7708845037017895,1.7708845037017895,2.7583572976780637,0.0,0.0,0.0,0.0018910747855070617,0.0,0.0,0.0,0.187730007880691,1,IR,13
-1.0299920638612292e-17,0.7174214586379912,0.7174214586379912,7.199189807184538,12.060546867256491,0.9536591996870651,12.552900641993544,10.03481248087009,22.50577348897756,1.6553216709237888,16.610842563240766,0.036600284548879605,0.14260159256278485,0.16437916096316602,0.10090037133269356,0.04615653816323004,8711.663914532943,6.288253206906061,14765.625,1234.375,4.491198988880723,420.73787784378186,637.0796871260017,629.5914810096195,809.524899007487,255.51735951606278,3.8173924991005634,279.62165632457715,0.0,0.0,708.534018817701,0.5490271417708896,18.62685455401802,4.95425815728722,1.7684372297976403,1.7684372297976403,2.8592114402318103,0.0,0.0,0.0,0.001977566148563038,0.0,0.0,0.0,1.7584268547613855,1.7584268547613855,2.903010038105056,0.0,0.0,0.0,0.0019622371120512514,0.0,0.0,0.0,0.18643135055121016,1,IR,14
-6.938893903907228e-18,0.6333664496259525,0.6333664496259525,7.195086027396061,12.060546867256491,0.9839711684047032,14.594069625049599,11.360068143245142,25.418667654620453,1.6599724733840606,18.85740041355411,0.02894946080360434,0.11917065251249233,0.14946454353349825,0.0737629358022915,0.04334159729673423,8941.455741865937,6.410017674424552,15171.875,1234.375,5.1629474048693265,300.06871412850904,519.2374587010919,427.45080237720924,724.7645922386326,262.14450830908305,97.68655661918828,337.9060388616282,0.0,0.0,722.3994746429263,0.4874349080128434,21.784973393462614,4.99290243253782,1.7805327465245087,1.7805327465245087,2.899917162860096,0.0,0.0,0.0,0.001942314333060197,0.0,0.0,0.0,1.7556843227448231,1.7556843227448231,2.858495080206415,0.0,0.0,0.0,0.001955276408846228,0.0,0.0,0.0,0.161822266343278,1,IR,15
7.806255641895632e-18,0.6344715110000297,0.6344715110000297,6.0538656969583755,11.004638664325292,0.2015232593325267,9.98010029996294,9.541587907416842,20.842272452148066,1.62380666758304,15.493694063393173,0.033332490188559695,0.10584306895532031,0.18903424156233378,0.09325433533085019,0.049091100775664274,9416.894138280899,6.444906924379588,15375.0,9921.875,5.671170695237842,247.070389783541,652.5984893818472,275.75188546461806,699.9137721740806,390.2453236569111,86.92238279339017,388.811000127505,0.0,0.0,500.02026640887357,0.4764167495855628,17.648600632560807,4.210773636596217,1.7793093699758455,1.7793093699758458,3.0570391903937235,0.0,0.0,0.0,0.0019065360324586461,0.0,0.0,0.0,1.7675753909779681,1.7675753909779681,2.915879545056449,0.0,0.0,0.0,0.0019047925831690718,0.0,0.0,0.0,0.1618574345713935,1,IR,16
4.336808689942018e-18,0.6827376523463199,0.6827376523463199,5.934929471205893,10.226440422865998,-0.42028378420060636,8.800477390729453,8.692840435575377,18.805639291943333,1.608787360490766,13.984931819516712,0.03412199233488977,0.0728067193159841,0.16385517937857816,0.07973855975945085,0.045826047310602774,9652.125389761526,6.522149011397859,17078.125,9921.875,4.802040213995184,535.0309073203028,835.7897991791249,450.57183798257347,707.5810198447153,339.24748379273456,99.99946232602991,448.93755635939027,0.0,0.0,747.7119398534171,0.5099151589212475,14.141432012551114,4.028707601766268,1.767620915344757,1.767620915344757,3.0147514221467073,0.0,0.0,0.0,0.001984463253254532,0.0,0.0,0.0,1.775954558322118,1.775954558322118,2.7773676564410814,0.0,0.0,0.0,0.0019576917658930214,0.0,0.0,0.0,0.1470264330344078,1,IR,17
-4.336808689942018e-19,0.6510053012296949,0.6510053012296949,6.39262385242679,10.75744628193856,-0.6831041235447345,11.803484313783063,9.819618734826975,21.76600299785347,1.6395278740765258,16.099538628552892,0.07808793681676685,0.09767764543204588,0.23033179431481565,0.09696957098498747,0.04244049585615721,8435.608354803786,6.017355939675507,10937.5,9890.625,2.94964630519486,645.8024812340516,677.1951891369764,389.9691884648974,581.5075995317848,206.8277601161659,31.4691538554384,501.3951936606898,0.0,0.0,567.459207909802,0.4838086289444066,18.79212464661228,4.095750654155374,1.7608485397572156,1.7608485397572156,2.8195733628026036,0.0,0.0,0.0,0.0019403668294671206,0.0,0.0,0.0,1.7691187772828294,1.7691187772828294,2.7544739877248197,0.0,0.0,0.0,0.0018958036694415354,0.0,0.0,0.0,0.14927989958100119,1,IR,18
-1.734723475976807e-18,0.7136405782990769,0.7136405782990769,6.386772911486711,11.73706053910367,-0.19782567456376174,10.591045466714148,8.949565237320492,20.064583765276904,1.643898499127696,14.712176861476557,0.07345838189026785,0.08735029148549155,0.21241239344569163,0.10042003778798946,0.05059345998641493,9040.77765740737,6.19330193022766,14656.25,9906.25,2.8916018564103645,661.7963724474318,853.8335147802173,305.5792380442193,670.4656104978551,272.85071289839834,42.565368435691425,670.1710333198963,0.0,0.0,238.19263764772396,0.525020297400392,15.094434094280928,4.057504941629938,1.7686899693433469,1.7686899693433469,2.8850572349810113,0.0,0.0,0.0,0.0019863699480747797,0.0,0.0,0.0,1.7572772289693739,1.7572772289693739,2.8094571334357408,0.0,0.0,0.0,0.0019724720754973335,0.0,0.0,0.0,0.17528848013625833,1,IR,19
1.734723475976807e-18,0.6670835415085097,0.6670835415085097,6.167677785850179,12.26806639831317,0.2716288975286626,11.206384478816561,9.24573520717195,20.935004890834502,1.6554885198597529,15.306208493136298,0.06619967928940212,0.12251089643261714,0.11712635428916554,0.06714088095350779,0.047726490977492306,8311.791134964704,6.463025984552827,16640.625,1234.375,1.7692888476900361,589.4181787043196,625.0083100763226,290.38403358887933,540.4430909805071,90.42968035195871,74.95244214024474,448.53138889285464,0.0,0.0,430.8256430683695,0.4743298025449961,16.355243920351736,3.667817260171264,1.7799364676328564,1.7799364676328564,2.9227439041956966,0.0,0.0,0.0,0.0019595445019452437,0.0,0.0,0.0,1.7555190853209826,1.7555190853209826,2.73460256718129,0.0,0.0,0.0,0.001974451497467988,0.0,0.0,0.0,0.1788980085136792,1,IR,20
2.9815559743351372e-18,0.6669977785617242,0.6669977785617242,7.7058769711592,12.82653807722815,0.7055430321863003,14.476588723926547,11.553077414704008,26.700952048973157,1.6835707895532204,19.450423664842706,0.07272869210244984,0.14732747962844625,0.12744461527563394,0.06366031442574602,0.042228233107540855,7681.515956568103,6.251831445932819,12640.625,1250.0,1.7523292608418664,630.0191293832015,513.0284677155832,378.13977856761005,598.2214537266093,356.25482489882285,138.66942301957206,491.5666013166438,0.0,0.0,743.6106163880545,0.4879935394769599,19.362119530663406,4.642632007918382,1.7780142781791632,1.7780142781791632,2.9258014661939242,0.0,0.0,0.0,0.0019474626264484153,0.0,0.0,0.0,1.7666223698863768,1.7666223698863768,2.7192067150626884,0.0,0.0,0.0,0.0019290098583675528,0.0,0.0,0.0,0.1565425172270937,1,IR,21
-2.6020852139652106e-18,0.7522453614416199,0.7522453614416199,7.708321879180441,12.82653807722815,0.7340454266921241,11.821732538478129,10.247084627292404,24.046573422428988,1.6892801589580488,17.31019674804909,0.052040890986848574,0.14696636728909612,0.1840091171967455,0.0784798200953081,0.04780189863554499,8414.45423616707,6.1747914009290055,12281.25,9843.75,3.53585639492051,693.7054180425096,654.1896956409796,649.7174255764177,863.9372473443883,371.08781879497883,60.04742635215944,490.1866943745396,0.0,0.0,727.2126523802694,0.5840599138284542,13.133706799991852,4.570510737419772,1.7662903156112937,1.7662903156112937,3.0133358545461655,0.0,0.0,0.0,0.001976711487900542,0.0,0.0,0.0,1.7751540646143344,1.7751540646143344,2.692964820305239,0.0,0.0,0.0,0.0020039884174371542,0.0,0.0,0.0,0.16351269519791645,1,IR,22
-5.421010862427522e-19,0.7177995692229041,0.7177995692229041,6.256733458077305,10.25085448562766,0.8320552780012976,9.5952217295974,8.716546688445213,20.41506437159676,1.6790428047440207,14.635454999449255,0.05748435264863312,0.1786489351084954,0.2070705652292285,0.08737101716516671,0.04787449126951133,8029.025717215035,6.1275039281166865,10687.5,9859.375,3.6022074822921413,252.34806224546114,498.06717737242997,770.9841337115973,827.5162027872466,506.7457587946665,186.81504002316524,350.2597698988601,0.0,0.0,202.22567658735963,0.5869178126522313,11.57673383516602,4.219868694406156,1.7590357913093613,1.7590357913093613,3.0775753456534507,0.0,0.0,0.0,0.001887636575980017,0.0,0.0,0.0,1.769829602310445,1.769829602310445,2.7268188793348713,0.0,0.0,0.0,0.00192549645776174,0.0,0.0,0.0,0.14839622929036952,1,IR,23
5.637851296924623e-18,0.6921180225420279,0.6921180225420279,6.2207844067222275,9.884643548091379,0.8215241448874558,9.60182816465505,8.98803990665404,20.098591725166493,1.6355741818261218,14.700606016546214,0.036036477126915184,0.12451684143178168,0.12984199301252264,0.06854125362460767,0.04331273075446278,8652.424269099327,6.366193073126027,15203.125,9890.625,3.6030712034263264,175.21020460579396,579.4360884740311,682.9549066932883,702.8939391839293,188.3560334183712,81.12571739212528,232.7593085504343,0.0,0.0,549.1289135343501,0.5479447793639263,12.851901946024649,4.173683651830784,1.7681807241311003,1.7681807241311003,2.9018003822683225,0.0,0.0,0.0,0.001986412560465631,0.0,0.0,0.0,1.7583353580353929,1.7583353580353929,2.9146907404951765,0.0,0.0,0.0,0.0019502563338182994,0.0,0.0,0.0,0.13687821187586072,1,IR,24
-2.168404344971009e-18,0.6112068973654344,0.6112068973654344,6.21865018791231,9.63439940809138,0.7634603737109458,11.24800569518842,10.174378291078481,22.040029516942674,1.6189523172432523,16.47183331085095,0.026089707085492707,0.10599222814418804,0.1113692306520033,0.07038230034504832,0.04632441217268252,9195.411750499357,6.597424291332796,18078.125,1312.5,4.26870375672642,310.4427637466034,549.0975435902872,329.52317497848867,653.2123896386504,342.26668362890285,108.23912832159928,392.54650585665314,0.0,0.0,433.9494341809287,0.43363139898823866,18.220665233359792,4.214251600724954,1.779762797055152,1.779762797055152,2.8621394351951515,0.0,0.0,0.0,0.0019449906206107132,0.0,0.0,0.0,1.7559453839940886,1.7559453839940886,2.844051683420471,0.0,0.0,0.0,0.0019182841048115567,0.0,0.0,0.0,0.16377022708692604,1,IR,25
0.0,0.6194412605906302,0.6194412605906302,6.47856927947181,10.78491210191841,-0.40509901396145165,11.887613954578232,10.45873062006649,23.275464164186882,1.6487771241872435,17.244115794402294,0.0448212890126331,0.10367087150661647,0.17534012681828784,0.08326908864683906,0.04440694455326563,8938.827983773224,6.381532996121132,14265.625,9796.875,3.9119831374094436,315.83289311032865,702.0752807409682,176.2389211009485,672.1080131173173,309.88609076044,116.69775952395712,543.0890296029269,0.0,0.0,360.5057667410646,0.4671682165890396,23.082174292388967,4.9672376743659585,1.77723338815065,1.77723338815065,2.838322401863119,0.0,0.0,0.0,0.001891474323981892,0.0,0.0,0.0,1.7676791594346526,1.7676791594346526,2.9280046089438283,0.0,0.0,0.0,0.001873293228205951,0.0,0.0,0.0,0.17556168934116265,1,IR,26
-9.540979117872439e-18,0.7028809516055857,0.7028809516055857,6.482947985687373,10.78491210191841,-0.5096405628144822,10.742663701722737,9.223394048278621,21.053067036688965,1.6629670679667334,15.338200557167719,0.0495546708558606,0.07384435591060923,0.1981385677378074,0.07247226034372801,0.04395120386982938,9273.300943859775,6.311411867819398,14359.375,9796.875,3.9983832868173734,741.9128031138644,1032.200151212793,445.40986507038053,820.6766203699826,235.73457205693987,60.10584246761457,667.390666699625,0.0,0.0,845.3453002643553,0.5521605691463638,15.386862999495158,4.913051618621083,1.7665906236500255,1.7665906236500255,2.9489212256926645,0.0,0.0,0.0,0.0019928887316197413,0.0,0.0,0.0,1.7762329296322292,1.7762329296322292,2.967638230199964,0.0,0.0,0.0,0.0019412737709084736,0.0,0.0,0.0,0.21027717119081288,1,IR,27
7.806255641895632e-18,0.645146840059664,0.645146840059664,5.834665518120761,11.291503898401949,0.025991917172844037,10.594187255700156,9.043934118287185,19.813129802799015,1.6259667390025478,14.705136066065295,0.09046259797470865,0.09756293770420763,0.1439062349818836,0.0695075701054968,0.04861198449784701,8110.669235203061,6.349954540806332,15140.625,1234.375,1.590781584899052,416.2922613510574,677.6700820584265,290.24992407360304,510.1517015377092,137.2910140590855,106.62386354992397,454.7174241542105,0.0,0.0,692.3244568497992,0.4434586359228911,16.07816346782511,3.8499206401155863,1.761219562128484,1.761219562128484,2.983994610523686,0.0,0.0,0.0,0.0019199125646066032,0.0,0.0,0.0,1.7687865243577583,1.7687865243577583,2.9458330584320973,0.0,0.0,0.0,0.0018870463835667756,0.0,0.0,0.0,0.15969365761331958,1,IR,28
-6.288372600415926e-18,0.6394575692414451,0.6394575692414451,6.2615547287810545,10.36071776624863,0.6749038986094253,10.210407260289925,9.791978436049803,20.96112667493597,1.6003144554226982,15.670244638397845,0.08257460236832387,0.08824854398741434,0.0877101107388912,0.06153871776899539,0.04522263836746821,8119.575567678744,6.423500270306217,17484.375,1234.375,1.0621923475525588,301.07366445640616,568.2020918466236,297.28837555378016,517.2666945403797,233.40103280254655,89.6602363725644,459.78606074951114,0.0,0.0,416.3586028891744,0.40486057966627287,16.089639533987604,3.8596951824214694,1.7708261131163234,1.7708261131163234,2.91956846225542,0.0,0.0,0.0,0.0019619375976738353,0.0,0.0,0.0,1.7552326544069239,1.7552326544069239,2.9084919572118837,0.0,0.0,0.0,0.0019457471431310023,0.0,0.0,0.0,0.16478933410572713,1,IR,29
-6.288372600415926e-18,0.6516526562673434,0.6516526562673434,7.850338885955877,11.75537108551038,0.9321856002819322,12.999732804986934,12.046814833722156,27.000844251107942,1.6459674321211064,19.82866487710011,0.06861332124562969,0.13688882065693045,0.1302285421934784,0.0634773683344998,0.04531577544942862,7992.064195898722,6.324534066002478,14687.5,1234.375,1.8980066819003498,517.6060632069915,537.9798803435278,255.42341018220506,472.21587921435713,237.47414155980493,175.92647332669398,370.7036834827304,0.0,0.0,284.8956451256937,0.4509646260452767,21.243255096858405,4.928255186691644,1.781687843715669,1.781687843715669,2.8247971568219414,0.0,0.0,0.0,0.0019290020506385623,0.0,0.0,0.0,1.7563545353153658,1.7563545353153658,2.840608279379411,0.0,0.0,0.0,0.0019278623601856504,0.0,0.0,0.0,0.14495662694137743,1,IR,30
-3.0357660829594124e-18,0.7228891926840758,0.7228891926840758,7.850031549506045,12.71972655451038,0.7785146911916897,11.860837080867489,10.859245965981321,25.530305372635823,1.691381097847894,18.3671233637418,0.0732635622237234,0.18322387277441682,0.14028967208621132,0.0724427419556471,0.05019538075973246,7723.630660990245,6.3389532352542215,14062.5,1234.375,1.9148628298457127,555.5352807703271,569.1098778452427,534.2137360641154,843.1131844317805,408.55553517510356,82.18895003364008,674.2350383888199,0.0,0.0,425.88594926376624,0.5583739996793048,16.383693242278188,4.862797681919058,1.7762893192182618,1.7762893192182618,2.9573876408603055,0.0,0.0,0.0,0.001900879812933854,0.0,0.0,0.0,1.770381474155966,1.770381474155966,2.8945365598887594,0.0,0.0,0.0,0.0018914394526613804,0.0,0.0,0.0,0.14114862961599256,1,IR,31
2.168404344971009e-18,0.768451261509653,0.768451261509653,6.192797045787293,11.06567382122848,0.8239998585780356,10.008440486015811,8.058802628056458,18.96974105777103,1.6883104961558768,13.605761063396283,0.052185075929569995,0.17638495566721582,0.1363698703158413,0.07026333580329588,0.050032837627741536,7930.405329645844,6.292602632831738,14796.875,1234.375,2.613196740333876,610.5830499526202,701.5264440386441,782.1379529040618,938.0624871749576,302.29255920058506,50.11865169611535,495.41706616874615,0.0,0.0,720.0978813967545,0.5945266053568572,11.950141993231233,4.73760684707401,1.7651302319273672,1.7651302319273672,2.91767532151922,0.0,0.0,0.0,0.00195628017581224,0.0,0.0,0.0,1.7757787610789157,1.7757787610789157,2.6712890469143638,0.0,0.0,0.0,0.001947841435966058,0.0,0.0,0.0,0.17098644251678152,1,IR,32
-7.806255641895632e-18,0.6601534405745257,0.6601534405745257,6.193504105887152,10.00976561822848,1.0898125963730385,12.067994779232706,9.381915968652681,21.10965492680747,1.6522569724115386,15.501336073785547,0.05366220318876039,0.168253858130625,0.159368083028081,0.08226831166464085,0.04761118501479611,7907.426617965537,6.200355275221737,11609.375,1296.875,2.9698386118162774,407.62853144698596,377.7182859840684,538.9124460641534,666.4155353102327,329.63635806374566,56.494528128476304,273.38845321427715,0.0,0.0,577.8945860948254,0.4733637354933972,17.974386519293805,4.213693717692432,1.7630301155683856,1.7630301155683856,2.8853964969841592,0.0,0.0,0.0,0.0018915919515931471,0.0,0.0,0.0,1.7668208920625552,1.7668208920625552,2.9246491524071248,0.0,0.0,0.0,0.0018785261012881148,0.0,0.0,0.0,0.18222827568915978,1,IR,33
-2.168404344971009e-18,0.6229813984501139,0.6229813984501139,5.95803744697182,9.25292968101079,0.7385830365409002,9.0194332939315,9.56374855139261,20.406450283829663,1.5902350096156952,15.208607769585917,0.028171409250794373,0.10751615899388292,0.10476472843682155,0.06984707582467183,0.04838149191660024,9278.93513996439,6.552803781151594,18390.625,1265.625,3.718831653057917,291.79469693707813,425.0169266041783,398.97452934047374,626.025640598862,167.57931522295934,24.282779979501356,196.63238074403102,0.0,0.0,457.6018658685055,0.42766260864276784,17.775677656891663,4.225011156871951,1.7728948404222216,1.7728948404222216,2.9470607078352073,0.0,0.0,0.0,0.001982424503917824,0.0,0.0,0.0,1.7554658943172168,1.7554658943172168,2.9860818915644214,0.0,0.0,0.0,0.0019474654403028762,0.0,0.0,0.0,0.15333938652846352,1,IR,34
1.2793585635328952e-17,0.6242434859410366,0.6242434859410366,7.55342654384909,12.65258788226501,0.2156496149975178,12.5575026355071,12.10012873816765,27.283064099651213,1.6578428161333383,20.06011150285979,0.026603209097738514,0.09663096921126368,0.21604285777299395,0.08704178655161939,0.04400793270189826,9259.45327319835,6.139769998374775,12140.625,9843.75,8.120932214273292,187.13544291589642,654.200971664912,189.94121932632197,687.004343304942,504.5597577517004,209.6615271859212,413.63150889484575,0.0,0.0,386.05942109329584,0.48255865521796554,22.907599348569704,5.052900745284364,1.7821272904140704,1.7821272904140704,2.955796178823917,0.0,0.0,0.0,0.0019284199232503037,0.0,0.0,0.0,1.7588482585012521,1.7588482585012521,2.840344688881427,0.0,0.0,0.0,0.0019672165705686066,0.0,0.0,0.0,0.16046200862731433,1,IR,35
-4.336808689942018e-18,0.6524000310668218,0.6524000310668218,7.554977009668866,12.65258788226501,-0.5270365275076146,12.833210055253529,11.580283031738622,26.09346189802995,1.6558269706926718,19.174944972207513,0.04484824841918708,0.0934902558348602,0.223727914741604,0.09181075768976321,0.041228710262242396,8818.010028992672,6.13702257267838,10968.75,9843.75,4.988554126918804,496.9742659322285,889.5015898768214,370.1359331992889,718.5577778328482,385.87077673153544,110.58900038424846,592.9906185322377,0.0,0.0,369.3097589039778,0.5212672851636238,22.683176156847633,5.0365937382324315,1.7751004488606503,1.7751004488606503,2.8672908365018017,0.0,0.0,0.0,0.0018939946306967292,0.0,0.0,0.0,1.7723698558876508,1.7723698558876508,2.953972571976353,0.0,0.0,0.0,0.0019115726328946428,0.0,0.0,0.0,0.1628219615889341,1,IR,36
2.6020852139652106e-18,0.7233142642690661,0.7233142642690661,6.650078292361681,11.32202147698688,-0.5753920908405172,11.190736994832704,9.193899001952925,20.787850837622432,1.655604113043679,15.221457002541438,0.055141662350073006,0.07713935176460847,0.14670696551499005,0.07354671864628093,0.047577086124918566,9095.511975436115,6.359917812678064,16734.375,1234.375,2.660546658549101,803.1700606696496,1047.3757893937727,553.1007065977093,788.6534147650352,211.1372886215886,97.61048976948746,637.635241651705,0.0,0.0,491.1700004748203,0.5638516448751482,16.734076431961668,4.615856824834287,1.764391387013598,1.764391387013598,2.888502825003975,0.0,0.0,0.0,0.001981734480920615,0.0,0.0,0.0,1.7782961936608161,1.7782961936608161,2.940710917052245,0.0,0.0,0.0,0.0019580697220118763,0.0,0.0,0.0,0.1651943209467134,1,IR,37
-4.119968255444917e-18,0.6844325994709769,0.6844325994709769,6.132854144951741,11.30981444590612,-0.21997460466251623,12.007150208237215,8.960493918162358,20.1606966938656,1.6579632514278595,14.856169630956023,0.0864817963170209,0.10541949098793418,0.16896082692473127,0.06811546661242139,0.04715680293758627,8044.704613265684,6.235539775916814,14109.375,9890.625,1.9537155114517846,598.5012503648959,721.2547596181962,351.6706596371579,664.319951113815,201.63352358651179,55.066788143752284,545.1493554464946,0.0,0.0,417.3779598024439,0.503452331622581,19.243473470381183,4.641325038116451,1.763829649353056,1.763829649353056,2.957293219472166,0.0,0.0,0.0,0.001921695373719804,0.0,0.0,0.0,1.768391253633936,1.768391253633936,2.867620513569603,0.0,0.0,0.0,0.0019047607380068346,0.0,0.0,0.0,0.17926648341207538,1,IR,38
-4.336808689942018e-19,0.663560666382265,0.663560666382265,6.541751320804066,12.78381346819212,0.4810211550772371,12.452977196131018,9.858558007167176,21.88018622186316,1.6417370580356498,16.18516001916044,0.07245414184172944,0.09756818787820104,0.11294343847893222,0.04772099764619237,0.043487911127595306,7923.397059081162,6.432505786279655,16734.375,1234.375,1.5588265295321522,553.1078919049991,621.9311877685228,269.6477652332952,482.96680436003237,273.6840947409749,42.23319222166167,418.2088728877406,0.0,0.0,694.8452496281983,0.44762562513845594,15.954964888777681,3.6759614927859237,1.7748827581834428,1.7748827581834428,2.8857888133376512,0.0,0.0,0.0,0.0020281134808251265,0.0,0.0,0.0,1.755437492904526,1.755437492904526,2.930603432031834,0.0,0.0,0.0,0.0019485632787327573,0.0,0.0,0.0,0.1282215778258973,1,IR,39
4.336808689942018e-18,0.6714569531217839,0.6714569531217839,7.3256369631748175,13.5681152254863,0.6484653280157373,14.437364911107359,10.910061961702775,25.243800939927567,1.6859092163898715,18.39337401261927,0.06790944347579592,0.13188091582083544,0.14820863869995343,0.08376978783169076,0.05135573054602462,8164.7309628500325,6.238271076537689,14484.375,3296.875,2.1824451963090383,611.77979878512,544.8635635670855,443.01042507789117,449.59053098223075,211.8992784106452,74.65689278942227,409.57516342766934,0.0,0.0,803.1456164363076,0.47765129375126875,17.64179303524218,4.515499658615757,1.7846875176040335,1.7846875176040335,2.979259572932138,0.0,0.0,0.0,0.0019796065336039653,0.0,0.0,0.0,1.7603151331123459,1.7603151331123459,2.7325305889937255,0.0,0.0,0.0,0.0019250191537331035,0.0,0.0,0.0,0.14528445019548736,1,IR,40
6.288372600415926e-18,0.7101025556363255,0.7101025556363255,8.225458854956244,12.90893553838932,1.0047944577827292,13.997924957418846,11.583480146167592,27.164613628842936,1.6946552700308015,19.630005675000067,0.06982879646390217,0.1498423698467848,0.13891925737711197,0.08599339218147145,0.05290799120461135,8050.808687104415,6.244220934680849,14203.125,3296.875,1.9894264889261914,535.2224104446808,533.5535881582033,635.2845355424698,845.6589337045249,472.53469441464216,224.50807980994082,671.4265593212507,0.0,0.0,260.16961959810243,0.5568760927534747,19.553947996376024,5.563734039278545,1.776249943194578,1.776249943194578,2.9992836822564644,0.0,0.0,0.0,0.0018962323991532663,0.0,0.0,0.0,1.7740336295664942,1.7740336295664942,2.772626564080674,0.0,0.0,0.0,0.001877851690717133,0.0,0.0,0.0,0.17064354159176456,1,IR,41
1.3444106938820255e-17,0.7400363054454205,0.7400363054454205,8.232424030221834,12.90893553838932,1.0808490275213067,12.975829718606768,11.124351561734285,26.188849607557458,1.699488854254502,18.905711489976078,0.04453818226723434,0.14833224968658687,0.11691522287309464,0.0656290484997997,0.045652511032778856,8176.222279588713,6.253865492928322,14359.375,9796.875,2.6250560063040846,602.0815256015808,901.4654593641279,793.4538732225202,998.137801512475,313.39066825097,132.11531898057558,609.868882511396,0.0,0.0,302.5771801956181,0.6054807489527404,15.66785325969316,5.541814139315877,1.7627650199986067,1.7627650199986067,2.838836129515939,0.0,0.0,0.0,0.001970299775003795,0.0,0.0,0.0,1.7769325214462375,1.7769325214462375,2.940842670576831,0.0,0.0,0.0,0.0019573502497703217,0.0,0.0,0.0,0.17360137950073223,1,IR,42
-3.469446951953614e-18,0.6631647950252961,0.6631647950252961,6.842735777741663,10.84899901642995,0.9293931396512869,11.561573124225054,10.318303729438247,23.399174712858603,1.6588842241470936,17.116871276723227,0.04874094358835954,0.15348206084849259,0.15923358220938397,0.08981857157656886,0.05170719725020668,8500.834527682113,6.246229198806802,13359.375,9796.875,3.2669367985757605,460.5191646959665,514.8419380279394,588.6223282068372,580.8820609520234,295.0048270610178,94.01323148492368,283.7394880616039,0.0,0.0,570.8158133031443,0.4936570836154116,16.9377091804891,4.412773169986485,1.7621602555388016,1.7621602555388016,2.8066344900794884,0.0,0.0,0.0,0.0019100239680085573,0.0,0.0,0.0,1.766879216715705,1.766879216715705,2.9088072570636183,0.0,0.0,0.0,0.0019243066241957586,0.0,0.0,0.0,0.2197463948793092,1,IR,43
9.540979117872439e-18,0.6395776815820462,0.6395776815820462,6.56265168948029,10.119628899486461,0.8086744395819654,10.588667563700493,10.260914160179965,22.36756114397418,1.6176021931607816,16.59807724934163,0.031286336004064795,0.09374718008419983,0.12308114264704552,0.0772836503459984,0.05123789197966416,9747.491273630269,6.587850493943767,18687.5,9843.75,3.9340222718032725,269.25368247064154,522.0014509143487,412.0541834216509,648.5478225087724,307.5738032178597,111.32245889200135,398.89386892733324,0.0,0.0,673.0276652071257,0.4589192747465999,17.024858656712556,4.219976254983669,1.7733096725965747,1.7733096725965747,2.927029788011579,0.0,0.0,0.0,0.0019700182237288827,0.0,0.0,0.0,1.7557803033394395,1.7557803033394395,2.90807929323172,0.0,0.0,0.0,0.0019641755650775697,0.0,0.0,0.0,0.16692771317793934,1,IR,44
3.0357660829594124e-18,0.6042852250288796,0.6042852250288796,6.565596158928518,11.32202147648646,0.3917687147470165,11.10424374639622,10.865061542113228,23.471420353161232,1.6170260372891636,17.569087410346242,0.03780022168691041,0.08810965951895496,0.1473926614618536,0.0799911425198676,0.04498335013056151,9216.744028936782,6.486975930096749,16328.125,9843.75,3.8992538900636653,154.88083981559035,612.2790013876488,348.50344700255124,621.2829779851176,362.48878792231073,154.57294116267408,403.11584540734594,0.0,0.0,569.1745282983178,0.4464617320723152,18.456594907739124,4.246984074636768,1.780739777873998,1.780739777873998,2.9498126397198305,0.0,0.0,0.0,0.001936800320571945,0.0,0.0,0.0,1.7601324539429464,1.7601324539429464,2.7781081472576283,0.0,0.0,0.0,0.0019126591987934267,0.0,0.0,0.0,0.19407345746419224,1,IR,45
4.228388472693467e-18,0.6983105567177073,0.6983105567177073,7.647293801093456,12.56103514801505,-0.6780609226318048,12.886487865501916,10.951135891512639,24.9610180616404,1.6717952873499566,18.308057374559795,0.05514649480377801,0.09687330430855479,0.18796543316403522,0.08628775089302373,0.05066316225159083,8994.926626531395,6.398721303811708,15312.5,9859.375,3.4084747150194126,620.7081170231195,808.5393308361395,439.01839036908774,747.6916889238445,446.135108192778,172.14487951263155,621.6753911274701,0.0,0.0,931.5879402574475,0.5437892996551749,23.545743967371298,5.57958158682617,1.7728359304887016,1.7728359304887016,2.8590606847940414,0.0,0.0,0.0,0.001903573005933158,0.0,0.0,0.0,1.7742972208906886,1.7742972208906886,2.776821137605964,0.0,0.0,0.0,0.0018736953557385797,0.0,0.0,0.0,0.18472412569782817,1,IR,46
-7.806255641895632e-18,0.7587329593191524,0.7587329593191524,7.649626205347343,12.820434561906119,-0.57054450788739,11.910966435683354,10.082106110444604,23.720452185058292,1.693813501862708,17.07720745708358,0.05646993256885491,0.08756538811676673,0.1941451414485489,0.06509680252573127,0.04808425526105436,9088.797688747632,6.256131018468064,15640.625,9828.125,3.4380267978607177,965.5702671632454,983.2562853865063,536.7021535345697,755.3532043657922,149.22404861257323,87.28594376290353,557.3780880006121,0.0,0.0,1114.358000459723,0.5994235795146351,18.103693566500944,5.545928091547733,1.7622285311973085,1.7622285311973085,2.8246794450999726,0.0,0.0,0.0,0.00199291010082456,0.0,0.0,0.0,1.7758292859076221,1.7758292859076221,2.7579949970579456,0.0,0.0,0.0,0.0019560226514670426,0.0,0.0,0.0,0.22644279674003973,1,IR,47
1.0842021724855044e-17,0.6854545290556575,0.6854545290556575,6.0071032455707165,11.2731933520311,-0.10590485939270483,11.335436386718078,8.763678684633728,20.77063309650886,1.6990898447423903,14.890277455646519,0.0827643515459118,0.10229546115264462,0.2555065507921482,0.07136500904007602,0.043145537801981285,8299.799737025487,5.942063684728643,10875.0,9796.875,3.087157043057651,561.0915817784769,677.998851622022,328.98675906201464,800.3601548910045,250.30283242098787,70.65615387147847,569.3474682125559,0.0,0.0,435.6348052239876,0.5340343331031148,13.966220011335679,3.867857251948749,1.7625973261222867,1.7625973261222867,2.7727740407506767,0.0,0.0,0.0,0.0019357232797297488,0.0,0.0,0.0,1.7638497200849175,1.7638497200849175,2.7656664381829406,0.0,0.0,0.0,0.0019087548604767319,0.0,0.0,0.0,0.23557992175852452,1,IR,48
1.5178830414797062e-18,0.7412114308191321,0.7412114308191321,6.863680477372857,12.43896483510334,0.4584994603852378,10.626142239758224,9.260084494093169,21.874100287688986,1.690854750073772,15.657457852921919,0.06663376897200457,0.1020110888646451,0.2006344240914485,0.07357609896096051,0.04734485090512237,8647.670183856586,6.195275570922409,14156.25,1234.375,3.0110021867850785,565.6253858755769,792.6022190321767,553.6722270856584,919.7672086716155,304.1727518216822,54.97658622602304,549.6400978877637,0.0,0.0,474.7269324156988,0.5839048387662155,11.660045329734348,4.389776584920167,1.7747756263745114,1.7747756263745114,2.8643196243025715,0.0,0.0,0.0,0.001967794505181866,0.0,0.0,0.0,1.7552138808906506,1.7552138808906506,2.8318510314277168,0.0,0.0,0.0,0.0019512450628123641,0.0,0.0,0.0,0.2029905961042573,1,IR,49
-4.7704895589362195e-18,0.7120925587451467,0.7120925587451467,6.862632925743057,12.01782225810334,0.6944810584993232,11.318277677849025,9.637276561120686,22.396704092696982,1.6825526615271396,16.21522532778673,0.07115396013868786,0.17766486316820407,0.13182974851986473,0.06473096543570754,0.04784690591626338,7599.82176255376,6.259576349318164,14156.25,1234.375,1.8527394436101592,655.6715221891277,633.8184388657887,555.3621959208845,721.2968000327411,271.4974415979022,103.40040735056017,507.65349902599786,0.0,0.0,610.047124755812,0.5379742259498921,14.106380635060141,4.405122675406991,1.7824756156892287,1.7824756156892287,2.8846382651710756,0.0,0.0,0.0,0.001941663639953257,0.0,0.0,0.0,1.7618504705857745,1.7618504705857745,2.810824691251893,0.0,0.0,0.0,0.001922659095005612,0.0,0.0,0.0,0.14693765579545276,1,IR,50
-2.168404344971009e-18,0.7122213591724458,0.7122213591724458,6.815719972513925,11.27624510975657,0.7856635313680576,10.203962167501485,9.569665223791297,21.718031779505445,1.6565019980886997,15.852169564250227,0.07453227323802722,0.19039320573302781,0.12421150229242423,0.059417908321744206,0.04360593550024758,7157.264167969975,6.141586425871119,11281.25,1234.375,1.6665465427852204,410.1984038158746,440.2508870002826,488.8879276290228,741.3844717296687,438.79434791392026,173.08441887955718,502.73925158903023,0.0,0.0,690.4106218535081,0.5401290972790617,12.335942904887522,4.085357003407874,1.7729065103432295,1.7729065103432295,2.920967886565527,0.0,0.0,0.0,0.0019208105842350109,0.0,0.0,0.0,1.7746940144624546,1.7746940144624546,2.9569867486831387,0.0,0.0,0.0,0.001892768296108359,0.0,0.0,0.0,0.17273962642508756,1,IR,51
3.2526065174565133e-18,0.7547855454806881,0.7547855454806881,6.829935307753234,11.29150389880899,0.9211526847648543,10.980135646632986,9.048842215709845,21.561096238639852,1.7048270043959233,15.426710567859987,0.04407296104233943,0.15717967113202524,0.11873925533375213,0.0723068337722623,0.04912919660224657,8353.282518424663,6.3493119205366755,15359.375,1265.625,2.6941519816875727,513.3468423478722,685.161697651502,764.6441727705205,858.2953380617292,115.32687277829038,186.43565824567145,328.13668258881154,0.0,0.0,752.226616983293,0.6008595365949251,13.756014043070596,4.910321999488342,1.76117569511488,1.76117569511488,3.0442659552394598,0.0,0.0,0.0,0.0019630076607565143,0.0,0.0,0.0,1.7756526504092227,1.7756526504092227,2.9552441947883286,0.0,0.0,0.0,0.0019555843694779094,0.0,0.0,0.0,0.21560706219277384,1,IR,52
2.168404344971009e-18,0.6386244454598964,0.6386244454598964,6.834516669761213,10.964965812808991,0.860949823019209,13.392624031283045,10.701934005735456,24.365426225761976,1.6745706728689602,17.92114482898363,0.046184805176062695,0.148004969269024,0.13341801294404243,0.078367734052745,0.049623723814119086,8376.441607529281,6.38801361290511,15156.25,1265.625,2.8887858773582833,522.318296602025,526.7649860617373,519.9125932556386,498.25655269218527,312.7454627721563,73.26628701684952,340.11510799994426,0.0,0.0,325.6007030837786,0.4726830168343315,25.270003448955386,4.9832952074666155,1.7634181892086087,1.7634181892086087,3.113893700458733,0.0,0.0,0.0,0.0018935026703594212,0.0,0.0,0.0,1.7645694048453224,1.7645694048453224,2.8468459079084107,0.0,0.0,0.0,0.001878669866080512,0.0,0.0,0.0,0.2180918790226851,1,IR,53
-3.469446951953614e-18,0.6357098831697007,0.6357098831697007,4.732314866634534,9.274291986196541,0.29450292954737556,8.089899852967669,7.444142354746525,15.630260675192076,1.5785193831684114,11.75072299803233,0.0280011815133017,0.0776401333901251,0.12012565746743535,0.06071514262748606,0.044533774120727704,9452.630286044108,6.568034993924334,18453.125,1234.375,4.290021026651349,227.51409706070677,595.8499290938828,322.7666917781302,625.4537560738016,392.8455809825501,174.3198578230116,332.02101441054646,0.0,0.0,111.18429688059935,0.44536516075400323,12.23214322234736,3.223014396465778,1.7765184206189946,1.7765184206189946,2.9189815012438847,0.0,0.0,0.0,0.0019802653149704427,0.0,0.0,0.0,1.756187088332391,1.756187088332391,2.765252765445213,0.0,0.0,0.0,0.0019249092015116327,0.0,0.0,0.0,0.19528841192335444,1,IR,54
-1.734723475976807e-18,0.6611681997763492,0.6611681997763492,6.1117038085837825,10.839843742386059,-0.09714305498955703,10.311240390563505,9.243795770351879,20.7478954558701,1.65107693423342,15.262217981192432,0.04189692992645003,0.1005620767519442,0.2139235284916637,0.10939271588146976,0.04519301052258032,9054.063981600957,6.173604385114169,13406.25,1250.0,5.105947592391616,320.2238604030049,732.4300414164608,305.56015015690406,763.772214652786,468.8204436481155,196.62384100702795,499.07935250179247,0.0,0.0,92.82525261317397,0.5131119030176564,17.12451721377575,4.306689212391602,1.781616431640456,1.781616431640456,3.0100881043835512,0.0,0.0,0.0,0.001942257439196174,0.0,0.0,0.0,1.7648086100772409,1.7648086100772409,2.831675641445348,0.0,0.0,0.0,0.0019137940088669138,0.0,0.0,0.0,0.18677061214599444,1,IR,55
3.903127820947816e-18,0.6616966336267063,0.6616966336267063,6.111518661656322,10.375976555192619,-0.6536054150490334,11.31709493057554,9.236133827913823,20.962168953532824,1.6615767341845333,15.346545082276343,0.06177137347883284,0.10198128298058115,0.2214602005760768,0.1161675177981141,0.04263304905020808,8704.055644399232,6.134067877752095,12250.0,1234.375,3.5851590809839977,514.3176147975507,762.051316483493,458.3036242018672,684.0504784197744,298.72456892291956,69.96513471989267,603.6821761544279,0.0,0.0,402.4819666806813,0.5107394784590799,18.86984162225555,4.3226803050711196,1.7718476377636212,1.7718476377636212,3.038962285503189,0.0,0.0,0.0,0.001882902180507134,0.0,0.0,0.0,1.7779307231706416,1.7779307231706416,2.870697413858779,0.0,0.0,0.0,0.0018935861072431736,0.0,0.0,0.0,0.22185481102704863,1,IR,56
9.324138683375338e-18,0.7037084161948126,0.7037084161948126,5.4616142026248315,10.69641112554724,-0.43177135447241227,10.254583724773834,7.761189260969211,17.879956340981824,1.6700530098349318,12.96159748518018,0.05983023106472325,0.08039748387488987,0.1587465024665979,0.06027271166331713,0.04364628990608828,8868.921379815221,6.279367386676904,15750.0,9859.375,2.6532824566934323,818.1684205236187,947.1111946287361,547.2624952000987,737.2949859016704,235.46643687216405,90.19090023083564,501.6924152623775,0.0,0.0,884.8975894016492,0.5295705637562834,12.798569952552604,3.6992911069776957,1.7618704362564115,1.7618704362564115,2.8409456076720994,0.0,0.0,0.0,0.0019619534290386095,0.0,0.0,0.0,1.775907203570105,1.775907203570105,2.955258320402518,0.0,0.0,0.0,0.001975280152994195,0.0,0.0,0.0,0.21894722289613827,1,IR,57
5.5294310796760726e-18,0.6872712764440918,0.6872712764440918,6.545420359219136,11.95068358605501,0.07986688074258967,11.9776528680411,9.523779886575245,21.869720748499844,1.6764649693066933,15.96628335523107,0.08705538099592064,0.12349120825168083,0.24797947529311481,0.06487819217161807,0.04578852137259828,8148.945571589803,5.954282692329777,10875.0,9890.625,2.8485255299943657,706.1423029091874,695.4114088675215,427.20663274262574,574.9301037127595,135.6464151140431,47.84207056671653,471.83320332746075,0.0,0.0,885.3756854875966,0.5137112884148566,14.779393647633107,3.9799517009943144,1.7653198817869646,1.7653198817869646,3.084821763679386,0.0,0.0,0.0,0.0018995213132476556,0.0,0.0,0.0,1.7638095436923193,1.7638095436923193,2.9139626097380864,0.0,0.0,0.0,0.0019321822344833275,0.0,0.0,0.0,0.22347304821989517,1,IR,58
-8.673617379884035e-19,0.7119126893585411,0.7119126893585411,6.827247883335795,11.9049072189985,0.6426829962330931,11.669794367168002,9.590007293573303,21.331682487803008,1.63920733682983,15.72001031587694,0.07170570934174358,0.1163492504247105,0.21938681460319245,0.06555701920791605,0.04426524083791701,8323.757064994792,6.065970966314228,11046.875,9890.625,3.059544583187277,656.6391701923743,627.3400021387223,361.91957793487495,710.6495919986246,386.46382848417403,108.76594007045668,593.1343130581658,0.0,0.0,544.290438273912,0.5390801949212076,14.539180420485309,4.37753632911321,1.7786208077638879,1.7786208077638879,3.0374235409903716,0.0,0.0,0.0,0.001993350669676825,0.0,0.0,0.0,1.7571509311117204,1.7571509311117204,2.7990551165210142,0.0,0.0,0.0,0.001971303804774745,0.0,0.0,0.0,0.16470344479767338,1,IR,59
7.37257477290143e-18,0.7015947489791385,0.7015947489791385,7.270313049517947,12.167358390708081,0.7743888365207021,12.87272726774033,10.362553397237763,24.07354895809339,1.6854149115947628,17.46520201790149,0.06616876040370646,0.15613737017033508,0.1917393961701364,0.0677687020589979,0.04886061798315917,8088.286306402474,6.161065660482178,11390.625,9796.875,2.8977329331455683,727.1334546847152,659.8436765445999,460.55599585436863,789.8232431293499,411.06489556649086,97.56985735670736,538.5752704109773,0.0,0.0,323.74328318653653,0.5414280998256747,15.693177331613335,4.558893536734269,1.7813076149957967,1.7813076149957967,2.9763860611683257,0.0,0.0,0.0,0.0019775613155970507,0.0,0.0,0.0,1.7661287548839004,1.7661287548839004,2.9059478705784385,0.0,0.0,0.0,0.0019284703936826974,0.0,0.0,0.0,0.1722694324377833,1,IR,60
2.3852447794681098e-18,0.5377732824797901,0.5377732824797901,3.799229112736303,7.14721679218869,0.6607194869454581,11.721761438300156,7.064741288777359,17.56711376553927,1.7807137348245263,12.58028184590777,0.006219330203823362,0.20153679803727448,0.06418213983766716,0.010139753950953392,0.004911082536982229,4893.132114964738,5.553445203089622,6156.25,3437.5,10.319783276323085,1222.781032342757,667.1653903656685,209.2039383613651,114.5265982796101,248.16803441322682,134.2319758504113,128.2992587058714,0.0,0.0,7.554421554481193,0.5695905580285647,11.512337397700888,3.4326749981322724,1.7884812650183284,1.7884812650183284,2.875010960092391,0.0,0.0,0.0,0.0019223735264403954,0.0,0.0,0.0,1.8170322444569929,1.8170322444569929,2.9248150424497474,0.0,0.0,0.0,0.0019272202013786302,0.0,0.0,0.0,0.1365742927725224,2,OR,0
-6.749158523722265e-18,0.5379711050319768,0.5379711050319768,3.678240251591638,7.13195800260408,0.6101618435455294,11.643614513223579,6.837245006630988,16.880399541536278,1.7744702140840176,12.13248761066137,0.0059422009790187445,0.20309180763867232,0.060302731622331546,0.009374252179894186,0.0042471232209463,4798.122866346021,5.483005052253237,6109.375,3437.5,10.148214748223026,1145.196704780488,751.9208861040136,162.2002889946963,21.929953999549173,199.5336949548916,143.36110353680508,102.2008075093209,0.0,0.0,211.84215879356378,0.5701682732046433,11.643689557388528,3.4850396307252547,1.7973619867202555,1.7973619867202555,2.8347466559361525,0.0,0.0,0.0,0.0019751843455641698,0.0,0.0,0.0,1.8039420682253777,1.8039420682253777,2.871754885896567,0.0,0.0,0.0,0.001991636787177623,0.0,0.0,0.0,0.13245518150762592,2,OR,1
-8.131516293641283e-19,0.5448326293996987,0.5448326293996987,3.6786358774260703,7.0648193307734495,0.6681057504174861,11.113783454947976,6.751864111881888,16.219181026111766,1.7467567711814065,11.793864355526422,0.005463831627820105,0.21259292039681202,0.06302970366178677,0.009082710315796414,0.004222895070786246,4745.314835605104,5.519687739921897,6093.75,3421.875,11.535806361477835,1200.584791582442,624.7648294276105,75.5376402357537,133.74761296689513,248.2617484708488,193.79647334086144,176.8394707981456,0.0,0.0,76.04081348172541,0.5720324710390824,11.07379603187564,3.475581588052414,1.8103968626881826,1.8103968626881826,2.7938773980319493,0.0,0.0,0.0,0.0019621866506515694,0.0,0.0,0.0,1.8024316182955433,1.8024316182955433,2.7373434005418207,0.0,0.0,0.0,0.0019591341888316725,0.0,0.0,0.0,0.14924697726658784,2,OR,2
-2.168404344971009e-18,0.5501128574412782,0.5501128574412782,3.3884849376887978,6.46362304277345,0.7917766851762299,11.156752186504228,6.159617779976178,14.830161912167394,1.7543700460735336,10.806248928452163,0.006251427787397742,0.21403442628240835,0.06757765266988275,0.009395899445065716,0.00482888464345013,4768.774950520773,5.548632563665665,6140.625,3484.375,10.809954934663507,1238.9439962481217,593.7073533351563,90.05919169629,179.98694623232888,294.51197815245234,99.85473236663518,157.7979673876424,0.0,0.0,156.16095581289375,0.5774715720301111,10.941705118821968,3.379117163571393,1.8084868960095868,1.8084868960095868,2.8536964777957774,0.0,0.0,0.0,0.0020066052672988435,0.0,0.0,0.0,1.8142675763557008,1.8142675763557008,2.9071878800903157,0.0,0.0,0.0,0.002039239665243612,0.0,0.0,0.0,0.16526767745096763,2,OR,3
3.3610267347050637e-18,0.5260493053105878,0.5260493053105878,3.429541734569658,6.62536620630973,0.803672594318817,12.295469051017774,6.519430213000286,15.775199391773432,1.7658330137406557,11.51222510089418,0.005592134588934342,0.21104762625181145,0.06796478685917542,0.008214367396916819,0.0043048854879215535,4713.610329199517,5.420119102083047,6078.125,3468.75,12.153639324330605,1295.0431474753436,650.2811762097119,247.06092772334776,33.75545077805289,303.0441197052205,189.397824239061,4.926570578096188,0.0,0.0,80.12040459760054,0.5549540251191019,12.724345845311781,3.4831312290408842,1.7963142069401241,1.7963142069401241,2.809529946374793,0.0,0.0,0.0,0.002028686443907101,0.0,0.0,0.0,1.8222685965060506,1.8222685965060506,2.9347399063213238,0.0,0.0,0.0,0.0020578858901988727,0.0,0.0,0.0,0.14832280211143542,2,OR,4
2.168404344971009e-18,0.5217580126613269,0.5217580126613269,3.4959990508032077,6.698608393761329,0.6888857450130961,11.746587713163443,6.700422352828265,16.59079081966596,1.7799558697895725,11.926456096985929,0.0058405375339191,0.2135939179974853,0.062424425638694214,0.009403169466222279,0.004720057126518474,4802.880044977065,5.549547943090756,6218.75,3484.375,10.688130204707072,1248.7263790553998,632.6538596919664,213.84975549192413,23.086948504141766,345.55324337273225,116.08467531555392,17.205914633316148,0.0,0.0,108.58476586932844,0.5544765944601091,12.20512661229557,3.4898536954846717,1.790409865030465,1.790409865030465,2.7435452948994223,0.0,0.0,0.0,0.0019726199366286177,0.0,0.0,0.0,1.8160251852931402,1.8160251852931402,2.772774797255672,0.0,0.0,0.0,0.0019757811100233917,0.0,0.0,0.0,0.12195725056670172,2,OR,5
3.0357660829594124e-18,0.543077230054077,0.543077230054077,3.7632174764958695,6.906127925083849,0.6508403761591676,11.004193921727632,6.929433362767108,17.792209565750102,1.810773347527545,12.547633246766848,0.005668942954636191,0.2288503981700961,0.058443615129497105,0.011141234476162444,0.004949645793871096,4769.314201612336,5.362560609836954,6125.0,3484.375,10.309437859379258,1410.667763880802,573.830999043941,86.74176924841217,95.74249567211429,278.11848577811196,156.97451049175595,127.98040238946069,0.0,0.0,219.545808916802,0.5860858274318882,10.657600656364728,3.4860812720160337,1.7998198012741005,1.7998198012741005,2.832136314578338,0.0,0.0,0.0,0.00202507334722555,0.0,0.0,0.0,1.8044534614580705,1.8044534614580705,2.861762169183779,0.0,0.0,0.0,0.002057085348856065,0.0,0.0,0.0,0.13423652967676697,2,OR,6
-3.767602549387128e-18,0.5454044445777202,0.5454044445777202,3.7855278675525925,6.96105956594675,0.6833090553021225,11.338701873580547,6.94077194490694,17.573073596004832,1.800694911139599,12.498212720574424,0.005696147727947257,0.22418898869860904,0.061969550113835925,0.009978482130175824,0.003985413771241423,4678.58056763282,5.475952134131616,6062.5,3453.125,10.879203465688368,1422.1551826230977,615.5403008609586,93.68208592125734,74.32861614343855,312.80428850883754,197.11150519401795,163.90393180384527,0.0,0.0,139.09215743219644,0.5868571321555195,10.315826483508497,3.404316331461059,1.8115618502158188,1.8115618502158188,2.867972891857149,0.0,0.0,0.0,0.0019688344960891524,0.0,0.0,0.0,1.8055495285591896,1.8055495285591896,2.936052559817361,0.0,0.0,0.0,0.0020111325508272364,0.0,0.0,0.0,0.13773937874742886,2,OR,7
1.5178830414797062e-18,0.5457524788019273,0.5457524788019273,3.787139800663439,7.14416503394675,0.6877926805905565,11.397676358010191,6.939299311983381,17.231191030955298,1.77722300567389,12.33268238051386,0.006225705197463656,0.20763358723729836,0.06487129605286152,0.01112861032965139,0.004677556248989969,4911.372889579679,5.6072515121470285,6593.75,3453.125,10.419911316852922,1360.2006387588906,631.277428646601,125.43021618790472,78.49044792603972,259.58322896915155,171.56406818527813,142.99532193906865,0.0,0.0,131.92774088008534,0.5824457212795638,10.364759877062715,3.3870843853602,1.8070434927915167,1.8070434927915167,2.7899200978565983,0.0,0.0,0.0,0.0020073028173455475,0.0,0.0,0.0,1.8170559264198665,1.8170559264198665,2.8477993727259365,0.0,0.0,0.0,0.0020273001539373634,0.0,0.0,0.0,0.1588371373771814,2,OR,8
5.204170427930421e-18,0.5360093753990389,0.5360093753990389,3.6521233594057247,7.00988769028549,0.6842489125585681,11.078544113941241,6.81354380543597,16.793694615379046,1.765875803137187,12.031872139634649,0.00546303496354442,0.20459579849385912,0.060648287996938555,0.011285262375759976,0.004710464669144298,4919.122962961915,5.565771367966911,6953.125,3500.0,11.10157419649541,1277.65759922935,684.1515843513258,127.34614871937204,116.1711221959706,218.68855288342257,84.8687743206821,80.69384025821,0.0,0.0,6.5433804560917315,0.5683154292578039,10.638657100682115,3.275558149881917,1.7942471078608944,1.7942471078608944,2.8875166532655845,0.0,0.0,0.0,0.00200906723094185,0.0,0.0,0.0,1.8223912014293318,1.8223912014293318,2.91939954646865,0.0,0.0,0.0,0.0020203848765285846,0.0,0.0,0.0,0.1402238851521839,2,OR,9
-1.3010426069826053e-18,0.5325638583299267,0.5325638583299267,3.675802049589518,6.99157714376936,0.7052939588927272,11.412680054810838,6.902086936797605,17.09521952284313,1.7761231556550667,12.258956430790578,0.006206323908247765,0.19315289689994475,0.06080410737425687,0.008640023191563175,0.004308982372700134,4828.283541782362,5.5421496172173494,6140.625,3500.0,9.797121172431138,1209.2133071500373,587.0283950581638,108.14729818769172,135.53796003987702,182.03278586105935,176.04063083037911,263.6717727776164,0.0,0.0,194.21855690028315,0.5662537063482831,11.026434690469287,3.3880797339268742,1.7923063839594051,1.7923063839594051,2.958431660252176,0.0,0.0,0.0,0.0019650716544792808,0.0,0.0,0.0,1.8133957598524013,1.8133957598524013,2.944236131414735,0.0,0.0,0.0,0.0019797853661763093,0.0,0.0,0.0,0.1397196405492584,2,OR,10
-6.559423143537302e-18,0.5437001022274626,0.5437001022274626,3.677981344416508,6.99157714376936,0.6980590047831782,11.402588309504692,6.764724393739008,16.736781428535952,1.7739206509303198,12.000084299905714,0.006023530182684162,0.196785930381691,0.06827689358129799,0.008612532336558266,0.005356327994669853,4929.118289080945,5.498684007424026,6140.625,3578.125,11.335029708365784,1243.2661919021575,769.490654091564,227.89437178473239,82.33258461645933,139.3505787644127,120.8133009805113,50.213710596580725,0.0,0.0,120.46275480329841,0.5777186597883844,11.038103511787872,3.379671893437809,1.803516299417025,1.803516299417025,2.799252787606725,0.0,0.0,0.0,0.0020735860494264452,0.0,0.0,0.0,1.8018335968614514,1.8018335968614514,2.8711839835747472,0.0,0.0,0.0,0.0020577103467187335,0.0,0.0,0.0,0.12231961680199513,2,OR,11
0.0,0.5415833437928028,0.5415833437928028,3.5508163249866405,6.67114257353955,0.7514929358639206,11.63588112282351,6.556361759797953,16.667449024495426,1.8025065270946976,11.817884866029889,0.0061926659937201825,0.2071135729738101,0.06808532260213548,0.008997140105954163,0.005112781357579732,4849.047206709504,5.416575025984265,6062.5,3437.5,10.994509095143268,1301.3811876455152,685.2213436403272,143.7264386699499,92.13665775114634,162.44249450833772,172.60877329551698,171.66634870202068,0.0,0.0,149.4275077500462,0.5804600357179516,11.162679494620512,3.675565716394914,1.8121024763434204,1.8121024763434204,3.0718693544487223,0.0,0.0,0.0,0.001980370819238319,0.0,0.0,0.0,1.8055337625368295,1.8055337625368295,2.8996187641194946,0.0,0.0,0.0,0.002001759267435816,0.0,0.0,0.0,0.1406454354133606,2,OR,12
4.662069341687669e-18,0.5350575930554957,0.5350575930554957,3.5220880038089653,6.6436767532452,0.7803059687728569,12.41475477583583,6.58263343894581,17.155788921298655,1.837495827553316,12.09556147837586,0.006237126285602593,0.19889352956308765,0.06537975815792438,0.008533205883749638,0.003818810970296904,4767.594157293793,5.5098615260178105,6109.375,3500.0,10.482352794164314,1338.1627610932615,711.6753042663876,162.01678400800463,76.49407380401698,147.1568241480483,61.89832565214748,138.61271426268775,0.0,0.0,148.2971719303087,0.5816777846607615,11.737207974240974,3.691493644494466,1.8061535155084547,1.8061535155084547,3.0890231474866017,0.0,0.0,0.0,0.0019819272930856986,0.0,0.0,0.0,1.8191516320668117,1.8191516320668117,2.847706633181108,0.0,0.0,0.0,0.0020344834008407626,0.0,0.0,0.0,0.14124202101754232,2,OR,13
-5.5294310796760726e-18,0.5241744977409198,0.5241744977409198,3.4472167469107586,6.561279292983119,0.7553634893934227,12.624360358959922,6.5764678780969446,16.567436130555674,1.8053466224173464,11.872804071158493,0.00628423589810829,0.20242929224919037,0.06518586923226337,0.009083923595165907,0.004771938461638528,4799.73978272613,5.456346802795724,6125.0,3421.875,10.37291888446024,1337.2995289638745,648.5886140983445,209.79290259383347,26.01445855839578,138.1007157551959,52.23572121291882,83.55982840302502,0.0,0.0,146.57930809628104,0.5600371870298266,12.661097092986385,3.4081280432321286,1.7934432913228842,1.7934432913228842,2.94197707468867,0.0,0.0,0.0,0.0020150137078014142,0.0,0.0,0.0,1.8229961790334628,1.8229961790334628,2.7976351767895635,0.0,0.0,0.0,0.002020907006223455,0.0,0.0,0.0,0.1419636129737837,2,OR,14
3.144186300207963e-18,0.5344604847090687,0.5344604847090687,3.4458294488031003,6.805419916983119,0.6831712453935321,11.793477592821606,6.447304426404551,15.826598540494459,1.772434616107833,11.427425545944683,0.006603689886452408,0.21168443706925244,0.07307168903442082,0.008922026883289526,0.004983118369457317,4820.455373457209,5.536106148414517,6078.125,3437.5,11.065281725791433,1358.2477114838844,651.5910502407593,230.85968834050095,117.21008151818918,212.64791304629887,75.08038318780362,65.80888104029255,0.0,0.0,101.98067937732594,0.5660454080717013,12.02481911549499,3.5656705494019096,1.7924952875386244,1.7924952875386244,3.089368547323896,0.0,0.0,0.0,0.0019413926309003334,0.0,0.0,0.0,1.8131672258721778,1.8131672258721778,2.9105762114154254,0.0,0.0,0.0,0.001964591359981551,0.0,0.0,0.0,0.13066859359732266,2,OR,15
-6.505213034913027e-19,0.5605832261351195,0.5605832261351195,3.6261215782018787,7.046508784801629,0.6710572258514922,11.224584774020586,6.468480341807197,16.236581750332448,1.7891643239369481,11.573174257648914,0.006093655993314178,0.21159518837902358,0.07939079357774034,0.00997836855679067,0.004006973252680345,4865.958501128286,5.509137809976777,6375.0,3484.375,13.028433776343412,1461.5844405481719,696.7075620330892,170.27466200387295,33.588760993427705,143.00698762422863,186.50181448353055,134.87026770940446,0.0,0.0,129.3759564978928,0.6005229327788324,10.648611013533454,3.73774376319366,1.8052674580817512,1.8052674580817512,3.030517562562113,0.0,0.0,0.0,0.002014329288798869,0.0,0.0,0.0,1.8035618553954387,1.8035618553954387,2.846347566597889,0.0,0.0,0.0,0.0020587082401714255,0.0,0.0,0.0,0.13621406588151697,2,OR,16
-6.3696877633523385e-18,0.5600493886166927,0.5600493886166927,3.636813161350579,7.05566405823308,0.6490617622576161,11.115223232880323,6.493736508370113,16.26058112017254,1.7842624037571182,11.586529911789816,0.0066645460348146585,0.20552906315513736,0.07265426851396606,0.010923370769856725,0.005341712393787389,4928.55918644499,5.553181102008497,6328.125,3484.375,10.901608020040477,1407.6752315528029,630.4676530503025,93.33493200205298,96.0040634741124,223.1763660898134,207.2459513763906,130.61736530108675,0.0,0.0,135.06366960027174,0.5940139061043295,10.437860148749799,3.740554187221584,1.812684961068192,1.812684961068192,2.989536226580969,0.0,0.0,0.0,0.0019998224539794253,0.0,0.0,0.0,1.8093058029612814,1.8093058029612814,2.7341327290370807,0.0,0.0,0.0,0.0020094779004045395,0.0,0.0,0.0,0.1599967656920098,2,OR,17
-4.87890977618477e-19,0.553208543032085,0.553208543032085,3.6371264582650142,6.88171386223308,0.5658958616919424,10.903491095564787,6.5746028402422345,16.303272121310453,1.7756087278011072,11.673922184960059,0.006346514027642639,0.1965597048368503,0.06923718158041597,0.010471106457594736,0.005315304646179551,4944.543863776369,5.59487643720099,6421.875,3484.375,10.909482161063476,1327.485666685919,650.5293798331976,52.678049580659064,92.09872761503443,253.04232178550893,120.58025152230509,37.907412464202395,0.0,0.0,126.63082949012735,0.5860185971359628,10.56453381534982,3.311400641070052,1.8040887626512756,1.8040887626512756,3.0807446501900055,0.0,0.0,0.0,0.0020447981976001207,0.0,0.0,0.0,1.8219350172763906,1.8219350172763906,2.7861310415296616,0.0,0.0,0.0,0.0020389615302994577,0.0,0.0,0.0,0.11973389587088343,2,OR,18
-4.9873299934333204e-18,0.5454500176721382,0.5454500176721382,3.5638611740147006,6.8084716747814795,0.6278708043715094,11.063202803616099,6.533799722336583,16.109363377286442,1.7719558978031733,11.577604953059044,0.005581031658629495,0.19591768784722496,0.06922904432013713,0.009452359387021105,0.004051518384499152,4822.8000846607665,5.467243191270344,6171.875,3468.75,12.404345386697376,1326.874879480274,512.2506280123538,120.84065658647425,155.22277749855894,222.88006443097714,168.96909697496332,220.87522605173268,0.0,0.0,136.28796275459123,0.5816744508382437,10.742456006614972,3.322668352113505,1.7928406168718418,1.7928406168718418,3.0248444461267145,0.0,0.0,0.0,0.0020740844367401557,0.0,0.0,0.0,1.8234248719708432,1.8234248719708432,2.792646637626148,0.0,0.0,0.0,0.002074372357777276,0.0,0.0,0.0,0.12705562211360819,2,OR,19
7.047314121155779e-19,0.5455988529432979,0.5455988529432979,3.5936646139670665,6.80541991688631,0.6983247889896335,11.334028489711649,6.58664253889211,16.209134317585736,1.770600892671363,11.662315159069543,0.006426303587214764,0.20104587518291692,0.06527195939364547,0.009603731201076231,0.005413612446511942,4884.710105321133,5.589547321893246,6109.375,3468.75,10.156999042707552,1273.3629252549551,692.7462061913012,171.9614291937711,100.6763870011516,255.91421856613545,209.7293503031955,93.54866372236836,0.0,0.0,106.43026456158816,0.5796387055906573,10.721228172581679,3.3470246063951583,1.7947571823090713,1.7947571823090713,2.952852797276719,0.0,0.0,0.0,0.0020137282760842356,0.0,0.0,0.0,1.811754332869621,1.811754332869621,2.732741124024195,0.0,0.0,0.0,0.002013889225937844,0.0,0.0,0.0,0.13078914198635264,2,OR,20
5.5294310796760726e-18,0.5445859264575846,0.5445859264575846,3.62420752404864,6.835937494991139,0.7153314243945617,11.687296526685627,6.654978301814257,16.44820909544261,1.7785199072301225,11.83601139196117,0.00620559610302675,0.2037273336570518,0.06516777105199771,0.009635270295171442,0.005232831792664444,4899.372840153407,5.58943759296719,6125.0,3437.5,10.501452231109752,1231.579251530666,592.5024733447831,46.88647378139566,62.32730833511495,247.77423268858286,165.0966584182218,219.8837724001554,0.0,0.0,197.68995056200214,0.5805802927082223,11.288427302902935,3.425736981761523,1.8049498663282528,1.8049498663282528,2.8055075686494417,0.0,0.0,0.0,0.002081179826051847,0.0,0.0,0.0,1.8027015545316285,1.8027015545316285,2.884346424564343,0.0,0.0,0.0,0.0020884155457997306,0.0,0.0,0.0,0.12411597513299373,2,OR,21
-1.6263032587282567e-18,0.539651759616516,0.539651759616516,3.679350388599085,6.91833495657984,0.7430465057404145,12.049579424493224,6.818008693631763,17.10092611555936,1.7952354569031332,12.239930952281554,0.0054034951726027675,0.21023652270443305,0.07025253755659241,0.00814065858104383,0.00411782159609142,4753.789539996305,5.465025441449266,6078.125,3453.125,13.001314019820192,1298.7424122935754,620.182528317096,208.71585687778816,37.202680721636575,230.32357935139214,162.15871992894566,160.60184988241357,0.0,0.0,111.13976314314822,0.5799755679308392,11.990528844180178,3.6346851639111337,1.810371711415167,1.810371711415167,2.854095016242753,0.0,0.0,0.0,0.00205097794228629,0.0,0.0,0.0,1.809169054214128,1.809169054214128,2.9543729602834774,0.0,0.0,0.0,0.002034086734285186,0.0,0.0,0.0,0.13811651738209935,2,OR,22
-1.5178830414797062e-18,0.5465896648671824,0.5465896648671824,4.138381031398639,7.37609862815232,0.770212995501603,12.185683394006206,7.571275670578656,18.93381247722806,1.7947963718727142,13.588898104002721,0.005355695997001163,0.20537000509928915,0.0693392604596177,0.009306800450254485,0.005500457377387106,4927.146815532376,5.537979901910543,6156.25,3468.75,12.946825302537018,1315.5547174880076,616.4567779224174,159.41898018618915,81.3801250591384,272.80895699249004,114.48433310998124,90.82348256613444,0.0,0.0,173.91192852245263,0.5860388412971985,12.030141256828339,3.62949842509499,1.8042094517910214,1.8042094517910214,3.0720795539556085,0.0,0.0,0.0,0.002063005419575493,0.0,0.0,0.0,1.820757543896446,1.820757543896446,2.721475523995137,0.0,0.0,0.0,0.0020423987074570707,0.0,0.0,0.0,0.1397307591439345,2,OR,23
1.6263032587282567e-19,0.5236765283056939,0.5236765283056939,4.139106345418905,7.2021484331523205,0.7560497697064922,12.582282664519576,7.903937109441574,19.405499248199863,1.779041880454933,14.061435138178467,0.00546323215132295,0.19891522455760408,0.06343036694852122,0.009335662042282296,0.00489495955841936,4900.775129153153,5.509227249456995,6156.25,3468.75,11.61041031755365,1265.9654326432642,641.5721422672881,177.04871174288155,47.550088472525935,211.8739921238445,189.163405973017,38.23490389117637,0.0,0.0,119.6488134543824,0.5580946507823287,12.727628305007517,3.4759609823458657,1.7925083327726878,1.7925083327726878,3.012544159613889,0.0,0.0,0.0,0.0020661013466841023,0.0,0.0,0.0,1.8216991055940752,1.8216991055940752,2.8056276344182574,0.0,0.0,0.0,0.002090863397884046,0.0,0.0,0.0,0.09535436868750845,2,OR,24
-3.0357660829594124e-18,0.5197595519718773,0.5197595519718773,3.5742655372845715,6.79016112802341,0.7262699292707631,12.108129678425003,6.876767389313828,17.145456266612815,1.7899009403000274,12.308732416357385,0.005997412229762848,0.20336136474611288,0.06349115384615475,0.00894398525188231,0.003897602908762313,4807.064450437072,5.519209560019021,6109.375,3765.625,10.586424845116726,1300.0419782957204,682.0480886678675,187.2776354047531,144.39065588552833,267.545302919433,117.46290283510153,39.380158817994655,0.0,0.0,113.5172887588153,0.5575540572284096,11.879428173486852,3.3720457214930653,1.7926176347729599,1.7926176347729599,2.901234020620622,0.0,0.0,0.0,0.0020015317718877867,0.0,0.0,0.0,1.8114021118752097,1.8114021118752097,2.8428070502108853,0.0,0.0,0.0,0.0020385763400550846,0.0,0.0,0.0,0.12445671371437565,2,OR,25
-1.734723475976807e-18,0.5410409549866356,0.5410409549866356,3.6420170196011528,7.21740722202341,0.6252851380023913,11.22004578811848,6.731499687839925,16.870028589576524,1.7889146628493362,12.04207849454257,0.005227387170836789,0.20713177006145295,0.06587859417628239,0.010560775069398787,0.006212523387323771,5041.561479801216,5.448406857036884,7265.625,3468.75,12.602585576827304,1333.2641578304642,665.8458293853605,223.75644069187342,61.31768402727833,245.49528408399615,114.4279306017843,143.62370434689913,0.0,0.0,130.67496199205823,0.5756346743524507,10.436515598589477,3.540492864291021,1.8044042811620973,1.8044042811620973,3.073356810233593,0.0,0.0,0.0,0.002081209599848731,0.0,0.0,0.0,1.8023175367502262,1.8023175367502262,2.843140679060959,0.0,0.0,0.0,0.0021122626136395074,0.0,0.0,0.0,0.14613686291313666,2,OR,26
1.0842021724855044e-18,0.545682350835864,0.545682350835864,3.7049394076386184,7.345581050063711,0.5378606678574506,11.63564962810788,6.789553303242216,17.273256649208633,1.807190566741705,12.270016682009315,0.005330217906564082,0.21239499802528972,0.06466200784240655,0.010189016207745087,0.005569152081828189,4921.639952668197,5.557773979049417,6281.25,3468.75,12.131212825397824,1277.3523926791925,649.3572693151975,80.01020926000534,106.57537811352096,254.93282115390755,114.48825664261221,170.69933236533177,0.0,0.0,183.37242463083032,0.5826638955299938,10.542313429045185,3.5420762494564517,1.8095965403961578,1.8095965403961578,3.09160103422437,0.0,0.0,0.0,0.0020295482353330854,0.0,0.0,0.0,1.8072008710662255,1.8072008710662255,2.831468553041426,0.0,0.0,0.0,0.002054120369482206,0.0,0.0,0.0,0.14460934121370939,2,OR,27
5.204170427930421e-18,0.546578488771108,0.546578488771108,3.7038136249121405,7.003784175063711,0.619576548557884,11.61364773217413,6.776361860196067,17.000241296916432,1.7916133249299984,12.140620203274704,0.0062016522111429,0.20748110044265916,0.062379665033508586,0.009549176456916641,0.0038075670308080727,4775.831013578141,5.448894388888675,6234.375,3421.875,10.058555833132425,1339.0707736178067,620.2366546246125,37.32089219062698,104.45453611887464,188.41448614990244,127.1448311758497,229.7512985785937,0.0,0.0,75.43569665993286,0.584441667219146,10.68925703058545,3.4327233661807792,1.8018158026992368,1.8018158026992368,2.8654594100648976,0.0,0.0,0.0,0.002054772439656947,0.0,0.0,0.0,1.8208699612869779,1.8208699612869779,2.8006282495867216,0.0,0.0,0.0,0.002057170842817823,0.0,0.0,0.0,0.12247771564751772,2,OR,28
-2.7647155398380363e-18,0.5421622716188957,0.5421622716188957,3.9337202880588045,7.30590819784995,0.8119173471322456,11.48222699305948,7.255614221020436,17.75988967808595,1.7607214337203014,12.775115473756511,0.006386214084738188,0.2069741301157578,0.06569674688559082,0.011430698120901008,0.005640017807566181,4965.464543856928,5.601726666241188,7140.625,3468.75,10.287275998514678,1299.5298552300928,611.2563486396539,145.764923829745,148.1301983579494,140.75541897512332,148.52632465675288,134.81522992886096,0.0,0.0,110.80266258646185,0.5699932503499845,10.644308041844043,3.4669996361973467,1.7902029933164174,1.7902029933164174,3.046921784170831,0.0,0.0,0.0,0.002060070317712632,0.0,0.0,0.0,1.8222767675589522,1.8222767675589522,2.882319596629481,0.0,0.0,0.0,0.002080051220062387,0.0,0.0,0.0,0.10680276251486943,2,OR,29
-1.3552527156068805e-18,0.5429212666388239,0.5429212666388239,3.9332665477005353,7.30590819784995,0.8115489011516275,11.580916893342353,7.244635252641751,17.85145892513739,1.7696763561921243,12.820659715836063,0.006124105866823314,0.21084580518228652,0.06288762302575425,0.01025384266715627,0.00528197816066658,4848.7227998892195,5.530430556852379,6218.75,3500.0,10.268866081524214,1201.5033980792812,648.4157835119615,113.65164623893169,156.69752734121607,176.26681135231763,61.81115281453023,209.65483083328843,0.0,0.0,93.00162069776849,0.5720416518594443,10.939679184877308,3.474835190997487,1.7911206582055477,1.7911206582055477,3.1196374441944457,0.0,0.0,0.0,0.0019647804356898247,0.0,0.0,0.0,1.8103530318758658,1.8103530318758658,2.946471728646943,0.0,0.0,0.0,0.0020015246198008354,0.0,0.0,0.0,0.11811828680273641,2,OR,30
2.710505431213761e-19,0.5346619821261099,0.5346619821261099,3.5082913911959945,6.71081542519278,0.725738178591245,11.374226002635856,6.561699743911283,16.051631943594508,1.7640627568061378,11.575250139578266,0.005443956897945677,0.19913665225801316,0.05678876098957508,0.008438948639627016,0.0042757451757988955,4752.768583693155,5.568671629860295,6093.75,3421.875,10.431522887437495,1173.9726808109767,633.741229870636,91.66304792050471,92.69352547704295,97.00624984834573,43.12569810989085,177.0270311648072,0.0,0.0,178.37056603038138,0.5666066388101335,11.501955296418586,3.481668252514328,1.8031939770407481,1.8031939770407481,2.977320608246448,0.0,0.0,0.0,0.0020359361292176317,0.0,0.0,0.0,1.8024491489972854,1.8024491489972854,2.880005720307736,0.0,0.0,0.0,0.0020499475058262527,0.0,0.0,0.0,0.11995900000276936,2,OR,31
3.198396408832238e-18,0.5293167214201229,0.5293167214201229,3.5757943964161463,6.69250487802341,0.7898561478041748,11.343193472287128,6.755491092029964,16.590814052657958,1.7684009350878982,11.946416764123756,0.005884926341867558,0.19421697582111033,0.06108687112382434,0.010040396434622147,0.006205729594910782,5008.1430602159235,5.53725405557711,6234.375,3765.625,10.380226967132852,1205.9522772471503,621.3484518434692,85.08834507954175,59.393143119888364,246.9215797080333,195.06600367461462,150.27127777489414,0.0,0.0,117.11155224594101,0.5603942606750862,11.559301221389775,3.3179596295816007,1.8095083836633215,1.8095083836633215,3.054784506847991,0.0,0.0,0.0,0.0019919485317502995,0.0,0.0,0.0,1.8097240403034778,1.8097240403034778,2.7883704233668567,0.0,0.0,0.0,0.0019984919835685814,0.0,0.0,0.0,0.1294186408512407,2,OR,32
-3.903127820947816e-18,0.5334370193427923,0.5334370193427923,3.5743761784018706,7.04040526902341,0.83481180932969,11.646555957840727,6.7006526521267515,16.80483098942049,1.7946107696156297,12.0250634129602,0.0061073719683105016,0.197619848343175,0.06404887114586355,0.010187765612138994,0.005214998231151841,4954.271306875606,5.600449347831281,6421.875,3765.625,10.487141026894816,1216.219197999638,579.4446482308504,133.864606026288,51.07182504486803,264.53188954955,113.3156311334081,171.74009515017895,0.0,0.0,148.82544257186203,0.5676251494709942,11.369651737342432,3.540410019964111,1.8014468211106056,1.8014468211106056,3.0823484724127694,0.0,0.0,0.0,0.002021535305151624,0.0,0.0,0.0,1.8216289141384097,1.8216289141384097,2.8180318432415885,0.0,0.0,0.0,0.0020386171464861305,0.0,0.0,0.0,0.13499206417937873,2,OR,33
-8.673617379884035e-18,0.5189679583054922,0.5189679583054922,3.7431102221280645,7.20825194859999,0.8020985561153611,12.372673908127405,7.212603711315584,17.934417070127957,1.7885037086938937,12.899768487027265,0.0056266631394321105,0.2007998172950351,0.06507230972566952,0.009514708814011397,0.00402751084291586,4824.067323131945,5.600074046102033,6171.875,3468.75,11.56499120376916,1282.8726926395866,643.0352046422861,76.26124912224988,40.56230564972846,299.387192466232,174.53650078540355,55.36554142756799,0.0,0.0,82.20067252082966,0.5504577422744371,12.467252410498384,3.5505559946024885,1.7899904625527763,1.7899904625527763,2.9400844386109726,0.0,0.0,0.0,0.002034692739641265,0.0,0.0,0.0,1.8215821257087639,1.8215821257087639,2.818379345536517,0.0,0.0,0.0,0.0020630037392663503,0.0,0.0,0.0,0.1277120594792785,2,OR,34
-2.3852447794681098e-18,0.5164818888842386,0.5164818888842386,3.7439919983412664,6.84204101159999,0.7459258730552376,11.943142441575304,7.249028627953349,17.96894338191911,1.7787437957663068,12.894164697304364,0.006025223525010219,0.19485276124563655,0.062492240726544426,0.011506561531179356,0.005828864149767571,5033.300301042921,5.639480224621036,6859.375,3468.75,10.371771347033413,1267.092877429502,657.9924604995236,329.71926945580736,104.77093364333258,373.8403285899877,101.44005895046273,24.312490689817693,0.0,0.0,124.3891473167218,0.5467817567727726,11.996555840706227,3.3361341006389975,1.7917782078688758,1.7917782078688758,2.8684644224861566,0.0,0.0,0.0,0.0019542907416065245,0.0,0.0,0.0,1.810035495899138,1.810035495899138,2.776841905441582,0.0,0.0,0.0,0.0019887447190487903,0.0,0.0,0.0,0.11687349633157464,2,OR,35
-2.2497195079074217e-18,0.5364767430101315,0.5364767430101315,3.73272634795642,6.92443847216854,0.7568189255348678,11.325244812087147,6.957853059971188,17.559408181395835,1.7964793380244481,12.49963925924842,0.005278157480517263,0.19634958786817355,0.06040732292063172,0.012079046912182322,0.005259290530460672,5025.883528252633,5.496076862505982,7828.125,3421.875,11.444774645728643,1318.853334672796,672.2331824285928,75.90854560062192,100.34791327750155,334.28725090889566,168.0592940584437,72.88096410082339,0.0,0.0,177.37295406272042,0.5729426860646327,10.346634646022485,3.3470309704738095,1.804331627231985,1.804331627231985,2.7671870217807717,0.0,0.0,0.0,0.0020272751282780395,0.0,0.0,0.0,1.801892696478225,1.801892696478225,2.7875785598347558,0.0,0.0,0.0,0.0020649086245475307,0.0,0.0,0.0,0.1099782597006906,2,OR,36
-7.453889935837843e-18,0.5522432829796993,0.5522432829796993,3.806283322435147,7.55310058062013,0.655959295335483,11.50247356621616,6.892403112443231,16.913108855076686,1.771237950472371,12.208085962713339,0.0058363236700684044,0.20339461153636954,0.06998970651590558,0.009895007675685954,0.004309750758868252,4837.142296223057,5.414053242966976,6187.5,3421.875,11.992087906785535,1304.4235286051362,552.0505305211354,38.557384454133235,95.02850212273047,235.60429082766154,158.08992335652238,204.17897151812704,0.0,0.0,190.25759472347175,0.5856188235166758,10.861418704872234,3.4583970779664504,1.808526842240452,1.808526842240452,2.7385244696596667,0.0,0.0,0.0,0.0020051707187280264,0.0,0.0,0.0,1.809847600448393,1.809847600448393,2.852979865765951,0.0,0.0,0.0,0.002025705874689169,0.0,0.0,0.0,0.12138198354728703,2,OR,37
3.903127820947816e-18,0.5529245234777743,0.5529245234777743,3.8078024958209586,7.55310058062013,0.549717494086284,11.330592914093094,6.8866587285199685,16.618703635433707,1.7519754721570544,12.065257177483272,0.006553134768364126,0.2076576466616666,0.0752704464258608,0.010066890467044365,0.006121987104826878,4977.359961643613,5.649325712386917,6265.625,3484.375,11.48617403349459,1259.674362498224,589.6817790973128,58.111802547852506,131.87301337489748,239.68431053604,61.46105270886175,144.96197146892106,0.0,0.0,186.50829687186612,0.5807691561048799,11.354461587017601,3.4511237199761045,1.7981889259502462,1.7981889259502462,2.952312416345571,0.0,0.0,0.0,0.0020364747982853136,0.0,0.0,0.0,1.8227743605703672,1.8227743605703672,2.8059249405470905,0.0,0.0,0.0,0.0020428917362597596,0.0,0.0,0.0,0.11923070704239296,2,OR,38
-5.854691731421724e-18,0.5347191496579978,0.5347191496579978,3.5592019534426664,6.98547362816051,0.606420893658144,11.304767307967662,6.656208134156228,16.36584805718701,1.768179749199192,11.76937242926998,0.005662827401597423,0.2094913792352783,0.069807337854425,0.009550549639808198,0.005479800006351066,4887.784665192462,5.597059973569114,6171.875,3500.0,12.327293927836436,1171.3314712764197,626.8534101019886,119.47073782102638,91.67543223773953,135.89355307932084,117.15526057927735,202.63049134837598,0.0,0.0,19.34037694347316,0.56652843952537,11.276677449821605,3.53377358788082,1.7890633011026114,1.7890633011026114,2.8887939936203515,0.0,0.0,0.0,0.0020227784903572403,0.0,0.0,0.0,1.8218212623633274,1.8218212623633274,2.8893659044407993,0.0,0.0,0.0,0.002044481140563356,0.0,0.0,0.0,0.12543080610122367,2,OR,39
6.938893903907228e-18,0.540288926647935,0.540288926647935,3.676332903455786,7.17163085476936,0.718536337631114,11.918702666396637,6.80438321448585,16.919950444063385,1.7822327750054423,12.126994778553568,0.006171465848171529,0.20286328431326173,0.06246671002141951,0.008694229650767197,0.004247240500283584,4747.676129160766,5.460260971919624,6093.75,3421.875,10.121859465495572,1156.5229025547212,673.5951702425795,43.95116247134456,140.58140641703415,82.34902389152867,98.6743500972141,149.71804224087288,0.0,0.0,102.75131303760507,0.5792168594498486,11.808763509582773,3.533657914792818,1.7933156223224072,1.7933156223224072,2.720300845560216,0.0,0.0,0.0,0.0019661973821234165,0.0,0.0,0.0,1.809022419244353,1.809022419244353,2.933641319203661,0.0,0.0,0.0,0.0019973222605100156,0.0,0.0,0.0,0.11926087788808463,2,OR,40
-2.0599841277224584e-18,0.5470389579810806,0.5470389579810806,3.6745656257391945,7.17163085476936,0.791031529284304,12.081137577083723,6.717191841876607,17.054651009132108,1.8047507486475924,12.122857005436307,0.006279076066299972,0.20160776193796817,0.06544197654181351,0.010989664399683784,0.005824633222033955,5020.322757147876,5.592512567559581,6234.375,3500.0,10.422230251775531,1279.2816849873568,677.4226990683949,151.05513733097138,102.33911551843906,112.58361380120182,72.33180302503028,176.89123523285787,0.0,0.0,80.62725431470612,0.5886215035509722,11.631270621338203,3.526203733665733,1.8047514746631288,1.8047514746631288,2.8285493020664294,0.0,0.0,0.0,0.0020688046018302146,0.0,0.0,0.0,1.8027537182579378,1.8027537182579378,2.841884190499781,0.0,0.0,0.0,0.0021145558072449776,0.0,0.0,0.0,0.11491865019160985,2,OR,41
-5.854691731421724e-18,0.5373172832915893,0.5373172832915893,3.6729708289649188,6.793212885958869,0.8277675491696773,11.892603595759333,6.835757834671558,17.351418225804924,1.8055811776833215,12.342515681484262,0.006808037345856053,0.19331968434154656,0.0751108860962083,0.010336280169523981,0.004963599375597889,4987.104758087147,5.56723148343663,6140.625,3468.75,11.032678328489848,1321.722684519295,620.1016807815122,114.5441826035174,67.57269874590682,120.00734213742999,144.070290774382,157.32574603088543,0.0,0.0,147.51566854595148,0.5770498196567558,11.153700622893028,3.383060475833138,1.808404302113982,1.808404302113982,2.86280080676457,0.0,0.0,0.0,0.002021936648335219,0.0,0.0,0.0,1.8113652597612122,1.8113652597612122,2.8989226673903032,0.0,0.0,0.0,0.002065085481689803,0.0,0.0,0.0,0.10749361575612297,2,OR,42
3.0357660829594124e-18,0.5375610452338782,0.5375610452338782,3.6739390319143927,6.60400390195887,0.7984768610130072,11.650779733683342,6.834459201402813,17.122983517790576,1.792634522111052,12.251687504394216,0.0057451019961933004,0.1933724256681851,0.07321528118230294,0.010317521014156481,0.004769652872605469,4955.944751002888,5.627040715988186,6375.0,3453.125,12.743948013119937,1341.2316751939893,560.2417330272385,59.75655431090306,24.38822306007643,194.7543718730614,136.09717977917728,181.2541823857661,0.0,0.0,145.38718938150603,0.5739366135566693,10.995248203644813,3.314627324813699,1.798744612109962,1.798744612109962,2.8294889777815175,0.0,0.0,0.0,0.0020444557738324917,0.0,0.0,0.0,1.822894490216036,1.822894490216036,2.8619465565566546,0.0,0.0,0.0,0.0020632146921167214,0.0,0.0,0.0,0.11588218020588464,2,OR,43
0.0,0.5301877455019475,0.5301877455019475,3.727744144716068,7.418823237547571,0.7582700787473662,11.791242491980745,7.030988883356557,17.161014243372197,1.7654597278419903,12.412927720470726,0.004767324200297761,0.21278747062223669,0.07003507697866715,0.01154707838505818,0.006446854244362305,5016.316685642532,5.538289039997069,6468.75,3421.875,14.690647000596728,1355.3718673503463,602.9754040322985,184.50848199541815,78.58584973133209,180.03705661275146,86.288903896184,126.29579317361608,0.0,0.0,121.77821223025155,0.5573311224902047,12.018469003370159,3.773667138367929,1.7889513444202938,1.7889513444202938,3.029505746223109,0.0,0.0,0.0,0.002010641148662417,0.0,0.0,0.0,1.8220442334364577,1.8220442334364577,2.850822125684247,0.0,0.0,0.0,0.002091914059212093,0.0,0.0,0.0,0.12057802876323673,2,OR,44
4.2825985813177425e-18,0.5274651959998908,0.5274651959998908,3.7266783391590064,7.418823237547571,0.6767910124612228,11.686441375472839,7.065259219794623,17.01338549286959,1.750516060321472,12.367849734584839,0.006098310385221916,0.205447686516616,0.0659425110178696,0.010784526983374551,0.005307412819428718,4898.485989744417,5.5965750498557565,6328.125,3765.625,10.81324282326714,1284.1830728677435,743.6541174070666,229.1287333065275,40.392596062698836,291.9863640803423,100.54069441809402,196.53115250686403,0.0,0.0,140.02500076532382,0.5518098534020583,12.19697887750725,3.7775530434256996,1.7936641685107415,1.7936641685107415,3.0988437524428605,0.0,0.0,0.0,0.0019385595051513215,0.0,0.0,0.0,1.8097168232901695,1.8097168232901695,2.8622688340152296,0.0,0.0,0.0,0.0020328886761702015,0.0,0.0,0.0,0.15318073690104,2,OR,45
-1.5720931501039814e-18,0.5353539249321613,0.5353539249321613,3.4795910096970224,6.75659179289843,0.6987960285554963,11.112068013965445,6.49960866568401,15.93092836094139,1.7660228547539856,11.478457450555018,0.005928131228559012,0.1933915665978937,0.06462194720399117,0.010720189205729352,0.004347448897801748,4874.209270639975,5.560074528212082,7187.5,3468.75,10.900896876535295,1333.2028160284951,584.1233691883789,120.26043783377192,130.1053975240043,179.83439128649613,190.9046669026764,112.98294442037508,0.0,0.0,116.51958957458379,0.5661837658243689,10.59592473137774,3.427781597609946,1.805071523431013,1.805071523431013,2.8150761867416163,0.0,0.0,0.0,0.0020649531878345244,0.0,0.0,0.0,1.8026938573394036,1.8026938573394036,2.8486965882970012,0.0,0.0,0.0,0.002095433248289643,0.0,0.0,0.0,0.15697729873873986,2,OR,46
-7.15573433840433e-18,0.5426097082591046,0.5426097082591046,3.5210181004345795,6.817626948434709,0.6839016724241034,10.600433698248466,6.489043684329435,15.820282011629194,1.7536556067305884,11.379547839344026,0.006656224885943538,0.20736965130180546,0.06348247575564311,0.009853470340314955,0.005452213453921756,4860.45883155771,5.6157750942387,6187.5,3453.125,9.537309335831882,1405.9219640326419,553.6614517200559,43.206416507975725,95.52434552066697,331.36652804206176,164.11468252847595,122.46535962231529,0.0,0.0,201.85053486724567,0.5705600945826899,9.985112284517072,3.3557801365600026,1.8076629575371481,1.8076629575371481,2.8863829212162515,0.0,0.0,0.0,0.0019936555953626793,0.0,0.0,0.0,1.8115482095406545,1.8115482095406545,2.782376626568809,0.0,0.0,0.0,0.0020356433111745585,0.0,0.0,0.0,0.1275892308243327,2,OR,47
1.951563910473908e-18,0.5442755833354885,0.5442755833354885,3.5207618004608467,6.94885253443471,0.5957496366761085,10.771018024527903,6.468711638476474,15.623945008108432,1.7444779561774935,11.284524858191004,0.007092067986911225,0.2026945659230541,0.061128933188919043,0.009493429679868721,0.004905024868620643,4825.1147466647435,5.501844163078534,6140.625,3468.75,8.619338293586058,1265.1579034063152,485.6191932863638,94.24551925796099,105.47030870932332,296.92171606762827,185.5968632367156,232.52509157136834,0.0,0.0,168.16151884570658,0.5718191172300513,10.60462668964224,3.3472986935036895,1.7981852755630359,1.7981852755630359,2.9216875255905013,0.0,0.0,0.0,0.002009210771907163,0.0,0.0,0.0,1.8229321900822693,1.8229321900822693,2.8973617255003195,0.0,0.0,0.0,0.0020641579859924345,0.0,0.0,0.0,0.1371491310160626,2,OR,48
-2.4936649967166602e-18,0.5377154735884241,0.5377154735884241,3.607792404887679,7.03735351093873,0.6397339298581747,11.072087236042375,6.709482211496001,16.307203431332688,1.7556666724994328,11.779614308451318,0.005843899572624156,0.1978597378288181,0.063699598180181,0.009809875291257491,0.004267754964093374,4821.3918059739735,5.4662293378712885,6125.0,3468.75,10.90018700315841,1123.0767901072854,687.2628759642412,130.50689714458682,122.4880454199588,287.5539894582812,148.4501497750276,69.47641180753993,0.0,0.0,111.07433370410818,0.566756828311895,10.77750247943665,3.310692980403149,1.7883426962801587,1.7883426962801587,2.937438867165406,0.0,0.0,0.0,0.0020623628907298066,0.0,0.0,0.0,1.8204670887283834,1.8204670887283834,2.890731360474081,0.0,0.0,0.0,0.0020949984107507718,0.0,0.0,0.0,0.17122915819259552,2,OR,49
7.589415207398531e-19,0.5326766619617145,0.5326766619617145,3.6370884603071163,6.88476562023308,0.661345161675827,11.086769912739957,6.827947834081246,16.745132227536374,1.7649268717150481,12.05082861103855,0.0059864422469459045,0.1919548679800238,0.06178759018025781,0.010604512515118684,0.005263713141525035,4960.049420837906,5.553589379150717,6375.0,3500.0,10.32125386350443,1127.0376187347476,602.5889194459976,80.55398909817197,162.96313069117093,296.87068032748965,189.33988302915645,191.39286225320026,0.0,0.0,115.28579069057159,0.5614628885232472,10.702528927643842,3.481873558578423,1.791371569940498,1.791371569940498,3.0619895573188978,0.0,0.0,0.0,0.001984183430160911,0.0,0.0,0.0,1.8078178810158607,1.8078178810158607,2.900384562953979,0.0,0.0,0.0,0.0020462817285412127,0.0,0.0,0.0,0.1552433891979495,2,OR,50
1.1275702593849246e-17,0.5307876306410434,0.5307876306410434,3.635963422638111,6.88476562023308,0.6660275478589532,11.134989272893078,6.85012839927502,16.884475209490574,1.770785510787253,12.130108116468483,0.005905433444376794,0.18934976846313847,0.058513312275813474,0.009833568513380356,0.0046577816197731926,4904.74702721853,5.516515861952932,6265.625,3421.875,9.908385695485567,1226.576129972241,639.896606680183,143.69955942318512,133.62619684124817,212.13649685972288,181.78690657958055,147.02392675493462,0.0,0.0,233.81725197364986,0.5642527650193501,10.895991945198277,3.4869819517477554,1.8037967102475105,1.8037967102475105,3.014569053482918,0.0,0.0,0.0,0.002047845981758148,0.0,0.0,0.0,1.802176698803474,1.802176698803474,2.834160452200003,0.0,0.0,0.0,0.002139858330999582,0.0,0.0,0.0,0.13714020230458723,2,OR,51
-3.957337929572091e-18,0.5418867573232631,0.5418867573232631,3.582261500373328,6.85424804245486,0.7314849408162634,11.352877339617736,6.610719771172275,16.68188935361289,1.7939999744293775,11.859631100442844,0.00647698136975709,0.20915606009129442,0.06442311520005412,0.009358193635207913,0.005407280156890504,4869.166054690752,5.5812425804335,6140.625,3437.5,9.94647220863069,1325.3861909596662,630.4764900461319,106.32032223700581,102.68884035505845,238.18286544771962,110.51266018415212,128.36412870335934,0.0,0.0,41.92702182272372,0.5799347681699182,10.86617387878952,3.5562555365649016,1.8069268233859868,1.8069268233859868,2.84771218231708,0.0,0.0,0.0,0.0020427341895462585,0.0,0.0,0.0,1.8106621787120156,1.8106621787120156,2.8400460382677806,0.0,0.0,0.0,0.002077885570803415,0.0,0.0,0.0,0.12235972217932486,2,OR,52
4.228388472693467e-18,0.5552710733502632,0.5552710733502632,3.745944795516742,7.015991206410471,0.7788691544187506,12.043731134745505,6.746155121885509,17.465299547590327,1.8251775708812707,12.312931018151236,0.006600878494456983,0.21664840749771655,0.0727834284837979,0.0107435960378022,0.005962373168227091,4984.4859305156215,5.51739816608134,6515.625,3437.5,11.026324531483297,1342.1280294596863,556.4666777774999,64.97347582417936,70.36835005189374,257.213043897536,79.00817744485846,213.39409128089838,0.0,0.0,239.8534341242621,0.596508854316203,11.15868456461873,3.5541715352554046,1.7963591098287468,1.7963591098287468,2.8893469864771952,0.0,0.0,0.0,0.002078802233779906,0.0,0.0,0.0,1.8211510395464605,1.8211510395464605,2.849170798870515,0.0,0.0,0.0,0.0021028549654051407,0.0,0.0,0.0,0.14817977469417798,2,OR,53
-2.168404344971009e-19,0.5519130465026394,0.5519130465026394,3.7459883814180195,7.09228515141047,0.7887925229714325,12.002688311227155,6.7872799984627745,17.18413859947489,1.806642365600611,12.262187592416499,0.00622503323800388,0.21449759135681745,0.07047930537605371,0.009478114219062625,0.004462809122711221,4839.8699927947655,5.514072707012214,6156.25,3765.625,11.32191631274433,1385.908692754798,711.7287533322633,150.93662538180172,97.19052600959425,195.4735552304241,81.93322853086373,82.90165334533775,0.0,0.0,22.447034073621683,0.5874852147573257,11.677205614555447,3.643461269697094,1.7864170493512315,1.7864170493512315,3.029605549233867,0.0,0.0,0.0,0.0020680984624406843,0.0,0.0,0.0,1.8193051911798543,1.8193051911798543,2.8469435249127413,0.0,0.0,0.0,0.002122605203551081,0.0,0.0,0.0,0.18242942566316678,2,OR,54
2.3852447794681098e-18,0.5344428888610493,0.5344428888610493,3.7443716054278973,7.09228515141047,0.7079048648173385,11.983192504757634,7.006121109418302,17.434644867364856,1.7841211018583938,12.499768513488734,0.006939138170293785,0.21761766533195304,0.06970920571669446,0.009035473088568384,0.004932464226147285,4824.07878473078,5.486826666233191,6140.625,3453.125,10.04580165373726,1416.591804390349,709.467092070057,232.4707651258993,87.67236778588865,221.75686278992416,49.749081406299965,62.02241316135674,0.0,0.0,168.94275775499383,0.5676777683280184,11.835799420349721,3.5142146948634663,1.7896243242606855,1.7896243242606855,2.960582758195276,0.0,0.0,0.0,0.001994001795649762,0.0,0.0,0.0,1.8082180080638495,1.8082180080638495,2.836666113910452,0.0,0.0,0.0,0.0020402043270947986,0.0,0.0,0.0,0.1294915691741291,2,OR,55
2.6020852139652106e-18,0.5374659791212902,0.5374659791212902,3.746982288867552,7.48596190941047,0.5629778861544692,11.562467956394729,6.971571102962721,17.148681564260105,1.7690503735367578,12.333060463834268,0.0062164030730691225,0.2100881753431912,0.0758046160000023,0.010875648362158413,0.005467112474594891,5024.7064161120425,5.5818531799784585,7781.25,3500.0,12.194289060214082,1344.1958306899812,663.39098874614,78.54411393607433,51.89640165028467,143.94324744006835,75.66604763969065,63.112071258015604,0.0,0.0,53.88949832221558,0.5674604277382873,11.420840424190754,3.8011236015647616,1.8026603629504707,1.8026603629504707,2.798872579234212,0.0,0.0,0.0,0.002051672955707156,0.0,0.0,0.0,1.8017935968273338,1.8017935968273338,2.910884111669225,0.0,0.0,0.0,0.00208766270172818,0.0,0.0,0.0,0.16441806135423176,2,OR,56
6.505213034913027e-19,0.5454580781743071,0.5454580781743071,3.738136587351943,7.35473632355969,0.5560555060842306,11.393100550550551,6.853206024308582,16.834911324296947,1.7707207288897933,12.135113966595615,0.006180757852689399,0.19737938247018127,0.07120223416747956,0.010086222678795139,0.004588787570270582,4954.686378593236,5.582314665865922,6984.375,3781.25,11.519984418250221,1326.224278564867,513.2537571759444,97.70271721279447,88.96167506333468,220.976075794803,82.77785615180808,241.4572764003832,0.0,0.0,216.50362532240317,0.5776293946250345,11.155332888698062,3.7922717154434444,1.8065551590332485,1.8065551590332485,2.8618160644383477,0.0,0.0,0.0,0.001984157522308976,0.0,0.0,0.0,1.8086310032720927,1.8086310032720927,2.980542798252227,0.0,0.0,0.0,0.002012067818831232,0.0,0.0,0.0,0.1420549298827699,2,OR,57
-5.7462715141731735e-18,0.5419670365209311,0.5419670365209311,3.681930524653399,7.11364745639032,0.5555562168377027,11.616746448801832,6.793642927601188,16.587700689956673,1.7666417012757942,12.001932899477632,0.006570834242338869,0.19343982931264947,0.06461746818120408,0.009165768568166512,0.0046127644052370706,4897.5124219334675,5.500002879547204,6406.25,3796.875,9.833982381568903,1248.9297969051802,709.7225735756397,200.89764573678113,41.41971192243466,210.2412488408409,77.18712184571898,56.78237016288485,0.0,0.0,163.9746151481694,0.5762735515645733,11.375540037670508,3.397178982307066,1.7957705215838244,1.7957705215838244,2.832382752638705,0.0,0.0,0.0,0.0019933360650448485,0.0,0.0,0.0,1.821083224892214,1.821083224892214,2.8121276759426843,0.0,0.0,0.0,0.002031098313373415,0.0,0.0,0.0,0.15179536915292866,2,OR,58
4.0115480381963664e-18,0.537974362043842,0.537974362043842,3.681183231422033,7.08007812039032,0.5974615915540983,11.38983958947098,6.8426740959117245,16.950317849584614,1.7807045181020953,12.184780678490178,0.0064643863249123305,0.2045215470120451,0.06405702232170123,0.008792208419858092,0.00478522812542158,4849.061863879939,5.369184366770402,6093.75,3437.5,9.90921938946165,1246.693905024239,681.1974303305392,68.31789824553053,40.13246985690101,188.1765299664538,166.77664932296642,173.1104692255269,0.0,0.0,54.01275310286637,0.5759709818857865,11.462917164723617,3.4907844726546577,1.785615712554854,1.785615712554854,2.9307194619949284,0.0,0.0,0.0,0.0019909902721540656,0.0,0.0,0.0,1.8198935130286826,1.8198935130286826,2.8377541067245353,0.0,0.0,0.0,0.002049961018745698,0.0,0.0,0.0,0.13695998664488518,2,OR,59
2.168404344971009e-18,0.5331950860141463,0.5331950860141463,3.5961873805600355,6.85729979969679,0.7644247370208397,11.813810508123689,6.744599631333857,16.92699249560261,1.7947481363505684,12.10485761876717,0.006260793087782294,0.20008956492520868,0.06334058061759262,0.008184553092570148,0.0043983903551828366,4793.136342697833,5.575951028408619,6109.375,3437.5,10.117021872369875,1284.0485271425923,681.3521202359232,205.39738156592105,77.58985928621594,135.11349059253067,144.44738034961009,180.3120246038671,0.0,0.0,131.20694320555856,0.5715985277712441,11.585365296019026,3.498231496171638,1.7900880952684382,1.7900880952684382,3.0013756713492086,0.0,0.0,0.0,0.001916013201928937,0.0,0.0,0.0,1.807337893583702,1.807337893583702,2.882801121836377,0.0,0.0,0.0,0.001972771784862202,0.0,0.0,0.0,0.14208283707223995,2,OR,60
